2026-02-12 00:41:14:4114 [32minfo[39m: [32mConnected to PostgreSQL database[39m
2026-02-12 00:41:14:4114 [32minfo[39m: [32mSoulLink Backend running in development mode on port 4000[39m
2026-02-12 00:45:28:4528 [35mhttp[39m: [35mGET /api[39m
2026-02-12 00:45:28:4528 [35mhttp[39m: [35mGET /api[39m
2026-02-12 00:52:36:5236 [32minfo[39m: [32mConnected to PostgreSQL database[39m
2026-02-12 00:52:36:5236 [32minfo[39m: [32mSoulLink Backend running in development mode on port 4000[39m
2026-02-12 00:59:31:5931 [32minfo[39m: [32mConnected to PostgreSQL database[39m
2026-02-12 00:59:31:5931 [32minfo[39m: [32mSoulLink Backend running in development mode on port 4000[39m
2026-02-12 01:15:54:1554 [32minfo[39m: [32mConnected to PostgreSQL database[39m
2026-02-12 01:15:54:1554 [32minfo[39m: [32mSoulLink Backend running in development mode on port 4000[39m
2026-02-12 01:22:18:2218 [35mhttp[39m: [35mPOST /api/auth/register[39m
2026-02-12 01:22:22:2222 [31merror[39m: [31m[Unhandled Error] PrismaClientValidationError: [39m
[31mInvalid `tx.user.create()` invocation in[39m
[31mD:\pfe\pfe t7cha0.3\soullink-backend\src\modules\auth\auth.service.ts:25:40[39m

[31m  22 const passwordHash = await hashPassword(password);[39m
[31m  23 [39m
[31m  24 return await prisma.$transaction(async (tx: any) => {[39m
[31m→ 25     const user = await tx.user.create({[39m
[31m           data: {[39m
[31m             email: "mohamedaziz.hadhri@esen.tn",[39m
[31m             phone: "mohamedaziz.hadhri@esen.tn",[39m
[31m             passwordHash: "$2a$12$j15lXThr6cRSTlhIQ4v09efvbJjBy7eDN9cJAek3x.KV/vWVKDkHS",[39m
[31m             displayName: "lordaziz",[39m
[31m             handle: "azizhadhri",[39m
[31m             dateOfBirth: "2003-04-22",[39m
[31m                          ~~~~~~~~~~~~[39m
[31m             faceDescriptor: [[39m
[31m               -0.07607901841402054,[39m
[31m               0.08632584661245346,[39m
[31m               0.06845914572477341,[39m
[31m               -0.016534671187400818,[39m
[31m               -0.19694338738918304,[39m
[31m               0.014840450137853622,[39m
[31m               -0.029617037624120712,[39m
[31m               0.0020376425236463547,[39m
[31m               0.11990337818861008,[39m
[31m               -0.07964331656694412,[39m
[31m               0.19457584619522095,[39m
[31m               0.046033985912799835,[39m
[31m               -0.25440555810928345,[39m
[31m               -0.055170077830553055,[39m
[31m               0.046566419303417206,[39m
[31m               0.11643677949905396,[39m
[31m               -0.09762047976255417,[39m
[31m               -0.10343895107507706,[39m
[31m               -0.13451041281223297,[39m
[31m               -0.13024990260601044,[39m
[31m               -0.04308942332863808,[39m
[31m               0.0262241680175066,[39m
[31m               -0.040676288306713104,[39m
[31m               -0.003565168473869562,[39m
[31m               -0.15325650572776794,[39m
[31m               -0.26553693413734436,[39m
[31m               -0.09183650463819504,[39m
[31m               -0.0689246878027916,[39m
[31m               0.08679953217506409,[39m
[31m               -0.0775575190782547,[39m
[31m               0.011646391823887825,[39m
[31m               -0.0032840585336089134,[39m
[31m               -0.1364571452140808,[39m
[31m               -0.05722364783287048,[39m
[31m               0.024680884554982185,[39m
[31m               0.04362425208091736,[39m
[31m               -0.05842196196317673,[39m
[31m               -0.05897925794124603,[39m
[31m               0.15226536989212036,[39m
[31m               -0.08395075052976608,[39m
[31m               -0.15203389525413513,[39m
[31m               -0.0129574378952384,[39m
[31m               0.04702717810869217,[39m
[31m               0.24174286425113678,[39m
[31m               0.17661361396312714,[39m
[31m               -0.002560725435614586,[39m
[31m               0.04519391059875488,[39m
[31m               -0.04540030658245087,[39m
[31m               0.1312950700521469,[39m
[31m               -0.24674995243549347,[39m
[31m               0.03288671746850014,[39m
[31m               0.15382768213748932,[39m
[31m               0.10434409230947495,[39m
[31m               0.0973895788192749,[39m
[31m               0.08117850869894028,[39m
[31m               -0.1391904056072235,[39m
[31m               0.026798976585268974,[39m
[31m               0.2116982638835907,[39m
[31m               -0.1532226949930191,[39m
[31m               0.05914716050028801,[39m
[31m               0.004081921651959419,[39m
[31m               -0.06676408648490906,[39m
[31m               -0.10842114686965942,[39m
[31m               -0.12056155502796173,[39m
[31m               0.17510037124156952,[39m
[31m               0.04517912119626999,[39m
[31m               -0.12049176543951035,[39m
[31m               -0.19156241416931152,[39m
[31m               0.15277406573295593,[39m
[31m               -0.16772060096263885,[39m
[31m               -0.039008039981126785,[39m
[31m               0.11073656380176544,[39m
[31m               -0.1280573606491089,[39m
[31m               -0.18104590475559235,[39m
[31m               -0.29318180680274963,[39m
[31m               0.10826973617076874,[39m
[31m               0.4091883599758148,[39m
[31m               0.20812448859214783,[39m
[31m               -0.19103030860424042,[39m
[31m               0.024310443550348282,[39m
[31m               -0.03167926147580147,[39m
[31m               -0.0032096770592033863,[39m
[31m               0.028175223618745804,[39m
[31m               0.02847784012556076,[39m
[31m               -0.07936851680278778,[39m
[31m               -0.06488680094480515,[39m
[31m               -0.09648794680833817,[39m
[31m               0.061512384563684464,[39m
[31m               0.1788650006055832,[39m
[31m               -0.07055635750293732,[39m
[31m               0.03867905214428902,[39m
[31m               0.17871521413326263,[39m
[31m               0.062190521508455276,[39m
[31m               0.038001060485839844,[39m
[31m               -0.009972704574465752,[39m
[31m               0.050242312252521515,[39m
[31m               -0.09738670289516449,[39m
[31m               -0.016589058563113213,[39m
[31m               -0.08367280662059784,[39m
[31m               0.01689770631492138,[39m
[31m               0.13559582829475403,[39m
[31m               -0.1260930895805359,[39m
[31m               0.04582607001066208,[39m
[31m               0.08434943854808807,[39m
[31m               -0.14361457526683807,[39m
[31m               0.21427224576473236,[39m
[31m               0.004219681955873966,[39m
[31m               0.022462235763669014,[39m
[31m               0.011819799430668354,[39m
[31m               0.012938032858073711,[39m
[31m               -0.08753402531147003,[39m
[31m               -0.01806575246155262,[39m
[31m               0.2298642098903656,[39m
[31m               -0.232083261013031,[39m
[31m               0.21195468306541443,[39m
[31m               0.19407299160957336,[39m
[31m               -0.02582862786948681,[39m
[31m               0.13182713091373444,[39m
[31m               0.07926297932863235,[39m
[31m               0.0996246188879013,[39m
[31m               -0.05066767707467079,[39m
[31m               -0.03377917408943176,[39m
[31m               -0.13806134462356567,[39m
[31m               -0.08831214904785156,[39m
[31m               0.016781125217676163,[39m
[31m               -0.12387903034687042,[39m
[31m               0.010754365473985672,[39m
[31m               0.026468567550182343[39m
[31m             ],[39m
[31m             status: "PENDING_VERIFICATION"[39m
[31m           }[39m
[31m         })[39m

[31mInvalid value for argument `dateOfBirth`: premature end of input. Expected ISO-8601 DateTime.[39m
[31m    at wn (D:\pfe\pfe t7cha0.3\soullink-backend\node_modules\@prisma\client\runtime\library.js:29:1363)[39m
[31m    at $n.handleRequestError (D:\pfe\pfe t7cha0.3\soullink-backend\node_modules\@prisma\client\runtime\library.js:121:6958)[39m
[31m    at $n.handleAndLogRequestError (D:\pfe\pfe t7cha0.3\soullink-backend\node_modules\@prisma\client\runtime\library.js:121:6623)[39m
[31m    at $n.request (D:\pfe\pfe t7cha0.3\soullink-backend\node_modules\@prisma\client\runtime\library.js:121:6307)[39m
[31m    at async l (D:\pfe\pfe t7cha0.3\soullink-backend\node_modules\@prisma\client\runtime\library.js:130:9633)[39m
[31m    at async <anonymous> (D:\pfe\pfe t7cha0.3\soullink-backend\src\modules\auth\auth.service.ts:25:26)[39m
[31m    at async Proxy._transactionWithCallback (D:\pfe\pfe t7cha0.3\soullink-backend\node_modules\@prisma\client\runtime\library.js:130:8000)[39m
[31m    at async AuthService.register (D:\pfe\pfe t7cha0.3\soullink-backend\src\modules\auth\auth.service.ts:24:16)[39m
[31m    at async register (D:\pfe\pfe t7cha0.3\soullink-backend\src\modules\auth\auth.controller.ts:13:26)[39m
2026-02-12 01:22:59:2259 [35mhttp[39m: [35mPOST /api/auth/login-face[39m
2026-02-12 01:23:04:234 [35mhttp[39m: [35mPOST /api/auth/login[39m
2026-02-12 01:24:32:2432 [32minfo[39m: [32mConnected to PostgreSQL database[39m
2026-02-12 01:24:32:2432 [32minfo[39m: [32mSoulLink Backend running in development mode on port 4000[39m
2026-02-12 01:27:56:2756 [32minfo[39m: [32mConnected to PostgreSQL database[39m
2026-02-12 01:27:56:2756 [32minfo[39m: [32mSoulLink Backend running in development mode on port 4000[39m
2026-02-12 01:29:06:296 [32minfo[39m: [32mConnected to PostgreSQL database[39m
2026-02-12 01:29:06:296 [32minfo[39m: [32mSoulLink Backend running in development mode on port 4000[39m
2026-02-12 01:30:43:3043 [32minfo[39m: [32mConnected to PostgreSQL database[39m
2026-02-12 01:30:43:3043 [32minfo[39m: [32mSoulLink Backend running in development mode on port 4000[39m
2026-02-12 01:46:35:4635 [32minfo[39m: [32mConnected to PostgreSQL database[39m
2026-02-12 01:46:35:4635 [32minfo[39m: [32mSoulLink Backend running in development mode on port 4000[39m
2026-02-12 01:47:44:4744 [35mhttp[39m: [35mPOST /api/auth/login[39m
2026-02-12 01:48:23:4823 [35mhttp[39m: [35mPOST /api/auth/register[39m
2026-02-12 01:48:24:4824 [31merror[39m: [31m[Unhandled Error] PrismaClientValidationError: [39m
[31mInvalid `tx.user.create()` invocation in[39m
[31mD:\pfe\pfe t7cha0.3\soullink-backend\src\modules\auth\auth.service.ts:26:40[39m

[31m  23 const passwordHash = await hashPassword(password);[39m
[31m  24 [39m
[31m  25 return await prisma.$transaction(async (tx: any) => {[39m
[31m→ 26     const user = await tx.user.create({[39m
[31m           data: {[39m
[31m             email: "mohamedaziz.hadhri@esen.tn",[39m
[31m             phone: "mohamedaziz.hadhri@esen.tn",[39m
[31m             passwordHash: "$2a$12$CsNfCkOWepDOCO0PNbdt9usKWn0bGWMgJ5hyDOms6q684S5boAXdK",[39m
[31m             displayName: "lordaziz",[39m
[31m             handle: "azizhadhri",[39m
[31m             dateOfBirth: "2003-04-22",[39m
[31m                          ~~~~~~~~~~~~[39m
[31m             faceDescriptor: [[39m
[31m               -0.15772876143455505,[39m
[31m               0.06240643933415413,[39m
[31m               0.06848792731761932,[39m
[31m               0.03233066201210022,[39m
[31m               0.0463053435087204,[39m
[31m               -0.12289497256278992,[39m
[31m               0.06982539594173431,[39m
[31m               -0.0822712704539299,[39m
[31m               0.1905238777399063,[39m
[31m               -0.044549375772476196,[39m
[31m               0.2440975308418274,[39m
[31m               -0.029189415276050568,[39m
[31m               -0.1746453493833542,[39m
[31m               -0.12931112945079803,[39m
[31m               0.027933254837989807,[39m
[31m               0.07556206732988358,[39m
[31m               -0.16792577505111694,[39m
[31m               -0.08656350523233414,[39m
[31m               -0.06608617305755615,[39m
[31m               -0.12033842504024506,[39m
[31m               0.06217316538095474,[39m
[31m               -0.007168580312281847,[39m
[31m               0.11684760451316833,[39m
[31m               0.09659828990697861,[39m
[31m               -0.12916195392608643,[39m
[31m               -0.35133063793182373,[39m
[31m               -0.05484800785779953,[39m
[31m               -0.21978607773780823,[39m
[31m               0.124448761343956,[39m
[31m               -0.07400808483362198,[39m
[31m               0.017760159447789192,[39m
[31m               -0.01788681373000145,[39m
[31m               -0.2122432142496109,[39m
[31m               -0.055077262222766876,[39m
[31m               -0.0554024875164032,[39m
[31m               0.01621570810675621,[39m
[31m               -0.002002332592383027,[39m
[31m               -0.000711098313331604,[39m
[31m               0.20742963254451752,[39m
[31m               -0.02806500717997551,[39m
[31m               -0.10607711225748062,[39m
[31m               -0.055638231337070465,[39m
[31m               -0.034899111837148666,[39m
[31m               0.23301547765731812,[39m
[31m               0.1505257785320282,[39m
[31m               0.03102332167327404,[39m
[31m               0.0672813206911087,[39m
[31m               -0.01593545638024807,[39m
[31m               0.045571524649858475,[39m
[31m               -0.2095872014760971,[39m
[31m               0.04019240662455559,[39m
[31m               0.11980806291103363,[39m
[31m               0.06898630410432816,[39m
[31m               0.034372832626104355,[39m
[31m               0.12132610380649567,[39m
[31m               -0.13515794277191162,[39m
[31m               0.016605110839009285,[39m
[31m               0.042802657932043076,[39m
[31m               -0.1854861080646515,[39m
[31m               0.1418011635541916,[39m
[31m               0.041839275509119034,[39m
[31m               0.01342390663921833,[39m
[31m               -0.009549742564558983,[39m
[31m               0.0607488714158535,[39m
[31m               0.20158372819423676,[39m
[31m               0.002347893314436078,[39m
[31m               -0.11380376666784286,[39m
[31m               -0.054634541273117065,[39m
[31m               0.11778489500284195,[39m
[31m               -0.20278194546699524,[39m
[31m               0.03662402927875519,[39m
[31m               0.10055679082870483,[39m
[31m               -0.05350925400853157,[39m
[31m               -0.21729083359241486,[39m
[31m               -0.24846667051315308,[39m
[31m               0.06316070258617401,[39m
[31m               0.4200352430343628,[39m
[31m               0.1512579321861267,[39m
[31m               -0.12427821755409241,[39m
[31m               0.08557617664337158,[39m
[31m               -0.1669819951057434,[39m
[31m               -0.055600374937057495,[39m
[31m               0.06079326570034027,[39m
[31m               0.03764088451862335,[39m
[31m               -0.10057452321052551,[39m
[31m               0.0733264610171318,[39m
[31m               -0.13950204849243164,[39m
[31m               0.044306203722953796,[39m
[31m               0.08145035058259964,[39m
[31m               0.06088731810450554,[39m
[31m               -0.019408635795116425,[39m
[31m               0.2630533277988434,[39m
[31m               -0.05156811699271202,[39m
[31m               0.030658703297376633,[39m
[31m               0.0039033107459545135,[39m
[31m               0.0067238276824355125,[39m
[31m               -0.10688955336809158,[39m
[31m               0.011875132098793983,[39m
[31m               -0.023608168587088585,[39m
[31m               0.0041700080037117004,[39m
[31m               0.039746541529893875,[39m
[31m               -0.09006956219673157,[39m
[31m               0.011139702051877975,[39m
[31m               0.005010693334043026,[39m
[31m               -0.20575158298015594,[39m
[31m               0.12361805886030197,[39m
[31m               -0.02537568286061287,[39m
[31m               0.0036424128338694572,[39m
[31m               -0.03666030615568161,[39m
[31m               0.07945834845304489,[39m
[31m               -0.12250727415084839,[39m
[31m               -0.00818568654358387,[39m
[31m               0.10319685935974121,[39m
[31m               -0.28816866874694824,[39m
[31m               0.17762798070907593,[39m
[31m               0.20589697360992432,[39m
[31m               0.027872566133737564,[39m
[31m               0.1767091155052185,[39m
[31m               0.018179748207330704,[39m
[31m               0.014539502561092377,[39m
[31m               0.014849092811346054,[39m
[31m               -0.00845722109079361,[39m
[31m               -0.12031237035989761,[39m
[31m               -0.023368244990706444,[39m
[31m               -0.016211852431297302,[39m
[31m               -0.06402254104614258,[39m
[31m               0.041583411395549774,[39m
[31m               0.046811528503894806[39m
[31m             ],[39m
[31m             status: "PENDING_VERIFICATION"[39m
[31m           }[39m
[31m         })[39m

[31mInvalid value for argument `dateOfBirth`: premature end of input. Expected ISO-8601 DateTime.[39m
[31m    at wn (D:\pfe\pfe t7cha0.3\soullink-backend\node_modules\@prisma\client\runtime\library.js:29:1363)[39m
[31m    at $n.handleRequestError (D:\pfe\pfe t7cha0.3\soullink-backend\node_modules\@prisma\client\runtime\library.js:121:6958)[39m
[31m    at $n.handleAndLogRequestError (D:\pfe\pfe t7cha0.3\soullink-backend\node_modules\@prisma\client\runtime\library.js:121:6623)[39m
[31m    at $n.request (D:\pfe\pfe t7cha0.3\soullink-backend\node_modules\@prisma\client\runtime\library.js:121:6307)[39m
[31m    at async l (D:\pfe\pfe t7cha0.3\soullink-backend\node_modules\@prisma\client\runtime\library.js:130:9633)[39m
[31m    at async <anonymous> (D:\pfe\pfe t7cha0.3\soullink-backend\src\modules\auth\auth.service.ts:26:26)[39m
[31m    at async Proxy._transactionWithCallback (D:\pfe\pfe t7cha0.3\soullink-backend\node_modules\@prisma\client\runtime\library.js:130:8000)[39m
[31m    at async AuthService.register (D:\pfe\pfe t7cha0.3\soullink-backend\src\modules\auth\auth.service.ts:25:16)[39m
[31m    at async register (D:\pfe\pfe t7cha0.3\soullink-backend\src\modules\auth\auth.controller.ts:13:57)[39m
2026-02-12 01:51:34:5134 [32minfo[39m: [32mConnected to PostgreSQL database[39m
2026-02-12 01:51:34:5134 [32minfo[39m: [32mSoulLink Backend running in development mode on port 4000[39m
2026-02-12 01:51:40:5140 [32minfo[39m: [32mConnected to PostgreSQL database[39m
2026-02-12 01:51:40:5140 [32minfo[39m: [32mSoulLink Backend running in development mode on port 4000[39m
2026-02-12 01:52:36:5236 [32minfo[39m: [32mConnected to PostgreSQL database[39m
2026-02-12 01:52:36:5236 [32minfo[39m: [32mSoulLink Backend running in development mode on port 4000[39m
2026-02-12 01:57:13:5713 [35mhttp[39m: [35mPOST /api/auth/register[39m
2026-02-12 01:57:14:5714 [31merror[39m: [31m[Unhandled Error] PrismaClientValidationError: [39m
[31mInvalid `tx.user.create()` invocation in[39m
[31mD:\pfe\pfe t7cha0.3\soullink-backend\src\modules\auth\auth.service.ts:26:40[39m

[31m  23 const passwordHash = await hashPassword(password);[39m
[31m  24 [39m
[31m  25 return await prisma.$transaction(async (tx: any) => {[39m
[31m→ 26     const user = await tx.user.create({[39m
[31m           data: {[39m
[31m             email: "mohamedaziz.hadhri@esen.tn",[39m
[31m             phone: "mohamedaziz.hadhri@esen.tn",[39m
[31m             passwordHash: "$2a$12$g/dvZK.1z8dWqcHaeBzLY.a3Gzsbff.B2soCHNRUi4vovgUf40S7C",[39m
[31m             displayName: "lordaziz",[39m
[31m             handle: "azizhadhri",[39m
[31m             dateOfBirth: "2003-04-22",[39m
[31m                          ~~~~~~~~~~~~[39m
[31m             faceDescriptor: [[39m
[31m               -0.15796616673469543,[39m
[31m               0.06585382670164108,[39m
[31m               0.016166653484106064,[39m
[31m               0.03255705535411835,[39m
[31m               0.03340153396129608,[39m
[31m               -0.13324345648288727,[39m
[31m               0.08497383445501328,[39m
[31m               -0.09366336464881897,[39m
[31m               0.20115222036838531,[39m
[31m               -0.03505929186940193,[39m
[31m               0.2271818220615387,[39m
[31m               -0.025027990341186523,[39m
[31m               -0.1722465455532074,[39m
[31m               -0.11981305480003357,[39m
[31m               0.022816944867372513,[39m
[31m               0.06879562139511108,[39m
[31m               -0.1664753407239914,[39m
[31m               -0.10055791586637497,[39m
[31m               -0.0628100335597992,[39m
[31m               -0.09524711966514587,[39m
[31m               0.09166528284549713,[39m
[31m               -0.01928136684000492,[39m
[31m               0.07910393178462982,[39m
[31m               0.14967870712280273,[39m
[31m               -0.15669935941696167,[39m
[31m               -0.33537307381629944,[39m
[31m               -0.10700836777687073,[39m
[31m               -0.20156650245189667,[39m
[31m               0.08493069559335709,[39m
[31m               -0.08866400271654129,[39m
[31m               -0.0011223722249269485,[39m
[31m               0.014279655180871487,[39m
[31m               -0.17244189977645874,[39m
[31m               -0.06657075881958008,[39m
[31m               -0.040137987583875656,[39m
[31m               -0.024445872753858566,[39m
[31m               0.03317883238196373,[39m
[31m               -0.012034932151436806,[39m
[31m               0.2237723469734192,[39m
[31m               -0.027862802147865295,[39m
[31m               -0.12306834757328033,[39m
[31m               -0.07781428098678589,[39m
[31m               0.037481725215911865,[39m
[31m               0.26570048928260803,[39m
[31m               0.15525704622268677,[39m
[31m               0.01130931917577982,[39m
[31m               0.06107547506690025,[39m
[31m               -0.014560852199792862,[39m
[31m               0.07993431389331818,[39m
[31m               -0.1803966462612152,[39m
[31m               0.042180463671684265,[39m
[31m               0.12870410084724426,[39m
[31m               0.10296707600355148,[39m
[31m               0.06973562389612198,[39m
[31m               0.11777042597532272,[39m
[31m               -0.09912970662117004,[39m
[31m               -0.011109994724392891,[39m
[31m               0.041997846215963364,[39m
[31m               -0.20864135026931763,[39m
[31m               0.12341894209384918,[39m
[31m               0.03824346885085106,[39m
[31m               -0.0024002622812986374,[39m
[31m               -0.030637815594673157,[39m
[31m               0.004593918565660715,[39m
[31m               0.19839996099472046,[39m
[31m               0.038795292377471924,[39m
[31m               -0.1290871948003769,[39m
[31m               -0.06256422400474548,[39m
[31m               0.153123140335083,[39m
[31m               -0.22646287083625793,[39m
[31m               0.0092568788677454,[39m
[31m               0.07088487595319748,[39m
[31m               -0.06383327394723892,[39m
[31m               -0.22357916831970215,[39m
[31m               -0.2411418855190277,[39m
[31m               0.07873312383890152,[39m
[31m               0.4022061228752136,[39m
[31m               0.1624763458967209,[39m
[31m               -0.1280844509601593,[39m
[31m               0.09535826742649078,[39m
[31m               -0.14978282153606415,[39m
[31m               -0.08770609647035599,[39m
[31m               0.03245595470070839,[39m
[31m               0.04769083112478256,[39m
[31m               -0.10015464574098587,[39m
[31m               0.08624609559774399,[39m
[31m               -0.10445322096347809,[39m
[31m               0.06094304844737053,[39m
[31m               0.11338138580322266,[39m
[31m               0.06294135749340057,[39m
[31m               0.018171917647123337,[39m
[31m               0.264699250459671,[39m
[31m               -0.02846437878906727,[39m
[31m               -0.005582495592534542,[39m
[31m               0.0437321811914444,[39m
[31m               0.05729955807328224,[39m
[31m               -0.10671185702085495,[39m
[31m               0.019239559769630432,[39m
[31m               -0.03752435743808746,[39m
[31m               0.06653501093387604,[39m
[31m               0.03161345794796944,[39m
[31m               -0.1180717721581459,[39m
[31m               0.032540224492549896,[39m
[31m               0.003675730898976326,[39m
[31m               -0.1826494187116623,[39m
[31m               0.12364472448825836,[39m
[31m               0.002144778613001108,[39m
[31m               -0.012422037310898304,[39m
[31m               -0.05553693696856499,[39m
[31m               0.09000104665756226,[39m
[31m               -0.1482296586036682,[39m
[31m               -0.053573012351989746,[39m
[31m               0.08575436472892761,[39m
[31m               -0.286946564912796,[39m
[31m               0.15349900722503662,[39m
[31m               0.1360682100057602,[39m
[31m               0.00655057467520237,[39m
[31m               0.17468594014644623,[39m
[31m               -0.03756881505250931,[39m
[31m               0.08622079342603683,[39m
[31m               0.0031122155487537384,[39m
[31m               -0.025884198024868965,[39m
[31m               -0.0778680369257927,[39m
[31m               -0.03308679908514023,[39m
[31m               0.03779418021440506,[39m
[31m               -0.05657053366303444,[39m
[31m               0.02958895079791546,[39m
[31m               0.03347819298505783[39m
[31m             ],[39m
[31m             status: "PENDING_VERIFICATION"[39m
[31m           }[39m
[31m         })[39m

[31mInvalid value for argument `dateOfBirth`: premature end of input. Expected ISO-8601 DateTime.[39m
[31m    at wn (D:\pfe\pfe t7cha0.3\soullink-backend\node_modules\@prisma\client\runtime\library.js:29:1363)[39m
[31m    at $n.handleRequestError (D:\pfe\pfe t7cha0.3\soullink-backend\node_modules\@prisma\client\runtime\library.js:121:6958)[39m
[31m    at $n.handleAndLogRequestError (D:\pfe\pfe t7cha0.3\soullink-backend\node_modules\@prisma\client\runtime\library.js:121:6623)[39m
[31m    at $n.request (D:\pfe\pfe t7cha0.3\soullink-backend\node_modules\@prisma\client\runtime\library.js:121:6307)[39m
[31m    at async l (D:\pfe\pfe t7cha0.3\soullink-backend\node_modules\@prisma\client\runtime\library.js:130:9633)[39m
[31m    at async <anonymous> (D:\pfe\pfe t7cha0.3\soullink-backend\src\modules\auth\auth.service.ts:26:26)[39m
[31m    at async Proxy._transactionWithCallback (D:\pfe\pfe t7cha0.3\soullink-backend\node_modules\@prisma\client\runtime\library.js:130:8000)[39m
[31m    at async AuthService.register (D:\pfe\pfe t7cha0.3\soullink-backend\src\modules\auth\auth.service.ts:25:16)[39m
[31m    at async register (D:\pfe\pfe t7cha0.3\soullink-backend\src\modules\auth\auth.controller.ts:14:57)[39m
2026-02-12 01:58:54:5854 [32minfo[39m: [32mConnected to PostgreSQL database[39m
2026-02-12 01:58:54:5854 [32minfo[39m: [32mSoulLink Backend running in development mode on port 4000[39m
2026-02-12 02:01:18:118 [35mhttp[39m: [35mPOST /api/auth/register[39m
2026-02-12 02:01:19:119 [31merror[39m: [31m[Unhandled Error] PrismaClientValidationError: [39m
[31mInvalid `tx.user.create()` invocation in[39m
[31mD:\pfe\pfe t7cha0.3\soullink-backend\src\modules\auth\auth.service.ts:26:40[39m

[31m  23 const passwordHash = await hashPassword(password);[39m
[31m  24 [39m
[31m  25 return await prisma.$transaction(async (tx: any) => {[39m
[31m→ 26     const user = await tx.user.create({[39m
[31m           data: {[39m
[31m             email: "mohamedaziz.hadhri@esen.tn",[39m
[31m             phone: "216+56604049",[39m
[31m             passwordHash: "$2a$12$uXPOnHZcJ3fbgJFjvWm21.TiNI3Ary.zoLsFgHkKdAYJusdb7yqle",[39m
[31m             displayName: "lordaziz",[39m
[31m             handle: "azizhadhri",[39m
[31m             dateOfBirth: "2003-04-22",[39m
[31m                          ~~~~~~~~~~~~[39m
[31m             faceDescriptor: [[39m
[31m               -0.14461740851402283,[39m
[31m               0.07039520144462585,[39m
[31m               0.026838719844818115,[39m
[31m               0.001258287811651826,[39m
[31m               0.029143882915377617,[39m
[31m               -0.09235724061727524,[39m
[31m               0.08664366602897644,[39m
[31m               -0.046584129333496094,[39m
[31m               0.2024517059326172,[39m
[31m               -0.05673903599381447,[39m
[31m               0.22641359269618988,[39m
[31m               0.0001927511766552925,[39m
[31m               -0.1767914742231369,[39m
[31m               -0.13082538545131683,[39m
[31m               0.04666345193982124,[39m
[31m               0.06123635172843933,[39m
[31m               -0.1375630646944046,[39m
[31m               -0.08217394351959229,[39m
[31m               -0.08457843214273453,[39m
[31m               -0.09748004376888275,[39m
[31m               0.07508672773838043,[39m
[31m               -0.010650761425495148,[39m
[31m               0.058075737208127975,[39m
[31m               0.13917730748653412,[39m
[31m               -0.1390850991010666,[39m
[31m               -0.3266437351703644,[39m
[31m               -0.07265640050172806,[39m
[31m               -0.2218134105205536,[39m
[31m               0.05070433393120766,[39m
[31m               -0.12238182872533798,[39m
[31m               -0.008927615359425545,[39m
[31m               0.015692919492721558,[39m
[31m               -0.19495272636413574,[39m
[31m               -0.071533203125,[39m
[31m               -0.07854855060577393,[39m
[31m               -0.034757666289806366,[39m
[31m               0.027257593348622322,[39m
[31m               -0.01316104270517826,[39m
[31m               0.19442811608314514,[39m
[31m               -0.01279253326356411,[39m
[31m               -0.10835790634155273,[39m
[31m               -0.05870341882109642,[39m
[31m               0.01570891961455345,[39m
[31m               0.23365236818790436,[39m
[31m               0.17710883915424347,[39m
[31m               -0.017797118052840233,[39m
[31m               0.07533761113882065,[39m
[31m               0.0040384214371442795,[39m
[31m               0.07681391388177872,[39m
[31m               -0.19171108305454254,[39m
[31m               0.06081389635801315,[39m
[31m               0.08758129179477692,[39m
[31m               0.12181040644645691,[39m
[31m               0.06334033608436584,[39m
[31m               0.1329086273908615,[39m
[31m               -0.1252671331167221,[39m
[31m               -0.02937253564596176,[39m
[31m               0.040015809237957,[39m
[31m               -0.15893973410129547,[39m
[31m               0.14064373075962067,[39m
[31m               0.017925050109624863,[39m
[31m               -0.012529062107205391,[39m
[31m               -0.06357741355895996,[39m
[31m               0.02161112241446972,[39m
[31m               0.19333995878696442,[39m
[31m               0.02440723031759262,[39m
[31m               -0.11777473241090775,[39m
[31m               -0.07505781948566437,[39m
[31m               0.14984625577926636,[39m
[31m               -0.16888201236724854,[39m
[31m               0.003200449515134096,[39m
[31m               0.1028677225112915,[39m
[31m               -0.06703784316778183,[39m
[31m               -0.2041548639535904,[39m
[31m               -0.21219153702259064,[39m
[31m               0.12312981486320496,[39m
[31m               0.3933996558189392,[39m
[31m               0.1763613373041153,[39m
[31m               -0.1576380878686905,[39m
[31m               0.08527109026908875,[39m
[31m               -0.21111473441123962,[39m
[31m               -0.0785209909081459,[39m
[31m               0.01180392038077116,[39m
[31m               0.02907787449657917,[39m
[31m               -0.058078840374946594,[39m
[31m               0.047019656747579575,[39m
[31m               -0.10313065350055695,[39m
[31m               0.07892170548439026,[39m
[31m               0.09880203753709793,[39m
[31m               0.07200323045253754,[39m
[31m               -0.005426742136478424,[39m
[31m               0.2523815929889679,[39m
[31m               -0.039457861334085464,[39m
[31m               -0.015536503866314888,[39m
[31m               0.003662201575934887,[39m
[31m               0.03363263979554176,[39m
[31m               -0.11178596317768097,[39m
[31m               0.02734198234975338,[39m
[31m               -0.026260849088430405,[39m
[31m               0.017941540107131004,[39m
[31m               0.06875576078891754,[39m
[31m               -0.11549652367830276,[39m
[31m               -0.0044687422923743725,[39m
[31m               0.012739107944071293,[39m
[31m               -0.2135179340839386,[39m
[31m               0.13076743483543396,[39m
[31m               -0.006498762406408787,[39m
[31m               -0.0026506222784519196,[39m
[31m               -0.025559615343809128,[39m
[31m               0.07879269868135452,[39m
[31m               -0.13291895389556885,[39m
[31m               0.005671835504472256,[39m
[31m               0.0844380334019661,[39m
[31m               -0.2904563844203949,[39m
[31m               0.16718432307243347,[39m
[31m               0.12407229840755463,[39m
[31m               0.010245501063764095,[39m
[31m               0.17487354576587677,[39m
[31m               -0.013363403268158436,[39m
[31m               0.06468010693788528,[39m
[31m               0.029900802299380302,[39m
[31m               -0.05438288301229477,[39m
[31m               -0.11891278624534607,[39m
[31m               -0.04636217653751373,[39m
[31m               0.05435457080602646,[39m
[31m               -0.019163362681865692,[39m
[31m               0.0366889126598835,[39m
[31m               0.04125853255391121[39m
[31m             ],[39m
[31m             status: "PENDING_VERIFICATION"[39m
[31m           }[39m
[31m         })[39m

[31mInvalid value for argument `dateOfBirth`: premature end of input. Expected ISO-8601 DateTime.[39m
[31m    at wn (D:\pfe\pfe t7cha0.3\soullink-backend\node_modules\@prisma\client\runtime\library.js:29:1363)[39m
[31m    at $n.handleRequestError (D:\pfe\pfe t7cha0.3\soullink-backend\node_modules\@prisma\client\runtime\library.js:121:6958)[39m
[31m    at $n.handleAndLogRequestError (D:\pfe\pfe t7cha0.3\soullink-backend\node_modules\@prisma\client\runtime\library.js:121:6623)[39m
[31m    at $n.request (D:\pfe\pfe t7cha0.3\soullink-backend\node_modules\@prisma\client\runtime\library.js:121:6307)[39m
[31m    at async l (D:\pfe\pfe t7cha0.3\soullink-backend\node_modules\@prisma\client\runtime\library.js:130:9633)[39m
[31m    at async <anonymous> (D:\pfe\pfe t7cha0.3\soullink-backend\src\modules\auth\auth.service.ts:26:26)[39m
[31m    at async Proxy._transactionWithCallback (D:\pfe\pfe t7cha0.3\soullink-backend\node_modules\@prisma\client\runtime\library.js:130:8000)[39m
[31m    at async AuthService.register (D:\pfe\pfe t7cha0.3\soullink-backend\src\modules\auth\auth.service.ts:25:16)[39m
[31m    at async register (D:\pfe\pfe t7cha0.3\soullink-backend\src\modules\auth\auth.controller.ts:14:57)[39m
2026-02-12 02:02:37:237 [32minfo[39m: [32mConnected to PostgreSQL database[39m
2026-02-12 02:02:37:237 [32minfo[39m: [32mSoulLink Backend running in development mode on port 4000[39m
2026-02-12 02:03:03:33 [32minfo[39m: [32mConnected to PostgreSQL database[39m
2026-02-12 02:03:03:33 [32minfo[39m: [32mSoulLink Backend running in development mode on port 4000[39m
2026-02-12 02:03:27:327 [32minfo[39m: [32mConnected to PostgreSQL database[39m
2026-02-12 02:03:27:327 [32minfo[39m: [32mSoulLink Backend running in development mode on port 4000[39m
2026-02-12 02:07:30:730 [35mhttp[39m: [35mPOST /api/auth/register[39m
2026-02-12 02:07:53:753 [35mhttp[39m: [35mPOST /api/auth/register[39m
2026-02-12 02:08:47:847 [32minfo[39m: [32mConnected to PostgreSQL database[39m
2026-02-12 02:08:47:847 [32minfo[39m: [32mSoulLink Backend running in development mode on port 4000[39m
2026-02-12 02:09:10:910 [32minfo[39m: [32mConnected to PostgreSQL database[39m
2026-02-12 02:09:10:910 [32minfo[39m: [32mSoulLink Backend running in development mode on port 4000[39m
2026-02-12 02:09:31:931 [32minfo[39m: [32mConnected to PostgreSQL database[39m
2026-02-12 02:09:31:931 [32minfo[39m: [32mSoulLink Backend running in development mode on port 4000[39m
2026-02-12 02:10:42:1042 [35mhttp[39m: [35mPOST /api/auth/register[39m
2026-02-12 02:11:05:115 [35mhttp[39m: [35mPOST /api/auth/register[39m
2026-02-12 02:12:40:1240 [35mhttp[39m: [35mPOST /api/auth/login[39m
2026-02-12 02:13:03:133 [35mhttp[39m: [35mPOST /api/auth/login[39m
2026-02-12 02:13:18:1318 [35mhttp[39m: [35mPOST /api/auth/login-face[39m
2026-02-12 02:14:10:1410 [35mhttp[39m: [35mPOST /api/auth/login-face[39m
2026-02-12 02:14:22:1422 [35mhttp[39m: [35mPOST /api/auth/login-face[39m
2026-02-12 02:34:55:3455 [32minfo[39m: [32mConnected to PostgreSQL database[39m
2026-02-12 02:34:55:3455 [32minfo[39m: [32mSoulLink Backend running in development mode on port 4000[39m
2026-02-12 02:35:11:3511 [32minfo[39m: [32mConnected to PostgreSQL database[39m
2026-02-12 02:35:11:3511 [32minfo[39m: [32mSoulLink Backend running in development mode on port 4000[39m
2026-02-12 02:46:35:4635 [32minfo[39m: [32mConnected to PostgreSQL database[39m
2026-02-12 02:46:35:4635 [32minfo[39m: [32mSoulLink Backend running in development mode on port 4000[39m
2026-02-12 02:49:47:4947 [35mhttp[39m: [35mPOST /api/auth/register[39m
2026-02-12 02:49:51:4951 [32minfo[39m: [32mVerification email sent to haywanbari0@gmail.com: <3926f910-50a6-ffc8-e75a-6a84f9add52c@gmail.com>[39m
2026-02-12 02:53:23:5323 [35mhttp[39m: [35mPOST /api/auth/register[39m
2026-02-12 02:53:27:5327 [32minfo[39m: [32mVerification email sent to nininonini42@gmail.com: <53ef971b-e1ea-e13e-ddef-cbbaec2a712c@gmail.com>[39m
2026-02-12 02:54:11:5411 [35mhttp[39m: [35mPOST /api/auth/verify-email[39m
2026-02-12 02:56:22:5622 [32minfo[39m: [32mConnected to PostgreSQL database[39m
2026-02-12 02:56:22:5622 [32minfo[39m: [32mSoulLink Backend running in development mode on port 4000[39m
2026-02-12 10:47:26:4726 [32minfo[39m: [32mConnected to PostgreSQL database[39m
2026-02-12 10:47:26:4726 [32minfo[39m: [32mSoulLink Backend running in development mode on port 4000[39m
2026-02-12 10:48:59:4859 [35mhttp[39m: [35mPOST /api/ai/chat[39m
2026-02-12 10:54:58:5458 [35mhttp[39m: [35mPOST /api/auth/login[39m
2026-02-12 10:55:11:5511 [35mhttp[39m: [35mPOST /api/ai/chat[39m
2026-02-12 10:55:11:5511 [31merror[39m: [31m[Unhandled Error] TokenExpiredError: jwt expired[39m
[31m    at D:\pfe\pfe t7cha0.3\soullink-backend\node_modules\jsonwebtoken\verify.js:190:21[39m
[31m    at getSecret (D:\pfe\pfe t7cha0.3\soullink-backend\node_modules\jsonwebtoken\verify.js:97:14)[39m
[31m    at module.exports [as verify] (D:\pfe\pfe t7cha0.3\soullink-backend\node_modules\jsonwebtoken\verify.js:101:10)[39m
[31m    at verifyAccessToken (D:\pfe\pfe t7cha0.3\soullink-backend\src\shared\utils\jwt.ts:17:16)[39m
[31m    at protect (D:\pfe\pfe t7cha0.3\soullink-backend\src\middleware\auth.ts:24:25)[39m
[31m    at Layer.handle [as handle_request] (D:\pfe\pfe t7cha0.3\soullink-backend\node_modules\express\lib\router\layer.js:95:5)[39m
[31m    at next (D:\pfe\pfe t7cha0.3\soullink-backend\node_modules\express\lib\router\route.js:149:13)[39m
[31m    at Route.dispatch (D:\pfe\pfe t7cha0.3\soullink-backend\node_modules\express\lib\router\route.js:119:3)[39m
[31m    at Layer.handle [as handle_request] (D:\pfe\pfe t7cha0.3\soullink-backend\node_modules\express\lib\router\layer.js:95:5)[39m
[31m    at D:\pfe\pfe t7cha0.3\soullink-backend\node_modules\express\lib\router\index.js:284:15[39m
2026-02-12 10:56:21:5621 [32minfo[39m: [32mConnected to PostgreSQL database[39m
2026-02-12 10:56:21:5621 [32minfo[39m: [32mSoulLink Backend running in development mode on port 4000[39m
2026-02-12 10:57:44:5744 [35mhttp[39m: [35mPOST /api/ai/chat[39m
2026-02-12 10:59:39:5939 [35mhttp[39m: [35mPOST /api/ai/chat[39m
2026-02-12 11:01:35:135 [35mhttp[39m: [35mPOST /api/auth/register[39m
2026-02-12 11:02:03:23 [35mhttp[39m: [35mPOST /api/auth/login-face[39m
2026-02-12 11:02:11:211 [35mhttp[39m: [35mPOST /api/ai/chat[39m
2026-02-12 11:02:12:212 [31merror[39m: [31mGroq API Error:[39m
2026-02-12 11:02:12:212 [31merror[39m: [31mError in AI Service: AI service error: Not Found[39m
2026-02-12 11:02:12:212 [31merror[39m: [31m[Unhandled Error] Error: AI service error: Not Found[39m
[31m    at AIService.generateResponse (D:\pfe\pfe t7cha0.3\soullink-backend\src\modules\ai-companion\ai.service.ts:107:19)[39m
[31m    at process.processTicksAndRejections (node:internal/process/task_queues:103:5)[39m
[31m    at async chatWithNova (D:\pfe\pfe t7cha0.3\soullink-backend\src\modules\ai-companion\ai.controller.ts:9:24)[39m
2026-02-12 11:03:10:310 [32minfo[39m: [32mConnected to PostgreSQL database[39m
2026-02-12 11:03:10:310 [32minfo[39m: [32mSoulLink Backend running in development mode on port 4000[39m
2026-02-12 11:04:13:413 [35mhttp[39m: [35mPOST /api/auth/login-face[39m
2026-02-12 11:04:18:418 [35mhttp[39m: [35mPOST /api/ai/chat[39m
2026-02-12 11:04:28:428 [35mhttp[39m: [35mPOST /api/ai/chat[39m
2026-02-12 11:07:57:757 [32minfo[39m: [32mConnected to PostgreSQL database[39m
2026-02-12 11:07:57:757 [32minfo[39m: [32mSoulLink Backend running in development mode on port 4000[39m
2026-02-12 11:08:07:87 [32minfo[39m: [32mConnected to PostgreSQL database[39m
2026-02-12 11:08:07:87 [32minfo[39m: [32mSoulLink Backend running in development mode on port 4000[39m
2026-02-12 11:08:46:846 [35mhttp[39m: [35mGET /api/users/me[39m
2026-02-12 11:09:29:929 [32minfo[39m: [32mConnected to PostgreSQL database[39m
2026-02-12 11:09:29:929 [32minfo[39m: [32mSoulLink Backend running in development mode on port 4000[39m
2026-02-12 11:10:17:1017 [35mhttp[39m: [35mPOST /api/users/me/avatar[39m
2026-02-12 11:10:19:1019 [31merror[39m: [31m[Unhandled Error] undefined[39m
2026-02-12 11:11:55:1155 [35mhttp[39m: [35mGET /api/users/me[39m
2026-02-12 11:12:01:121 [35mhttp[39m: [35mPOST /api/users/me/avatar[39m
2026-02-12 11:13:04:134 [35mhttp[39m: [35mPATCH /api/users/me[39m
2026-02-12 11:13:06:136 [35mhttp[39m: [35mPATCH /api/users/me[39m
2026-02-12 11:13:44:1344 [35mhttp[39m: [35mPOST /api/auth/login-face[39m
2026-02-12 11:13:47:1347 [35mhttp[39m: [35mGET /api/users/me[39m
2026-02-12 11:13:48:1348 [35mhttp[39m: [35mGET /api/users/me[39m
2026-02-12 11:15:53:1553 [35mhttp[39m: [35mPOST /api/auth/login[39m
2026-02-12 11:15:58:1558 [35mhttp[39m: [35mGET /api/users/me[39m
2026-02-12 11:15:59:1559 [35mhttp[39m: [35mGET /api/users/me[39m
2026-02-12 11:16:33:1633 [35mhttp[39m: [35mGET /api/users/me[39m
2026-02-12 11:16:34:1634 [35mhttp[39m: [35mGET /api/users/me[39m
2026-02-12 11:39:27:3927 [35mhttp[39m: [35mGET /api/users/me[39m
2026-02-12 11:39:29:3929 [35mhttp[39m: [35mGET /api/users/me[39m
2026-02-12 11:39:29:3929 [35mhttp[39m: [35mGET /api/users/me[39m
2026-02-12 11:42:40:4240 [32minfo[39m: [32mConnected to PostgreSQL database[39m
2026-02-12 11:42:40:4240 [32minfo[39m: [32mSoulLink Backend running in development mode on port 4000[39m
2026-02-12 11:42:40:4240 [35mhttp[39m: [35mGET /api/users/me[39m
2026-02-12 11:44:04:444 [35mhttp[39m: [35mPOST /api/auth/login[39m
2026-02-12 11:44:05:445 [35mhttp[39m: [35mGET /api/users/me[39m
2026-02-12 11:44:06:446 [35mhttp[39m: [35mGET /api/users/me[39m
2026-02-12 11:44:06:446 [35mhttp[39m: [35mGET /api/users/me[39m
2026-02-12 11:44:06:446 [35mhttp[39m: [35mGET /api/users/me[39m
2026-02-12 11:44:11:4411 [35mhttp[39m: [35mGET /api/users/me[39m
2026-02-12 11:44:11:4411 [35mhttp[39m: [35mGET /api/users/me[39m
2026-02-12 11:44:29:4429 [35mhttp[39m: [35mPOST /api/users/me/avatar[39m
2026-02-12 11:44:30:4430 [31merror[39m: [31m[Unhandled Error] undefined[39m
2026-02-12 11:46:24:4624 [32minfo[39m: [32mConnected to PostgreSQL database[39m
2026-02-12 11:46:24:4624 [32minfo[39m: [32mSoulLink Backend running in development mode on port 4000[39m
2026-02-12 11:46:40:4640 [32minfo[39m: [32mConnected to PostgreSQL database[39m
2026-02-12 11:46:40:4640 [32minfo[39m: [32mSoulLink Backend running in development mode on port 4000[39m
2026-02-12 11:46:52:4652 [32minfo[39m: [32mConnected to PostgreSQL database[39m
2026-02-12 11:46:52:4652 [32minfo[39m: [32mSoulLink Backend running in development mode on port 4000[39m
2026-02-12 11:47:02:472 [32minfo[39m: [32mConnected to PostgreSQL database[39m
2026-02-12 11:47:02:472 [32minfo[39m: [32mSoulLink Backend running in development mode on port 4000[39m
2026-02-12 11:47:15:4715 [35mhttp[39m: [35mGET /api/users/me[39m
2026-02-12 11:47:15:4715 [35mhttp[39m: [35mGET /api/users/me[39m
2026-02-12 11:47:15:4715 [35mhttp[39m: [35mGET /api/users/me[39m
2026-02-12 11:47:28:4728 [35mhttp[39m: [35mPOST /api/users/me/avatar[39m
2026-02-12 11:47:43:4743 [35mhttp[39m: [35mPATCH /api/users/me[39m
2026-02-12 11:47:46:4746 [35mhttp[39m: [35mGET /api/users/me[39m
2026-02-12 11:47:46:4746 [35mhttp[39m: [35mGET /api/users/me[39m
2026-02-12 11:47:47:4747 [35mhttp[39m: [35mGET /api/users/me[39m
2026-02-12 11:47:55:4755 [35mhttp[39m: [35mGET /api/users/me[39m
2026-02-12 11:47:55:4755 [35mhttp[39m: [35mGET /api/users/me[39m
2026-02-12 11:48:00:480 [35mhttp[39m: [35mGET /api/users/me[39m
2026-02-12 11:48:00:480 [35mhttp[39m: [35mGET /api/users/me[39m
2026-02-12 11:48:03:483 [35mhttp[39m: [35mGET /api/users/me[39m
2026-02-12 11:48:03:483 [35mhttp[39m: [35mGET /api/users/me[39m
2026-02-12 12:00:30:030 [35mhttp[39m: [35mPOST /api/auth/login[39m
2026-02-12 12:00:32:032 [35mhttp[39m: [35mGET /api/users/me[39m
2026-02-12 12:00:33:033 [35mhttp[39m: [35mGET /api/users/me[39m
2026-02-12 12:00:33:033 [35mhttp[39m: [35mGET /api/users/me[39m
2026-02-12 12:00:33:033 [35mhttp[39m: [35mGET /api/users/me[39m
2026-02-12 12:00:37:037 [35mhttp[39m: [35mPOST /api/ai/chat[39m
2026-02-12 12:00:42:042 [35mhttp[39m: [35mPOST /api/ai/chat[39m
2026-02-12 12:00:51:051 [35mhttp[39m: [35mPOST /api/ai/chat[39m
2026-02-12 12:01:01:11 [35mhttp[39m: [35mPOST /api/ai/chat[39m
2026-02-12 12:01:11:111 [35mhttp[39m: [35mPOST /api/ai/chat[39m
2026-02-12 12:01:30:130 [35mhttp[39m: [35mGET /api/users/me[39m
2026-02-12 12:01:31:131 [35mhttp[39m: [35mGET /api/users/me[39m
2026-02-12 13:30:37:3037 [35mhttp[39m: [35mPOST /api/ai/chat[39m
2026-02-12 16:25:51:2551 [35mhttp[39m: [35mGET /api/users/me[39m
2026-02-12 16:25:51:2551 [35mhttp[39m: [35mGET /api/users/me[39m
2026-02-12 16:25:59:2559 [35mhttp[39m: [35mGET /api/users/me[39m
2026-02-12 16:25:59:2559 [35mhttp[39m: [35mGET /api/users/me[39m
2026-02-12 16:25:59:2559 [35mhttp[39m: [35mGET /api/users/me[39m
2026-02-12 16:28:04:284 [32minfo[39m: [32mConnected to PostgreSQL database[39m
2026-02-12 16:28:04:284 [32minfo[39m: [32mSoulLink Backend running in development mode on port 4000[39m
2026-02-12 16:28:16:2816 [32minfo[39m: [32mConnected to PostgreSQL database[39m
2026-02-12 16:28:16:2816 [32minfo[39m: [32mSoulLink Backend running in development mode on port 4000[39m
2026-02-12 16:29:24:2924 [35mhttp[39m: [35mGET /api/users/me[39m
2026-02-12 16:29:24:2924 [35mhttp[39m: [35mGET /api/users/me[39m
2026-02-12 16:29:24:2924 [35mhttp[39m: [35mGET /api/users/me[39m
2026-02-12 16:29:31:2931 [35mhttp[39m: [35mPOST /api/auth/login[39m
2026-02-12 16:29:32:2932 [35mhttp[39m: [35mGET /api/users/me[39m
2026-02-12 16:29:33:2933 [35mhttp[39m: [35mGET /api/users/me[39m
2026-02-12 16:29:33:2933 [35mhttp[39m: [35mGET /api/users/me[39m
2026-02-12 16:29:33:2933 [35mhttp[39m: [35mGET /api/users/me[39m
2026-02-12 16:29:35:2935 [35mhttp[39m: [35mGET /api/users/me[39m
2026-02-12 16:29:35:2935 [35mhttp[39m: [35mGET /api/users/me[39m
2026-02-12 16:29:43:2943 [35mhttp[39m: [35mGET /api/users/me[39m
2026-02-12 16:29:44:2944 [35mhttp[39m: [35mGET /api/users/me[39m
2026-02-12 16:29:50:2950 [35mhttp[39m: [35mGET /api/users/me[39m
2026-02-12 16:29:50:2950 [35mhttp[39m: [35mGET /api/users/me[39m
2026-02-12 16:29:59:2959 [35mhttp[39m: [35mGET /api/users/me[39m
2026-02-12 16:29:59:2959 [35mhttp[39m: [35mGET /api/users/me[39m
2026-02-12 16:33:46:3346 [35mhttp[39m: [35mPOST /api/ai/chat[39m
2026-02-12 16:34:00:340 [35mhttp[39m: [35mGET /api/users/me[39m
2026-02-12 16:34:01:341 [35mhttp[39m: [35mGET /api/users/me[39m
2026-02-12 16:34:01:341 [35mhttp[39m: [35mGET /api/users/me[39m
2026-02-12 16:34:10:3410 [35mhttp[39m: [35mPOST /api/ai/chat[39m
2026-02-13 02:13:47:1347 [32minfo[39m: [32mConnected to PostgreSQL database[39m
2026-02-13 02:13:47:1347 [32minfo[39m: [32mSoulLink Backend running in development mode on port 4000[39m
2026-02-13 02:24:13:2413 [35mhttp[39m: [35mPOST /api/auth/login[39m
2026-02-13 02:24:15:2415 [35mhttp[39m: [35mGET /api/users/me[39m
2026-02-13 02:24:16:2416 [35mhttp[39m: [35mGET /api/users/me[39m
2026-02-13 02:24:16:2416 [35mhttp[39m: [35mGET /api/users/me[39m
2026-02-13 02:24:16:2416 [35mhttp[39m: [35mGET /api/users/me[39m
2026-02-13 02:24:26:2426 [35mhttp[39m: [35mGET /api/soulgames[39m
2026-02-13 02:24:27:2427 [35mhttp[39m: [35mGET /api/soulgames[39m
2026-02-13 02:24:42:2442 [35mhttp[39m: [35mGET /api/soulgames/cf6ea13b-1ea6-418d-820b-be2fb1b9f7c0[39m
2026-02-13 02:24:43:2443 [35mhttp[39m: [35mGET /api/soulgames/cf6ea13b-1ea6-418d-820b-be2fb1b9f7c0[39m
2026-02-13 02:25:12:2512 [35mhttp[39m: [35mPOST /api/ai/chat[39m
2026-02-13 22:33:29:3329 [32minfo[39m: [32mConnected to PostgreSQL database[39m
2026-02-13 22:33:29:3329 [32minfo[39m: [32mSoulLink Backend running in development mode on port 4000[39m
2026-02-13 22:36:08:368 [35mhttp[39m: [35mPOST /api/auth/login[39m
2026-02-13 22:36:20:3620 [35mhttp[39m: [35mGET /api/users/me[39m
2026-02-13 22:36:22:3622 [35mhttp[39m: [35mGET /api/users/me[39m
2026-02-13 22:36:22:3622 [35mhttp[39m: [35mGET /api/users/me[39m
2026-02-13 22:36:22:3622 [35mhttp[39m: [35mGET /api/users/me[39m
2026-02-13 22:36:28:3628 [35mhttp[39m: [35mGET /api/soulgames[39m
2026-02-13 22:36:28:3628 [35mhttp[39m: [35mGET /api/soulgames[39m
2026-02-13 22:36:35:3635 [35mhttp[39m: [35mPOST /api/ai/chat[39m
2026-02-13 22:36:43:3643 [35mhttp[39m: [35mPOST /api/ai/chat[39m
2026-02-13 22:36:47:3647 [35mhttp[39m: [35mGET /api/soulgames/fdb0abcf-33a5-4f3a-bdad-867b74c613f5[39m
2026-02-13 22:36:49:3649 [35mhttp[39m: [35mGET /api/soulgames/fdb0abcf-33a5-4f3a-bdad-867b74c613f5[39m
2026-02-13 22:36:51:3651 [35mhttp[39m: [35mPOST /api/soulgames/fdb0abcf-33a5-4f3a-bdad-867b74c613f5/respond[39m
2026-02-13 22:36:56:3656 [35mhttp[39m: [35mPOST /api/soulgames/fdb0abcf-33a5-4f3a-bdad-867b74c613f5/respond[39m
2026-02-13 22:36:59:3659 [35mhttp[39m: [35mPOST /api/soulgames/fdb0abcf-33a5-4f3a-bdad-867b74c613f5/respond[39m
2026-02-13 22:37:01:371 [35mhttp[39m: [35mPOST /api/soulgames/fdb0abcf-33a5-4f3a-bdad-867b74c613f5/respond[39m
2026-02-13 22:37:06:376 [35mhttp[39m: [35mPOST /api/soulgames/fdb0abcf-33a5-4f3a-bdad-867b74c613f5/respond[39m
2026-02-13 22:37:08:378 [35mhttp[39m: [35mPOST /api/soulgames/fdb0abcf-33a5-4f3a-bdad-867b74c613f5/respond[39m
2026-02-13 22:37:11:3711 [35mhttp[39m: [35mPOST /api/soulgames/fdb0abcf-33a5-4f3a-bdad-867b74c613f5/respond[39m
2026-02-13 22:37:14:3714 [35mhttp[39m: [35mPOST /api/soulgames/fdb0abcf-33a5-4f3a-bdad-867b74c613f5/respond[39m
2026-02-13 22:37:19:3719 [35mhttp[39m: [35mPOST /api/soulgames/fdb0abcf-33a5-4f3a-bdad-867b74c613f5/respond[39m
2026-02-13 22:37:23:3723 [35mhttp[39m: [35mPOST /api/soulgames/fdb0abcf-33a5-4f3a-bdad-867b74c613f5/respond[39m
2026-02-13 22:37:26:3726 [35mhttp[39m: [35mPOST /api/soulgames/fdb0abcf-33a5-4f3a-bdad-867b74c613f5/respond[39m
2026-02-13 22:37:28:3728 [35mhttp[39m: [35mPOST /api/soulgames/fdb0abcf-33a5-4f3a-bdad-867b74c613f5/respond[39m
2026-02-13 22:37:31:3731 [35mhttp[39m: [35mPOST /api/soulgames/fdb0abcf-33a5-4f3a-bdad-867b74c613f5/respond[39m
2026-02-13 22:37:35:3735 [35mhttp[39m: [35mPOST /api/soulgames/fdb0abcf-33a5-4f3a-bdad-867b74c613f5/respond[39m
2026-02-13 22:37:38:3738 [35mhttp[39m: [35mPOST /api/soulgames/fdb0abcf-33a5-4f3a-bdad-867b74c613f5/respond[39m
2026-02-13 22:37:40:3740 [35mhttp[39m: [35mPOST /api/soulgames/fdb0abcf-33a5-4f3a-bdad-867b74c613f5/respond[39m
2026-02-13 22:37:43:3743 [35mhttp[39m: [35mPOST /api/soulgames/fdb0abcf-33a5-4f3a-bdad-867b74c613f5/respond[39m
2026-02-13 22:37:46:3746 [35mhttp[39m: [35mPOST /api/soulgames/fdb0abcf-33a5-4f3a-bdad-867b74c613f5/respond[39m
2026-02-13 22:37:50:3750 [35mhttp[39m: [35mPOST /api/soulgames/fdb0abcf-33a5-4f3a-bdad-867b74c613f5/respond[39m
2026-02-13 22:37:53:3753 [35mhttp[39m: [35mPOST /api/soulgames/fdb0abcf-33a5-4f3a-bdad-867b74c613f5/respond[39m
2026-02-13 22:38:02:382 [35mhttp[39m: [35mPOST /api/soulgames/fdb0abcf-33a5-4f3a-bdad-867b74c613f5/complete[39m
2026-02-13 22:38:06:386 [35mhttp[39m: [35mPOST /api/soulgames/fdb0abcf-33a5-4f3a-bdad-867b74c613f5/complete[39m
2026-02-13 22:38:18:3818 [35mhttp[39m: [35mGET /api/soulgames/personality[39m
2026-02-13 22:38:18:3818 [35mhttp[39m: [35mGET /api/soulgames/personality[39m
2026-02-13 22:38:23:3823 [35mhttp[39m: [35mPOST /api/ai/chat[39m
2026-02-13 22:38:47:3847 [35mhttp[39m: [35mGET /api/soulgames[39m
2026-02-13 22:38:48:3848 [35mhttp[39m: [35mGET /api/soulgames[39m
2026-02-13 22:38:52:3852 [35mhttp[39m: [35mGET /api/soulgames/fdb0abcf-33a5-4f3a-bdad-867b74c613f5[39m
2026-02-13 22:38:52:3852 [35mhttp[39m: [35mGET /api/soulgames/fdb0abcf-33a5-4f3a-bdad-867b74c613f5[39m
2026-02-13 22:38:56:3856 [35mhttp[39m: [35mPOST /api/soulgames/fdb0abcf-33a5-4f3a-bdad-867b74c613f5/complete[39m
2026-02-13 22:38:57:3857 [35mhttp[39m: [35mGET /api/soulgames/personality[39m
2026-02-13 22:38:57:3857 [35mhttp[39m: [35mGET /api/soulgames/personality[39m
2026-02-13 22:39:03:393 [35mhttp[39m: [35mGET /api/soulgames[39m
2026-02-13 22:39:03:393 [35mhttp[39m: [35mGET /api/soulgames[39m
2026-02-13 22:39:07:397 [35mhttp[39m: [35mGET /api/soulgames/fdb0abcf-33a5-4f3a-bdad-867b74c613f5[39m
2026-02-13 22:39:07:397 [35mhttp[39m: [35mGET /api/soulgames/fdb0abcf-33a5-4f3a-bdad-867b74c613f5[39m
2026-02-13 22:39:10:3910 [35mhttp[39m: [35mGET /api/soulgames[39m
2026-02-13 22:39:11:3911 [35mhttp[39m: [35mGET /api/soulgames[39m
2026-02-13 22:39:24:3924 [35mhttp[39m: [35mPOST /api/ai/chat[39m
2026-02-13 22:40:38:4038 [35mhttp[39m: [35mGET /api/soulgames/fdb0abcf-33a5-4f3a-bdad-867b74c613f5[39m
2026-02-13 22:40:38:4038 [35mhttp[39m: [35mGET /api/soulgames/fdb0abcf-33a5-4f3a-bdad-867b74c613f5[39m
2026-02-13 22:40:40:4040 [35mhttp[39m: [35mPOST /api/soulgames/fdb0abcf-33a5-4f3a-bdad-867b74c613f5/complete[39m
2026-02-13 22:40:40:4040 [35mhttp[39m: [35mGET /api/soulgames/personality[39m
2026-02-13 22:40:40:4040 [35mhttp[39m: [35mGET /api/soulgames/personality[39m
2026-02-13 22:45:03:453 [35mhttp[39m: [35mGET /api/users/me[39m
2026-02-13 22:45:03:453 [35mhttp[39m: [35mGET /api/soulgames/personality[39m
2026-02-13 22:45:04:454 [35mhttp[39m: [35mGET /api/users/me[39m
2026-02-13 22:45:06:456 [35mhttp[39m: [35mGET /api/soulgames[39m
2026-02-13 22:45:07:457 [35mhttp[39m: [35mGET /api/soulgames[39m
2026-02-13 22:45:14:4514 [35mhttp[39m: [35mGET /api/soulgames/fbb3cd5a-e9d3-49a0-8de8-6291c555f0b8[39m
2026-02-13 22:45:14:4514 [35mhttp[39m: [35mGET /api/soulgames/fbb3cd5a-e9d3-49a0-8de8-6291c555f0b8[39m
2026-02-13 22:45:17:4517 [35mhttp[39m: [35mGET /api/soulgames[39m
2026-02-13 22:45:18:4518 [35mhttp[39m: [35mGET /api/soulgames[39m
2026-02-13 22:55:37:5537 [35mhttp[39m: [35mGET /api/soulgames/fbb3cd5a-e9d3-49a0-8de8-6291c555f0b8[39m
2026-02-13 22:55:38:5538 [35mhttp[39m: [35mGET /api/soulgames/fbb3cd5a-e9d3-49a0-8de8-6291c555f0b8[39m
2026-02-13 22:55:41:5541 [35mhttp[39m: [35mPOST /api/soulgames/fbb3cd5a-e9d3-49a0-8de8-6291c555f0b8/respond[39m
2026-02-13 22:55:44:5544 [35mhttp[39m: [35mPOST /api/soulgames/fbb3cd5a-e9d3-49a0-8de8-6291c555f0b8/respond[39m
2026-02-13 22:55:45:5545 [35mhttp[39m: [35mPOST /api/ai/chat[39m
2026-02-13 22:55:47:5547 [35mhttp[39m: [35mPOST /api/soulgames/fbb3cd5a-e9d3-49a0-8de8-6291c555f0b8/respond[39m
2026-02-13 22:55:50:5550 [35mhttp[39m: [35mPOST /api/soulgames/fbb3cd5a-e9d3-49a0-8de8-6291c555f0b8/respond[39m
2026-02-13 22:55:53:5553 [35mhttp[39m: [35mPOST /api/soulgames/fbb3cd5a-e9d3-49a0-8de8-6291c555f0b8/respond[39m
2026-02-13 22:55:56:5556 [35mhttp[39m: [35mPOST /api/soulgames/fbb3cd5a-e9d3-49a0-8de8-6291c555f0b8/respond[39m
2026-02-13 22:55:59:5559 [35mhttp[39m: [35mPOST /api/soulgames/fbb3cd5a-e9d3-49a0-8de8-6291c555f0b8/respond[39m
2026-02-13 22:56:02:562 [35mhttp[39m: [35mPOST /api/soulgames/fbb3cd5a-e9d3-49a0-8de8-6291c555f0b8/respond[39m
2026-02-13 22:56:06:566 [35mhttp[39m: [35mPOST /api/soulgames/fbb3cd5a-e9d3-49a0-8de8-6291c555f0b8/respond[39m
2026-02-13 22:56:09:569 [35mhttp[39m: [35mPOST /api/soulgames/fbb3cd5a-e9d3-49a0-8de8-6291c555f0b8/respond[39m
2026-02-13 22:56:11:5611 [35mhttp[39m: [35mPOST /api/soulgames/fbb3cd5a-e9d3-49a0-8de8-6291c555f0b8/respond[39m
2026-02-13 22:56:14:5614 [35mhttp[39m: [35mPOST /api/soulgames/fbb3cd5a-e9d3-49a0-8de8-6291c555f0b8/respond[39m
2026-02-13 22:56:17:5617 [35mhttp[39m: [35mPOST /api/soulgames/fbb3cd5a-e9d3-49a0-8de8-6291c555f0b8/respond[39m
2026-02-13 22:56:20:5620 [35mhttp[39m: [35mPOST /api/soulgames/fbb3cd5a-e9d3-49a0-8de8-6291c555f0b8/respond[39m
2026-02-13 22:56:23:5623 [35mhttp[39m: [35mPOST /api/soulgames/fbb3cd5a-e9d3-49a0-8de8-6291c555f0b8/respond[39m
2026-02-13 22:56:26:5626 [35mhttp[39m: [35mPOST /api/soulgames/fbb3cd5a-e9d3-49a0-8de8-6291c555f0b8/respond[39m
2026-02-13 22:56:29:5629 [35mhttp[39m: [35mPOST /api/soulgames/fbb3cd5a-e9d3-49a0-8de8-6291c555f0b8/respond[39m
2026-02-13 22:56:33:5633 [35mhttp[39m: [35mPOST /api/soulgames/fbb3cd5a-e9d3-49a0-8de8-6291c555f0b8/respond[39m
2026-02-13 22:56:37:5637 [35mhttp[39m: [35mPOST /api/soulgames/fbb3cd5a-e9d3-49a0-8de8-6291c555f0b8/respond[39m
2026-02-13 22:56:41:5641 [35mhttp[39m: [35mPOST /api/soulgames/fbb3cd5a-e9d3-49a0-8de8-6291c555f0b8/respond[39m
2026-02-13 22:56:42:5642 [35mhttp[39m: [35mPOST /api/soulgames/fbb3cd5a-e9d3-49a0-8de8-6291c555f0b8/complete[39m
2026-02-13 22:56:43:5643 [35mhttp[39m: [35mGET /api/soulgames/personality[39m
2026-02-13 22:56:43:5643 [35mhttp[39m: [35mGET /api/soulgames/personality[39m
2026-02-13 22:56:54:5654 [35mhttp[39m: [35mGET /api/soulgames[39m
2026-02-13 22:56:55:5655 [35mhttp[39m: [35mGET /api/soulgames[39m
2026-02-13 22:57:19:5719 [35mhttp[39m: [35mPOST /api/ai/chat[39m
2026-02-14 04:35:41:3541 [35mhttp[39m: [35mGET /api/soulgames/60d4bb27-c258-430b-8297-05a8873295c2[39m
2026-02-14 04:35:41:3541 [35mhttp[39m: [35mGET /api/soulgames/60d4bb27-c258-430b-8297-05a8873295c2[39m
2026-02-14 04:35:43:3543 [35mhttp[39m: [35mPOST /api/auth/login[39m
2026-02-14 04:35:46:3546 [35mhttp[39m: [35mGET /api/users/me[39m
2026-02-14 04:35:46:3546 [35mhttp[39m: [35mGET /api/users/me[39m
2026-02-14 04:35:46:3546 [35mhttp[39m: [35mGET /api/users/me[39m
2026-02-14 04:35:46:3546 [35mhttp[39m: [35mGET /api/users/me[39m
2026-02-14 04:35:48:3548 [35mhttp[39m: [35mGET /api/soulgames[39m
2026-02-14 04:35:49:3549 [35mhttp[39m: [35mGET /api/soulgames[39m
2026-02-14 04:35:51:3551 [35mhttp[39m: [35mGET /api/soulgames/60d4bb27-c258-430b-8297-05a8873295c2[39m
2026-02-14 04:35:52:3552 [35mhttp[39m: [35mGET /api/soulgames/60d4bb27-c258-430b-8297-05a8873295c2[39m
2026-02-14 04:36:07:367 [35mhttp[39m: [35mPOST /api/soulgames/60d4bb27-c258-430b-8297-05a8873295c2/respond[39m
2026-02-14 04:36:20:3620 [35mhttp[39m: [35mPOST /api/soulgames/60d4bb27-c258-430b-8297-05a8873295c2/respond[39m
2026-02-14 04:36:37:3637 [35mhttp[39m: [35mPOST /api/soulgames/60d4bb27-c258-430b-8297-05a8873295c2/respond[39m
2026-02-14 04:36:49:3649 [35mhttp[39m: [35mPOST /api/ai/chat[39m
2026-02-14 15:39:13:3913 [32minfo[39m: [32mConnected to PostgreSQL database[39m
2026-02-14 15:39:13:3913 [32minfo[39m: [32mSoulLink Backend running in development mode on port 4000[39m
2026-02-14 15:43:47:4347 [35mhttp[39m: [35mPOST /api/auth/login-face[39m
2026-02-14 15:43:52:4352 [35mhttp[39m: [35mGET /api/users/me[39m
2026-02-14 15:43:54:4354 [35mhttp[39m: [35mGET /api/users/me[39m
2026-02-14 15:43:54:4354 [35mhttp[39m: [35mGET /api/users/me[39m
2026-02-14 15:43:54:4354 [35mhttp[39m: [35mGET /api/users/me[39m
2026-02-14 15:43:59:4359 [35mhttp[39m: [35mGET /api/soulgames[39m
2026-02-14 15:44:00:440 [35mhttp[39m: [35mGET /api/soulgames[39m
2026-02-14 15:44:06:446 [35mhttp[39m: [35mGET /api/soulgames/60d4bb27-c258-430b-8297-05a8873295c2[39m
2026-02-14 15:44:08:448 [35mhttp[39m: [35mGET /api/soulgames/60d4bb27-c258-430b-8297-05a8873295c2[39m
2026-02-14 15:44:22:4422 [35mhttp[39m: [35mPOST /api/soulgames/60d4bb27-c258-430b-8297-05a8873295c2/respond[39m
2026-02-14 15:57:43:5743 [35mhttp[39m: [35mGET /api/users/me[39m
2026-02-14 15:57:43:5743 [35mhttp[39m: [35mGET /api/soulgames/60d4bb27-c258-430b-8297-05a8873295c2[39m
2026-02-14 15:57:45:5745 [35mhttp[39m: [35mGET /api/users/me[39m
2026-02-14 15:57:54:5754 [35mhttp[39m: [35mPOST /api/auth/login[39m
2026-02-14 15:57:56:5756 [35mhttp[39m: [35mGET /api/users/me[39m
2026-02-14 15:57:56:5756 [35mhttp[39m: [35mGET /api/users/me[39m
2026-02-14 15:57:57:5757 [35mhttp[39m: [35mGET /api/users/me[39m
2026-02-14 15:57:57:5757 [35mhttp[39m: [35mGET /api/users/me[39m
2026-02-14 15:58:03:583 [35mhttp[39m: [35mGET /api/soulgames[39m
2026-02-14 15:58:04:584 [35mhttp[39m: [35mGET /api/soulgames[39m
2026-02-14 15:58:07:587 [35mhttp[39m: [35mGET /api/soulgames/bde8543d-0a45-48f5-9aab-1bfd52804685[39m
2026-02-14 15:58:09:589 [35mhttp[39m: [35mGET /api/soulgames/bde8543d-0a45-48f5-9aab-1bfd52804685[39m
2026-02-14 15:58:43:5843 [35mhttp[39m: [35mPOST /api/ai/chat[39m
2026-02-14 15:58:50:5850 [35mhttp[39m: [35mPOST /api/soulgames/bde8543d-0a45-48f5-9aab-1bfd52804685/respond[39m
2026-02-14 15:59:07:597 [35mhttp[39m: [35mPOST /api/soulgames/bde8543d-0a45-48f5-9aab-1bfd52804685/respond[39m
2026-02-14 16:00:01:01 [35mhttp[39m: [35mPOST /api/soulgames/bde8543d-0a45-48f5-9aab-1bfd52804685/respond[39m
2026-02-14 16:00:06:06 [35mhttp[39m: [35mPOST /api/soulgames/bde8543d-0a45-48f5-9aab-1bfd52804685/respond[39m
2026-02-14 16:00:15:015 [35mhttp[39m: [35mPOST /api/soulgames/bde8543d-0a45-48f5-9aab-1bfd52804685/respond[39m
2026-02-14 16:00:25:025 [35mhttp[39m: [35mPOST /api/soulgames/bde8543d-0a45-48f5-9aab-1bfd52804685/respond[39m
2026-02-14 16:00:33:033 [35mhttp[39m: [35mPOST /api/soulgames/bde8543d-0a45-48f5-9aab-1bfd52804685/respond[39m
2026-02-14 16:00:38:038 [35mhttp[39m: [35mPOST /api/soulgames/bde8543d-0a45-48f5-9aab-1bfd52804685/respond[39m
2026-02-14 16:00:49:049 [35mhttp[39m: [35mPOST /api/soulgames/bde8543d-0a45-48f5-9aab-1bfd52804685/respond[39m
2026-02-14 16:00:56:056 [35mhttp[39m: [35mPOST /api/ai/chat[39m
2026-02-14 16:01:25:125 [35mhttp[39m: [35mPOST /api/soulgames/bde8543d-0a45-48f5-9aab-1bfd52804685/respond[39m
2026-02-14 16:02:11:211 [35mhttp[39m: [35mPOST /api/soulgames/bde8543d-0a45-48f5-9aab-1bfd52804685/respond[39m
2026-02-14 16:02:19:219 [35mhttp[39m: [35mPOST /api/ai/chat[39m
2026-02-14 16:02:27:227 [35mhttp[39m: [35mPOST /api/soulgames/bde8543d-0a45-48f5-9aab-1bfd52804685/respond[39m
2026-02-14 16:02:39:239 [35mhttp[39m: [35mPOST /api/soulgames/bde8543d-0a45-48f5-9aab-1bfd52804685/respond[39m
2026-02-14 16:02:47:247 [35mhttp[39m: [35mPOST /api/soulgames/bde8543d-0a45-48f5-9aab-1bfd52804685/respond[39m
2026-02-14 16:02:54:254 [35mhttp[39m: [35mPOST /api/ai/chat[39m
2026-02-14 16:03:00:30 [35mhttp[39m: [35mPOST /api/soulgames/bde8543d-0a45-48f5-9aab-1bfd52804685/respond[39m
2026-02-14 16:03:18:318 [35mhttp[39m: [35mPOST /api/soulgames/bde8543d-0a45-48f5-9aab-1bfd52804685/respond[39m
2026-02-14 16:03:27:327 [35mhttp[39m: [35mPOST /api/soulgames/bde8543d-0a45-48f5-9aab-1bfd52804685/respond[39m
2026-02-14 16:03:35:335 [35mhttp[39m: [35mPOST /api/soulgames/bde8543d-0a45-48f5-9aab-1bfd52804685/respond[39m
2026-02-14 16:03:45:345 [35mhttp[39m: [35mPOST /api/soulgames/bde8543d-0a45-48f5-9aab-1bfd52804685/respond[39m
2026-02-14 16:03:50:350 [35mhttp[39m: [35mPOST /api/soulgames/bde8543d-0a45-48f5-9aab-1bfd52804685/respond[39m
2026-02-14 16:03:52:352 [35mhttp[39m: [35mPOST /api/soulgames/bde8543d-0a45-48f5-9aab-1bfd52804685/complete[39m
2026-02-14 16:03:58:358 [35mhttp[39m: [35mGET /api/soulgames/personality[39m
2026-02-14 16:04:00:40 [35mhttp[39m: [35mGET /api/soulgames/personality[39m
2026-02-14 16:04:20:420 [35mhttp[39m: [35mGET /api/soulgames[39m
2026-02-14 16:04:22:422 [35mhttp[39m: [35mGET /api/soulgames[39m
2026-02-14 16:46:59:4659 [32minfo[39m: [32mConnected to PostgreSQL database[39m
2026-02-14 16:46:59:4659 [32minfo[39m: [32mSoulLink Backend running in development mode on port 4000[39m
2026-02-14 16:48:04:484 [35mhttp[39m: [35mPOST /api/auth/login[39m
2026-02-14 16:48:09:489 [35mhttp[39m: [35mGET /api/users/me[39m
2026-02-14 16:48:09:489 [35mhttp[39m: [35mGET /api/friends[39m
2026-02-14 16:48:09:489 [35mhttp[39m: [35mGET /api/communities[39m
2026-02-14 16:48:10:4810 [35mhttp[39m: [35mGET /api/users/me[39m
2026-02-14 16:48:10:4810 [32minfo[39m: [32mUser connected: 4009bace-ec0f-4b32-8668-336067ba3c7d (RlmVfluN8o0CGwsdAAAC)[39m
2026-02-14 16:48:10:4810 [35mhttp[39m: [35mGET /api/friends[39m
2026-02-14 16:48:10:4810 [35mhttp[39m: [35mGET /api/users/me[39m
2026-02-14 16:48:11:4811 [32minfo[39m: [32mUser connected: 4009bace-ec0f-4b32-8668-336067ba3c7d (7xJY-dzhwRqaFwKdAAAD)[39m
2026-02-14 16:48:11:4811 [35mhttp[39m: [35mGET /api/communities[39m
2026-02-14 16:48:11:4811 [35mhttp[39m: [35mGET /api/users/me[39m
2026-02-14 16:49:08:498 [32minfo[39m: [32mUser disconnected: RlmVfluN8o0CGwsdAAAC[39m
2026-02-14 16:49:08:498 [32minfo[39m: [32mUser disconnected: 7xJY-dzhwRqaFwKdAAAD[39m
2026-02-14 16:49:09:499 [35mhttp[39m: [35mGET /api/users/me[39m
2026-02-14 16:49:09:499 [35mhttp[39m: [35mGET /api/friends[39m
2026-02-14 16:49:09:499 [35mhttp[39m: [35mGET /api/communities[39m
2026-02-14 16:49:09:499 [32minfo[39m: [32mUser connected: 4009bace-ec0f-4b32-8668-336067ba3c7d (jnNwgsk75Tqc2R5HAAAF)[39m
2026-02-14 16:49:09:499 [35mhttp[39m: [35mGET /api/users/me[39m
2026-02-14 16:49:17:4917 [35mhttp[39m: [35mGET /api/soulgames[39m
2026-02-14 16:49:19:4919 [35mhttp[39m: [35mGET /api/soulgames[39m
2026-02-14 16:49:25:4925 [35mhttp[39m: [35mGET /api/communities/discover[39m
2026-02-14 16:49:25:4925 [35mhttp[39m: [35mGET /api/communities/discover[39m
2026-02-14 16:49:35:4935 [32minfo[39m: [32mUser disconnected: jnNwgsk75Tqc2R5HAAAF[39m
2026-02-14 16:50:31:5031 [35mhttp[39m: [35mGET /api/users/me[39m
2026-02-14 16:50:31:5031 [35mhttp[39m: [35mGET /api/friends[39m
2026-02-14 16:50:31:5031 [35mhttp[39m: [35mGET /api/communities/27a99c88-fb69-46e0-80c5-851881996d20[39m
2026-02-14 16:50:31:5031 [35mhttp[39m: [35mGET /api/communities[39m
2026-02-14 16:51:14:5114 [35mhttp[39m: [35mGET /api/users/me[39m
2026-02-14 16:51:14:5114 [35mhttp[39m: [35mGET /api/friends[39m
2026-02-14 16:51:14:5114 [35mhttp[39m: [35mGET /api/communities[39m
2026-02-14 16:51:14:5114 [35mhttp[39m: [35mGET /api/communities/27a99c88-fb69-46e0-80c5-851881996d20[39m
2026-02-14 16:51:15:5115 [32minfo[39m: [32mUser connected: 4009bace-ec0f-4b32-8668-336067ba3c7d (NrFArhjzTdlxOgLeAAAJ)[39m
2026-02-14 16:51:20:5120 [35mhttp[39m: [35mPOST /api/auth/login[39m
2026-02-14 16:51:29:5129 [35mhttp[39m: [35mGET /api/users/me[39m
2026-02-14 16:51:29:5129 [35mhttp[39m: [35mGET /api/friends[39m
2026-02-14 16:51:29:5129 [35mhttp[39m: [35mGET /api/communities[39m
2026-02-14 16:51:29:5129 [35mhttp[39m: [35mGET /api/friends[39m
2026-02-14 16:51:29:5129 [35mhttp[39m: [35mGET /api/communities[39m
2026-02-14 16:51:29:5129 [35mhttp[39m: [35mGET /api/users/me[39m
2026-02-14 16:51:30:5130 [35mhttp[39m: [35mGET /api/users/me[39m
2026-02-14 16:51:31:5131 [35mhttp[39m: [35mGET /api/users/me[39m
2026-02-14 16:51:34:5134 [35mhttp[39m: [35mGET /api/soulgames[39m
2026-02-14 16:51:36:5136 [35mhttp[39m: [35mGET /api/soulgames[39m
2026-02-14 16:51:39:5139 [35mhttp[39m: [35mGET /api/communities/discover[39m
2026-02-14 16:51:40:5140 [35mhttp[39m: [35mGET /api/communities/discover[39m
2026-02-14 16:51:43:5143 [32minfo[39m: [32mUser disconnected: NrFArhjzTdlxOgLeAAAJ[39m
2026-02-14 16:51:43:5143 [35mhttp[39m: [35mGET /api/users/me[39m
2026-02-14 16:51:43:5143 [35mhttp[39m: [35mGET /api/friends[39m
2026-02-14 16:51:43:5143 [35mhttp[39m: [35mGET /api/communities[39m
2026-02-14 16:51:43:5143 [35mhttp[39m: [35mGET /api/communities/27a99c88-fb69-46e0-80c5-851881996d20[39m
2026-02-14 16:51:45:5145 [32minfo[39m: [32mUser connected: 4009bace-ec0f-4b32-8668-336067ba3c7d (oNlj4Wgpt4IfFCsOAAAL)[39m
2026-02-14 16:51:51:5151 [35mhttp[39m: [35mPOST /api/auth/login[39m
2026-02-14 16:51:52:5152 [35mhttp[39m: [35mGET /api/users/me[39m
2026-02-14 16:51:52:5152 [35mhttp[39m: [35mGET /api/friends[39m
2026-02-14 16:51:52:5152 [35mhttp[39m: [35mGET /api/communities[39m
2026-02-14 16:51:53:5153 [35mhttp[39m: [35mGET /api/communities[39m
2026-02-14 16:51:53:5153 [35mhttp[39m: [35mGET /api/friends[39m
2026-02-14 16:51:53:5153 [35mhttp[39m: [35mGET /api/users/me[39m
2026-02-14 16:51:54:5154 [35mhttp[39m: [35mGET /api/users/me[39m
2026-02-14 16:51:54:5154 [35mhttp[39m: [35mGET /api/users/me[39m
2026-02-14 16:52:39:5239 [35mhttp[39m: [35mPOST /api/auth/login[39m
2026-02-14 16:52:41:5241 [35mhttp[39m: [35mGET /api/users/me[39m
2026-02-14 16:52:41:5241 [35mhttp[39m: [35mGET /api/friends[39m
2026-02-14 16:52:41:5241 [35mhttp[39m: [35mGET /api/communities[39m
2026-02-14 16:52:41:5241 [35mhttp[39m: [35mGET /api/communities[39m
2026-02-14 16:52:41:5241 [32minfo[39m: [32mUser connected: 9fc52438-1033-4c1d-a268-afdf061751cc (YNdCGYTycN2_RtEwAAAP)[39m
2026-02-14 16:52:41:5241 [32minfo[39m: [32mUser connected: 9fc52438-1033-4c1d-a268-afdf061751cc (R08kcLJalzFvlnDKAAAO)[39m
2026-02-14 16:52:42:5242 [35mhttp[39m: [35mGET /api/users/me[39m
2026-02-14 16:52:42:5242 [35mhttp[39m: [35mGET /api/friends[39m
2026-02-14 16:52:42:5242 [35mhttp[39m: [35mGET /api/users/me[39m
2026-02-14 16:52:42:5242 [35mhttp[39m: [35mGET /api/users/me[39m
2026-02-14 16:52:44:5244 [35mhttp[39m: [35mGET /api/users/me[39m
2026-02-14 16:52:45:5245 [35mhttp[39m: [35mGET /api/users/me[39m
2026-02-14 16:53:07:537 [35mhttp[39m: [35mPOST /api/users/me/avatar[39m
2026-02-14 16:53:35:5335 [35mhttp[39m: [35mPATCH /api/users/me[39m
2026-02-14 16:53:40:5340 [35mhttp[39m: [35mPATCH /api/users/me[39m
2026-02-14 16:53:56:5356 [35mhttp[39m: [35mGET /api/users/me[39m
2026-02-14 16:53:56:5356 [35mhttp[39m: [35mGET /api/users/me[39m
2026-02-14 16:54:09:549 [35mhttp[39m: [35mGET /api/users/search?q=@mousa[39m
2026-02-14 16:54:14:5414 [35mhttp[39m: [35mGET /api/users/search?q=@mousa[39m
2026-02-14 16:54:17:5417 [35mhttp[39m: [35mGET /api/users/search?q=mousa[39m
2026-02-14 16:54:19:5419 [35mhttp[39m: [35mPOST /api/friends[39m
2026-02-14 16:56:02:562 [32minfo[39m: [32mConnected to PostgreSQL database[39m
2026-02-14 16:56:02:562 [32minfo[39m: [32mSoulLink Backend running in development mode on port 4000[39m
2026-02-14 16:56:02:562 [32minfo[39m: [32mUser connected: 9fc52438-1033-4c1d-a268-afdf061751cc (cKBr5QU-3FvYqdW1AAAB)[39m
2026-02-14 16:56:04:564 [32minfo[39m: [32mUser connected: 9fc52438-1033-4c1d-a268-afdf061751cc (H0rTn5Y_gn8fTRPqAAAD)[39m
2026-02-14 16:56:05:565 [32minfo[39m: [32mUser connected: 4009bace-ec0f-4b32-8668-336067ba3c7d (18RkIvVvbL0wXONVAAAF)[39m
2026-02-14 16:56:28:5628 [32minfo[39m: [32mUser disconnected: cKBr5QU-3FvYqdW1AAAB[39m
2026-02-14 16:56:28:5628 [32minfo[39m: [32mUser disconnected: H0rTn5Y_gn8fTRPqAAAD[39m
2026-02-14 16:56:29:5629 [35mhttp[39m: [35mGET /api/users/me[39m
2026-02-14 16:56:29:5629 [35mhttp[39m: [35mGET /api/friends[39m
2026-02-14 16:56:29:5629 [35mhttp[39m: [35mGET /api/communities[39m
2026-02-14 16:56:32:5632 [35mhttp[39m: [35mGET /api/users/me[39m
2026-02-14 16:56:33:5633 [35mhttp[39m: [35mGET /api/users/me[39m
2026-02-14 16:56:38:5638 [35mhttp[39m: [35mGET /api/users/me[39m
2026-02-14 16:56:38:5638 [35mhttp[39m: [35mGET /api/friends[39m
2026-02-14 16:56:38:5638 [35mhttp[39m: [35mGET /api/communities[39m
2026-02-14 16:56:38:5638 [32minfo[39m: [32mUser connected: 9fc52438-1033-4c1d-a268-afdf061751cc (PBgwmWupKngCewhTAAAJ)[39m
2026-02-14 16:56:38:5638 [35mhttp[39m: [35mGET /api/users/me[39m
2026-02-14 16:56:39:5639 [35mhttp[39m: [35mGET /api/users/me[39m
2026-02-14 16:57:00:570 [35mhttp[39m: [35mGET /api/users/search?q=mousa[39m
2026-02-14 16:57:02:572 [35mhttp[39m: [35mPOST /api/friends/request[39m
2026-02-14 16:58:44:5844 [32minfo[39m: [32mConnected to PostgreSQL database[39m
2026-02-14 16:58:44:5844 [32minfo[39m: [32mSoulLink Backend running in development mode on port 4000[39m
2026-02-14 16:58:48:5848 [32minfo[39m: [32mUser connected: 4009bace-ec0f-4b32-8668-336067ba3c7d (PxMdpd7p01txAfpUAAAB)[39m
2026-02-14 16:58:48:5848 [32minfo[39m: [32mUser connected: 9fc52438-1033-4c1d-a268-afdf061751cc (qHRKeD5NZy9UjEE9AAAD)[39m
2026-02-14 16:59:51:5951 [35mhttp[39m: [35mPOST /api/auth/login[39m
2026-02-14 16:59:52:5952 [35mhttp[39m: [35mGET /api/users/me[39m
2026-02-14 16:59:52:5952 [35mhttp[39m: [35mGET /api/friends[39m
2026-02-14 16:59:52:5952 [35mhttp[39m: [35mGET /api/communities[39m
2026-02-14 16:59:52:5952 [32minfo[39m: [32mUser connected: 4009bace-ec0f-4b32-8668-336067ba3c7d (24KK2mjhX7XU65h_AAAG)[39m
2026-02-14 16:59:53:5953 [35mhttp[39m: [35mGET /api/users/me[39m
2026-02-14 16:59:53:5953 [32minfo[39m: [32mUser connected: 4009bace-ec0f-4b32-8668-336067ba3c7d (a3rJc-ESuRpGMQJhAAAH)[39m
2026-02-14 16:59:53:5953 [35mhttp[39m: [35mGET /api/friends[39m
2026-02-14 16:59:53:5953 [35mhttp[39m: [35mGET /api/users/me[39m
2026-02-14 16:59:53:5953 [35mhttp[39m: [35mGET /api/communities[39m
2026-02-14 16:59:53:5953 [35mhttp[39m: [35mGET /api/users/me[39m
2026-02-14 17:00:07:07 [32minfo[39m: [32mUser disconnected: qHRKeD5NZy9UjEE9AAAD[39m
2026-02-14 17:00:08:08 [35mhttp[39m: [35mGET /api/users/me[39m
2026-02-14 17:00:08:08 [35mhttp[39m: [35mGET /api/friends[39m
2026-02-14 17:00:08:08 [35mhttp[39m: [35mGET /api/communities[39m
2026-02-14 17:00:08:08 [32minfo[39m: [32mUser connected: 9fc52438-1033-4c1d-a268-afdf061751cc (8H5fYeizM5q4awC4AAAJ)[39m
2026-02-14 17:00:08:08 [35mhttp[39m: [35mGET /api/users/me[39m
2026-02-14 17:00:09:09 [35mhttp[39m: [35mGET /api/users/me[39m
2026-02-14 17:06:06:66 [32minfo[39m: [32mConnected to PostgreSQL database[39m
2026-02-14 17:06:06:66 [32minfo[39m: [32mSoulLink Backend running in development mode on port 4000[39m
2026-02-14 17:06:07:67 [32minfo[39m: [32mUser connected: 4009bace-ec0f-4b32-8668-336067ba3c7d (xroMmc4tUuEhmGVVAAAB)[39m
2026-02-14 17:06:27:627 [32minfo[39m: [32mConnected to PostgreSQL database[39m
2026-02-14 17:06:27:627 [32minfo[39m: [32mSoulLink Backend running in development mode on port 4000[39m
2026-02-14 17:06:29:629 [32minfo[39m: [32mUser connected: 4009bace-ec0f-4b32-8668-336067ba3c7d (9p2A4lVjWcuDpuOwAAAB)[39m
2026-02-14 17:06:30:630 [32minfo[39m: [32mUser connected: 9fc52438-1033-4c1d-a268-afdf061751cc (cNzJe0VmoHKXubLnAAAD)[39m
2026-02-14 17:06:31:631 [32minfo[39m: [32mUser connected: 4009bace-ec0f-4b32-8668-336067ba3c7d (y523vDmb7Ry7cMKJAAAG)[39m
2026-02-14 17:06:31:631 [32minfo[39m: [32mUser connected: 4009bace-ec0f-4b32-8668-336067ba3c7d (jwzi2RyFa0woiVWCAAAH)[39m
2026-02-14 17:06:53:653 [32minfo[39m: [32mConnected to PostgreSQL database[39m
2026-02-14 17:06:53:653 [32minfo[39m: [32mSoulLink Backend running in development mode on port 4000[39m
2026-02-14 17:06:53:653 [32minfo[39m: [32mUser connected: 9fc52438-1033-4c1d-a268-afdf061751cc (lwE3KU5_mTTORoLCAAAC)[39m
2026-02-14 17:06:54:654 [32minfo[39m: [32mUser connected: 4009bace-ec0f-4b32-8668-336067ba3c7d (223v29n30fwPIAxcAAAF)[39m
2026-02-14 17:06:54:654 [32minfo[39m: [32mUser connected: 4009bace-ec0f-4b32-8668-336067ba3c7d (lWTuPLgZcb_2ETDEAAAE)[39m
2026-02-14 17:06:54:654 [32minfo[39m: [32mUser connected: 4009bace-ec0f-4b32-8668-336067ba3c7d (Cdo6uKVVMlMlz_ORAAAH)[39m
2026-02-14 17:07:07:77 [32minfo[39m: [32mConnected to PostgreSQL database[39m
2026-02-14 17:07:07:77 [32minfo[39m: [32mSoulLink Backend running in development mode on port 4000[39m
2026-02-14 17:07:08:78 [32minfo[39m: [32mUser connected: 9fc52438-1033-4c1d-a268-afdf061751cc (3QE0kAEr_PK3Sk7CAAAB)[39m
2026-02-14 17:07:09:79 [32minfo[39m: [32mUser connected: 4009bace-ec0f-4b32-8668-336067ba3c7d (ntnDSjdHasOXktyUAAAF)[39m
2026-02-14 17:07:09:79 [32minfo[39m: [32mUser connected: 4009bace-ec0f-4b32-8668-336067ba3c7d (Bu2DdxNKmOpjlu54AAAH)[39m
2026-02-14 17:07:09:79 [32minfo[39m: [32mUser connected: 4009bace-ec0f-4b32-8668-336067ba3c7d (RpkVISri4iHiGBV5AAAG)[39m
2026-02-14 17:07:25:725 [32minfo[39m: [32mConnected to PostgreSQL database[39m
2026-02-14 17:07:25:725 [32minfo[39m: [32mSoulLink Backend running in development mode on port 4000[39m
2026-02-14 17:07:25:725 [32minfo[39m: [32mUser connected: 4009bace-ec0f-4b32-8668-336067ba3c7d (AN4YYvBh70B90t2vAAAD)[39m
2026-02-14 17:07:26:726 [32minfo[39m: [32mUser connected: 4009bace-ec0f-4b32-8668-336067ba3c7d (2CoI6sfuk-PsE2LXAAAF)[39m
2026-02-14 17:07:26:726 [32minfo[39m: [32mUser connected: 9fc52438-1033-4c1d-a268-afdf061751cc (U8nhPFqFoevGXwPwAAAE)[39m
2026-02-14 17:07:27:727 [32minfo[39m: [32mUser connected: 4009bace-ec0f-4b32-8668-336067ba3c7d (DGgl0YJ2e4OjO5iHAAAH)[39m
2026-02-14 17:07:38:738 [35mhttp[39m: [35mGET /api/users/me[39m
2026-02-14 17:07:38:738 [35mhttp[39m: [35mGET /api/notifications/unread-count[39m
2026-02-14 17:07:38:738 [35mhttp[39m: [35mGET /api/users/me[39m
2026-02-14 17:07:38:738 [35mhttp[39m: [35mGET /api/notifications/unread-count[39m
2026-02-14 17:07:38:738 [35mhttp[39m: [35mGET /api/friends[39m
2026-02-14 17:07:38:738 [35mhttp[39m: [35mGET /api/communities[39m
2026-02-14 17:07:38:738 [35mhttp[39m: [35mGET /api/friends[39m
2026-02-14 17:07:38:738 [35mhttp[39m: [35mGET /api/communities[39m
2026-02-14 17:07:38:738 [35mhttp[39m: [35mGET /api/notifications/unread-count[39m
2026-02-14 17:07:39:739 [32minfo[39m: [32mUser disconnected: AN4YYvBh70B90t2vAAAD[39m
2026-02-14 17:07:39:739 [32minfo[39m: [32mUser disconnected: DGgl0YJ2e4OjO5iHAAAH[39m
2026-02-14 17:07:39:739 [32minfo[39m: [32mUser disconnected: 2CoI6sfuk-PsE2LXAAAF[39m
2026-02-14 17:07:39:739 [32minfo[39m: [32mUser disconnected: U8nhPFqFoevGXwPwAAAE[39m
2026-02-14 17:07:39:739 [35mhttp[39m: [35mGET /api/notifications/unread-count[39m
2026-02-14 17:07:40:740 [35mhttp[39m: [35mGET /api/users/me[39m
2026-02-14 17:07:40:740 [35mhttp[39m: [35mGET /api/notifications/unread-count[39m
2026-02-14 17:07:40:740 [35mhttp[39m: [35mGET /api/friends[39m
2026-02-14 17:07:40:740 [35mhttp[39m: [35mGET /api/communities[39m
2026-02-14 17:07:40:740 [35mhttp[39m: [35mGET /api/users/me[39m
2026-02-14 17:07:40:740 [35mhttp[39m: [35mGET /api/notifications/unread-count[39m
2026-02-14 17:07:40:740 [35mhttp[39m: [35mGET /api/friends[39m
2026-02-14 17:07:40:740 [35mhttp[39m: [35mGET /api/communities[39m
2026-02-14 17:07:40:740 [32minfo[39m: [32mUser connected: 4009bace-ec0f-4b32-8668-336067ba3c7d (Ovrr1BAoY4_ccTjZAAAL)[39m
2026-02-14 17:07:41:741 [32minfo[39m: [32mUser disconnected: Ovrr1BAoY4_ccTjZAAAL[39m
2026-02-14 17:07:41:741 [35mhttp[39m: [35mGET /api/users/me[39m
2026-02-14 17:07:41:741 [35mhttp[39m: [35mGET /api/notifications/unread-count[39m
2026-02-14 17:07:41:741 [35mhttp[39m: [35mGET /api/friends[39m
2026-02-14 17:07:41:741 [35mhttp[39m: [35mGET /api/communities[39m
2026-02-14 17:07:41:741 [35mhttp[39m: [35mGET /api/users/me[39m
2026-02-14 17:07:41:741 [35mhttp[39m: [35mGET /api/notifications/unread-count[39m
2026-02-14 17:07:41:741 [35mhttp[39m: [35mGET /api/friends[39m
2026-02-14 17:07:41:741 [35mhttp[39m: [35mGET /api/communities[39m
2026-02-14 17:07:41:741 [32minfo[39m: [32mUser connected: 9fc52438-1033-4c1d-a268-afdf061751cc (vQRzvZbW5vWowcUaAAAP)[39m
2026-02-14 17:07:41:741 [32minfo[39m: [32mUser connected: 9fc52438-1033-4c1d-a268-afdf061751cc (lqStyNdGghWkGwV9AAAO)[39m
2026-02-14 17:07:42:742 [32minfo[39m: [32mUser connected: 4009bace-ec0f-4b32-8668-336067ba3c7d (Y8VYZJ7V3PeyG_n2AAAT)[39m
2026-02-14 17:07:42:742 [32minfo[39m: [32mUser connected: 4009bace-ec0f-4b32-8668-336067ba3c7d (_oZNxaE5X6F60TvgAAAS)[39m
2026-02-14 17:07:42:742 [35mhttp[39m: [35mGET /api/users/me[39m
2026-02-14 17:07:42:742 [35mhttp[39m: [35mGET /api/users/me[39m
2026-02-14 17:07:42:742 [35mhttp[39m: [35mGET /api/users/me[39m
2026-02-14 17:08:03:83 [32minfo[39m: [32mUser disconnected: Y8VYZJ7V3PeyG_n2AAAT[39m
2026-02-14 17:08:04:84 [32minfo[39m: [32mUser disconnected: _oZNxaE5X6F60TvgAAAS[39m
2026-02-14 17:08:04:84 [32minfo[39m: [32mUser disconnected: vQRzvZbW5vWowcUaAAAP[39m
2026-02-14 17:08:04:84 [32minfo[39m: [32mUser disconnected: lqStyNdGghWkGwV9AAAO[39m
2026-02-14 17:08:05:85 [35mhttp[39m: [35mGET /api/users/me[39m
2026-02-14 17:08:05:85 [35mhttp[39m: [35mGET /api/notifications/unread-count[39m
2026-02-14 17:08:05:85 [35mhttp[39m: [35mGET /api/friends[39m
2026-02-14 17:08:05:85 [35mhttp[39m: [35mGET /api/communities[39m
2026-02-14 17:08:05:85 [35mhttp[39m: [35mGET /api/users/me[39m
2026-02-14 17:08:05:85 [35mhttp[39m: [35mGET /api/notifications/unread-count[39m
2026-02-14 17:08:05:85 [35mhttp[39m: [35mGET /api/friends[39m
2026-02-14 17:08:05:85 [35mhttp[39m: [35mGET /api/communities[39m
2026-02-14 17:08:05:85 [32minfo[39m: [32mUser connected: 9fc52438-1033-4c1d-a268-afdf061751cc (oOdgUPUMPMVwmVrxAAAY)[39m
2026-02-14 17:08:06:86 [32minfo[39m: [32mUser connected: 4009bace-ec0f-4b32-8668-336067ba3c7d (OeOeVcgNroVEIWp_AAAZ)[39m
2026-02-14 17:08:07:87 [35mhttp[39m: [35mGET /api/users/me[39m
2026-02-14 17:08:08:88 [35mhttp[39m: [35mGET /api/users/me[39m
2026-02-14 17:08:10:810 [32minfo[39m: [32mUser connected: 4009bace-ec0f-4b32-8668-336067ba3c7d (Oypi7Q-I1ZlH8JZWAAAa)[39m
2026-02-14 17:08:12:812 [35mhttp[39m: [35mGET /api/users/me[39m
2026-02-14 17:08:15:815 [31merror[39m: [31mSocket Auth: Invalid token for socket z6oSBMklnd1jbdtbAAAb. Error: [39m
[31mInvalid `prisma.user.findUnique()` invocation in[39m
[31mD:\pfe\pfe t7cha0.3\soullink-backend\src\server.ts:33:40[39m

[31m  30 }[39m
[31m  31 [39m
[31m  32 const decoded = verifyAccessToken(token);[39m
[31m→ 33 const user = await prisma.user.findUnique([39m
[31mTimed out fetching a new connection from the connection pool. More info: http://pris.ly/d/connection-pool (Current connection pool timeout: 10, connection limit: 17)[39m
2026-02-14 17:08:25:825 [32minfo[39m: [32mUser disconnected: Oypi7Q-I1ZlH8JZWAAAa[39m
2026-02-14 17:08:25:825 [32minfo[39m: [32mUser disconnected: OeOeVcgNroVEIWp_AAAZ[39m
2026-02-14 17:08:26:826 [32minfo[39m: [32mUser disconnected: oOdgUPUMPMVwmVrxAAAY[39m
2026-02-14 17:08:26:826 [35mhttp[39m: [35mGET /api/users/me[39m
2026-02-14 17:08:26:826 [35mhttp[39m: [35mGET /api/users/me[39m
2026-02-14 17:08:26:826 [35mhttp[39m: [35mGET /api/notifications/unread-count[39m
2026-02-14 17:08:26:826 [35mhttp[39m: [35mGET /api/friends[39m
2026-02-14 17:08:26:826 [35mhttp[39m: [35mGET /api/communities[39m
2026-02-14 17:08:26:826 [35mhttp[39m: [35mGET /api/notifications/unread-count[39m
2026-02-14 17:08:26:826 [35mhttp[39m: [35mGET /api/friends[39m
2026-02-14 17:08:26:826 [35mhttp[39m: [35mGET /api/communities[39m
2026-02-14 17:08:27:827 [32minfo[39m: [32mUser connected: 4009bace-ec0f-4b32-8668-336067ba3c7d (vjm0KE83-hGBHRkxAAAg)[39m
2026-02-14 17:08:27:827 [32minfo[39m: [32mUser connected: 9fc52438-1033-4c1d-a268-afdf061751cc (GJYmRp3biSJzrJDeAAAj)[39m
2026-02-14 17:08:27:827 [32minfo[39m: [32mUser connected: 4009bace-ec0f-4b32-8668-336067ba3c7d (YRjS9-fsMvPU-JpBAAAh)[39m
2026-02-14 17:08:27:827 [32minfo[39m: [32mUser connected: 9fc52438-1033-4c1d-a268-afdf061751cc (HNqDKIVmfVsBR3wGAAAi)[39m
2026-02-14 17:08:28:828 [35mhttp[39m: [35mGET /api/users/me[39m
2026-02-14 17:08:29:829 [35mhttp[39m: [35mGET /api/users/me[39m
2026-02-14 17:08:30:830 [35mhttp[39m: [35mGET /api/users/me[39m
2026-02-14 17:13:48:1348 [32minfo[39m: [32mUser disconnected: YRjS9-fsMvPU-JpBAAAh[39m
2026-02-14 17:13:48:1348 [32minfo[39m: [32mUser disconnected: vjm0KE83-hGBHRkxAAAg[39m
2026-02-14 17:13:49:1349 [35mhttp[39m: [35mGET /api/users/me[39m
2026-02-14 17:13:49:1349 [35mhttp[39m: [35mGET /api/notifications/unread-count[39m
2026-02-14 17:13:49:1349 [35mhttp[39m: [35mGET /api/friends[39m
2026-02-14 17:13:49:1349 [35mhttp[39m: [35mGET /api/communities[39m
2026-02-14 17:13:51:1351 [32minfo[39m: [32mUser connected: 4009bace-ec0f-4b32-8668-336067ba3c7d (vHXh-n0Ckd-XJi6HAAAn)[39m
2026-02-14 17:13:51:1351 [32minfo[39m: [32mUser connected: 4009bace-ec0f-4b32-8668-336067ba3c7d (z9IZTawnoOxLx3gjAAAm)[39m
2026-02-14 17:13:51:1351 [35mhttp[39m: [35mGET /api/users/me[39m
2026-02-14 17:13:52:1352 [35mhttp[39m: [35mGET /api/notifications[39m
2026-02-14 17:13:52:1352 [35mhttp[39m: [35mGET /api/notifications[39m
2026-02-14 17:14:29:1429 [35mhttp[39m: [35mPOST /api/auth/login[39m
2026-02-14 17:14:30:1430 [35mhttp[39m: [35mGET /api/users/me[39m
2026-02-14 17:14:30:1430 [35mhttp[39m: [35mGET /api/notifications/unread-count[39m
2026-02-14 17:14:30:1430 [35mhttp[39m: [35mGET /api/friends[39m
2026-02-14 17:14:30:1430 [35mhttp[39m: [35mGET /api/communities[39m
2026-02-14 17:14:30:1430 [35mhttp[39m: [35mGET /api/users/me[39m
2026-02-14 17:14:30:1430 [35mhttp[39m: [35mGET /api/notifications/unread-count[39m
2026-02-14 17:14:30:1430 [35mhttp[39m: [35mGET /api/friends[39m
2026-02-14 17:14:30:1430 [35mhttp[39m: [35mGET /api/communities[39m
2026-02-14 17:14:31:1431 [35mhttp[39m: [35mGET /api/users/me[39m
2026-02-14 17:14:31:1431 [35mhttp[39m: [35mGET /api/users/me[39m
2026-02-14 17:14:43:1443 [35mhttp[39m: [35mGET /api/users/search?q=mousa[39m
2026-02-14 17:14:45:1445 [35mhttp[39m: [35mPOST /api/friends/request[39m
2026-02-14 17:14:46:1446 [35mhttp[39m: [35mPOST /api/friends/request[39m
2026-02-14 17:18:49:1849 [32minfo[39m: [32mUser disconnected: GJYmRp3biSJzrJDeAAAj[39m
2026-02-14 17:18:49:1849 [32minfo[39m: [32mUser disconnected: HNqDKIVmfVsBR3wGAAAi[39m
2026-02-14 17:18:50:1850 [35mhttp[39m: [35mGET /api/users/me[39m
2026-02-14 17:18:50:1850 [35mhttp[39m: [35mGET /api/notifications/unread-count[39m
2026-02-14 17:18:50:1850 [35mhttp[39m: [35mGET /api/friends[39m
2026-02-14 17:18:50:1850 [35mhttp[39m: [35mGET /api/communities[39m
2026-02-14 17:18:50:1850 [32minfo[39m: [32mUser connected: 9fc52438-1033-4c1d-a268-afdf061751cc (TnYwnRdLABQbFjXUAAAr)[39m
2026-02-14 17:18:50:1850 [32minfo[39m: [32mUser connected: 9fc52438-1033-4c1d-a268-afdf061751cc (bNl8xJ_0WyaVMrGFAAAq)[39m
2026-02-14 17:18:50:1850 [35mhttp[39m: [35mGET /api/users/me[39m
2026-02-14 17:18:56:1856 [35mhttp[39m: [35mGET /api/users/search?q=mousa[39m
2026-02-14 17:18:58:1858 [35mhttp[39m: [35mPOST /api/friends/request[39m
2026-02-14 17:23:27:2327 [32minfo[39m: [32mConnected to PostgreSQL database[39m
2026-02-14 17:23:27:2327 [32minfo[39m: [32mSoulLink Backend running in development mode on port 4000[39m
2026-02-14 17:24:50:2450 [35mhttp[39m: [35mPOST /api/auth/login[39m
2026-02-14 17:24:54:2454 [35mhttp[39m: [35mGET /api/users/me[39m
2026-02-14 17:24:54:2454 [35mhttp[39m: [35mGET /api/notifications/unread-count[39m
2026-02-14 17:24:54:2454 [35mhttp[39m: [35mGET /api/friends[39m
2026-02-14 17:24:54:2454 [35mhttp[39m: [35mGET /api/communities[39m
2026-02-14 17:24:55:2455 [35mhttp[39m: [35mGET /api/users/me[39m
2026-02-14 17:24:55:2455 [32minfo[39m: [32mUser connected: 4009bace-ec0f-4b32-8668-336067ba3c7d (wMzMomSM4Ac-L_m5AAAH)[39m
2026-02-14 17:24:55:2455 [32minfo[39m: [32mUser connected: 4009bace-ec0f-4b32-8668-336067ba3c7d (uLVdFV31iFa-WuVUAAAF)[39m
2026-02-14 17:24:55:2455 [32minfo[39m: [32mUser connected: 4009bace-ec0f-4b32-8668-336067ba3c7d (7fx5nfabogBFEXA-AAAG)[39m
2026-02-14 17:24:55:2455 [32minfo[39m: [32mUser connected: 4009bace-ec0f-4b32-8668-336067ba3c7d (Gdgkz9yi_v7JMZCWAAAE)[39m
2026-02-14 17:24:55:2455 [35mhttp[39m: [35mGET /api/users/me[39m
2026-02-14 17:24:55:2455 [35mhttp[39m: [35mGET /api/communities[39m
2026-02-14 17:24:55:2455 [35mhttp[39m: [35mGET /api/friends[39m
2026-02-14 17:24:55:2455 [35mhttp[39m: [35mGET /api/notifications/unread-count[39m
2026-02-14 17:24:55:2455 [35mhttp[39m: [35mGET /api/users/me[39m
2026-02-14 17:24:59:2459 [35mhttp[39m: [35mGET /api/friends[39m
2026-02-14 17:24:59:2459 [35mhttp[39m: [35mGET /api/friends/pending[39m
2026-02-14 17:24:59:2459 [35mhttp[39m: [35mGET /api/friends/sent[39m
2026-02-14 17:24:59:2459 [35mhttp[39m: [35mGET /api/friends[39m
2026-02-14 17:24:59:2459 [35mhttp[39m: [35mGET /api/friends/sent[39m
2026-02-14 17:25:00:250 [35mhttp[39m: [35mGET /api/friends/pending[39m
2026-02-14 17:25:02:252 [35mhttp[39m: [35mGET /api/friends/pending[39m
2026-02-14 17:25:02:252 [35mhttp[39m: [35mGET /api/friends/sent[39m
2026-02-14 17:25:02:252 [35mhttp[39m: [35mGET /api/friends[39m
2026-02-14 17:25:02:252 [35mhttp[39m: [35mGET /api/friends/sent[39m
2026-02-14 17:25:02:252 [35mhttp[39m: [35mGET /api/friends/pending[39m
2026-02-14 17:25:02:252 [35mhttp[39m: [35mGET /api/friends[39m
2026-02-14 17:25:06:256 [35mhttp[39m: [35mPATCH /api/friends/eea67b2e-85bc-4959-a8f5-0df9fa4af0d4/respond[39m
2026-02-14 17:25:06:256 [31merror[39m: [31m[Unhandled Error] Status: 500 - Detail: TypeError: Cannot read properties of undefined (reading 'id')[39m
[31m    at respondRequest (D:\pfe\pfe t7cha0.3\soullink-backend\src\modules\friends\friends.controller.ts:70:93)[39m
[31m    at Layer.handle [as handle_request] (D:\pfe\pfe t7cha0.3\soullink-backend\node_modules\express\lib\router\layer.js:95:5)[39m
[31m    at next (D:\pfe\pfe t7cha0.3\soullink-backend\node_modules\express\lib\router\route.js:149:13)[39m
[31m    at <anonymous> (D:\pfe\pfe t7cha0.3\soullink-backend\src\middleware\validate.ts:17:16)[39m
2026-02-14 17:26:36:2636 [32minfo[39m: [32mConnected to PostgreSQL database[39m
2026-02-14 17:26:36:2636 [32minfo[39m: [32mSoulLink Backend running in development mode on port 4000[39m
2026-02-14 17:26:36:2636 [32minfo[39m: [32mConnected to PostgreSQL database[39m
2026-02-14 17:26:36:2636 [32minfo[39m: [32mUser connected: 4009bace-ec0f-4b32-8668-336067ba3c7d (RdBXRswhv8ZF8flaAAAE)[39m
2026-02-14 17:26:37:2637 [32minfo[39m: [32mUser connected: 4009bace-ec0f-4b32-8668-336067ba3c7d (y4Sabd60D1_Xitv_AAAF)[39m
2026-02-14 17:26:37:2637 [32minfo[39m: [32mUser connected: 4009bace-ec0f-4b32-8668-336067ba3c7d (MwU9xpOBh59In1Z0AAAH)[39m
2026-02-14 17:26:37:2637 [32minfo[39m: [32mUser connected: 4009bace-ec0f-4b32-8668-336067ba3c7d (PiOYvej97-JrFOV8AAAG)[39m
2026-02-14 17:26:54:2654 [32minfo[39m: [32mConnected to PostgreSQL database[39m
2026-02-14 17:26:54:2654 [32minfo[39m: [32mConnected to PostgreSQL database[39m
2026-02-14 17:26:54:2654 [32minfo[39m: [32mSoulLink Backend running in development mode on port 4000[39m
2026-02-14 17:26:54:2654 [32minfo[39m: [32mUser connected: 4009bace-ec0f-4b32-8668-336067ba3c7d (7exSEL-ph4kkS7DcAAAE)[39m
2026-02-14 17:26:55:2655 [32minfo[39m: [32mUser connected: 4009bace-ec0f-4b32-8668-336067ba3c7d (e6TnRfWLNWe-BbWIAAAF)[39m
2026-02-14 17:26:55:2655 [32minfo[39m: [32mUser connected: 4009bace-ec0f-4b32-8668-336067ba3c7d (q4k9spE31k_MVD6LAAAG)[39m
2026-02-14 17:26:55:2655 [32minfo[39m: [32mUser connected: 4009bace-ec0f-4b32-8668-336067ba3c7d (menyl_brX0TxiDcQAAAH)[39m
2026-02-14 17:27:17:2717 [32minfo[39m: [32mUser disconnected: 7exSEL-ph4kkS7DcAAAE[39m
2026-02-14 17:27:17:2717 [32minfo[39m: [32mUser disconnected: e6TnRfWLNWe-BbWIAAAF[39m
2026-02-14 17:27:17:2717 [32minfo[39m: [32mUser disconnected: menyl_brX0TxiDcQAAAH[39m
2026-02-14 17:27:17:2717 [32minfo[39m: [32mUser disconnected: q4k9spE31k_MVD6LAAAG[39m
2026-02-14 17:27:18:2718 [35mhttp[39m: [35mGET /api/users/me[39m
2026-02-14 17:27:18:2718 [35mhttp[39m: [35mGET /api/notifications/unread-count[39m
2026-02-14 17:27:18:2718 [35mhttp[39m: [35mGET /api/friends[39m
2026-02-14 17:27:18:2718 [35mhttp[39m: [35mGET /api/communities[39m
2026-02-14 17:27:18:2718 [35mhttp[39m: [35mGET /api/friends/pending[39m
2026-02-14 17:27:18:2718 [35mhttp[39m: [35mGET /api/friends/sent[39m
2026-02-14 17:27:18:2718 [32minfo[39m: [32mUser connected: 4009bace-ec0f-4b32-8668-336067ba3c7d (IPERTNxC6XQyQl5gAAAK)[39m
2026-02-14 17:27:18:2718 [32minfo[39m: [32mUser connected: 4009bace-ec0f-4b32-8668-336067ba3c7d (ziXfU8wYvcsIh5LTAAAL)[39m
2026-02-14 17:27:18:2718 [35mhttp[39m: [35mGET /api/users/me[39m
2026-02-14 17:27:18:2718 [35mhttp[39m: [35mGET /api/friends[39m
2026-02-14 17:27:22:2722 [35mhttp[39m: [35mPATCH /api/friends/eea67b2e-85bc-4959-a8f5-0df9fa4af0d4/respond[39m
2026-02-14 17:27:22:2722 [35mhttp[39m: [35mGET /api/friends[39m
2026-02-14 17:27:22:2722 [35mhttp[39m: [35mGET /api/friends/pending[39m
2026-02-14 17:27:22:2722 [35mhttp[39m: [35mGET /api/friends/sent[39m
2026-02-14 17:27:29:2729 [35mhttp[39m: [35mGET /api/chat/9fc52438-1033-4c1d-a268-afdf061751cc[39m
2026-02-14 17:27:29:2729 [35mhttp[39m: [35mGET /api/chat/9fc52438-1033-4c1d-a268-afdf061751cc[39m
2026-02-14 17:27:41:2741 [35mhttp[39m: [35mGET /api/friends[39m
2026-02-14 17:27:41:2741 [35mhttp[39m: [35mGET /api/friends/pending[39m
2026-02-14 17:27:41:2741 [35mhttp[39m: [35mGET /api/friends/sent[39m
2026-02-14 17:27:41:2741 [35mhttp[39m: [35mGET /api/friends/sent[39m
2026-02-14 17:27:41:2741 [35mhttp[39m: [35mGET /api/friends/pending[39m
2026-02-14 17:27:41:2741 [35mhttp[39m: [35mGET /api/friends[39m
2026-02-14 17:27:43:2743 [35mhttp[39m: [35mGET /api/chat/9fc52438-1033-4c1d-a268-afdf061751cc[39m
2026-02-14 17:27:44:2744 [35mhttp[39m: [35mGET /api/chat/9fc52438-1033-4c1d-a268-afdf061751cc[39m
2026-02-14 17:33:37:3337 [32minfo[39m: [32mUser disconnected: ziXfU8wYvcsIh5LTAAAL[39m
2026-02-14 17:33:37:3337 [32minfo[39m: [32mUser disconnected: IPERTNxC6XQyQl5gAAAK[39m
2026-02-14 17:33:37:3337 [35mhttp[39m: [35mGET /api/users/me[39m
2026-02-14 17:33:37:3337 [35mhttp[39m: [35mGET /api/notifications/unread-count[39m
2026-02-14 17:33:37:3337 [35mhttp[39m: [35mGET /api/friends[39m
2026-02-14 17:33:37:3337 [35mhttp[39m: [35mGET /api/communities[39m
2026-02-14 17:33:37:3337 [35mhttp[39m: [35mGET /api/chat/dm/9fc52438-1033-4c1d-a268-afdf061751cc[39m
2026-02-14 17:33:38:3338 [32minfo[39m: [32mUser connected: 4009bace-ec0f-4b32-8668-336067ba3c7d (EZJDv_cSwvoXJfPLAAAQ)[39m
2026-02-14 17:33:38:3338 [32minfo[39m: [32mUser connected: 4009bace-ec0f-4b32-8668-336067ba3c7d (9j5aRMe7a3X2wRP1AAAP)[39m
2026-02-14 17:33:38:3338 [32minfo[39m: [32mUser connected: 4009bace-ec0f-4b32-8668-336067ba3c7d (2dQJiQCFjiPEngr8AAAR)[39m
2026-02-14 17:33:38:3338 [35mhttp[39m: [35mGET /api/users/me[39m
2026-02-14 17:33:38:3338 [35mhttp[39m: [35mGET /api/friends[39m
2026-02-14 17:33:39:3339 [35mhttp[39m: [35mPATCH /api/chat/dm/9fc52438-1033-4c1d-a268-afdf061751cc/read[39m
2026-02-14 17:33:45:3345 [35mhttp[39m: [35mPOST /api/ai/chat[39m
2026-02-14 17:33:46:3346 [35mhttp[39m: [35mPOST /api/chat/dm/9fc52438-1033-4c1d-a268-afdf061751cc[39m
2026-02-14 17:33:53:3353 [35mhttp[39m: [35mGET /api/friends[39m
2026-02-14 17:33:53:3353 [35mhttp[39m: [35mGET /api/friends/pending[39m
2026-02-14 17:33:53:3353 [35mhttp[39m: [35mGET /api/friends/sent[39m
2026-02-14 17:33:53:3353 [35mhttp[39m: [35mGET /api/friends/sent[39m
2026-02-14 17:33:53:3353 [35mhttp[39m: [35mGET /api/friends/pending[39m
2026-02-14 17:33:54:3354 [35mhttp[39m: [35mGET /api/friends[39m
2026-02-14 17:33:59:3359 [35mhttp[39m: [35mGET /api/chat/dm/9fc52438-1033-4c1d-a268-afdf061751cc[39m
2026-02-14 17:34:00:340 [35mhttp[39m: [35mGET /api/chat/dm/9fc52438-1033-4c1d-a268-afdf061751cc[39m
2026-02-14 17:34:00:340 [35mhttp[39m: [35mGET /api/friends[39m
2026-02-14 17:34:00:340 [35mhttp[39m: [35mGET /api/friends[39m
2026-02-14 17:34:00:340 [35mhttp[39m: [35mPATCH /api/chat/dm/9fc52438-1033-4c1d-a268-afdf061751cc/read[39m
2026-02-14 17:34:00:340 [35mhttp[39m: [35mPATCH /api/chat/dm/9fc52438-1033-4c1d-a268-afdf061751cc/read[39m
2026-02-14 17:34:26:3426 [35mhttp[39m: [35mPOST /api/auth/login[39m
2026-02-14 17:34:28:3428 [35mhttp[39m: [35mGET /api/users/me[39m
2026-02-14 17:34:28:3428 [35mhttp[39m: [35mGET /api/notifications/unread-count[39m
2026-02-14 17:34:28:3428 [35mhttp[39m: [35mGET /api/friends[39m
2026-02-14 17:34:28:3428 [35mhttp[39m: [35mGET /api/communities[39m
2026-02-14 17:34:28:3428 [32minfo[39m: [32mUser connected: 9fc52438-1033-4c1d-a268-afdf061751cc (7CWHQWorgRXUVLKZAAAY)[39m
2026-02-14 17:34:28:3428 [32minfo[39m: [32mUser connected: 9fc52438-1033-4c1d-a268-afdf061751cc (XRzup6SS5GmkBSG-AAAZ)[39m
2026-02-14 17:34:28:3428 [32minfo[39m: [32mUser connected: 9fc52438-1033-4c1d-a268-afdf061751cc (8HO7PubEnGWeKM-SAAAX)[39m
2026-02-14 17:34:28:3428 [35mhttp[39m: [35mGET /api/users/me[39m
2026-02-14 17:34:28:3428 [32minfo[39m: [32mUser connected: 9fc52438-1033-4c1d-a268-afdf061751cc (SU4IAfUduPq3A8W-AAAW)[39m
2026-02-14 17:34:28:3428 [35mhttp[39m: [35mGET /api/notifications/unread-count[39m
2026-02-14 17:34:28:3428 [35mhttp[39m: [35mGET /api/communities[39m
2026-02-14 17:34:28:3428 [35mhttp[39m: [35mGET /api/friends[39m
2026-02-14 17:34:28:3428 [35mhttp[39m: [35mGET /api/users/me[39m
2026-02-14 17:34:28:3428 [35mhttp[39m: [35mGET /api/users/me[39m
2026-02-14 17:34:31:3431 [35mhttp[39m: [35mGET /api/notifications[39m
2026-02-14 17:34:31:3431 [35mhttp[39m: [35mGET /api/notifications[39m
2026-02-14 17:34:35:3435 [35mhttp[39m: [35mPATCH /api/notifications/2825f66c-9e7f-4ee1-b943-ccd1594b4b4e/read[39m
2026-02-14 17:34:40:3440 [35mhttp[39m: [35mGET /api/chat/dm/4009bace-ec0f-4b32-8668-336067ba3c7d[39m
2026-02-14 17:34:41:3441 [35mhttp[39m: [35mGET /api/chat/dm/4009bace-ec0f-4b32-8668-336067ba3c7d[39m
2026-02-14 17:34:41:3441 [35mhttp[39m: [35mGET /api/friends[39m
2026-02-14 17:34:41:3441 [35mhttp[39m: [35mGET /api/friends[39m
2026-02-14 17:34:41:3441 [35mhttp[39m: [35mPATCH /api/chat/dm/4009bace-ec0f-4b32-8668-336067ba3c7d/read[39m
2026-02-14 17:34:41:3441 [35mhttp[39m: [35mPATCH /api/chat/dm/4009bace-ec0f-4b32-8668-336067ba3c7d/read[39m
2026-02-14 17:34:48:3448 [35mhttp[39m: [35mPOST /api/chat/dm/4009bace-ec0f-4b32-8668-336067ba3c7d[39m
2026-02-14 17:34:49:3449 [35mhttp[39m: [35mPATCH /api/chat/dm/9fc52438-1033-4c1d-a268-afdf061751cc/read[39m
2026-02-14 17:34:57:3457 [35mhttp[39m: [35mPOST /api/ai/chat[39m
2026-02-14 17:35:00:350 [35mhttp[39m: [35mGET /api/friends[39m
2026-02-14 17:35:00:350 [35mhttp[39m: [35mGET /api/friends/pending[39m
2026-02-14 17:35:00:350 [35mhttp[39m: [35mGET /api/friends/sent[39m
2026-02-14 17:35:00:350 [35mhttp[39m: [35mGET /api/friends/pending[39m
2026-02-14 17:35:00:350 [35mhttp[39m: [35mGET /api/friends/sent[39m
2026-02-14 17:35:00:350 [35mhttp[39m: [35mGET /api/friends[39m
2026-02-14 17:35:13:3513 [35mhttp[39m: [35mGET /api/friends[39m
2026-02-14 17:35:13:3513 [35mhttp[39m: [35mGET /api/friends/pending[39m
2026-02-14 17:35:13:3513 [35mhttp[39m: [35mGET /api/friends/sent[39m
2026-02-14 17:35:13:3513 [35mhttp[39m: [35mGET /api/friends/pending[39m
2026-02-14 17:35:13:3513 [35mhttp[39m: [35mGET /api/friends/sent[39m
2026-02-14 17:35:13:3513 [35mhttp[39m: [35mGET /api/friends[39m
2026-02-14 17:35:29:3529 [35mhttp[39m: [35mPOST /api/chat/dm/9fc52438-1033-4c1d-a268-afdf061751cc[39m
2026-02-14 17:35:35:3535 [35mhttp[39m: [35mGET /api/notifications[39m
2026-02-14 17:35:35:3535 [35mhttp[39m: [35mGET /api/notifications[39m
2026-02-14 17:36:42:3642 [35mhttp[39m: [35mGET /api/chat/dm/4009bace-ec0f-4b32-8668-336067ba3c7d[39m
2026-02-14 17:36:43:3643 [35mhttp[39m: [35mGET /api/chat/dm/4009bace-ec0f-4b32-8668-336067ba3c7d[39m
2026-02-14 17:36:43:3643 [35mhttp[39m: [35mGET /api/friends[39m
2026-02-14 17:36:43:3643 [35mhttp[39m: [35mGET /api/friends[39m
2026-02-14 17:36:43:3643 [35mhttp[39m: [35mPATCH /api/chat/dm/4009bace-ec0f-4b32-8668-336067ba3c7d/read[39m
2026-02-14 17:36:43:3643 [35mhttp[39m: [35mPATCH /api/chat/dm/4009bace-ec0f-4b32-8668-336067ba3c7d/read[39m
2026-02-14 17:37:10:3710 [35mhttp[39m: [35mGET /api/users/me[39m
2026-02-14 17:37:11:3711 [35mhttp[39m: [35mGET /api/users/me[39m
2026-02-14 17:37:23:3723 [35mhttp[39m: [35mGET /api/users/me[39m
2026-02-14 17:37:23:3723 [35mhttp[39m: [35mGET /api/users/me[39m
2026-02-14 17:37:30:3730 [35mhttp[39m: [35mGET /api/soulgames[39m
2026-02-14 17:37:31:3731 [35mhttp[39m: [35mGET /api/soulgames[39m
2026-02-14 17:37:35:3735 [35mhttp[39m: [35mGET /api/notifications[39m
2026-02-14 17:37:35:3735 [35mhttp[39m: [35mGET /api/notifications[39m
2026-02-14 17:37:44:3744 [35mhttp[39m: [35mGET /api/soulgames[39m
2026-02-14 17:37:44:3744 [35mhttp[39m: [35mGET /api/soulgames[39m
2026-02-14 17:37:46:3746 [35mhttp[39m: [35mPOST /api/ai/chat[39m
2026-02-14 17:38:02:382 [35mhttp[39m: [35mPOST /api/communities[39m
2026-02-15 00:50:13:5013 [32minfo[39m: [32mConnected to PostgreSQL database[39m
2026-02-15 00:50:13:5013 [32minfo[39m: [32mSoulLink Backend running in development mode on port 4000[39m
2026-02-15 00:51:34:5134 [35mhttp[39m: [35mPOST /api/auth/login[39m
2026-02-15 00:51:40:5140 [35mhttp[39m: [35mGET /api/users/me[39m
2026-02-15 00:51:40:5140 [35mhttp[39m: [35mGET /api/notifications/unread-count[39m
2026-02-15 00:51:40:5140 [35mhttp[39m: [35mGET /api/friends[39m
2026-02-15 00:51:40:5140 [35mhttp[39m: [35mGET /api/communities[39m
2026-02-15 00:51:41:5141 [32minfo[39m: [32mUser connected: 4009bace-ec0f-4b32-8668-336067ba3c7d (UAtQ1Shb5EYgQ96PAAAF)[39m
2026-02-15 00:51:41:5141 [32minfo[39m: [32mUser connected: 4009bace-ec0f-4b32-8668-336067ba3c7d (bHlTQ5az-glcKYKcAAAG)[39m
2026-02-15 00:51:41:5141 [32minfo[39m: [32mUser connected: 4009bace-ec0f-4b32-8668-336067ba3c7d (pFmqZZWwYlkV8TLzAAAE)[39m
2026-02-15 00:51:41:5141 [32minfo[39m: [32mUser connected: 4009bace-ec0f-4b32-8668-336067ba3c7d (rsP7tN3PL3axKIfoAAAH)[39m
2026-02-15 00:51:41:5141 [35mhttp[39m: [35mGET /api/communities[39m
2026-02-15 00:51:41:5141 [35mhttp[39m: [35mGET /api/notifications/unread-count[39m
2026-02-15 00:51:42:5142 [35mhttp[39m: [35mGET /api/users/me[39m
2026-02-15 00:51:42:5142 [35mhttp[39m: [35mGET /api/friends[39m
2026-02-15 00:51:42:5142 [35mhttp[39m: [35mGET /api/users/me[39m
2026-02-15 00:51:43:5143 [35mhttp[39m: [35mGET /api/users/me[39m
2026-02-15 00:51:47:5147 [35mhttp[39m: [35mGET /api/notifications[39m
2026-02-15 00:51:48:5148 [35mhttp[39m: [35mGET /api/notifications[39m
2026-02-15 00:51:56:5156 [35mhttp[39m: [35mGET /api/chat/dm/9fc52438-1033-4c1d-a268-afdf061751cc[39m
2026-02-15 00:51:56:5156 [35mhttp[39m: [35mGET /api/chat/dm/9fc52438-1033-4c1d-a268-afdf061751cc[39m
2026-02-15 00:51:56:5156 [35mhttp[39m: [35mGET /api/friends[39m
2026-02-15 00:51:57:5157 [35mhttp[39m: [35mGET /api/friends[39m
2026-02-15 00:51:57:5157 [35mhttp[39m: [35mPATCH /api/chat/dm/9fc52438-1033-4c1d-a268-afdf061751cc/read[39m
2026-02-15 00:51:57:5157 [35mhttp[39m: [35mPATCH /api/chat/dm/9fc52438-1033-4c1d-a268-afdf061751cc/read[39m
2026-02-15 00:52:06:526 [35mhttp[39m: [35mGET /api/friends[39m
2026-02-15 00:52:06:526 [35mhttp[39m: [35mGET /api/friends/pending[39m
2026-02-15 00:52:06:526 [35mhttp[39m: [35mGET /api/friends/sent[39m
2026-02-15 00:52:07:527 [35mhttp[39m: [35mGET /api/friends/pending[39m
2026-02-15 00:52:07:527 [35mhttp[39m: [35mGET /api/friends[39m
2026-02-15 00:52:07:527 [35mhttp[39m: [35mGET /api/friends/sent[39m
2026-02-15 00:52:47:5247 [35mhttp[39m: [35mPOST /api/ai/chat[39m
2026-02-15 00:52:54:5254 [35mhttp[39m: [35mPOST /api/ai/chat[39m
2026-02-15 00:53:11:5311 [35mhttp[39m: [35mPOST /api/ai/chat[39m
2026-02-15 00:55:08:558 [35mhttp[39m: [35mGET /api/chat/dm/9fc52438-1033-4c1d-a268-afdf061751cc[39m
2026-02-15 00:55:08:558 [35mhttp[39m: [35mGET /api/chat/dm/9fc52438-1033-4c1d-a268-afdf061751cc[39m
2026-02-15 00:55:08:558 [35mhttp[39m: [35mGET /api/friends[39m
2026-02-15 00:55:08:558 [35mhttp[39m: [35mGET /api/friends[39m
2026-02-15 00:55:08:558 [35mhttp[39m: [35mPATCH /api/chat/dm/9fc52438-1033-4c1d-a268-afdf061751cc/read[39m
2026-02-15 00:55:09:559 [35mhttp[39m: [35mPATCH /api/chat/dm/9fc52438-1033-4c1d-a268-afdf061751cc/read[39m
2026-02-15 00:55:19:5519 [35mhttp[39m: [35mGET /api/friends[39m
2026-02-15 00:55:19:5519 [35mhttp[39m: [35mGET /api/friends/pending[39m
2026-02-15 00:55:19:5519 [35mhttp[39m: [35mGET /api/friends/sent[39m
2026-02-15 00:55:19:5519 [35mhttp[39m: [35mGET /api/friends/pending[39m
2026-02-15 00:55:19:5519 [35mhttp[39m: [35mGET /api/friends[39m
2026-02-15 00:55:19:5519 [35mhttp[39m: [35mGET /api/friends/sent[39m
2026-02-15 00:55:29:5529 [35mhttp[39m: [35mGET /api/chat/dm/9fc52438-1033-4c1d-a268-afdf061751cc[39m
2026-02-15 00:55:29:5529 [35mhttp[39m: [35mGET /api/chat/dm/9fc52438-1033-4c1d-a268-afdf061751cc[39m
2026-02-15 00:55:29:5529 [35mhttp[39m: [35mGET /api/friends[39m
2026-02-15 00:55:30:5530 [35mhttp[39m: [35mGET /api/friends[39m
2026-02-15 00:55:30:5530 [35mhttp[39m: [35mPATCH /api/chat/dm/9fc52438-1033-4c1d-a268-afdf061751cc/read[39m
2026-02-15 00:55:30:5530 [35mhttp[39m: [35mPATCH /api/chat/dm/9fc52438-1033-4c1d-a268-afdf061751cc/read[39m
2026-02-15 00:55:34:5534 [35mhttp[39m: [35mGET /api/users/me[39m
2026-02-15 00:55:34:5534 [35mhttp[39m: [35mGET /api/users/me[39m
2026-02-15 00:55:49:5549 [35mhttp[39m: [35mGET /api/chat/dm/9fc52438-1033-4c1d-a268-afdf061751cc[39m
2026-02-15 00:55:49:5549 [35mhttp[39m: [35mGET /api/chat/dm/9fc52438-1033-4c1d-a268-afdf061751cc[39m
2026-02-15 00:55:49:5549 [35mhttp[39m: [35mGET /api/friends[39m
2026-02-15 00:55:49:5549 [35mhttp[39m: [35mGET /api/friends[39m
2026-02-15 00:55:49:5549 [35mhttp[39m: [35mPATCH /api/chat/dm/9fc52438-1033-4c1d-a268-afdf061751cc/read[39m
2026-02-15 00:55:49:5549 [35mhttp[39m: [35mPATCH /api/chat/dm/9fc52438-1033-4c1d-a268-afdf061751cc/read[39m
2026-02-15 00:57:04:574 [32minfo[39m: [32mConnected to PostgreSQL database[39m
2026-02-15 00:57:04:574 [32minfo[39m: [32mSoulLink Backend running in development mode on port 4000[39m
2026-02-15 00:57:05:575 [32minfo[39m: [32mPresence Reset: Set 2 users to OFFLINE on startup[39m
2026-02-15 00:57:06:576 [32minfo[39m: [32mUser connected: 4009bace-ec0f-4b32-8668-336067ba3c7d (Ik4gJ7gsW2ISEPqyAAAG)[39m
2026-02-15 00:57:06:576 [32minfo[39m: [32mUser connected: 4009bace-ec0f-4b32-8668-336067ba3c7d (5BKbtnUikIVatjcIAAAF)[39m
2026-02-15 00:57:06:576 [32minfo[39m: [32mUser connected: 4009bace-ec0f-4b32-8668-336067ba3c7d (95szf5cwAgrRC7uDAAAE)[39m
2026-02-15 00:57:06:576 [32minfo[39m: [32mUser connected: 4009bace-ec0f-4b32-8668-336067ba3c7d (8SyWfqNRYE7KO568AAAH)[39m
2026-02-15 01:01:52:152 [35mhttp[39m: [35mGET /api/users/me[39m
2026-02-15 01:01:54:154 [35mhttp[39m: [35mGET /api/users/me[39m
2026-02-15 01:02:08:28 [35mhttp[39m: [35mPOST /api/ai/chat[39m
2026-02-15 01:02:27:227 [35mhttp[39m: [35mGET /api/chat/dm/9fc52438-1033-4c1d-a268-afdf061751cc[39m
2026-02-15 01:02:28:228 [35mhttp[39m: [35mGET /api/chat/dm/9fc52438-1033-4c1d-a268-afdf061751cc[39m
2026-02-15 01:02:28:228 [35mhttp[39m: [35mGET /api/friends[39m
2026-02-15 01:02:31:231 [35mhttp[39m: [35mGET /api/friends[39m
2026-02-15 01:02:31:231 [35mhttp[39m: [35mPATCH /api/chat/dm/9fc52438-1033-4c1d-a268-afdf061751cc/read[39m
2026-02-15 01:02:32:232 [35mhttp[39m: [35mPATCH /api/chat/dm/9fc52438-1033-4c1d-a268-afdf061751cc/read[39m
2026-02-15 01:07:02:72 [32minfo[39m: [32mConnected to PostgreSQL database[39m
2026-02-15 01:07:02:72 [32minfo[39m: [32mSoulLink Backend running in development mode on port 4000[39m
2026-02-15 01:07:02:72 [32minfo[39m: [32mPresence Reset: Set 1 users to OFFLINE on startup[39m
2026-02-15 01:07:03:73 [32minfo[39m: [32mUser connected: 4009bace-ec0f-4b32-8668-336067ba3c7d (3YU8bHGYxED0BgKeAAAE)[39m
2026-02-15 01:07:03:73 [32minfo[39m: [32mUser connected: 4009bace-ec0f-4b32-8668-336067ba3c7d (VoJMWnjvHGlQbrthAAAF)[39m
2026-02-15 01:07:03:73 [32minfo[39m: [32mUser connected: 4009bace-ec0f-4b32-8668-336067ba3c7d (73QuF6sTpuUVJCKzAAAH)[39m
2026-02-15 01:07:03:73 [32minfo[39m: [32mUser connected: 4009bace-ec0f-4b32-8668-336067ba3c7d (YGHN0pIJFiewsucaAAAG)[39m
2026-02-15 01:07:09:79 [32minfo[39m: [32mConnected to PostgreSQL database[39m
2026-02-15 01:07:09:79 [32minfo[39m: [32mSoulLink Backend running in development mode on port 4000[39m
2026-02-15 01:07:09:79 [32minfo[39m: [32mPresence Reset: Set 1 users to OFFLINE on startup[39m
2026-02-15 01:07:10:710 [32minfo[39m: [32mUser connected: 4009bace-ec0f-4b32-8668-336067ba3c7d (tVgMhBUahdrkkA1LAAAG)[39m
2026-02-15 01:07:10:710 [32minfo[39m: [32mUser connected: 4009bace-ec0f-4b32-8668-336067ba3c7d (e0uGTg3opGejqf2NAAAH)[39m
2026-02-15 01:07:10:710 [32minfo[39m: [32mUser connected: 4009bace-ec0f-4b32-8668-336067ba3c7d (aADtCVM54AS7MsmKAAAE)[39m
2026-02-15 01:07:10:710 [32minfo[39m: [32mUser connected: 4009bace-ec0f-4b32-8668-336067ba3c7d (aGWAtZUraEY5RrJEAAAF)[39m
2026-02-15 01:07:36:736 [32minfo[39m: [32mUser disconnected: aADtCVM54AS7MsmKAAAE[39m
2026-02-15 01:07:36:736 [32minfo[39m: [32mUser disconnected: e0uGTg3opGejqf2NAAAH[39m
2026-02-15 01:07:36:736 [32minfo[39m: [32mUser disconnected: aGWAtZUraEY5RrJEAAAF[39m
2026-02-15 01:07:36:736 [32minfo[39m: [32mUser disconnected: tVgMhBUahdrkkA1LAAAG[39m
2026-02-15 01:07:37:737 [35mhttp[39m: [35mGET /api/users/me[39m
2026-02-15 01:07:37:737 [35mhttp[39m: [35mGET /api/notifications/unread-count[39m
2026-02-15 01:07:37:737 [35mhttp[39m: [35mGET /api/friends[39m
2026-02-15 01:07:37:737 [35mhttp[39m: [35mGET /api/communities[39m
2026-02-15 01:07:37:737 [35mhttp[39m: [35mGET /api/chat/dm/9fc52438-1033-4c1d-a268-afdf061751cc[39m
2026-02-15 01:07:37:737 [32minfo[39m: [32mUser connected: 4009bace-ec0f-4b32-8668-336067ba3c7d (5TF5SJQDuZ61NForAAAL)[39m
2026-02-15 01:07:37:737 [35mhttp[39m: [35mGET /api/users/me[39m
2026-02-15 01:07:37:737 [32minfo[39m: [32mUser connected: 4009bace-ec0f-4b32-8668-336067ba3c7d (xyr4rVS7XFltqkFUAAAM)[39m
2026-02-15 01:07:37:737 [32minfo[39m: [32mUser connected: 4009bace-ec0f-4b32-8668-336067ba3c7d (I1vX2hThuwVE7H0AAAAN)[39m
2026-02-15 01:07:37:737 [35mhttp[39m: [35mGET /api/friends[39m
2026-02-15 01:07:38:738 [35mhttp[39m: [35mPATCH /api/chat/dm/9fc52438-1033-4c1d-a268-afdf061751cc/read[39m
2026-02-15 01:07:50:750 [35mhttp[39m: [35mPOST /api/ai/chat[39m
2026-02-15 05:18:36:1836 [32minfo[39m: [32mUser disconnected: 5TF5SJQDuZ61NForAAAL[39m
2026-02-15 05:18:36:1836 [32minfo[39m: [32mUser disconnected: I1vX2hThuwVE7H0AAAAN[39m
2026-02-15 05:18:36:1836 [32minfo[39m: [32mUser disconnected: xyr4rVS7XFltqkFUAAAM[39m
2026-02-15 15:40:24:4024 [32minfo[39m: [32mConnected to PostgreSQL database[39m
2026-02-15 15:40:24:4024 [32minfo[39m: [32mSoulLink Backend running in development mode on port 4000[39m
2026-02-15 15:40:24:4024 [32minfo[39m: [32mPresence Reset: Set 0 users to OFFLINE on startup[39m
2026-02-15 15:43:29:4329 [35mhttp[39m: [35mPOST /api/auth/register[39m
2026-02-15 15:44:17:4417 [35mhttp[39m: [35mPOST /api/auth/register[39m
2026-02-15 15:44:24:4424 [32minfo[39m: [32mVerification email sent to fadimabrouk878@gmail.com: <bfb53655-7931-dd65-001a-517a3c03c88a@gmail.com>[39m
2026-02-15 15:44:52:4452 [35mhttp[39m: [35mPOST /api/auth/verify-email[39m
2026-02-15 15:44:58:4458 [35mhttp[39m: [35mPOST /api/auth/login[39m
2026-02-15 15:45:02:452 [35mhttp[39m: [35mGET /api/users/me[39m
2026-02-15 15:45:02:452 [35mhttp[39m: [35mGET /api/notifications/unread-count[39m
2026-02-15 15:45:02:452 [35mhttp[39m: [35mGET /api/friends[39m
2026-02-15 15:45:02:452 [35mhttp[39m: [35mGET /api/communities[39m
2026-02-15 15:45:03:453 [35mhttp[39m: [35mGET /api/users/me[39m
2026-02-15 15:45:03:453 [32minfo[39m: [32mUser connected: b3977015-d664-444d-a2dd-c33b10545f44 (WxGwHqvUT3lc9q-DAAAE)[39m
2026-02-15 15:45:03:453 [32minfo[39m: [32mUser connected: b3977015-d664-444d-a2dd-c33b10545f44 (FSFpyUN6exCje7PXAAAH)[39m
2026-02-15 15:45:03:453 [32minfo[39m: [32mUser connected: b3977015-d664-444d-a2dd-c33b10545f44 (FTaHwjvxmwJleBPbAAAF)[39m
2026-02-15 15:45:03:453 [32minfo[39m: [32mUser connected: b3977015-d664-444d-a2dd-c33b10545f44 (xJedrx908iEShBpsAAAG)[39m
2026-02-15 15:45:03:453 [35mhttp[39m: [35mGET /api/users/me[39m
2026-02-15 15:45:03:453 [35mhttp[39m: [35mGET /api/friends[39m
2026-02-15 15:45:03:453 [35mhttp[39m: [35mGET /api/notifications/unread-count[39m
2026-02-15 15:45:03:453 [35mhttp[39m: [35mGET /api/communities[39m
2026-02-15 15:45:03:453 [35mhttp[39m: [35mGET /api/users/me[39m
2026-02-15 15:45:11:4511 [35mhttp[39m: [35mGET /api/users/me[39m
2026-02-15 15:45:11:4511 [35mhttp[39m: [35mGET /api/users/me[39m
2026-02-15 15:45:17:4517 [35mhttp[39m: [35mPOST /api/users/me/avatar[39m
2026-02-15 15:45:28:4528 [35mhttp[39m: [35mGET /api/friends[39m
2026-02-15 15:45:28:4528 [35mhttp[39m: [35mGET /api/friends/sent[39m
2026-02-15 15:45:28:4528 [35mhttp[39m: [35mGET /api/friends/pending[39m
2026-02-15 15:45:28:4528 [35mhttp[39m: [35mGET /api/friends[39m
2026-02-15 15:45:28:4528 [35mhttp[39m: [35mGET /api/friends/sent[39m
2026-02-15 15:45:28:4528 [35mhttp[39m: [35mGET /api/friends/pending[39m
2026-02-15 15:45:31:4531 [32minfo[39m: [32mUser disconnected: WxGwHqvUT3lc9q-DAAAE[39m
2026-02-15 15:45:31:4531 [32minfo[39m: [32mUser disconnected: xJedrx908iEShBpsAAAG[39m
2026-02-15 15:45:31:4531 [32minfo[39m: [32mUser disconnected: FSFpyUN6exCje7PXAAAH[39m
2026-02-15 15:45:31:4531 [32minfo[39m: [32mUser disconnected: FTaHwjvxmwJleBPbAAAF[39m
2026-02-15 15:45:32:4532 [35mhttp[39m: [35mGET /api/friends[39m
2026-02-15 15:45:32:4532 [35mhttp[39m: [35mGET /api/friends/pending[39m
2026-02-15 15:45:32:4532 [35mhttp[39m: [35mGET /api/friends/sent[39m
2026-02-15 15:45:32:4532 [35mhttp[39m: [35mGET /api/users/me[39m
2026-02-15 15:45:32:4532 [35mhttp[39m: [35mGET /api/notifications/unread-count[39m
2026-02-15 15:45:32:4532 [35mhttp[39m: [35mGET /api/communities[39m
2026-02-15 15:45:32:4532 [32minfo[39m: [32mUser connected: b3977015-d664-444d-a2dd-c33b10545f44 (7CzMnp_zbCmzLJdrAAAL)[39m
2026-02-15 15:45:32:4532 [35mhttp[39m: [35mGET /api/friends[39m
2026-02-15 15:45:32:4532 [35mhttp[39m: [35mGET /api/users/me[39m
2026-02-15 15:45:33:4533 [32minfo[39m: [32mUser connected: b3977015-d664-444d-a2dd-c33b10545f44 (gd21LJmszvG2oqJ-AAAK)[39m
2026-02-15 15:46:03:463 [35mhttp[39m: [35mPOST /api/auth/login-face[39m
2026-02-15 15:46:03:463 [35mhttp[39m: [35mGET /api/users/me[39m
2026-02-15 15:46:03:463 [35mhttp[39m: [35mGET /api/notifications/unread-count[39m
2026-02-15 15:46:03:463 [35mhttp[39m: [35mGET /api/friends[39m
2026-02-15 15:46:03:463 [35mhttp[39m: [35mGET /api/communities[39m
2026-02-15 15:46:04:464 [35mhttp[39m: [35mGET /api/friends[39m
2026-02-15 15:46:04:464 [35mhttp[39m: [35mGET /api/notifications/unread-count[39m
2026-02-15 15:46:04:464 [35mhttp[39m: [35mGET /api/communities[39m
2026-02-15 15:46:04:464 [35mhttp[39m: [35mGET /api/users/me[39m
2026-02-15 15:46:05:465 [35mhttp[39m: [35mGET /api/users/me[39m
2026-02-15 15:46:05:465 [35mhttp[39m: [35mGET /api/users/me[39m
2026-02-15 15:46:08:468 [35mhttp[39m: [35mGET /api/users/me[39m
2026-02-15 15:46:08:468 [35mhttp[39m: [35mGET /api/users/me[39m
2026-02-15 15:46:18:4618 [35mhttp[39m: [35mGET /api/users/search?q=mousa[39m
2026-02-15 15:46:18:4618 [35mhttp[39m: [35mGET /api/friends/sent[39m
2026-02-15 15:46:18:4618 [35mhttp[39m: [35mGET /api/friends/pending[39m
2026-02-15 15:46:18:4618 [35mhttp[39m: [35mGET /api/friends[39m
2026-02-15 15:46:21:4621 [35mhttp[39m: [35mPOST /api/friends/request[39m
2026-02-15 15:46:22:4622 [35mhttp[39m: [35mPOST /api/friends/request[39m
2026-02-15 15:46:33:4633 [32minfo[39m: [32mUser disconnected: 7CzMnp_zbCmzLJdrAAAL[39m
2026-02-15 15:46:33:4633 [32minfo[39m: [32mUser disconnected: gd21LJmszvG2oqJ-AAAK[39m
2026-02-15 15:46:34:4634 [35mhttp[39m: [35mGET /api/users/me[39m
2026-02-15 15:46:34:4634 [35mhttp[39m: [35mGET /api/notifications/unread-count[39m
2026-02-15 15:46:34:4634 [35mhttp[39m: [35mGET /api/friends[39m
2026-02-15 15:46:34:4634 [35mhttp[39m: [35mGET /api/communities[39m
2026-02-15 15:46:34:4634 [32minfo[39m: [32mUser connected: b3977015-d664-444d-a2dd-c33b10545f44 (uAfZyeaaVdU8p_EtAAAO)[39m
2026-02-15 15:46:34:4634 [32minfo[39m: [32mUser connected: b3977015-d664-444d-a2dd-c33b10545f44 (7QlZsGPKxX-kJAAMAAAP)[39m
2026-02-15 15:46:34:4634 [35mhttp[39m: [35mGET /api/users/me[39m
2026-02-15 15:46:35:4635 [35mhttp[39m: [35mGET /api/users/me[39m
2026-02-15 15:46:47:4647 [35mhttp[39m: [35mPOST /api/ai/chat[39m
2026-02-15 15:46:58:4658 [35mhttp[39m: [35mPOST /api/ai/chat[39m
2026-02-15 15:47:30:4730 [35mhttp[39m: [35mPOST /api/ai/chat[39m
2026-02-15 15:49:34:4934 [35mhttp[39m: [35mPOST /api/ai/chat[39m
2026-02-15 15:50:16:5016 [35mhttp[39m: [35mPOST /api/ai/chat[39m
2026-02-15 15:50:55:5055 [35mhttp[39m: [35mPOST /api/ai/chat[39m
2026-02-15 15:51:20:5120 [35mhttp[39m: [35mPOST /api/ai/chat[39m
2026-02-15 15:51:32:5132 [35mhttp[39m: [35mPOST /api/ai/chat[39m
2026-02-15 15:51:41:5141 [35mhttp[39m: [35mPOST /api/ai/chat[39m
2026-02-15 15:52:32:5232 [35mhttp[39m: [35mPOST /api/ai/chat[39m
2026-02-15 15:52:41:5241 [35mhttp[39m: [35mPOST /api/ai/chat[39m
2026-02-15 15:52:59:5259 [32minfo[39m: [32mUser disconnected: 7QlZsGPKxX-kJAAMAAAP[39m
2026-02-15 15:52:59:5259 [32minfo[39m: [32mUser disconnected: uAfZyeaaVdU8p_EtAAAO[39m
2026-02-15 15:53:00:530 [35mhttp[39m: [35mGET /api/users/me[39m
2026-02-15 15:53:00:530 [35mhttp[39m: [35mGET /api/notifications/unread-count[39m
2026-02-15 15:53:00:530 [35mhttp[39m: [35mGET /api/friends[39m
2026-02-15 15:53:00:530 [35mhttp[39m: [35mGET /api/communities[39m
2026-02-15 15:53:00:530 [32minfo[39m: [32mUser connected: b3977015-d664-444d-a2dd-c33b10545f44 (bUFbm19e27_189EMAAAS)[39m
2026-02-15 15:53:00:530 [32minfo[39m: [32mUser connected: b3977015-d664-444d-a2dd-c33b10545f44 (44jOVwUorCkHYTgIAAAT)[39m
2026-02-15 15:53:01:531 [35mhttp[39m: [35mGET /api/users/me[39m
2026-02-15 15:53:01:531 [35mhttp[39m: [35mGET /api/users/me[39m
2026-02-15 15:53:15:5315 [35mhttp[39m: [35mPOST /api/ai/chat[39m
2026-02-15 15:53:21:5321 [35mhttp[39m: [35mPOST /api/ai/chat[39m
2026-02-15 15:53:37:5337 [35mhttp[39m: [35mPOST /api/ai/chat[39m
2026-02-15 15:54:14:5414 [35mhttp[39m: [35mPOST /api/ai/chat[39m
2026-02-15 15:54:30:5430 [35mhttp[39m: [35mPOST /api/ai/chat[39m
2026-02-15 15:54:37:5437 [32minfo[39m: [32mUser disconnected: bUFbm19e27_189EMAAAS[39m
2026-02-15 15:54:37:5437 [32minfo[39m: [32mUser disconnected: 44jOVwUorCkHYTgIAAAT[39m
2026-02-15 15:54:38:5438 [35mhttp[39m: [35mGET /api/users/me[39m
2026-02-15 15:54:38:5438 [35mhttp[39m: [35mGET /api/notifications/unread-count[39m
2026-02-15 15:54:38:5438 [35mhttp[39m: [35mGET /api/friends[39m
2026-02-15 15:54:38:5438 [35mhttp[39m: [35mGET /api/communities[39m
2026-02-15 15:54:38:5438 [32minfo[39m: [32mUser connected: b3977015-d664-444d-a2dd-c33b10545f44 (P5WKesLYcjoqefV-AAAX)[39m
2026-02-15 15:54:38:5438 [35mhttp[39m: [35mGET /api/users/me[39m
2026-02-15 15:54:38:5438 [32minfo[39m: [32mUser connected: b3977015-d664-444d-a2dd-c33b10545f44 (ZdzpSxmroG6Dg4flAAAW)[39m
2026-02-15 15:54:38:5438 [35mhttp[39m: [35mGET /api/users/me[39m
2026-02-15 15:54:47:5447 [35mhttp[39m: [35mPOST /api/ai/chat[39m
2026-02-15 15:55:25:5525 [35mhttp[39m: [35mPOST /api/ai/chat[39m
2026-02-15 15:55:48:5548 [32minfo[39m: [32mUser disconnected: P5WKesLYcjoqefV-AAAX[39m
2026-02-15 15:55:48:5548 [32minfo[39m: [32mUser disconnected: ZdzpSxmroG6Dg4flAAAW[39m
2026-02-15 15:55:48:5548 [35mhttp[39m: [35mGET /api/users/me[39m
2026-02-15 15:55:48:5548 [35mhttp[39m: [35mGET /api/notifications/unread-count[39m
2026-02-15 15:55:48:5548 [35mhttp[39m: [35mGET /api/friends[39m
2026-02-15 15:55:48:5548 [35mhttp[39m: [35mGET /api/communities[39m
2026-02-15 15:55:48:5548 [32minfo[39m: [32mUser connected: b3977015-d664-444d-a2dd-c33b10545f44 (TnquBy6oFuqbkNyzAAAa)[39m
2026-02-15 15:55:49:5549 [32minfo[39m: [32mUser connected: b3977015-d664-444d-a2dd-c33b10545f44 (N1z5X0p0cwgWnZ2EAAAb)[39m
2026-02-15 15:55:49:5549 [35mhttp[39m: [35mGET /api/users/me[39m
2026-02-15 15:55:49:5549 [35mhttp[39m: [35mGET /api/users/me[39m
2026-02-15 15:56:01:561 [35mhttp[39m: [35mPOST /api/ai/chat[39m
2026-02-15 15:56:09:569 [35mhttp[39m: [35mPOST /api/ai/chat[39m
2026-02-15 15:56:23:5623 [32minfo[39m: [32mUser disconnected: N1z5X0p0cwgWnZ2EAAAb[39m
2026-02-15 15:56:23:5623 [32minfo[39m: [32mUser disconnected: TnquBy6oFuqbkNyzAAAa[39m
2026-02-15 15:56:23:5623 [35mhttp[39m: [35mGET /api/users/me[39m
2026-02-15 15:56:23:5623 [35mhttp[39m: [35mGET /api/notifications/unread-count[39m
2026-02-15 15:56:23:5623 [35mhttp[39m: [35mGET /api/friends[39m
2026-02-15 15:56:23:5623 [35mhttp[39m: [35mGET /api/communities[39m
2026-02-15 15:56:24:5624 [32minfo[39m: [32mUser connected: b3977015-d664-444d-a2dd-c33b10545f44 (ECsqIgZHonCFsEhAAAAe)[39m
2026-02-15 15:56:24:5624 [32minfo[39m: [32mUser connected: b3977015-d664-444d-a2dd-c33b10545f44 (ScoOFbCHjgmUlQXsAAAf)[39m
2026-02-15 15:56:30:5630 [35mhttp[39m: [35mGET /api/users/me[39m
2026-02-15 15:56:37:5637 [35mhttp[39m: [35mGET /api/users/me[39m
2026-02-15 15:57:32:5732 [32minfo[39m: [32mUser disconnected: ScoOFbCHjgmUlQXsAAAf[39m
2026-02-15 15:57:32:5732 [32minfo[39m: [32mUser disconnected: ECsqIgZHonCFsEhAAAAe[39m
2026-02-15 15:57:32:5732 [35mhttp[39m: [35mGET /api/users/me[39m
2026-02-15 15:57:32:5732 [35mhttp[39m: [35mGET /api/notifications/unread-count[39m
2026-02-15 15:57:32:5732 [35mhttp[39m: [35mGET /api/friends[39m
2026-02-15 15:57:32:5732 [35mhttp[39m: [35mGET /api/communities[39m
2026-02-15 15:57:32:5732 [32minfo[39m: [32mUser connected: b3977015-d664-444d-a2dd-c33b10545f44 (zUiTI8hf5JJzYUzBAAAi)[39m
2026-02-15 15:57:33:5733 [35mhttp[39m: [35mGET /api/users/me[39m
2026-02-15 15:57:34:5734 [32minfo[39m: [32mUser connected: b3977015-d664-444d-a2dd-c33b10545f44 (nr1h4NY2_PyyRx3NAAAj)[39m
2026-02-15 15:57:38:5738 [35mhttp[39m: [35mGET /api/users/me[39m
2026-02-15 15:59:46:5946 [32minfo[39m: [32mUser disconnected: nr1h4NY2_PyyRx3NAAAj[39m
2026-02-15 15:59:46:5946 [32minfo[39m: [32mUser disconnected: zUiTI8hf5JJzYUzBAAAi[39m
2026-02-15 15:59:47:5947 [35mhttp[39m: [35mGET /api/users/me[39m
2026-02-15 15:59:47:5947 [35mhttp[39m: [35mGET /api/notifications/unread-count[39m
2026-02-15 15:59:47:5947 [35mhttp[39m: [35mGET /api/friends[39m
2026-02-15 15:59:47:5947 [35mhttp[39m: [35mGET /api/communities[39m
2026-02-15 15:59:52:5952 [31merror[39m: [31mSocket Auth: Invalid token for socket UeVjB-rgon_IHqX7AAAm. Error: [39m
[31mInvalid `prisma.user.findUnique()` invocation in[39m
[31mD:\pfe\pfe t7cha0.3\soullink-backend\src\server.ts:33:40[39m

[31m  30 }[39m
[31m  31 [39m
[31m  32 const decoded = verifyAccessToken(token);[39m
[31m→ 33 const user = await prisma.user.findUnique([39m
[31mCan't reach database server at `ep-withered-salad-agxzvgfm-pooler.c-2.eu-central-1.aws.neon.tech:5432`[39m

[31mPlease make sure your database server is running at `ep-withered-salad-agxzvgfm-pooler.c-2.eu-central-1.aws.neon.tech:5432`.[39m
2026-02-15 15:59:52:5952 [31merror[39m: [31mSocket Auth: Invalid token for socket TCZlN9Yi2nQfttEJAAAn. Error: [39m
[31mInvalid `prisma.user.findUnique()` invocation in[39m
[31mD:\pfe\pfe t7cha0.3\soullink-backend\src\server.ts:33:40[39m

[31m  30 }[39m
[31m  31 [39m
[31m  32 const decoded = verifyAccessToken(token);[39m
[31m→ 33 const user = await prisma.user.findUnique([39m
[31mCan't reach database server at `ep-withered-salad-agxzvgfm-pooler.c-2.eu-central-1.aws.neon.tech:5432`[39m

[31mPlease make sure your database server is running at `ep-withered-salad-agxzvgfm-pooler.c-2.eu-central-1.aws.neon.tech:5432`.[39m
2026-02-15 16:00:05:05 [35mhttp[39m: [35mGET /api/users/me[39m
2026-02-15 16:00:05:05 [35mhttp[39m: [35mGET /api/notifications/unread-count[39m
2026-02-15 16:00:05:05 [35mhttp[39m: [35mGET /api/friends[39m
2026-02-15 16:00:05:05 [35mhttp[39m: [35mGET /api/communities[39m
2026-02-15 16:00:08:08 [35mhttp[39m: [35mGET /api/users/me[39m
2026-02-15 16:00:09:09 [32minfo[39m: [32mUser connected: b3977015-d664-444d-a2dd-c33b10545f44 (aAQuZ80aco_duWB4AAAq)[39m
2026-02-15 16:00:09:09 [35mhttp[39m: [35mGET /api/users/me[39m
2026-02-15 16:00:10:010 [31merror[39m: [31mSocket Auth: Invalid token for socket qsAGcUab08aJ795XAAAr. Error: [39m
[31mInvalid `prisma.user.findUnique()` invocation in[39m
[31mD:\pfe\pfe t7cha0.3\soullink-backend\src\server.ts:33:40[39m

[31m  30 }[39m
[31m  31 [39m
[31m  32 const decoded = verifyAccessToken(token);[39m
[31m→ 33 const user = await prisma.user.findUnique([39m
[31mCan't reach database server at `ep-withered-salad-agxzvgfm-pooler.c-2.eu-central-1.aws.neon.tech:5432`[39m

[31mPlease make sure your database server is running at `ep-withered-salad-agxzvgfm-pooler.c-2.eu-central-1.aws.neon.tech:5432`.[39m
2026-02-15 16:00:25:025 [32minfo[39m: [32mUser disconnected: aAQuZ80aco_duWB4AAAq[39m
2026-02-15 16:00:26:026 [35mhttp[39m: [35mGET /api/users/me[39m
2026-02-15 16:00:26:026 [35mhttp[39m: [35mGET /api/notifications/unread-count[39m
2026-02-15 16:00:26:026 [35mhttp[39m: [35mGET /api/friends[39m
2026-02-15 16:00:26:026 [35mhttp[39m: [35mGET /api/communities[39m
2026-02-15 16:00:30:030 [32minfo[39m: [32mUser connected: b3977015-d664-444d-a2dd-c33b10545f44 (HF_yz-nNIyf8eWXCAAAv)[39m
2026-02-15 16:00:31:031 [35mhttp[39m: [35mGET /api/users/me[39m
2026-02-15 16:00:31:031 [32minfo[39m: [32mUser connected: b3977015-d664-444d-a2dd-c33b10545f44 (pypn2gQLt0Rn7yzRAAAu)[39m
2026-02-15 16:00:31:031 [35mhttp[39m: [35mGET /api/users/me[39m
2026-02-15 16:00:41:041 [32minfo[39m: [32mUser disconnected: HF_yz-nNIyf8eWXCAAAv[39m
2026-02-15 16:00:41:041 [32minfo[39m: [32mUser disconnected: pypn2gQLt0Rn7yzRAAAu[39m
2026-02-15 16:00:41:041 [35mhttp[39m: [35mGET /api/users/me[39m
2026-02-15 16:00:41:041 [35mhttp[39m: [35mGET /api/notifications/unread-count[39m
2026-02-15 16:00:41:041 [35mhttp[39m: [35mGET /api/friends[39m
2026-02-15 16:00:41:041 [35mhttp[39m: [35mGET /api/communities[39m
2026-02-15 16:00:42:042 [32minfo[39m: [32mUser connected: b3977015-d664-444d-a2dd-c33b10545f44 (ls2TX2AtO2h5aeXxAAAy)[39m
2026-02-15 16:00:43:043 [35mhttp[39m: [35mGET /api/users/me[39m
2026-02-15 16:00:44:044 [35mhttp[39m: [35mGET /api/users/me[39m
2026-02-15 16:00:45:045 [32minfo[39m: [32mUser connected: b3977015-d664-444d-a2dd-c33b10545f44 (X18v-mS6w75XlaJEAAAz)[39m
2026-02-15 16:01:23:123 [32minfo[39m: [32mUser disconnected: X18v-mS6w75XlaJEAAAz[39m
2026-02-15 16:01:23:123 [32minfo[39m: [32mUser disconnected: ls2TX2AtO2h5aeXxAAAy[39m
2026-02-15 16:01:24:124 [35mhttp[39m: [35mGET /api/users/me[39m
2026-02-15 16:01:24:124 [35mhttp[39m: [35mGET /api/notifications/unread-count[39m
2026-02-15 16:01:24:124 [35mhttp[39m: [35mGET /api/friends[39m
2026-02-15 16:01:24:124 [35mhttp[39m: [35mGET /api/communities[39m
2026-02-15 16:01:24:124 [32minfo[39m: [32mUser connected: b3977015-d664-444d-a2dd-c33b10545f44 (JFelCzjjGvz5FeLuAAA2)[39m
2026-02-15 16:01:24:124 [32minfo[39m: [32mUser connected: b3977015-d664-444d-a2dd-c33b10545f44 (xk6q50ro0vS9tfgZAAA3)[39m
2026-02-15 16:01:29:129 [35mhttp[39m: [35mGET /api/users/me[39m
2026-02-15 16:01:56:156 [32minfo[39m: [32mUser disconnected: JFelCzjjGvz5FeLuAAA2[39m
2026-02-15 16:01:56:156 [32minfo[39m: [32mUser disconnected: xk6q50ro0vS9tfgZAAA3[39m
2026-02-15 16:01:56:156 [35mhttp[39m: [35mGET /api/users/me[39m
2026-02-15 16:01:56:156 [35mhttp[39m: [35mGET /api/notifications/unread-count[39m
2026-02-15 16:01:56:156 [35mhttp[39m: [35mGET /api/friends[39m
2026-02-15 16:01:56:156 [35mhttp[39m: [35mGET /api/communities[39m
2026-02-15 16:01:57:157 [32minfo[39m: [32mUser connected: b3977015-d664-444d-a2dd-c33b10545f44 (_aI1HbVhQ3aK6ORoAAA7)[39m
2026-02-15 16:01:57:157 [32minfo[39m: [32mUser connected: b3977015-d664-444d-a2dd-c33b10545f44 (siMQaLl2e6bkwcqzAAA6)[39m
2026-02-15 16:01:58:158 [35mhttp[39m: [35mGET /api/users/me[39m
2026-02-15 16:03:46:346 [35mhttp[39m: [35mPOST /api/auth/login-face[39m
2026-02-15 16:03:48:348 [35mhttp[39m: [35mGET /api/users/me[39m
2026-02-15 16:03:48:348 [35mhttp[39m: [35mGET /api/notifications/unread-count[39m
2026-02-15 16:03:48:348 [35mhttp[39m: [35mGET /api/friends[39m
2026-02-15 16:03:48:348 [35mhttp[39m: [35mGET /api/communities[39m
2026-02-15 16:03:48:348 [32minfo[39m: [32mUser connected: 1e6789fa-52f2-4f26-9e7b-a804c6485009 (5FGh50WKv1LLj5wPAABC)[39m
2026-02-15 16:03:49:349 [32minfo[39m: [32mUser connected: 1e6789fa-52f2-4f26-9e7b-a804c6485009 (VtFB5syN2qIgpkPSAABB)[39m
2026-02-15 16:03:49:349 [32minfo[39m: [32mUser connected: 1e6789fa-52f2-4f26-9e7b-a804c6485009 (A8jEnUOFB6PYZif2AABA)[39m
2026-02-15 16:03:49:349 [35mhttp[39m: [35mGET /api/communities[39m
2026-02-15 16:03:49:349 [35mhttp[39m: [35mGET /api/friends[39m
2026-02-15 16:03:50:350 [35mhttp[39m: [35mGET /api/notifications/unread-count[39m
2026-02-15 16:03:50:350 [35mhttp[39m: [35mGET /api/users/me[39m
2026-02-15 16:03:51:351 [35mhttp[39m: [35mGET /api/users/me[39m
2026-02-15 16:03:52:352 [35mhttp[39m: [35mGET /api/users/me[39m
2026-02-15 16:03:53:353 [35mhttp[39m: [35mGET /api/users/me[39m
2026-02-15 16:03:54:354 [35mhttp[39m: [35mGET /api/users/me[39m
2026-02-15 16:03:57:357 [32minfo[39m: [32mUser connected: 1e6789fa-52f2-4f26-9e7b-a804c6485009 (V0MIojW6rf-tfYEnAABD)[39m
2026-02-15 16:04:06:46 [35mhttp[39m: [35mGET /api/users/search?q=azizhadhri[39m
2026-02-15 16:04:06:46 [35mhttp[39m: [35mGET /api/friends/sent[39m
2026-02-15 16:04:06:46 [35mhttp[39m: [35mGET /api/friends[39m
2026-02-15 16:04:06:46 [35mhttp[39m: [35mGET /api/friends/pending[39m
2026-02-15 16:04:09:49 [35mhttp[39m: [35mPOST /api/friends/request[39m
2026-02-15 16:04:10:410 [35mhttp[39m: [35mPOST /api/friends/request[39m
2026-02-15 16:04:11:411 [35mhttp[39m: [35mGET /api/friends[39m
2026-02-15 16:04:16:416 [32minfo[39m: [32mUser disconnected: _aI1HbVhQ3aK6ORoAAA7[39m
2026-02-15 16:04:16:416 [32minfo[39m: [32mUser disconnected: siMQaLl2e6bkwcqzAAA6[39m
2026-02-15 16:04:16:416 [35mhttp[39m: [35mGET /api/users/me[39m
2026-02-15 16:04:16:416 [35mhttp[39m: [35mGET /api/notifications/unread-count[39m
2026-02-15 16:04:16:416 [35mhttp[39m: [35mGET /api/friends[39m
2026-02-15 16:04:16:416 [35mhttp[39m: [35mGET /api/communities[39m
2026-02-15 16:04:16:416 [32minfo[39m: [32mUser connected: b3977015-d664-444d-a2dd-c33b10545f44 (q5G5Qsw8SCsfuyqIAABH)[39m
2026-02-15 16:04:16:416 [32minfo[39m: [32mUser connected: b3977015-d664-444d-a2dd-c33b10545f44 (ERF6TlRjv_15D-eaAABG)[39m
2026-02-15 16:04:18:418 [35mhttp[39m: [35mGET /api/friends[39m
2026-02-15 16:04:18:418 [35mhttp[39m: [35mGET /api/friends/pending[39m
2026-02-15 16:04:18:418 [35mhttp[39m: [35mGET /api/friends/sent[39m
2026-02-15 16:04:18:418 [35mhttp[39m: [35mGET /api/friends[39m
2026-02-15 16:04:19:419 [35mhttp[39m: [35mGET /api/users/me[39m
2026-02-15 16:04:19:419 [35mhttp[39m: [35mGET /api/friends/sent[39m
2026-02-15 16:04:19:419 [35mhttp[39m: [35mGET /api/friends/pending[39m
2026-02-15 16:04:20:420 [35mhttp[39m: [35mGET /api/notifications[39m
2026-02-15 16:04:20:420 [35mhttp[39m: [35mGET /api/notifications[39m
2026-02-15 16:04:29:429 [35mhttp[39m: [35mPATCH /api/friends/f96a300a-0dc7-4eee-84db-9a3b93a9bb38/respond[39m
2026-02-15 16:04:32:432 [35mhttp[39m: [35mPATCH /api/friends/f96a300a-0dc7-4eee-84db-9a3b93a9bb38/respond[39m
2026-02-15 16:04:33:433 [35mhttp[39m: [35mGET /api/friends[39m
2026-02-15 16:04:36:436 [35mhttp[39m: [35mGET /api/friends[39m
2026-02-15 16:04:36:436 [35mhttp[39m: [35mGET /api/friends/pending[39m
2026-02-15 16:04:36:436 [35mhttp[39m: [35mGET /api/friends/sent[39m
2026-02-15 16:04:40:440 [32minfo[39m: [32mUser disconnected: V0MIojW6rf-tfYEnAABD[39m
2026-02-15 16:04:40:440 [32minfo[39m: [32mUser disconnected: 5FGh50WKv1LLj5wPAABC[39m
2026-02-15 16:04:40:440 [32minfo[39m: [32mUser disconnected: VtFB5syN2qIgpkPSAABB[39m
2026-02-15 16:04:40:440 [32minfo[39m: [32mUser disconnected: A8jEnUOFB6PYZif2AABA[39m
2026-02-15 16:04:41:441 [35mhttp[39m: [35mGET /api/friends[39m
2026-02-15 16:04:41:441 [35mhttp[39m: [35mGET /api/friends/pending[39m
2026-02-15 16:04:41:441 [35mhttp[39m: [35mGET /api/friends/sent[39m
2026-02-15 16:04:41:441 [35mhttp[39m: [35mGET /api/users/me[39m
2026-02-15 16:04:41:441 [35mhttp[39m: [35mGET /api/notifications/unread-count[39m
2026-02-15 16:04:41:441 [35mhttp[39m: [35mGET /api/communities[39m
2026-02-15 16:04:41:441 [32minfo[39m: [32mUser connected: 1e6789fa-52f2-4f26-9e7b-a804c6485009 (BhOGTiLJnNyUuYxaAABK)[39m
2026-02-15 16:04:41:441 [32minfo[39m: [32mUser connected: 1e6789fa-52f2-4f26-9e7b-a804c6485009 (a_f1lr7vMu7jQCWkAABL)[39m
2026-02-15 16:04:47:447 [35mhttp[39m: [35mGET /api/friends[39m
2026-02-15 16:04:49:449 [35mhttp[39m: [35mGET /api/users/me[39m
2026-02-15 16:05:06:56 [35mhttp[39m: [35mGET /api/chat/dm/b3977015-d664-444d-a2dd-c33b10545f44[39m
2026-02-15 16:05:07:57 [35mhttp[39m: [35mGET /api/chat/dm/b3977015-d664-444d-a2dd-c33b10545f44[39m
2026-02-15 16:05:07:57 [35mhttp[39m: [35mGET /api/friends[39m
2026-02-15 16:05:07:57 [35mhttp[39m: [35mPATCH /api/chat/dm/b3977015-d664-444d-a2dd-c33b10545f44/read[39m
2026-02-15 16:05:07:57 [35mhttp[39m: [35mGET /api/friends[39m
2026-02-15 16:05:08:58 [35mhttp[39m: [35mPATCH /api/chat/dm/b3977015-d664-444d-a2dd-c33b10545f44/read[39m
2026-02-15 16:05:11:511 [35mhttp[39m: [35mPOST /api/chat/dm/b3977015-d664-444d-a2dd-c33b10545f44[39m
2026-02-15 16:05:15:515 [35mhttp[39m: [35mGET /api/notifications[39m
2026-02-15 16:05:16:516 [35mhttp[39m: [35mGET /api/notifications[39m
2026-02-15 16:05:19:519 [35mhttp[39m: [35mPATCH /api/notifications/c101bd9c-1665-4e31-ac94-7eb5dfa737ea/read[39m
2026-02-15 16:05:23:523 [35mhttp[39m: [35mGET /api/chat/dm/1e6789fa-52f2-4f26-9e7b-a804c6485009[39m
2026-02-15 16:05:28:528 [31merror[39m: [31m[Unhandled Error] Status: 500 - Detail: PrismaClientKnownRequestError: [39m
[31mInvalid `prisma.user.findUnique()` invocation in[39m
[31mD:\pfe\pfe t7cha0.3\soullink-backend\src\middleware\auth.ts:30:40[39m

[31m  27 [39m
[31m  28 const decoded = verifyAccessToken(token);[39m
[31m  29 [39m
[31m→ 30 const user = await prisma.user.findUnique([39m
[31mCan't reach database server at `ep-withered-salad-agxzvgfm-pooler.c-2.eu-central-1.aws.neon.tech:5432`[39m

[31mPlease make sure your database server is running at `ep-withered-salad-agxzvgfm-pooler.c-2.eu-central-1.aws.neon.tech:5432`.[39m
[31m    at $n.handleRequestError (D:\pfe\pfe t7cha0.3\soullink-backend\node_modules\@prisma\client\runtime\library.js:121:7315)[39m
[31m    at $n.handleAndLogRequestError (D:\pfe\pfe t7cha0.3\soullink-backend\node_modules\@prisma\client\runtime\library.js:121:6623)[39m
[31m    at $n.request (D:\pfe\pfe t7cha0.3\soullink-backend\node_modules\@prisma\client\runtime\library.js:121:6307)[39m
[31m    at async l (D:\pfe\pfe t7cha0.3\soullink-backend\node_modules\@prisma\client\runtime\library.js:130:9633)[39m
[31m    at async protect (D:\pfe\pfe t7cha0.3\soullink-backend\src\middleware\auth.ts:30:22)[39m
2026-02-15 16:05:28:528 [35mhttp[39m: [35mGET /api/chat/dm/1e6789fa-52f2-4f26-9e7b-a804c6485009[39m
2026-02-15 16:05:32:532 [35mhttp[39m: [35mGET /api/friends[39m
2026-02-15 16:05:33:533 [35mhttp[39m: [35mPATCH /api/chat/dm/1e6789fa-52f2-4f26-9e7b-a804c6485009/read[39m
2026-02-15 16:05:37:537 [35mhttp[39m: [35mPOST /api/chat/dm/b3977015-d664-444d-a2dd-c33b10545f44[39m
2026-02-15 16:05:48:548 [32minfo[39m: [32mUser disconnected: q5G5Qsw8SCsfuyqIAABH[39m
2026-02-15 16:05:48:548 [32minfo[39m: [32mUser disconnected: ERF6TlRjv_15D-eaAABG[39m
2026-02-15 16:05:49:549 [35mhttp[39m: [35mGET /api/users/me[39m
2026-02-15 16:05:49:549 [35mhttp[39m: [35mGET /api/notifications/unread-count[39m
2026-02-15 16:05:49:549 [35mhttp[39m: [35mGET /api/friends[39m
2026-02-15 16:05:49:549 [35mhttp[39m: [35mGET /api/communities[39m
2026-02-15 16:05:49:549 [35mhttp[39m: [35mGET /api/chat/dm/1e6789fa-52f2-4f26-9e7b-a804c6485009[39m
2026-02-15 16:05:50:550 [35mhttp[39m: [35mGET /api/users/me[39m
2026-02-15 16:05:52:552 [32minfo[39m: [32mUser connected: b3977015-d664-444d-a2dd-c33b10545f44 (G51c4ei1cc8voPXHAABP)[39m
2026-02-15 16:05:52:552 [32minfo[39m: [32mUser connected: b3977015-d664-444d-a2dd-c33b10545f44 (DlJBhC-hd2szY9R6AABQ)[39m
2026-02-15 16:05:54:554 [31merror[39m: [31mPresence Offline Error for b3977015-d664-444d-a2dd-c33b10545f44: [39m
[31mInvalid `prisma.user.update()` invocation in[39m
[31mD:\pfe\pfe t7cha0.3\soullink-backend\src\server.ts:90:39[39m

[31m  87 userSockets.delete(user.id);[39m
[31m  88 // Last connection closed: set offline[39m
[31m  89 try {[39m
[31m→ 90     await prisma.user.update([39m
[31mCan't reach database server at `ep-withered-salad-agxzvgfm-pooler.c-2.eu-central-1.aws.neon.tech:5432`[39m

[31mPlease make sure your database server is running at `ep-withered-salad-agxzvgfm-pooler.c-2.eu-central-1.aws.neon.tech:5432`.[39m
2026-02-15 16:05:54:554 [31merror[39m: [31m[Unhandled Error] Status: 500 - Detail: PrismaClientKnownRequestError: [39m
[31mInvalid `prisma.user.findUnique()` invocation in[39m
[31mD:\pfe\pfe t7cha0.3\soullink-backend\src\middleware\auth.ts:30:40[39m

[31m  27 [39m
[31m  28 const decoded = verifyAccessToken(token);[39m
[31m  29 [39m
[31m→ 30 const user = await prisma.user.findUnique([39m
[31mCan't reach database server at `ep-withered-salad-agxzvgfm-pooler.c-2.eu-central-1.aws.neon.tech:5432`[39m

[31mPlease make sure your database server is running at `ep-withered-salad-agxzvgfm-pooler.c-2.eu-central-1.aws.neon.tech:5432`.[39m
[31m    at $n.handleRequestError (D:\pfe\pfe t7cha0.3\soullink-backend\node_modules\@prisma\client\runtime\library.js:121:7315)[39m
[31m    at $n.handleAndLogRequestError (D:\pfe\pfe t7cha0.3\soullink-backend\node_modules\@prisma\client\runtime\library.js:121:6623)[39m
[31m    at $n.request (D:\pfe\pfe t7cha0.3\soullink-backend\node_modules\@prisma\client\runtime\library.js:121:6307)[39m
[31m    at async l (D:\pfe\pfe t7cha0.3\soullink-backend\node_modules\@prisma\client\runtime\library.js:130:9633)[39m
[31m    at async protect (D:\pfe\pfe t7cha0.3\soullink-backend\src\middleware\auth.ts:30:22)[39m
2026-02-15 16:05:54:554 [31merror[39m: [31mSocket Auth: Invalid token for socket JM6BsY6iERgfrf3dAABR. Error: [39m
[31mInvalid `prisma.user.findUnique()` invocation in[39m
[31mD:\pfe\pfe t7cha0.3\soullink-backend\src\server.ts:33:40[39m

[31m  30 }[39m
[31m  31 [39m
[31m  32 const decoded = verifyAccessToken(token);[39m
[31m→ 33 const user = await prisma.user.findUnique([39m
[31mCan't reach database server at `ep-withered-salad-agxzvgfm-pooler.c-2.eu-central-1.aws.neon.tech:5432`[39m

[31mPlease make sure your database server is running at `ep-withered-salad-agxzvgfm-pooler.c-2.eu-central-1.aws.neon.tech:5432`.[39m
2026-02-15 16:05:55:555 [35mhttp[39m: [35mGET /api/friends[39m
2026-02-15 16:05:56:556 [35mhttp[39m: [35mPATCH /api/chat/dm/1e6789fa-52f2-4f26-9e7b-a804c6485009/read[39m
2026-02-15 16:06:01:61 [35mhttp[39m: [35mPOST /api/chat/dm/1e6789fa-52f2-4f26-9e7b-a804c6485009[39m
2026-02-15 16:06:25:625 [35mhttp[39m: [35mPATCH /api/chat/dm/b3977015-d664-444d-a2dd-c33b10545f44/read[39m
2026-02-15 16:06:49:649 [32minfo[39m: [32mUser disconnected: G51c4ei1cc8voPXHAABP[39m
2026-02-15 16:06:49:649 [32minfo[39m: [32mUser disconnected: DlJBhC-hd2szY9R6AABQ[39m
2026-02-15 16:06:59:659 [35mhttp[39m: [35mPOST /api/auth/login[39m
2026-02-15 16:07:01:71 [35mhttp[39m: [35mGET /api/users/me[39m
2026-02-15 16:07:01:71 [35mhttp[39m: [35mGET /api/notifications/unread-count[39m
2026-02-15 16:07:01:71 [35mhttp[39m: [35mGET /api/friends[39m
2026-02-15 16:07:01:71 [35mhttp[39m: [35mGET /api/communities[39m
2026-02-15 16:07:02:72 [32minfo[39m: [32mUser connected: b3977015-d664-444d-a2dd-c33b10545f44 (LnPDIsMYgjP2iDc9AABY)[39m
2026-02-15 16:07:02:72 [32minfo[39m: [32mUser connected: b3977015-d664-444d-a2dd-c33b10545f44 (5BiaKBTxKiaqO_d-AABW)[39m
2026-02-15 16:07:02:72 [35mhttp[39m: [35mGET /api/communities[39m
2026-02-15 16:07:03:73 [32minfo[39m: [32mUser connected: b3977015-d664-444d-a2dd-c33b10545f44 (JSStbEdG6J6tGIiRAABX)[39m
2026-02-15 16:07:04:74 [32minfo[39m: [32mUser connected: b3977015-d664-444d-a2dd-c33b10545f44 (3s3Z5Ie4wjncBdU0AABZ)[39m
2026-02-15 16:07:04:74 [35mhttp[39m: [35mGET /api/notifications/unread-count[39m
2026-02-15 16:07:06:76 [35mhttp[39m: [35mGET /api/users/me[39m
2026-02-15 16:07:06:76 [35mhttp[39m: [35mGET /api/friends[39m
2026-02-15 16:07:07:77 [35mhttp[39m: [35mGET /api/users/me[39m
2026-02-15 16:07:08:78 [35mhttp[39m: [35mGET /api/users/me[39m
2026-02-15 16:07:17:717 [35mhttp[39m: [35mGET /api/users/me[39m
2026-02-15 16:07:17:717 [35mhttp[39m: [35mGET /api/users/me[39m
2026-02-15 16:07:31:731 [35mhttp[39m: [35mGET /api/friends[39m
2026-02-15 16:07:31:731 [35mhttp[39m: [35mGET /api/friends/pending[39m
2026-02-15 16:07:31:731 [35mhttp[39m: [35mGET /api/friends/sent[39m
2026-02-15 16:07:32:732 [35mhttp[39m: [35mGET /api/friends[39m
2026-02-15 16:07:32:732 [35mhttp[39m: [35mGET /api/friends/sent[39m
2026-02-15 16:07:37:737 [35mhttp[39m: [35mGET /api/friends/pending[39m
2026-02-15 16:07:45:745 [35mhttp[39m: [35mGET /api/soulgames[39m
2026-02-15 16:07:47:747 [35mhttp[39m: [35mGET /api/soulgames[39m
2026-02-15 16:08:32:832 [35mhttp[39m: [35mPOST /api/ai/chat[39m
2026-02-15 16:09:16:916 [35mhttp[39m: [35mGET /api/soulgames/bde8543d-0a45-48f5-9aab-1bfd52804685[39m
2026-02-15 16:09:22:922 [35mhttp[39m: [35mGET /api/soulgames/bde8543d-0a45-48f5-9aab-1bfd52804685[39m
2026-02-15 16:09:36:936 [35mhttp[39m: [35mGET /api/soulgames[39m
2026-02-15 16:09:38:938 [35mhttp[39m: [35mGET /api/soulgames[39m
2026-02-15 16:14:29:1429 [35mhttp[39m: [35mGET /api/friends[39m
2026-02-15 16:14:29:1429 [35mhttp[39m: [35mGET /api/friends/pending[39m
2026-02-15 16:14:29:1429 [35mhttp[39m: [35mGET /api/friends/sent[39m
2026-02-15 16:14:34:1434 [31merror[39m: [31m[Unhandled Error] Status: 500 - Detail: PrismaClientKnownRequestError: [39m
[31mInvalid `prisma.user.findUnique()` invocation in[39m
[31mD:\pfe\pfe t7cha0.3\soullink-backend\src\middleware\auth.ts:30:40[39m

[31m  27 [39m
[31m  28 const decoded = verifyAccessToken(token);[39m
[31m  29 [39m
[31m→ 30 const user = await prisma.user.findUnique([39m
[31mCan't reach database server at `ep-withered-salad-agxzvgfm-pooler.c-2.eu-central-1.aws.neon.tech:5432`[39m

[31mPlease make sure your database server is running at `ep-withered-salad-agxzvgfm-pooler.c-2.eu-central-1.aws.neon.tech:5432`.[39m
[31m    at $n.handleRequestError (D:\pfe\pfe t7cha0.3\soullink-backend\node_modules\@prisma\client\runtime\library.js:121:7315)[39m
[31m    at $n.handleAndLogRequestError (D:\pfe\pfe t7cha0.3\soullink-backend\node_modules\@prisma\client\runtime\library.js:121:6623)[39m
[31m    at $n.request (D:\pfe\pfe t7cha0.3\soullink-backend\node_modules\@prisma\client\runtime\library.js:121:6307)[39m
[31m    at async l (D:\pfe\pfe t7cha0.3\soullink-backend\node_modules\@prisma\client\runtime\library.js:130:9633)[39m
[31m    at async protect (D:\pfe\pfe t7cha0.3\soullink-backend\src\middleware\auth.ts:30:22)[39m
2026-02-15 16:14:34:1434 [35mhttp[39m: [35mGET /api/friends/pending[39m
2026-02-15 16:14:35:1435 [35mhttp[39m: [35mGET /api/friends/sent[39m
2026-02-15 16:14:40:1440 [35mhttp[39m: [35mGET /api/friends[39m
2026-02-15 16:14:41:1441 [35mhttp[39m: [35mPOST /api/ai/chat[39m
2026-02-15 16:15:33:1533 [32minfo[39m: [32mConnected to PostgreSQL database[39m
2026-02-15 16:15:33:1533 [32minfo[39m: [32mSoulLink Backend running in development mode on port 4000[39m
2026-02-15 16:15:33:1533 [32minfo[39m: [32mPresence Reset: Set 2 users to OFFLINE on startup[39m
2026-02-15 16:15:34:1534 [32minfo[39m: [32mUser connected: 1e6789fa-52f2-4f26-9e7b-a804c6485009 (bYn0zlwgxxifa9_uAAAL)[39m
2026-02-15 16:15:34:1534 [32minfo[39m: [32mUser connected: 1e6789fa-52f2-4f26-9e7b-a804c6485009 (V7tla4TvPAyTNqjQAAAH)[39m
2026-02-15 16:15:34:1534 [32minfo[39m: [32mUser connected: b3977015-d664-444d-a2dd-c33b10545f44 (WmwXqsn03rHEGjO-AAAF)[39m
2026-02-15 16:15:35:1535 [32minfo[39m: [32mUser connected: b3977015-d664-444d-a2dd-c33b10545f44 (BRnlsO4gdbql1N6PAAAJ)[39m
2026-02-15 16:15:36:1536 [32minfo[39m: [32mUser connected: b3977015-d664-444d-a2dd-c33b10545f44 (GzTQ7cdfxucL3RjeAAAI)[39m
2026-02-15 16:15:36:1536 [32minfo[39m: [32mUser connected: b3977015-d664-444d-a2dd-c33b10545f44 (DYTlSk4kxPiwakmMAAAE)[39m
2026-02-15 16:15:52:1552 [35mhttp[39m: [35mGET /api/soulgames[39m
2026-02-15 16:15:53:1553 [35mhttp[39m: [35mGET /api/soulgames[39m
2026-02-15 16:16:08:168 [35mhttp[39m: [35mGET /api/friends[39m
2026-02-15 16:16:08:168 [35mhttp[39m: [35mGET /api/friends/pending[39m
2026-02-15 16:16:08:168 [35mhttp[39m: [35mGET /api/friends/sent[39m
2026-02-15 16:16:09:169 [35mhttp[39m: [35mGET /api/friends/pending[39m
2026-02-15 16:16:09:169 [35mhttp[39m: [35mGET /api/friends/sent[39m
2026-02-15 16:16:10:1610 [35mhttp[39m: [35mGET /api/friends[39m
2026-02-15 16:16:18:1618 [35mhttp[39m: [35mGET /api/chat/dm/1e6789fa-52f2-4f26-9e7b-a804c6485009[39m
2026-02-15 16:16:18:1618 [35mhttp[39m: [35mGET /api/chat/dm/1e6789fa-52f2-4f26-9e7b-a804c6485009[39m
2026-02-15 16:16:18:1618 [35mhttp[39m: [35mGET /api/friends[39m
2026-02-15 16:16:20:1620 [35mhttp[39m: [35mGET /api/friends[39m
2026-02-15 16:16:20:1620 [35mhttp[39m: [35mPATCH /api/chat/dm/1e6789fa-52f2-4f26-9e7b-a804c6485009/read[39m
2026-02-15 16:16:21:1621 [35mhttp[39m: [35mPATCH /api/chat/dm/1e6789fa-52f2-4f26-9e7b-a804c6485009/read[39m
2026-02-15 16:16:45:1645 [35mhttp[39m: [35mGET /api/users/me[39m
2026-02-15 16:16:46:1646 [35mhttp[39m: [35mGET /api/users/me[39m
2026-02-15 16:17:29:1729 [35mhttp[39m: [35mPOST /api/ai/chat[39m
2026-02-15 16:17:32:1732 [32minfo[39m: [32mUser disconnected: DYTlSk4kxPiwakmMAAAE[39m
2026-02-15 16:17:32:1732 [32minfo[39m: [32mUser disconnected: BRnlsO4gdbql1N6PAAAJ[39m
2026-02-15 16:17:32:1732 [32minfo[39m: [32mUser disconnected: GzTQ7cdfxucL3RjeAAAI[39m
2026-02-15 16:17:32:1732 [32minfo[39m: [32mUser disconnected: WmwXqsn03rHEGjO-AAAF[39m
2026-02-15 16:17:32:1732 [35mhttp[39m: [35mGET /api/users/me[39m
2026-02-15 16:17:32:1732 [35mhttp[39m: [35mGET /api/notifications/unread-count[39m
2026-02-15 16:17:32:1732 [35mhttp[39m: [35mGET /api/friends[39m
2026-02-15 16:17:32:1732 [35mhttp[39m: [35mGET /api/communities[39m
2026-02-15 16:17:33:1733 [32minfo[39m: [32mUser connected: b3977015-d664-444d-a2dd-c33b10545f44 (ECqMYcgidKMXzpEuAAAO)[39m
2026-02-15 16:17:34:1734 [35mhttp[39m: [35mGET /api/users/me[39m
2026-02-15 16:17:37:1737 [32minfo[39m: [32mUser connected: b3977015-d664-444d-a2dd-c33b10545f44 (OsqMr__9z17QnqJ0AAAP)[39m
2026-02-15 16:17:39:1739 [35mhttp[39m: [35mGET /api/users/me[39m
2026-02-15 16:22:17:2217 [35mhttp[39m: [35mPOST /api/ai/chat[39m
2026-02-15 16:22:17:2217 [35mhttp[39m: [35mGET /api/soulgames[39m
2026-02-15 16:22:19:2219 [35mhttp[39m: [35mGET /api/soulgames[39m
2026-02-15 16:25:54:2554 [32minfo[39m: [32mUser disconnected: OsqMr__9z17QnqJ0AAAP[39m
2026-02-15 16:25:54:2554 [32minfo[39m: [32mUser disconnected: ECqMYcgidKMXzpEuAAAO[39m
2026-02-15 16:25:54:2554 [35mhttp[39m: [35mGET /api/users/me[39m
2026-02-15 16:25:54:2554 [35mhttp[39m: [35mGET /api/notifications/unread-count[39m
2026-02-15 16:25:54:2554 [35mhttp[39m: [35mGET /api/friends[39m
2026-02-15 16:25:54:2554 [35mhttp[39m: [35mGET /api/communities[39m
2026-02-15 16:25:55:2555 [35mhttp[39m: [35mGET /api/users/me[39m
2026-02-15 16:25:55:2555 [32minfo[39m: [32mUser connected: b3977015-d664-444d-a2dd-c33b10545f44 (qlHUknOFar5NAbZpAAAS)[39m
2026-02-15 16:25:55:2555 [32minfo[39m: [32mUser connected: b3977015-d664-444d-a2dd-c33b10545f44 (4SPmvnmEPl3Dmuh3AAAT)[39m
2026-02-16 00:07:45:745 [32minfo[39m: [32mConnected to PostgreSQL database[39m
2026-02-16 00:07:45:745 [32minfo[39m: [32mSoulLink Backend running in development mode on port 4000[39m
2026-02-16 00:07:45:745 [32minfo[39m: [32mPresence Reset: Set 2 users to OFFLINE on startup[39m
2026-02-16 00:50:56:5056 [35mhttp[39m: [35mPOST /api/auth/login[39m
2026-02-16 00:51:00:510 [35mhttp[39m: [35mGET /api/users/me[39m
2026-02-16 00:51:00:510 [35mhttp[39m: [35mGET /api/notifications/unread-count[39m
2026-02-16 00:51:00:510 [35mhttp[39m: [35mGET /api/friends[39m
2026-02-16 00:51:00:510 [35mhttp[39m: [35mGET /api/communities[39m
2026-02-16 00:51:01:511 [35mhttp[39m: [35mGET /api/users/me[39m
2026-02-16 00:51:01:511 [32minfo[39m: [32mUser connected: b3977015-d664-444d-a2dd-c33b10545f44 (Jj1Er8lcyf0tUNFxAAAF)[39m
2026-02-16 00:51:01:511 [32minfo[39m: [32mUser connected: b3977015-d664-444d-a2dd-c33b10545f44 (yjjzdG5TTpMWilMjAAAE)[39m
2026-02-16 00:51:01:511 [32minfo[39m: [32mUser connected: b3977015-d664-444d-a2dd-c33b10545f44 (dulD8nAVWHmqgbzcAAAG)[39m
2026-02-16 00:51:01:511 [32minfo[39m: [32mUser connected: b3977015-d664-444d-a2dd-c33b10545f44 (Ayo1jR7KUhP3fbHHAAAH)[39m
2026-02-16 00:51:01:511 [35mhttp[39m: [35mGET /api/users/me[39m
2026-02-16 00:51:01:511 [35mhttp[39m: [35mGET /api/notifications/unread-count[39m
2026-02-16 00:51:01:511 [35mhttp[39m: [35mGET /api/communities[39m
2026-02-16 00:51:01:511 [35mhttp[39m: [35mGET /api/friends[39m
2026-02-16 00:51:01:511 [35mhttp[39m: [35mGET /api/users/me[39m
2026-02-16 00:51:08:518 [35mhttp[39m: [35mGET /api/chat/dm/1e6789fa-52f2-4f26-9e7b-a804c6485009[39m
2026-02-16 00:51:09:519 [35mhttp[39m: [35mGET /api/chat/dm/1e6789fa-52f2-4f26-9e7b-a804c6485009[39m
2026-02-16 00:51:09:519 [35mhttp[39m: [35mGET /api/friends[39m
2026-02-16 00:51:09:519 [35mhttp[39m: [35mGET /api/friends[39m
2026-02-16 00:51:09:519 [35mhttp[39m: [35mPATCH /api/chat/dm/1e6789fa-52f2-4f26-9e7b-a804c6485009/read[39m
2026-02-16 00:51:09:519 [35mhttp[39m: [35mPATCH /api/chat/dm/1e6789fa-52f2-4f26-9e7b-a804c6485009/read[39m
2026-02-16 00:51:38:5138 [32minfo[39m: [32mUser disconnected: dulD8nAVWHmqgbzcAAAG[39m
2026-02-16 00:51:38:5138 [32minfo[39m: [32mUser disconnected: yjjzdG5TTpMWilMjAAAE[39m
2026-02-16 00:51:38:5138 [32minfo[39m: [32mUser disconnected: Ayo1jR7KUhP3fbHHAAAH[39m
2026-02-16 00:51:38:5138 [32minfo[39m: [32mUser disconnected: Jj1Er8lcyf0tUNFxAAAF[39m
2026-02-16 01:37:52:3752 [35mhttp[39m: [35mPOST /api/auth/login[39m
2026-02-16 01:37:54:3754 [35mhttp[39m: [35mGET /api/users/me[39m
2026-02-16 01:37:54:3754 [35mhttp[39m: [35mGET /api/notifications/unread-count[39m
2026-02-16 01:37:54:3754 [35mhttp[39m: [35mGET /api/friends[39m
2026-02-16 01:37:54:3754 [35mhttp[39m: [35mGET /api/communities[39m
2026-02-16 01:37:55:3755 [35mhttp[39m: [35mGET /api/users/me[39m
2026-02-16 01:37:55:3755 [32minfo[39m: [32mUser connected: b3977015-d664-444d-a2dd-c33b10545f44 (a2OMttbrRGiLtnkyAAAN)[39m
2026-02-16 01:37:55:3755 [32minfo[39m: [32mUser connected: b3977015-d664-444d-a2dd-c33b10545f44 (r-pVjq5gv6HpYc1mAAAM)[39m
2026-02-16 01:37:55:3755 [32minfo[39m: [32mUser connected: b3977015-d664-444d-a2dd-c33b10545f44 (1okffVsGof_W1EdUAAAP)[39m
2026-02-16 01:37:55:3755 [32minfo[39m: [32mUser connected: b3977015-d664-444d-a2dd-c33b10545f44 (MgttGR35fnU-GPveAAAO)[39m
2026-02-16 01:37:55:3755 [35mhttp[39m: [35mGET /api/notifications/unread-count[39m
2026-02-16 01:37:55:3755 [35mhttp[39m: [35mGET /api/users/me[39m
2026-02-16 01:37:55:3755 [35mhttp[39m: [35mGET /api/communities[39m
2026-02-16 01:37:55:3755 [35mhttp[39m: [35mGET /api/friends[39m
2026-02-16 01:37:55:3755 [35mhttp[39m: [35mGET /api/users/me[39m
2026-02-16 01:37:57:3757 [35mhttp[39m: [35mGET /api/chat/dm/1e6789fa-52f2-4f26-9e7b-a804c6485009[39m
2026-02-16 01:37:57:3757 [35mhttp[39m: [35mGET /api/chat/dm/1e6789fa-52f2-4f26-9e7b-a804c6485009[39m
2026-02-16 01:37:57:3757 [35mhttp[39m: [35mGET /api/friends[39m
2026-02-16 01:37:57:3757 [35mhttp[39m: [35mGET /api/friends[39m
2026-02-16 01:37:57:3757 [35mhttp[39m: [35mPATCH /api/chat/dm/1e6789fa-52f2-4f26-9e7b-a804c6485009/read[39m
2026-02-16 01:37:58:3758 [35mhttp[39m: [35mPATCH /api/chat/dm/1e6789fa-52f2-4f26-9e7b-a804c6485009/read[39m
2026-02-16 01:40:36:4036 [32minfo[39m: [32mConnected to PostgreSQL database[39m
2026-02-16 01:40:36:4036 [32minfo[39m: [32mSoulLink Backend running in development mode on port 4000[39m
2026-02-16 01:40:36:4036 [32minfo[39m: [32mPresence Reset: Set 1 users to OFFLINE on startup[39m
2026-02-16 01:40:37:4037 [32minfo[39m: [32mUser connected: b3977015-d664-444d-a2dd-c33b10545f44 (qoV-dvOJtdH6PzsfAAAD)[39m
2026-02-16 01:40:37:4037 [32minfo[39m: [32mUser connected: b3977015-d664-444d-a2dd-c33b10545f44 (omdms-3fdE72phjDAAAE)[39m
2026-02-16 01:40:37:4037 [32minfo[39m: [32mUser connected: b3977015-d664-444d-a2dd-c33b10545f44 (QFQ2N0P8GDhsvRuNAAAF)[39m
2026-02-16 01:40:37:4037 [32minfo[39m: [32mUser connected: b3977015-d664-444d-a2dd-c33b10545f44 (y0AgroGlURB-p1VRAAAH)[39m
2026-02-16 01:42:29:4229 [32minfo[39m: [32mUser disconnected: qoV-dvOJtdH6PzsfAAAD[39m
2026-02-16 01:42:29:4229 [32minfo[39m: [32mUser disconnected: y0AgroGlURB-p1VRAAAH[39m
2026-02-16 01:42:29:4229 [32minfo[39m: [32mUser disconnected: omdms-3fdE72phjDAAAE[39m
2026-02-16 01:42:29:4229 [32minfo[39m: [32mUser disconnected: QFQ2N0P8GDhsvRuNAAAF[39m
2026-02-16 01:43:54:4354 [35mhttp[39m: [35mPOST /api/auth/login[39m
2026-02-16 01:43:55:4355 [35mhttp[39m: [35mGET /api/users/me[39m
2026-02-16 01:43:55:4355 [35mhttp[39m: [35mGET /api/notifications/unread-count[39m
2026-02-16 01:43:55:4355 [35mhttp[39m: [35mGET /api/friends[39m
2026-02-16 01:43:55:4355 [35mhttp[39m: [35mGET /api/communities[39m
2026-02-16 01:43:56:4356 [35mhttp[39m: [35mGET /api/notifications/unread-count[39m
2026-02-16 01:43:56:4356 [35mhttp[39m: [35mGET /api/users/me[39m
2026-02-16 01:43:56:4356 [35mhttp[39m: [35mGET /api/friends[39m
2026-02-16 01:43:56:4356 [32minfo[39m: [32mUser connected: b3977015-d664-444d-a2dd-c33b10545f44 (jqDoo0RbAjDlN2F7AAAM)[39m
2026-02-16 01:43:56:4356 [32minfo[39m: [32mUser connected: b3977015-d664-444d-a2dd-c33b10545f44 (J91wCCWyoOvi3QMJAAAN)[39m
2026-02-16 01:43:56:4356 [32minfo[39m: [32mUser connected: b3977015-d664-444d-a2dd-c33b10545f44 (dSVq8-q1-UUBVjMAAAAO)[39m
2026-02-16 01:43:56:4356 [32minfo[39m: [32mUser connected: b3977015-d664-444d-a2dd-c33b10545f44 (r5KkjytW7pP9K3-cAAAP)[39m
2026-02-16 01:43:56:4356 [35mhttp[39m: [35mGET /api/users/me[39m
2026-02-16 01:43:56:4356 [35mhttp[39m: [35mGET /api/communities[39m
2026-02-16 01:43:57:4357 [35mhttp[39m: [35mGET /api/users/me[39m
2026-02-16 01:45:24:4524 [32minfo[39m: [32mUser disconnected: r5KkjytW7pP9K3-cAAAP[39m
2026-02-16 01:45:24:4524 [32minfo[39m: [32mUser disconnected: dSVq8-q1-UUBVjMAAAAO[39m
2026-02-16 01:45:24:4524 [32minfo[39m: [32mUser disconnected: J91wCCWyoOvi3QMJAAAN[39m
2026-02-16 01:45:24:4524 [32minfo[39m: [32mUser disconnected: jqDoo0RbAjDlN2F7AAAM[39m
2026-02-16 01:45:24:4524 [35mhttp[39m: [35mGET /api/users/me[39m
2026-02-16 01:45:24:4524 [35mhttp[39m: [35mGET /api/notifications/unread-count[39m
2026-02-16 01:45:24:4524 [35mhttp[39m: [35mGET /api/friends[39m
2026-02-16 01:45:24:4524 [35mhttp[39m: [35mGET /api/communities[39m
2026-02-16 01:45:24:4524 [35mhttp[39m: [35mGET /api/chat/dm/1e6789fa-52f2-4f26-9e7b-a804c6485009[39m
2026-02-16 01:45:25:4525 [32minfo[39m: [32mUser connected: b3977015-d664-444d-a2dd-c33b10545f44 (OUZmlSTMld6Rt2vqAAAT)[39m
2026-02-16 01:45:25:4525 [32minfo[39m: [32mUser connected: b3977015-d664-444d-a2dd-c33b10545f44 (wCPWxnU9F4DIV_yaAAAU)[39m
2026-02-16 01:45:25:4525 [32minfo[39m: [32mUser connected: b3977015-d664-444d-a2dd-c33b10545f44 (ToKj9DZbrgSb5NnyAAAV)[39m
2026-02-16 01:45:25:4525 [35mhttp[39m: [35mGET /api/users/me[39m
2026-02-16 01:45:26:4526 [35mhttp[39m: [35mGET /api/friends[39m
2026-02-16 01:45:26:4526 [35mhttp[39m: [35mPATCH /api/chat/dm/1e6789fa-52f2-4f26-9e7b-a804c6485009/read[39m
2026-02-16 01:45:44:4544 [35mhttp[39m: [35mPOST /api/chat/upload[39m
2026-02-16 01:45:50:4550 [35mhttp[39m: [35mPOST /api/chat/dm/1e6789fa-52f2-4f26-9e7b-a804c6485009[39m
2026-02-16 01:45:50:4550 [31merror[39m: [31mFailed to send DM from b3977015-d664-444d-a2dd-c33b10545f44 to 1e6789fa-52f2-4f26-9e7b-a804c6485009: [39m
[31mInvalid `prisma.directMessage.create()` invocation in[39m
[31mD:\pfe\pfe t7cha0.3\soullink-backend\src\modules\chat\chat.service.ts:9:56[39m

[31m  6 export class ChatService {[39m
[31m  7     async sendDirectMessage(senderId: string, receiverId: string, content: string, type: string = 'TEXT') {[39m
[31m  8         try {[39m
[31m→ 9             const message = await prisma.directMessage.create({[39m
[31m                  data: {[39m
[31m                    senderId: "b3977015-d664-444d-a2dd-c33b10545f44",[39m
[31m                    receiverId: "1e6789fa-52f2-4f26-9e7b-a804c6485009",[39m
[31m                    content: "https://res.cloudinary.com/dkyavazql/video/upload/v1771202748/soullink/uploads/gsbyevb2ogdnqad74ce9.mp4",[39m
[31m                    type: "VIDEO"[39m
[31m                          ~~~~~~~[39m
[31m                  }[39m
[31m                })[39m

[31mInvalid value for argument `type`. Expected MessageType.[39m
2026-02-16 01:45:50:4550 [31merror[39m: [31m[Unhandled Error] Status: 500 - Detail: PrismaClientValidationError: [39m
[31mInvalid `prisma.directMessage.create()` invocation in[39m
[31mD:\pfe\pfe t7cha0.3\soullink-backend\src\modules\chat\chat.service.ts:9:56[39m

[31m  6 export class ChatService {[39m
[31m  7     async sendDirectMessage(senderId: string, receiverId: string, content: string, type: string = 'TEXT') {[39m
[31m  8         try {[39m
[31m→ 9             const message = await prisma.directMessage.create({[39m
[31m                  data: {[39m
[31m                    senderId: "b3977015-d664-444d-a2dd-c33b10545f44",[39m
[31m                    receiverId: "1e6789fa-52f2-4f26-9e7b-a804c6485009",[39m
[31m                    content: "https://res.cloudinary.com/dkyavazql/video/upload/v1771202748/soullink/uploads/gsbyevb2ogdnqad74ce9.mp4",[39m
[31m                    type: "VIDEO"[39m
[31m                          ~~~~~~~[39m
[31m                  }[39m
[31m                })[39m

[31mInvalid value for argument `type`. Expected MessageType.[39m
[31m    at wn (D:\pfe\pfe t7cha0.3\soullink-backend\node_modules\@prisma\client\runtime\library.js:29:1363)[39m
[31m    at $n.handleRequestError (D:\pfe\pfe t7cha0.3\soullink-backend\node_modules\@prisma\client\runtime\library.js:121:6958)[39m
[31m    at $n.handleAndLogRequestError (D:\pfe\pfe t7cha0.3\soullink-backend\node_modules\@prisma\client\runtime\library.js:121:6623)[39m
[31m    at $n.request (D:\pfe\pfe t7cha0.3\soullink-backend\node_modules\@prisma\client\runtime\library.js:121:6307)[39m
[31m    at async l (D:\pfe\pfe t7cha0.3\soullink-backend\node_modules\@prisma\client\runtime\library.js:130:9633)[39m
[31m    at async ChatService.sendDirectMessage (D:\pfe\pfe t7cha0.3\soullink-backend\src\modules\chat\chat.service.ts:9:29)[39m
[31m    at async sendMessage (D:\pfe\pfe t7cha0.3\soullink-backend\src\modules\chat\chat.controller.ts:27:29)[39m
2026-02-16 01:46:07:467 [32minfo[39m: [32mUser disconnected: OUZmlSTMld6Rt2vqAAAT[39m
2026-02-16 01:46:07:467 [32minfo[39m: [32mUser disconnected: ToKj9DZbrgSb5NnyAAAV[39m
2026-02-16 01:46:07:467 [32minfo[39m: [32mUser disconnected: wCPWxnU9F4DIV_yaAAAU[39m
2026-02-16 01:46:08:468 [35mhttp[39m: [35mGET /api/users/me[39m
2026-02-16 01:46:08:468 [35mhttp[39m: [35mGET /api/notifications/unread-count[39m
2026-02-16 01:46:08:468 [35mhttp[39m: [35mGET /api/friends[39m
2026-02-16 01:46:08:468 [35mhttp[39m: [35mGET /api/communities[39m
2026-02-16 01:46:08:468 [35mhttp[39m: [35mGET /api/chat/dm/1e6789fa-52f2-4f26-9e7b-a804c6485009[39m
2026-02-16 01:46:08:468 [32minfo[39m: [32mUser connected: b3977015-d664-444d-a2dd-c33b10545f44 (oR7Iu0HjnIuB05_OAAAa)[39m
2026-02-16 01:46:08:468 [35mhttp[39m: [35mGET /api/friends[39m
2026-02-16 01:46:08:468 [35mhttp[39m: [35mGET /api/users/me[39m
2026-02-16 01:46:09:469 [32minfo[39m: [32mUser connected: b3977015-d664-444d-a2dd-c33b10545f44 (4cOul4SgXn-IWjAoAAAb)[39m
2026-02-16 01:46:09:469 [32minfo[39m: [32mUser connected: b3977015-d664-444d-a2dd-c33b10545f44 (lmqj1IY0Ilp7t6OVAAAZ)[39m
2026-02-16 01:46:09:469 [35mhttp[39m: [35mPATCH /api/chat/dm/1e6789fa-52f2-4f26-9e7b-a804c6485009/read[39m
2026-02-16 01:46:32:4632 [35mhttp[39m: [35mPOST /api/chat/upload[39m
2026-02-16 01:46:36:4636 [35mhttp[39m: [35mPOST /api/chat/dm/1e6789fa-52f2-4f26-9e7b-a804c6485009[39m
2026-02-16 01:46:49:4649 [35mhttp[39m: [35mPOST /api/chat/dm/1e6789fa-52f2-4f26-9e7b-a804c6485009[39m
2026-02-16 01:47:26:4726 [35mhttp[39m: [35mGET /api/chat/search?friendId=1e6789fa-52f2-4f26-9e7b-a804c6485009&query=ee[39m
2026-02-16 01:47:37:4737 [35mhttp[39m: [35mGET /api/chat/search?friendId=1e6789fa-52f2-4f26-9e7b-a804c6485009&query=hello[39m
2026-02-16 01:48:39:4839 [35mhttp[39m: [35mPOST /api/ai/chat[39m
2026-02-16 01:49:56:4956 [35mhttp[39m: [35mGET /api/chat/dm/1e6789fa-52f2-4f26-9e7b-a804c6485009[39m
2026-02-16 01:49:57:4957 [35mhttp[39m: [35mGET /api/friends[39m
2026-02-16 01:49:57:4957 [35mhttp[39m: [35mPATCH /api/chat/dm/1e6789fa-52f2-4f26-9e7b-a804c6485009/read[39m
2026-02-16 01:54:29:5429 [35mhttp[39m: [35mPOST /api/chat/dm/1e6789fa-52f2-4f26-9e7b-a804c6485009[39m
2026-02-16 01:54:47:5447 [35mhttp[39m: [35mPOST /api/ai/chat[39m
2026-02-16 01:54:53:5453 [35mhttp[39m: [35mPOST /api/ai/chat[39m
2026-02-16 01:55:16:5516 [35mhttp[39m: [35mPOST /api/ai/chat[39m
2026-02-16 03:08:21:821 [35mhttp[39m: [35mGET /api/notifications[39m
2026-02-16 03:08:21:821 [35mhttp[39m: [35mGET /api/notifications[39m
2026-02-16 03:08:22:822 [32minfo[39m: [32mUser disconnected: 4cOul4SgXn-IWjAoAAAb[39m
2026-02-16 03:08:22:822 [32minfo[39m: [32mUser disconnected: oR7Iu0HjnIuB05_OAAAa[39m
2026-02-16 03:08:22:822 [32minfo[39m: [32mUser disconnected: lmqj1IY0Ilp7t6OVAAAZ[39m
2026-02-16 03:08:24:824 [35mhttp[39m: [35mPOST /api/auth/login[39m
2026-02-16 03:08:26:826 [35mhttp[39m: [35mGET /api/users/me[39m
2026-02-16 03:08:26:826 [35mhttp[39m: [35mGET /api/notifications/unread-count[39m
2026-02-16 03:08:26:826 [35mhttp[39m: [35mGET /api/friends[39m
2026-02-16 03:08:26:826 [35mhttp[39m: [35mGET /api/communities[39m
2026-02-16 03:08:26:826 [35mhttp[39m: [35mGET /api/users/me[39m
2026-02-16 03:08:27:827 [32minfo[39m: [32mUser connected: b3977015-d664-444d-a2dd-c33b10545f44 (dly-EojnBseqHpkUAAAg)[39m
2026-02-16 03:08:27:827 [32minfo[39m: [32mUser connected: b3977015-d664-444d-a2dd-c33b10545f44 (9D9URmZlz8JLfvSQAAAj)[39m
2026-02-16 03:08:27:827 [32minfo[39m: [32mUser connected: b3977015-d664-444d-a2dd-c33b10545f44 (H3vD5KQ125f7WOdKAAAi)[39m
2026-02-16 03:08:27:827 [32minfo[39m: [32mUser connected: b3977015-d664-444d-a2dd-c33b10545f44 (VfsQJdfsc8_eZkHRAAAh)[39m
2026-02-16 03:08:27:827 [35mhttp[39m: [35mGET /api/users/me[39m
2026-02-16 03:08:27:827 [35mhttp[39m: [35mGET /api/communities[39m
2026-02-16 03:08:27:827 [35mhttp[39m: [35mGET /api/notifications/unread-count[39m
2026-02-16 03:08:27:827 [35mhttp[39m: [35mGET /api/friends[39m
2026-02-16 03:08:27:827 [35mhttp[39m: [35mGET /api/users/me[39m
2026-02-16 03:08:29:829 [35mhttp[39m: [35mGET /api/notifications[39m
2026-02-16 03:08:29:829 [35mhttp[39m: [35mGET /api/notifications[39m
2026-02-16 03:08:32:832 [35mhttp[39m: [35mPATCH /api/notifications/559871c9-041d-4068-98cf-12cceac50f31/read[39m
2026-02-16 03:08:37:837 [35mhttp[39m: [35mGET /api/users/me[39m
2026-02-16 03:08:37:837 [35mhttp[39m: [35mGET /api/users/me[39m
2026-02-16 03:08:41:841 [35mhttp[39m: [35mGET /api/friends[39m
2026-02-16 03:08:41:841 [35mhttp[39m: [35mGET /api/friends/pending[39m
2026-02-16 03:08:41:841 [35mhttp[39m: [35mGET /api/friends/sent[39m
2026-02-16 03:08:42:842 [35mhttp[39m: [35mGET /api/friends/pending[39m
2026-02-16 03:08:42:842 [35mhttp[39m: [35mGET /api/friends[39m
2026-02-16 03:08:42:842 [35mhttp[39m: [35mGET /api/friends/sent[39m
2026-02-16 04:48:08:488 [32minfo[39m: [32mUser disconnected: VfsQJdfsc8_eZkHRAAAh[39m
2026-02-16 04:48:08:488 [32minfo[39m: [32mUser disconnected: H3vD5KQ125f7WOdKAAAi[39m
2026-02-16 04:48:08:488 [32minfo[39m: [32mUser disconnected: dly-EojnBseqHpkUAAAg[39m
2026-02-16 04:48:08:488 [32minfo[39m: [32mUser disconnected: 9D9URmZlz8JLfvSQAAAj[39m
2026-02-18 10:22:01:221 [32minfo[39m: [32mConnected to PostgreSQL database[39m
2026-02-18 10:22:01:221 [32minfo[39m: [32mSoulLink Backend running in development mode on port 4000[39m
2026-02-18 10:22:01:221 [32minfo[39m: [32mPresence Reset: Set 0 users to OFFLINE on startup[39m
2026-02-18 10:30:00:300 [35mhttp[39m: [35mPOST /api/auth/register[39m
2026-02-18 10:30:26:3026 [35mhttp[39m: [35mPOST /api/auth/register[39m
2026-02-18 10:30:33:3033 [32minfo[39m: [32mVerification email sent to ranim.romdhane@esen.tn: <3703b26c-b765-f8d5-0e7e-a1aa4e98b189@gmail.com>[39m
2026-02-18 10:30:58:3058 [35mhttp[39m: [35mPOST /api/auth/verify-email[39m
2026-02-18 10:31:22:3122 [35mhttp[39m: [35mPOST /api/auth/login[39m
2026-02-18 10:31:28:3128 [35mhttp[39m: [35mGET /api/users/me[39m
2026-02-18 10:31:28:3128 [35mhttp[39m: [35mGET /api/notifications/unread-count[39m
2026-02-18 10:31:28:3128 [35mhttp[39m: [35mGET /api/friends[39m
2026-02-18 10:31:28:3128 [35mhttp[39m: [35mGET /api/communities[39m
2026-02-18 10:31:28:3128 [32minfo[39m: [32mUser connected: df34766c-e637-4fb9-a7c0-e76b595fd159 (qrMSfeqEIF-kuyipAAAE)[39m
2026-02-18 10:31:28:3128 [32minfo[39m: [32mUser connected: df34766c-e637-4fb9-a7c0-e76b595fd159 (t4DGqw_RmYI9PEr3AAAF)[39m
2026-02-18 10:31:28:3128 [32minfo[39m: [32mUser connected: df34766c-e637-4fb9-a7c0-e76b595fd159 (ccJ_9Pf9R930SqyeAAAH)[39m
2026-02-18 10:31:28:3128 [32minfo[39m: [32mUser connected: df34766c-e637-4fb9-a7c0-e76b595fd159 (U39Vt33UmbMA63rfAAAG)[39m
2026-02-18 10:31:28:3128 [35mhttp[39m: [35mGET /api/notifications/unread-count[39m
2026-02-18 10:31:28:3128 [35mhttp[39m: [35mGET /api/friends[39m
2026-02-18 10:31:28:3128 [35mhttp[39m: [35mGET /api/communities[39m
2026-02-18 10:31:28:3128 [35mhttp[39m: [35mGET /api/users/me[39m
2026-02-18 10:31:29:3129 [35mhttp[39m: [35mGET /api/users/me[39m
2026-02-18 10:31:29:3129 [35mhttp[39m: [35mGET /api/users/me[39m
2026-02-18 10:31:34:3134 [35mhttp[39m: [35mGET /api/users/me[39m
2026-02-18 10:31:35:3135 [35mhttp[39m: [35mGET /api/users/me[39m
2026-02-18 10:31:54:3154 [35mhttp[39m: [35mPOST /api/users/me/avatar[39m
2026-02-18 10:32:18:3218 [35mhttp[39m: [35mPATCH /api/users/me[39m
2026-02-18 10:32:29:3229 [35mhttp[39m: [35mGET /api/users/search?q=mousa[39m
2026-02-18 10:32:29:3229 [35mhttp[39m: [35mGET /api/friends/sent[39m
2026-02-18 10:32:29:3229 [35mhttp[39m: [35mGET /api/friends/pending[39m
2026-02-18 10:32:29:3229 [35mhttp[39m: [35mGET /api/friends[39m
2026-02-18 10:32:31:3231 [35mhttp[39m: [35mPOST /api/friends/request[39m
2026-02-18 10:32:38:3238 [35mhttp[39m: [35mGET /api/friends[39m
2026-02-18 10:32:38:3238 [35mhttp[39m: [35mGET /api/friends/pending[39m
2026-02-18 10:32:38:3238 [35mhttp[39m: [35mGET /api/friends/sent[39m
2026-02-18 10:32:39:3239 [35mhttp[39m: [35mGET /api/friends[39m
2026-02-18 10:32:39:3239 [35mhttp[39m: [35mGET /api/friends/pending[39m
2026-02-18 10:32:39:3239 [35mhttp[39m: [35mGET /api/friends/sent[39m
2026-02-18 10:32:53:3253 [35mhttp[39m: [35mGET /api/soulgames[39m
2026-02-18 10:32:54:3254 [35mhttp[39m: [35mGET /api/soulgames[39m
2026-02-18 10:32:56:3256 [32minfo[39m: [32mUser disconnected: qrMSfeqEIF-kuyipAAAE[39m
2026-02-18 10:32:56:3256 [32minfo[39m: [32mUser disconnected: ccJ_9Pf9R930SqyeAAAH[39m
2026-02-18 10:32:56:3256 [32minfo[39m: [32mUser disconnected: U39Vt33UmbMA63rfAAAG[39m
2026-02-18 10:32:56:3256 [32minfo[39m: [32mUser disconnected: t4DGqw_RmYI9PEr3AAAF[39m
2026-02-18 10:32:57:3257 [35mhttp[39m: [35mGET /api/soulgames[39m
2026-02-18 10:32:57:3257 [35mhttp[39m: [35mGET /api/users/me[39m
2026-02-18 10:32:57:3257 [35mhttp[39m: [35mGET /api/notifications/unread-count[39m
2026-02-18 10:32:57:3257 [35mhttp[39m: [35mGET /api/friends[39m
2026-02-18 10:32:57:3257 [35mhttp[39m: [35mGET /api/communities[39m
2026-02-18 10:32:57:3257 [32minfo[39m: [32mUser connected: df34766c-e637-4fb9-a7c0-e76b595fd159 (Yk7P4Qf7ROHt5007AAAL)[39m
2026-02-18 10:32:57:3257 [32minfo[39m: [32mUser connected: df34766c-e637-4fb9-a7c0-e76b595fd159 (sjEw8JkESh1zk2lKAAAK)[39m
2026-02-18 10:32:58:3258 [35mhttp[39m: [35mGET /api/users/me[39m
2026-02-18 10:33:14:3314 [35mhttp[39m: [35mGET /api/soulgames/bde8543d-0a45-48f5-9aab-1bfd52804685[39m
2026-02-18 10:33:14:3314 [35mhttp[39m: [35mGET /api/soulgames/bde8543d-0a45-48f5-9aab-1bfd52804685[39m
2026-02-18 10:33:22:3322 [35mhttp[39m: [35mGET /api/soulgames[39m
2026-02-18 10:33:23:3323 [35mhttp[39m: [35mGET /api/soulgames[39m
2026-02-18 10:33:36:3336 [35mhttp[39m: [35mGET /api/users/me[39m
2026-02-18 10:33:37:3337 [35mhttp[39m: [35mGET /api/users/me[39m
2026-02-18 10:33:44:3344 [35mhttp[39m: [35mGET /api/users/me[39m
2026-02-18 10:33:44:3344 [35mhttp[39m: [35mGET /api/users/me[39m
2026-02-18 10:34:06:346 [35mhttp[39m: [35mPOST /api/auth/login-face[39m
2026-02-18 10:34:07:347 [35mhttp[39m: [35mGET /api/users/me[39m
2026-02-18 10:34:07:347 [35mhttp[39m: [35mGET /api/notifications/unread-count[39m
2026-02-18 10:34:07:347 [35mhttp[39m: [35mGET /api/friends[39m
2026-02-18 10:34:07:347 [35mhttp[39m: [35mGET /api/communities[39m
2026-02-18 10:34:07:347 [35mhttp[39m: [35mGET /api/users/me[39m
2026-02-18 10:34:07:347 [35mhttp[39m: [35mGET /api/notifications/unread-count[39m
2026-02-18 10:34:07:347 [35mhttp[39m: [35mGET /api/communities[39m
2026-02-18 10:34:07:347 [35mhttp[39m: [35mGET /api/friends[39m
2026-02-18 10:34:07:347 [35mhttp[39m: [35mGET /api/users/me[39m
2026-02-18 10:34:08:348 [35mhttp[39m: [35mGET /api/users/me[39m
2026-02-18 10:49:28:4928 [35mhttp[39m: [35mGET /api/users/me[39m
2026-02-18 10:49:29:4929 [35mhttp[39m: [35mGET /api/users/me[39m
2026-02-18 10:49:33:4933 [35mhttp[39m: [35mGET /api/users/me[39m
2026-02-18 10:49:33:4933 [35mhttp[39m: [35mGET /api/users/me[39m
2026-02-18 10:59:58:5958 [35mhttp[39m: [35mGET /api/soulgames[39m
2026-02-18 11:00:00:00 [35mhttp[39m: [35mGET /api/soulgames[39m
2026-02-18 11:00:03:03 [35mhttp[39m: [35mGET /api/soulgames/bde8543d-0a45-48f5-9aab-1bfd52804685[39m
2026-02-18 11:00:04:04 [35mhttp[39m: [35mGET /api/soulgames/bde8543d-0a45-48f5-9aab-1bfd52804685[39m
2026-02-18 11:00:07:07 [35mhttp[39m: [35mGET /api/soulgames[39m
2026-02-18 11:00:07:07 [35mhttp[39m: [35mGET /api/soulgames[39m
2026-02-18 11:00:24:024 [35mhttp[39m: [35mGET /api/soulgames/bde8543d-0a45-48f5-9aab-1bfd52804685[39m
2026-02-18 11:00:24:024 [35mhttp[39m: [35mGET /api/soulgames/bde8543d-0a45-48f5-9aab-1bfd52804685[39m
2026-02-18 11:03:23:323 [35mhttp[39m: [35mGET /api/soulgames[39m
2026-02-18 11:03:24:324 [35mhttp[39m: [35mGET /api/soulgames[39m
2026-02-18 11:05:45:545 [35mhttp[39m: [35mPOST /api/ai/chat[39m
2026-02-18 11:07:53:753 [32minfo[39m: [32mUser disconnected: Yk7P4Qf7ROHt5007AAAL[39m
2026-02-18 11:07:53:753 [32minfo[39m: [32mUser disconnected: sjEw8JkESh1zk2lKAAAK[39m
2026-02-18 11:07:54:754 [35mhttp[39m: [35mGET /api/users/me[39m
2026-02-18 11:07:54:754 [35mhttp[39m: [35mGET /api/notifications/unread-count[39m
2026-02-18 11:07:54:754 [35mhttp[39m: [35mGET /api/friends[39m
2026-02-18 11:07:54:754 [35mhttp[39m: [35mGET /api/communities[39m
2026-02-18 11:07:54:754 [35mhttp[39m: [35mGET /api/soulgames[39m
2026-02-18 11:07:54:754 [35mhttp[39m: [35mGET /api/users/me[39m
2026-02-18 11:07:54:754 [32minfo[39m: [32mUser connected: df34766c-e637-4fb9-a7c0-e76b595fd159 (Dl-4v1yFPe_qWNJ3AAAO)[39m
2026-02-18 11:07:54:754 [32minfo[39m: [32mUser connected: df34766c-e637-4fb9-a7c0-e76b595fd159 (tszR81E6s3zxaKxtAAAP)[39m
2026-02-18 11:18:43:1843 [35mhttp[39m: [35mPOST /api/ai/chat[39m
2026-02-18 11:37:41:3741 [35mhttp[39m: [35mGET /api/users/me[39m
2026-02-18 11:37:41:3741 [35mhttp[39m: [35mGET /api/users/me[39m
2026-02-18 11:37:41:3741 [32minfo[39m: [32mUser disconnected: tszR81E6s3zxaKxtAAAP[39m
2026-02-18 11:37:41:3741 [32minfo[39m: [32mUser disconnected: Dl-4v1yFPe_qWNJ3AAAO[39m
2026-02-18 11:38:00:380 [35mhttp[39m: [35mPOST /api/auth/login-face[39m
2026-02-18 11:38:00:380 [35mhttp[39m: [35mGET /api/users/me[39m
2026-02-18 11:38:00:380 [35mhttp[39m: [35mGET /api/notifications/unread-count[39m
2026-02-18 11:38:00:380 [35mhttp[39m: [35mGET /api/friends[39m
2026-02-18 11:38:00:380 [35mhttp[39m: [35mGET /api/communities[39m
2026-02-18 11:38:00:380 [35mhttp[39m: [35mGET /api/users/me[39m
2026-02-18 11:38:01:381 [32minfo[39m: [32mUser connected: 4009bace-ec0f-4b32-8668-336067ba3c7d (gBjsOJE09kTs-fm_AAAU)[39m
2026-02-18 11:38:01:381 [32minfo[39m: [32mUser connected: 4009bace-ec0f-4b32-8668-336067ba3c7d (JPPKgZTBx0QmJnqgAAAV)[39m
2026-02-18 11:38:01:381 [32minfo[39m: [32mUser connected: 4009bace-ec0f-4b32-8668-336067ba3c7d (pToMD97f2WahVQ3TAAAW)[39m
2026-02-18 11:38:01:381 [32minfo[39m: [32mUser connected: 4009bace-ec0f-4b32-8668-336067ba3c7d (TQ2iL7dhwRTHtWqyAAAX)[39m
2026-02-18 11:38:01:381 [35mhttp[39m: [35mGET /api/users/me[39m
2026-02-18 11:38:01:381 [35mhttp[39m: [35mGET /api/notifications/unread-count[39m
2026-02-18 11:38:01:381 [35mhttp[39m: [35mGET /api/communities[39m
2026-02-18 11:38:01:381 [35mhttp[39m: [35mGET /api/friends[39m
2026-02-18 11:38:01:381 [35mhttp[39m: [35mGET /api/users/me[39m
2026-02-18 11:38:12:3812 [35mhttp[39m: [35mGET /api/chat/dm/9fc52438-1033-4c1d-a268-afdf061751cc[39m
2026-02-18 11:38:12:3812 [35mhttp[39m: [35mGET /api/chat/dm/9fc52438-1033-4c1d-a268-afdf061751cc[39m
2026-02-18 11:38:12:3812 [35mhttp[39m: [35mGET /api/friends[39m
2026-02-18 11:38:12:3812 [35mhttp[39m: [35mGET /api/friends[39m
2026-02-18 11:38:12:3812 [35mhttp[39m: [35mPATCH /api/chat/dm/9fc52438-1033-4c1d-a268-afdf061751cc/read[39m
2026-02-18 11:38:12:3812 [35mhttp[39m: [35mPATCH /api/chat/dm/9fc52438-1033-4c1d-a268-afdf061751cc/read[39m
2026-02-18 11:38:27:3827 [35mhttp[39m: [35mGET /api/users/me[39m
2026-02-18 11:38:27:3827 [35mhttp[39m: [35mGET /api/users/me[39m
2026-02-18 12:23:56:2356 [35mhttp[39m: [35mPOST /api/ai/chat[39m
2026-02-18 12:27:08:278 [32minfo[39m: [32mUser disconnected: TQ2iL7dhwRTHtWqyAAAX[39m
2026-02-18 12:27:08:278 [32minfo[39m: [32mUser disconnected: pToMD97f2WahVQ3TAAAW[39m
2026-02-18 12:27:08:278 [32minfo[39m: [32mUser disconnected: gBjsOJE09kTs-fm_AAAU[39m
2026-02-18 12:27:08:278 [32minfo[39m: [32mUser disconnected: JPPKgZTBx0QmJnqgAAAV[39m
2026-02-18 13:24:54:2454 [31merror[39m: [31mSocket Auth: JWT verification failed for socket cuaiuY2LqG29xw1xAAAc. Error: jwt expired[39m
2026-02-18 13:24:54:2454 [31merror[39m: [31mSocket Auth: JWT verification failed for socket _wf6mx2eOPPvfKOsAAAd. Error: jwt expired[39m
2026-02-18 13:24:54:2454 [31merror[39m: [31mSocket Auth: JWT verification failed for socket aSHV8VXrDh8ftbBQAAAe. Error: jwt expired[39m
2026-02-18 13:24:54:2454 [31merror[39m: [31mSocket Auth: JWT verification failed for socket i0Q3tx4hbPQy0zIuAAAf. Error: jwt expired[39m
2026-02-18 13:24:55:2455 [31merror[39m: [31mPresence Offline Error for 4009bace-ec0f-4b32-8668-336067ba3c7d: [39m
[31mInvalid `prisma.user.update()` invocation in[39m
[31mD:\pfe\pfe 0.3\soullink-backend\src\server.ts:103:39[39m

[31m  100 userSockets.delete(user.id);[39m
[31m  101 // Last connection closed: set offline[39m
[31m  102 try {[39m
[31m→ 103     await prisma.user.update([39m
[31mServer has closed the connection.[39m
2026-02-19 02:16:22:1622 [31merror[39m: [31mSocket Auth: JWT verification failed for socket VEbv5jg6VRmIXzMXAAAi. Error: jwt expired[39m
2026-02-19 02:16:22:1622 [35mhttp[39m: [35mGET /api/users/me[39m
2026-02-19 02:16:22:1622 [31merror[39m: [31mSocket Auth: JWT verification failed for socket 6D30YHxRWxZuZPaxAAAj. Error: jwt expired[39m
2026-02-19 02:16:22:1622 [35mhttp[39m: [35mGET /api/users/me[39m
2026-02-19 02:16:22:1622 [35mhttp[39m: [35mGET /api/notifications/unread-count[39m
2026-02-19 02:16:22:1622 [35mhttp[39m: [35mGET /api/friends[39m
2026-02-19 02:16:22:1622 [35mhttp[39m: [35mGET /api/communities[39m
2026-02-19 02:16:23:1623 [35mhttp[39m: [35mGET /api/users/me[39m
2026-02-19 02:16:25:1625 [35mhttp[39m: [35mPOST /api/auth/login[39m
2026-02-19 02:16:28:1628 [35mhttp[39m: [35mGET /api/users/me[39m
2026-02-19 02:16:28:1628 [35mhttp[39m: [35mGET /api/notifications/unread-count[39m
2026-02-19 02:16:28:1628 [35mhttp[39m: [35mGET /api/friends[39m
2026-02-19 02:16:28:1628 [35mhttp[39m: [35mGET /api/communities[39m
2026-02-19 02:16:29:1629 [35mhttp[39m: [35mGET /api/users/me[39m
2026-02-19 02:16:29:1629 [32minfo[39m: [32mUser connected: b3977015-d664-444d-a2dd-c33b10545f44 (AnoZ4Bu3OXuiHWa6AAAp)[39m
2026-02-19 02:16:29:1629 [32minfo[39m: [32mUser connected: b3977015-d664-444d-a2dd-c33b10545f44 (Wz_bI2qWyl6rkRiSAAAo)[39m
2026-02-19 02:16:29:1629 [35mhttp[39m: [35mGET /api/users/me[39m
2026-02-19 02:16:29:1629 [32minfo[39m: [32mUser connected: b3977015-d664-444d-a2dd-c33b10545f44 (sNsyS2zJCCJ0s5n7AAAr)[39m
2026-02-19 02:16:29:1629 [32minfo[39m: [32mUser connected: b3977015-d664-444d-a2dd-c33b10545f44 (gf-u61TjTk5aGtImAAAq)[39m
2026-02-19 02:16:29:1629 [35mhttp[39m: [35mGET /api/notifications/unread-count[39m
2026-02-19 02:16:29:1629 [35mhttp[39m: [35mGET /api/communities[39m
2026-02-19 02:16:29:1629 [35mhttp[39m: [35mGET /api/friends[39m
2026-02-19 02:16:29:1629 [35mhttp[39m: [35mGET /api/users/me[39m
2026-02-19 02:16:32:1632 [35mhttp[39m: [35mGET /api/notifications[39m
2026-02-19 02:16:32:1632 [35mhttp[39m: [35mGET /api/notifications[39m
2026-02-19 02:16:36:1636 [35mhttp[39m: [35mGET /api/friends[39m
2026-02-19 02:16:36:1636 [35mhttp[39m: [35mGET /api/friends/pending[39m
2026-02-19 02:16:36:1636 [35mhttp[39m: [35mGET /api/friends/sent[39m
2026-02-19 02:16:36:1636 [35mhttp[39m: [35mGET /api/friends/pending[39m
2026-02-19 02:16:36:1636 [35mhttp[39m: [35mGET /api/friends[39m
2026-02-19 02:16:36:1636 [35mhttp[39m: [35mGET /api/friends/sent[39m
2026-02-19 02:16:48:1648 [35mhttp[39m: [35mGET /api/users/me[39m
2026-02-19 02:16:48:1648 [35mhttp[39m: [35mGET /api/users/me[39m
2026-02-19 02:16:52:1652 [35mhttp[39m: [35mGET /api/users/me[39m
2026-02-19 02:16:52:1652 [35mhttp[39m: [35mGET /api/users/me[39m
2026-02-19 02:17:03:173 [35mhttp[39m: [35mPOST /api/auth/login[39m
2026-02-19 02:17:04:174 [35mhttp[39m: [35mGET /api/users/me[39m
2026-02-19 02:17:04:174 [35mhttp[39m: [35mGET /api/notifications/unread-count[39m
2026-02-19 02:17:04:174 [35mhttp[39m: [35mGET /api/friends[39m
2026-02-19 02:17:04:174 [35mhttp[39m: [35mGET /api/communities[39m
2026-02-19 02:17:04:174 [35mhttp[39m: [35mGET /api/users/me[39m
2026-02-19 02:17:05:175 [35mhttp[39m: [35mGET /api/communities[39m
2026-02-19 02:17:05:175 [35mhttp[39m: [35mGET /api/notifications/unread-count[39m
2026-02-19 02:17:05:175 [35mhttp[39m: [35mGET /api/friends[39m
2026-02-19 02:17:05:175 [35mhttp[39m: [35mGET /api/users/me[39m
2026-02-19 02:17:05:175 [35mhttp[39m: [35mGET /api/users/me[39m
2026-02-19 02:17:10:1710 [35mhttp[39m: [35mGET /api/notifications[39m
2026-02-19 02:17:10:1710 [35mhttp[39m: [35mGET /api/notifications[39m
2026-02-19 02:17:14:1714 [35mhttp[39m: [35mPATCH /api/notifications/45778892-832c-4016-b951-dcec64d0ec60/read[39m
2026-02-19 02:17:20:1720 [35mhttp[39m: [35mGET /api/friends/pending[39m
2026-02-19 02:17:21:1721 [35mhttp[39m: [35mPATCH /api/friends/3eae6b0e-c580-480a-a4cd-d319fbd4c606/respond[39m
2026-02-19 02:17:22:1722 [35mhttp[39m: [35mDELETE /api/notifications/f60e0fbe-90eb-42fc-bf97-f04bef551ac6[39m
2026-02-19 02:17:26:1726 [35mhttp[39m: [35mGET /api/friends[39m
2026-02-19 02:17:26:1726 [35mhttp[39m: [35mGET /api/friends/pending[39m
2026-02-19 02:17:26:1726 [35mhttp[39m: [35mGET /api/friends/sent[39m
2026-02-19 02:17:27:1727 [35mhttp[39m: [35mGET /api/friends/sent[39m
2026-02-19 02:17:27:1727 [35mhttp[39m: [35mGET /api/friends/pending[39m
2026-02-19 02:17:27:1727 [35mhttp[39m: [35mGET /api/friends[39m
2026-02-19 02:17:33:1733 [35mhttp[39m: [35mPATCH /api/friends/83e65cc0-466d-425d-9616-65f1516cb4b6/respond[39m
2026-02-19 02:17:34:1734 [35mhttp[39m: [35mGET /api/friends[39m
2026-02-19 02:17:34:1734 [35mhttp[39m: [35mGET /api/friends/pending[39m
2026-02-19 02:17:34:1734 [35mhttp[39m: [35mGET /api/friends/sent[39m
2026-02-19 02:17:34:1734 [35mhttp[39m: [35mGET /api/friends[39m
2026-02-19 05:15:14:1514 [35mhttp[39m: [35mGET /api/chat/dm/9fc52438-1033-4c1d-a268-afdf061751cc[39m
2026-02-19 05:15:14:1514 [35mhttp[39m: [35mGET /api/chat/dm/9fc52438-1033-4c1d-a268-afdf061751cc[39m
2026-02-19 05:15:14:1514 [32minfo[39m: [32mUser disconnected: sNsyS2zJCCJ0s5n7AAAr[39m
2026-02-19 05:15:14:1514 [32minfo[39m: [32mUser disconnected: gf-u61TjTk5aGtImAAAq[39m
2026-02-19 05:15:14:1514 [32minfo[39m: [32mUser disconnected: AnoZ4Bu3OXuiHWa6AAAp[39m
2026-02-19 05:15:14:1514 [32minfo[39m: [32mUser disconnected: Wz_bI2qWyl6rkRiSAAAo[39m
2026-02-23 03:43:36:4336 [32minfo[39m: [32mConnected to PostgreSQL database[39m
2026-02-23 03:43:36:4336 [32minfo[39m: [32mSoulLink Backend running in development mode on port 4000[39m
2026-02-23 03:43:36:4336 [32minfo[39m: [32mPresence Reset: Set 0 users to OFFLINE on startup[39m
2026-02-23 03:44:29:4429 [35mhttp[39m: [35mPOST /api/auth/login[39m
2026-02-23 03:44:39:4439 [35mhttp[39m: [35mGET /api/users/me[39m
2026-02-23 03:44:39:4439 [35mhttp[39m: [35mGET /api/notifications/unread-count[39m
2026-02-23 03:44:39:4439 [35mhttp[39m: [35mGET /api/friends[39m
2026-02-23 03:44:39:4439 [35mhttp[39m: [35mGET /api/communities[39m
2026-02-23 03:44:40:4440 [32minfo[39m: [32mUser connected: 4009bace-ec0f-4b32-8668-336067ba3c7d (9XkVi8HnYYLn-snJAAAH)[39m
2026-02-23 03:44:40:4440 [32minfo[39m: [32mUser connected: 4009bace-ec0f-4b32-8668-336067ba3c7d (BBr31FpRKaMgqZqWAAAG)[39m
2026-02-23 03:44:40:4440 [32minfo[39m: [32mUser connected: 4009bace-ec0f-4b32-8668-336067ba3c7d (CqzqFb3ZykZN_4ZNAAAE)[39m
2026-02-23 03:44:40:4440 [32minfo[39m: [32mUser connected: 4009bace-ec0f-4b32-8668-336067ba3c7d (JAnTewUOoml2QN39AAAF)[39m
2026-02-23 03:44:40:4440 [35mhttp[39m: [35mGET /api/notifications/unread-count[39m
2026-02-23 03:44:40:4440 [35mhttp[39m: [35mGET /api/communities[39m
2026-02-23 03:44:40:4440 [35mhttp[39m: [35mGET /api/users/me[39m
2026-02-23 03:44:40:4440 [35mhttp[39m: [35mGET /api/users/me[39m
2026-02-23 03:44:40:4440 [35mhttp[39m: [35mGET /api/friends[39m
2026-02-23 03:44:40:4440 [35mhttp[39m: [35mGET /api/users/me[39m
2026-02-23 03:45:21:4521 [35mhttp[39m: [35mPOST /api/ai/chat[39m
2026-02-23 03:45:31:4531 [35mhttp[39m: [35mPOST /api/ai/chat[39m
2026-02-23 03:45:39:4539 [35mhttp[39m: [35mPOST /api/ai/chat[39m
2026-02-23 03:45:45:4545 [35mhttp[39m: [35mGET /api/soulgames[39m
2026-02-23 03:45:45:4545 [35mhttp[39m: [35mGET /api/soulgames[39m
2026-02-23 03:52:39:5239 [32minfo[39m: [32mUser disconnected: CqzqFb3ZykZN_4ZNAAAE[39m
2026-02-23 03:52:39:5239 [32minfo[39m: [32mUser disconnected: 9XkVi8HnYYLn-snJAAAH[39m
2026-02-23 03:52:39:5239 [32minfo[39m: [32mUser disconnected: BBr31FpRKaMgqZqWAAAG[39m
2026-02-23 03:52:39:5239 [32minfo[39m: [32mUser disconnected: JAnTewUOoml2QN39AAAF[39m
2026-02-23 03:52:42:5242 [35mhttp[39m: [35mGET /api/users/me[39m
2026-02-23 03:52:42:5242 [35mhttp[39m: [35mGET /api/notifications/unread-count[39m
2026-02-23 03:52:42:5242 [35mhttp[39m: [35mGET /api/friends[39m
2026-02-23 03:52:42:5242 [35mhttp[39m: [35mGET /api/communities[39m
2026-02-23 03:52:42:5242 [35mhttp[39m: [35mGET /api/soulgames[39m
2026-02-23 03:52:42:5242 [35mhttp[39m: [35mGET /api/users/me[39m
2026-02-23 03:52:42:5242 [32minfo[39m: [32mUser connected: 4009bace-ec0f-4b32-8668-336067ba3c7d (5zbNZ5SDeg8duP23AAAK)[39m
2026-02-23 03:52:42:5242 [32minfo[39m: [32mUser connected: 4009bace-ec0f-4b32-8668-336067ba3c7d (__T_rVjJL8Jq74yfAAAL)[39m
2026-02-23 03:52:46:5246 [35mhttp[39m: [35mGET /api/friends[39m
2026-02-23 03:52:46:5246 [35mhttp[39m: [35mGET /api/friends/sent[39m
2026-02-23 03:52:46:5246 [35mhttp[39m: [35mGET /api/friends/pending[39m
2026-02-23 03:52:46:5246 [35mhttp[39m: [35mGET /api/friends/sent[39m
2026-02-23 03:52:46:5246 [35mhttp[39m: [35mGET /api/friends/pending[39m
2026-02-23 03:52:46:5246 [35mhttp[39m: [35mGET /api/friends[39m
2026-02-23 04:06:26:626 [35mhttp[39m: [35mPOST /api/auth/login[39m
2026-02-23 04:06:28:628 [35mhttp[39m: [35mGET /api/users/me[39m
2026-02-23 04:06:28:628 [35mhttp[39m: [35mGET /api/notifications/unread-count[39m
2026-02-23 04:06:28:628 [35mhttp[39m: [35mGET /api/friends[39m
2026-02-23 04:06:28:628 [35mhttp[39m: [35mGET /api/communities[39m
2026-02-23 04:06:29:629 [35mhttp[39m: [35mGET /api/users/me[39m
2026-02-23 04:06:30:630 [35mhttp[39m: [35mGET /api/users/me[39m
2026-02-23 04:06:30:630 [35mhttp[39m: [35mGET /api/communities[39m
2026-02-23 04:06:30:630 [35mhttp[39m: [35mGET /api/notifications/unread-count[39m
2026-02-23 04:06:31:631 [35mhttp[39m: [35mGET /api/users/me[39m
2026-02-23 04:06:31:631 [35mhttp[39m: [35mGET /api/friends[39m
2026-02-23 04:11:28:1128 [35mhttp[39m: [35mGET /api/friends[39m
2026-02-23 04:11:28:1128 [35mhttp[39m: [35mGET /api/friends/pending[39m
2026-02-23 04:11:28:1128 [35mhttp[39m: [35mGET /api/friends/sent[39m
2026-02-23 04:11:29:1129 [35mhttp[39m: [35mGET /api/friends/sent[39m
2026-02-23 04:11:29:1129 [35mhttp[39m: [35mGET /api/friends/pending[39m
2026-02-23 04:11:30:1130 [35mhttp[39m: [35mGET /api/friends[39m
2026-02-23 04:11:37:1137 [35mhttp[39m: [35mGET /api/friends[39m
2026-02-23 04:11:37:1137 [35mhttp[39m: [35mGET /api/friends/pending[39m
2026-02-23 04:11:37:1137 [35mhttp[39m: [35mGET /api/friends/sent[39m
2026-02-23 04:11:37:1137 [35mhttp[39m: [35mGET /api/friends/sent[39m
2026-02-23 04:11:37:1137 [35mhttp[39m: [35mGET /api/friends/pending[39m
2026-02-23 04:11:37:1137 [35mhttp[39m: [35mGET /api/friends[39m
2026-02-23 04:11:49:1149 [35mhttp[39m: [35mPOST /api/ai/chat[39m
2026-02-23 04:24:48:2448 [32minfo[39m: [32mUser disconnected: 5zbNZ5SDeg8duP23AAAK[39m
2026-02-23 04:24:48:2448 [32minfo[39m: [32mUser disconnected: __T_rVjJL8Jq74yfAAAL[39m
2026-02-23 04:28:23:2823 [35mhttp[39m: [35mPOST /api/auth/login[39m
2026-02-23 04:28:25:2825 [35mhttp[39m: [35mGET /api/notifications/unread-count[39m
2026-02-23 04:28:25:2825 [35mhttp[39m: [35mGET /api/users/me[39m
2026-02-23 04:28:25:2825 [35mhttp[39m: [35mGET /api/friends[39m
2026-02-23 04:28:25:2825 [35mhttp[39m: [35mGET /api/communities[39m
2026-02-23 04:28:25:2825 [35mhttp[39m: [35mGET /api/notifications/unread-count[39m
2026-02-23 04:28:25:2825 [32minfo[39m: [32mUser connected: 4009bace-ec0f-4b32-8668-336067ba3c7d (zmIRjG5JNS99bLjKAAAR)[39m
2026-02-23 04:28:25:2825 [32minfo[39m: [32mUser connected: 4009bace-ec0f-4b32-8668-336067ba3c7d (QwZImur_7EMkcjYrAAAT)[39m
2026-02-23 04:28:25:2825 [32minfo[39m: [32mUser connected: 4009bace-ec0f-4b32-8668-336067ba3c7d (lV9SvI-2SFaei8czAAAS)[39m
2026-02-23 04:28:25:2825 [32minfo[39m: [32mUser connected: 4009bace-ec0f-4b32-8668-336067ba3c7d (-p-cCN0BSlEJBsJjAAAQ)[39m
2026-02-23 04:28:25:2825 [35mhttp[39m: [35mGET /api/communities[39m
2026-02-23 04:28:25:2825 [35mhttp[39m: [35mGET /api/users/me[39m
2026-02-23 04:28:26:2826 [35mhttp[39m: [35mGET /api/friends[39m
2026-02-23 04:28:26:2826 [35mhttp[39m: [35mGET /api/users/me[39m
2026-02-23 04:28:26:2826 [35mhttp[39m: [35mGET /api/users/me[39m
2026-02-23 04:37:27:3727 [35mhttp[39m: [35mPOST /api/ai/chat[39m
2026-02-23 04:37:52:3752 [35mhttp[39m: [35mPOST /api/ai/chat[39m
2026-02-23 04:38:09:389 [32minfo[39m: [32mUser disconnected: QwZImur_7EMkcjYrAAAT[39m
2026-02-23 04:38:09:389 [32minfo[39m: [32mUser disconnected: lV9SvI-2SFaei8czAAAS[39m
2026-02-23 04:38:09:389 [32minfo[39m: [32mUser disconnected: zmIRjG5JNS99bLjKAAAR[39m
2026-02-23 04:38:09:389 [32minfo[39m: [32mUser disconnected: -p-cCN0BSlEJBsJjAAAQ[39m
2026-02-23 04:38:10:3810 [35mhttp[39m: [35mGET /api/users/me[39m
2026-02-23 04:38:10:3810 [35mhttp[39m: [35mGET /api/notifications/unread-count[39m
2026-02-23 04:38:10:3810 [35mhttp[39m: [35mGET /api/friends[39m
2026-02-23 04:38:10:3810 [35mhttp[39m: [35mGET /api/communities[39m
2026-02-23 04:38:10:3810 [35mhttp[39m: [35mGET /api/users/me[39m
2026-02-23 04:38:10:3810 [32minfo[39m: [32mUser connected: 4009bace-ec0f-4b32-8668-336067ba3c7d (4Nn0l7UPAHLRoY3gAAAW)[39m
2026-02-23 04:38:10:3810 [32minfo[39m: [32mUser connected: 4009bace-ec0f-4b32-8668-336067ba3c7d (caRTBWfjQUNbcwCXAAAX)[39m
2026-02-23 04:38:15:3815 [35mhttp[39m: [35mGET /api/friends[39m
2026-02-23 04:38:15:3815 [35mhttp[39m: [35mGET /api/friends/pending[39m
2026-02-23 04:38:15:3815 [35mhttp[39m: [35mGET /api/friends/sent[39m
2026-02-23 04:38:15:3815 [35mhttp[39m: [35mGET /api/friends/sent[39m
2026-02-23 04:38:15:3815 [35mhttp[39m: [35mGET /api/friends/pending[39m
2026-02-23 04:38:15:3815 [35mhttp[39m: [35mGET /api/friends[39m
2026-02-23 04:38:55:3855 [35mhttp[39m: [35mGET /api/chat/dm/9fc52438-1033-4c1d-a268-afdf061751cc[39m
2026-02-23 04:38:56:3856 [35mhttp[39m: [35mGET /api/chat/dm/9fc52438-1033-4c1d-a268-afdf061751cc[39m
2026-02-23 04:38:56:3856 [35mhttp[39m: [35mGET /api/friends[39m
2026-02-23 04:38:56:3856 [35mhttp[39m: [35mGET /api/friends[39m
2026-02-23 04:38:56:3856 [35mhttp[39m: [35mPATCH /api/chat/dm/9fc52438-1033-4c1d-a268-afdf061751cc/read[39m
2026-02-23 04:38:56:3856 [35mhttp[39m: [35mPATCH /api/chat/dm/9fc52438-1033-4c1d-a268-afdf061751cc/read[39m
2026-02-23 04:41:12:4112 [35mhttp[39m: [35mGET /api/friends[39m
2026-02-23 04:41:12:4112 [35mhttp[39m: [35mGET /api/friends/pending[39m
2026-02-23 04:41:12:4112 [35mhttp[39m: [35mGET /api/friends/sent[39m
2026-02-23 04:41:13:4113 [35mhttp[39m: [35mGET /api/friends/sent[39m
2026-02-23 04:41:13:4113 [35mhttp[39m: [35mGET /api/friends/pending[39m
2026-02-23 04:41:13:4113 [35mhttp[39m: [35mGET /api/friends[39m
2026-02-23 04:41:19:4119 [35mhttp[39m: [35mGET /api/chat/dm/9fc52438-1033-4c1d-a268-afdf061751cc[39m
2026-02-23 04:41:19:4119 [35mhttp[39m: [35mGET /api/chat/dm/9fc52438-1033-4c1d-a268-afdf061751cc[39m
2026-02-23 04:41:19:4119 [35mhttp[39m: [35mGET /api/friends[39m
2026-02-23 04:41:20:4120 [35mhttp[39m: [35mGET /api/friends[39m
2026-02-23 04:41:20:4120 [35mhttp[39m: [35mPATCH /api/chat/dm/9fc52438-1033-4c1d-a268-afdf061751cc/read[39m
2026-02-23 04:41:20:4120 [35mhttp[39m: [35mPATCH /api/chat/dm/9fc52438-1033-4c1d-a268-afdf061751cc/read[39m
2026-02-23 04:41:43:4143 [32minfo[39m: [32mUser disconnected: caRTBWfjQUNbcwCXAAAX[39m
2026-02-23 04:41:43:4143 [32minfo[39m: [32mUser disconnected: 4Nn0l7UPAHLRoY3gAAAW[39m
2026-02-23 04:41:43:4143 [35mhttp[39m: [35mGET /api/users/me[39m
2026-02-23 04:41:43:4143 [35mhttp[39m: [35mGET /api/notifications/unread-count[39m
2026-02-23 04:41:43:4143 [35mhttp[39m: [35mGET /api/friends[39m
2026-02-23 04:41:43:4143 [35mhttp[39m: [35mGET /api/communities[39m
2026-02-23 04:41:43:4143 [35mhttp[39m: [35mGET /api/chat/dm/9fc52438-1033-4c1d-a268-afdf061751cc[39m
2026-02-23 04:41:43:4143 [32minfo[39m: [32mUser connected: 4009bace-ec0f-4b32-8668-336067ba3c7d (ozhVUnkISCss2GfMAAAb)[39m
2026-02-23 04:41:44:4144 [35mhttp[39m: [35mGET /api/users/me[39m
2026-02-23 04:41:44:4144 [35mhttp[39m: [35mGET /api/friends[39m
2026-02-23 04:41:44:4144 [32minfo[39m: [32mUser connected: 4009bace-ec0f-4b32-8668-336067ba3c7d (hsWHfFWbX-lUG0kIAAAc)[39m
2026-02-23 04:41:44:4144 [32minfo[39m: [32mUser connected: 4009bace-ec0f-4b32-8668-336067ba3c7d (kDMdh4X5jV57IEJSAAAd)[39m
2026-02-23 04:41:44:4144 [35mhttp[39m: [35mPATCH /api/chat/dm/9fc52438-1033-4c1d-a268-afdf061751cc/read[39m
2026-02-23 04:43:57:4357 [35mhttp[39m: [35mGET /api/friends[39m
2026-02-23 04:43:57:4357 [35mhttp[39m: [35mGET /api/friends/pending[39m
2026-02-23 04:43:57:4357 [35mhttp[39m: [35mGET /api/friends/sent[39m
2026-02-23 04:43:57:4357 [35mhttp[39m: [35mGET /api/friends/pending[39m
2026-02-23 04:43:58:4358 [35mhttp[39m: [35mGET /api/friends/sent[39m
2026-02-23 04:43:59:4359 [35mhttp[39m: [35mGET /api/friends[39m
2026-02-23 04:44:06:446 [35mhttp[39m: [35mGET /api/soulgames[39m
2026-02-23 04:44:07:447 [35mhttp[39m: [35mGET /api/soulgames[39m
2026-02-23 04:44:12:4412 [35mhttp[39m: [35mGET /api/notifications[39m
2026-02-23 04:44:12:4412 [35mhttp[39m: [35mGET /api/notifications[39m
2026-02-23 04:44:16:4416 [35mhttp[39m: [35mGET /api/users/me[39m
2026-02-23 04:44:17:4417 [35mhttp[39m: [35mGET /api/users/me[39m
2026-02-23 04:44:30:4430 [35mhttp[39m: [35mGET /api/communities/discover[39m
2026-02-23 04:44:31:4431 [35mhttp[39m: [35mGET /api/communities/discover[39m
2026-02-23 04:44:48:4448 [32minfo[39m: [32mUser disconnected: kDMdh4X5jV57IEJSAAAd[39m
2026-02-23 04:44:48:4448 [32minfo[39m: [32mUser disconnected: hsWHfFWbX-lUG0kIAAAc[39m
2026-02-23 04:44:48:4448 [32minfo[39m: [32mUser disconnected: ozhVUnkISCss2GfMAAAb[39m
2026-02-23 04:44:48:4448 [35mhttp[39m: [35mGET /api/users/me[39m
2026-02-23 04:44:48:4448 [35mhttp[39m: [35mGET /api/notifications/unread-count[39m
2026-02-23 04:44:48:4448 [35mhttp[39m: [35mGET /api/friends[39m
2026-02-23 04:44:48:4448 [35mhttp[39m: [35mGET /api/communities/46caa15f-23bf-499a-830b-0889bea70490[39m
2026-02-23 04:44:48:4448 [35mhttp[39m: [35mGET /api/communities[39m
2026-02-23 04:44:49:4449 [32minfo[39m: [32mUser connected: 4009bace-ec0f-4b32-8668-336067ba3c7d (k8TRi-uG2P600CxIAAAh)[39m
2026-02-23 04:44:49:4449 [32minfo[39m: [32mUser connected: 4009bace-ec0f-4b32-8668-336067ba3c7d (xYvlmwuRLKIrseU0AAAg)[39m
2026-02-23 04:44:49:4449 [32minfo[39m: [32mUser 4009bace-ec0f-4b32-8668-336067ba3c7d joined community room: 46caa15f-23bf-499a-830b-0889bea70490[39m
2026-02-23 04:44:49:4449 [32minfo[39m: [32mUser 4009bace-ec0f-4b32-8668-336067ba3c7d joined community room: 46caa15f-23bf-499a-830b-0889bea70490[39m
2026-02-23 04:44:49:4449 [35mhttp[39m: [35mGET /api/communities/46caa15f-23bf-499a-830b-0889bea70490/channels/edaa7c33-f0fc-4fa9-9ea2-2cde8e30a70b/messages[39m
2026-02-23 04:44:49:4449 [35mhttp[39m: [35mGET /api/communities/46caa15f-23bf-499a-830b-0889bea70490/channels/edaa7c33-f0fc-4fa9-9ea2-2cde8e30a70b/messages[39m
2026-02-23 04:44:54:4454 [35mhttp[39m: [35mGET /api/users/me[39m
2026-02-23 04:44:54:4454 [35mhttp[39m: [35mGET /api/communities/discover[39m
2026-02-23 04:44:56:4456 [35mhttp[39m: [35mGET /api/communities/discover[39m
2026-02-23 04:44:56:4456 [35mhttp[39m: [35mGET /api/users/me[39m
2026-02-28 04:23:13:2313 [32minfo[39m: [32mConnected to PostgreSQL database[39m
2026-02-28 04:23:13:2313 [32minfo[39m: [32mSoulLink Backend running in development mode on port 4000[39m
2026-02-28 04:23:14:2314 [32minfo[39m: [32mPresence Reset: Set 1 users to OFFLINE on startup[39m
2026-02-28 04:25:09:259 [35mhttp[39m: [35mPOST /api/auth/login[39m
2026-02-28 04:25:23:2523 [35mhttp[39m: [35mGET /api/users/me[39m
2026-02-28 04:25:23:2523 [35mhttp[39m: [35mGET /api/notifications/unread-count[39m
2026-02-28 04:25:23:2523 [35mhttp[39m: [35mGET /api/friends[39m
2026-02-28 04:25:23:2523 [35mhttp[39m: [35mGET /api/communities[39m
2026-02-28 04:25:23:2523 [35mhttp[39m: [35mGET /api/ai/history[39m
2026-02-28 04:25:24:2524 [32minfo[39m: [32mUser connected: 4009bace-ec0f-4b32-8668-336067ba3c7d (GRgP9csqOGD08TqdAAAE)[39m
2026-02-28 04:25:24:2524 [32minfo[39m: [32mUser connected: 4009bace-ec0f-4b32-8668-336067ba3c7d (2noIMY4ZJe9Wm6nMAAAH)[39m
2026-02-28 04:25:24:2524 [32minfo[39m: [32mUser connected: 4009bace-ec0f-4b32-8668-336067ba3c7d (zhuPScLTPmUPOifFAAAF)[39m
2026-02-28 04:25:24:2524 [32minfo[39m: [32mUser connected: 4009bace-ec0f-4b32-8668-336067ba3c7d (4V9dJXQS4BFYF7qRAAAG)[39m
2026-02-28 04:25:24:2524 [35mhttp[39m: [35mGET /api/notifications/unread-count[39m
2026-02-28 04:25:24:2524 [35mhttp[39m: [35mGET /api/communities[39m
2026-02-28 04:25:24:2524 [35mhttp[39m: [35mGET /api/ai/history[39m
2026-02-28 04:25:24:2524 [35mhttp[39m: [35mGET /api/friends[39m
2026-02-28 04:25:24:2524 [35mhttp[39m: [35mGET /api/users/me[39m
2026-02-28 04:25:25:2525 [35mhttp[39m: [35mGET /api/users/me[39m
2026-02-28 04:25:25:2525 [35mhttp[39m: [35mGET /api/users/me[39m
2026-02-28 04:25:29:2529 [35mhttp[39m: [35mPOST /api/ai/chat[39m
2026-02-28 04:25:29:2529 [32minfo[39m: [32mCreated new AIConversation for user 4009bace-ec0f-4b32-8668-336067ba3c7d[39m
2026-02-28 04:25:41:2541 [35mhttp[39m: [35mPOST /api/ai/chat[39m
2026-02-28 04:25:59:2559 [35mhttp[39m: [35mPOST /api/ai/chat[39m
2026-02-28 04:26:45:2645 [35mhttp[39m: [35mPOST /api/ai/chat[39m
2026-02-28 04:27:06:276 [35mhttp[39m: [35mPOST /api/ai/chat[39m
2026-02-28 04:28:12:2812 [35mhttp[39m: [35mPOST /api/ai/chat[39m
2026-02-28 04:28:57:2857 [35mhttp[39m: [35mPOST /api/ai/chat[39m
2026-02-28 04:29:35:2935 [35mhttp[39m: [35mPOST /api/ai/chat[39m
2026-02-28 04:29:52:2952 [35mhttp[39m: [35mPOST /api/ai/chat[39m
2026-02-28 04:30:07:307 [35mhttp[39m: [35mPOST /api/ai/chat[39m
2026-02-28 04:30:25:3025 [35mhttp[39m: [35mPOST /api/ai/chat[39m
2026-02-28 04:30:40:3040 [35mhttp[39m: [35mPOST /api/ai/chat[39m
2026-02-28 04:30:55:3055 [32minfo[39m: [32mUser disconnected: GRgP9csqOGD08TqdAAAE[39m
2026-02-28 04:30:55:3055 [32minfo[39m: [32mUser disconnected: 2noIMY4ZJe9Wm6nMAAAH[39m
2026-02-28 04:30:55:3055 [32minfo[39m: [32mUser disconnected: 4V9dJXQS4BFYF7qRAAAG[39m
2026-02-28 04:30:55:3055 [32minfo[39m: [32mUser disconnected: zhuPScLTPmUPOifFAAAF[39m
2026-02-28 04:30:55:3055 [35mhttp[39m: [35mGET /api/users/me[39m
2026-02-28 04:30:55:3055 [35mhttp[39m: [35mGET /api/notifications/unread-count[39m
2026-02-28 04:30:55:3055 [35mhttp[39m: [35mGET /api/friends[39m
2026-02-28 04:30:55:3055 [35mhttp[39m: [35mGET /api/communities[39m
2026-02-28 04:30:55:3055 [35mhttp[39m: [35mGET /api/ai/history[39m
2026-02-28 04:30:55:3055 [32minfo[39m: [32mUser connected: 4009bace-ec0f-4b32-8668-336067ba3c7d (9gF9Y2liPwbJ8cxYAAAK)[39m
2026-02-28 04:30:55:3055 [32minfo[39m: [32mUser connected: 4009bace-ec0f-4b32-8668-336067ba3c7d (Hs0fcdxPUl9a5W_eAAAL)[39m
2026-02-28 04:30:55:3055 [35mhttp[39m: [35mGET /api/users/me[39m
2026-02-28 04:31:10:3110 [35mhttp[39m: [35mPOST /api/ai/chat[39m
2026-02-28 05:56:18:5618 [32minfo[39m: [32mUser disconnected: 9gF9Y2liPwbJ8cxYAAAK[39m
2026-02-28 05:56:18:5618 [32minfo[39m: [32mUser disconnected: Hs0fcdxPUl9a5W_eAAAL[39m
2026-02-28 15:33:35:3335 [31merror[39m: [31mPresence Offline Error for 4009bace-ec0f-4b32-8668-336067ba3c7d: [39m
[31mInvalid `prisma.user.update()` invocation in[39m
[31mD:\pfe\pfe 0.3\soullink-backend\src\server.ts:103:39[39m

[31m  100 userSockets.delete(user.id);[39m
[31m  101 // Last connection closed: set offline[39m
[31m  102 try {[39m
[31m→ 103     await prisma.user.update([39m
[31mCan't reach database server at `ep-withered-salad-agxzvgfm-pooler.c-2.eu-central-1.aws.neon.tech:5432`[39m

[31mPlease make sure your database server is running at `ep-withered-salad-agxzvgfm-pooler.c-2.eu-central-1.aws.neon.tech:5432`.[39m
2026-02-28 15:33:38:3338 [31merror[39m: [31mSocket Auth: JWT verification failed for socket jH9rW6sTSfcbukonAAAO. Error: jwt expired[39m
2026-02-28 15:33:38:3338 [31merror[39m: [31mSocket Auth: JWT verification failed for socket 2r5flSBYpUaD3ERsAAAP. Error: jwt expired[39m
2026-02-28 15:37:42:3742 [31merror[39m: [31mSocket Auth: JWT verification failed for socket rsSjS0IKaTMXWed1AAAS. Error: jwt expired[39m
2026-02-28 15:37:42:3742 [35mhttp[39m: [35mGET /api/users/me[39m
2026-02-28 15:37:42:3742 [35mhttp[39m: [35mGET /api/notifications/unread-count[39m
2026-02-28 15:37:42:3742 [35mhttp[39m: [35mGET /api/communities[39m
2026-02-28 15:37:42:3742 [35mhttp[39m: [35mGET /api/friends[39m
2026-02-28 15:37:42:3742 [35mhttp[39m: [35mGET /api/ai/history[39m
2026-02-28 15:37:42:3742 [31merror[39m: [31mSocket Auth: JWT verification failed for socket PVgjzZoE1nRC1wxrAAAT. Error: jwt expired[39m
2026-02-28 15:37:42:3742 [35mhttp[39m: [35mGET /api/users/me[39m
2026-02-28 15:37:45:3745 [35mhttp[39m: [35mPOST /api/auth/login[39m
2026-02-28 15:37:48:3748 [35mhttp[39m: [35mGET /api/users/me[39m
2026-02-28 15:37:48:3748 [35mhttp[39m: [35mGET /api/notifications/unread-count[39m
2026-02-28 15:37:48:3748 [35mhttp[39m: [35mGET /api/friends[39m
2026-02-28 15:37:48:3748 [35mhttp[39m: [35mGET /api/communities[39m
2026-02-28 15:37:48:3748 [35mhttp[39m: [35mGET /api/ai/history[39m
2026-02-28 15:37:48:3748 [35mhttp[39m: [35mGET /api/users/me[39m
2026-02-28 15:37:48:3748 [32minfo[39m: [32mUser connected: 4009bace-ec0f-4b32-8668-336067ba3c7d (nKRPHEGyRYXseflCAAAY)[39m
2026-02-28 15:37:48:3748 [32minfo[39m: [32mUser connected: 4009bace-ec0f-4b32-8668-336067ba3c7d (Ze0jytwMknPo4mntAAAZ)[39m
2026-02-28 15:37:48:3748 [32minfo[39m: [32mUser connected: 4009bace-ec0f-4b32-8668-336067ba3c7d (Zxot5AHCQDP-RxSVAAAa)[39m
2026-02-28 15:37:48:3748 [32minfo[39m: [32mUser connected: 4009bace-ec0f-4b32-8668-336067ba3c7d (kHxufTyNlmkHZkGPAAAb)[39m
2026-02-28 15:37:49:3749 [35mhttp[39m: [35mGET /api/notifications/unread-count[39m
2026-02-28 15:37:49:3749 [35mhttp[39m: [35mGET /api/communities[39m
2026-02-28 15:37:49:3749 [35mhttp[39m: [35mGET /api/users/me[39m
2026-02-28 15:37:49:3749 [35mhttp[39m: [35mGET /api/friends[39m
2026-02-28 15:37:49:3749 [35mhttp[39m: [35mGET /api/users/me[39m
2026-02-28 15:37:49:3749 [35mhttp[39m: [35mGET /api/ai/history[39m
2026-02-28 15:56:29:5629 [35mhttp[39m: [35mGET /api/friends/pending[39m
2026-02-28 15:56:29:5629 [35mhttp[39m: [35mGET /api/friends/sent[39m
2026-02-28 15:56:29:5629 [35mhttp[39m: [35mGET /api/friends[39m
2026-02-28 15:56:30:5630 [35mhttp[39m: [35mGET /api/friends/pending[39m
2026-02-28 15:56:31:5631 [35mhttp[39m: [35mGET /api/friends/sent[39m
2026-02-28 15:56:31:5631 [35mhttp[39m: [35mGET /api/friends[39m
2026-02-28 15:56:37:5637 [35mhttp[39m: [35mGET /api/notifications[39m
2026-02-28 15:56:37:5637 [35mhttp[39m: [35mGET /api/notifications[39m
2026-02-28 16:00:01:01 [32minfo[39m: [32mConnected to PostgreSQL database[39m
2026-02-28 16:00:01:01 [32minfo[39m: [32mSoulLink Backend running in development mode on port 4000[39m
2026-02-28 16:00:02:02 [32minfo[39m: [32mPresence Reset: Set 1 users to OFFLINE on startup[39m
2026-02-28 16:00:02:02 [32minfo[39m: [32mUser connected: 4009bace-ec0f-4b32-8668-336067ba3c7d (br0dtc0_0eeF3bxqAAAB)[39m
2026-02-28 16:00:03:03 [32minfo[39m: [32mUser connected: 4009bace-ec0f-4b32-8668-336067ba3c7d (f7x3Ekc_IFferrgYAAAF)[39m
2026-02-28 16:00:04:04 [32minfo[39m: [32mUser connected: 4009bace-ec0f-4b32-8668-336067ba3c7d (3HJD4r71dDJ3XF4kAAAH)[39m
2026-02-28 16:00:04:04 [32minfo[39m: [32mUser connected: 4009bace-ec0f-4b32-8668-336067ba3c7d (FEJZLn0IjqiQZ-J5AAAG)[39m
2026-02-28 16:00:19:019 [32minfo[39m: [32mConnected to PostgreSQL database[39m
2026-02-28 16:00:19:019 [32minfo[39m: [32mSoulLink Backend running in development mode on port 4000[39m
2026-02-28 16:00:19:019 [32minfo[39m: [32mPresence Reset: Set 1 users to OFFLINE on startup[39m
2026-02-28 16:00:19:019 [32minfo[39m: [32mUser connected: 4009bace-ec0f-4b32-8668-336067ba3c7d (Sr8ItBM2mIFXE8u3AAAH)[39m
2026-02-28 16:00:19:019 [32minfo[39m: [32mUser connected: 4009bace-ec0f-4b32-8668-336067ba3c7d (S-r0JzazgS2Ub89aAAAG)[39m
2026-02-28 16:00:19:019 [32minfo[39m: [32mUser connected: 4009bace-ec0f-4b32-8668-336067ba3c7d (QkCvRnJQVfGYdLmGAAAE)[39m
2026-02-28 16:00:19:019 [32minfo[39m: [32mUser connected: 4009bace-ec0f-4b32-8668-336067ba3c7d (lCpnVqkSKV_Q2uruAAAF)[39m
2026-02-28 16:01:10:110 [32minfo[39m: [32mConnected to PostgreSQL database[39m
2026-02-28 16:01:10:110 [32minfo[39m: [32mSoulLink Backend running in development mode on port 4000[39m
2026-02-28 16:01:10:110 [32minfo[39m: [32mPresence Reset: Set 1 users to OFFLINE on startup[39m
2026-02-28 16:01:11:111 [32minfo[39m: [32mUser connected: 4009bace-ec0f-4b32-8668-336067ba3c7d (AXXV28w1dCgYYhxwAAAC)[39m
2026-02-28 16:01:12:112 [32minfo[39m: [32mUser connected: 4009bace-ec0f-4b32-8668-336067ba3c7d (A4l8kVxbvyUez-zxAAAD)[39m
2026-02-28 16:01:12:112 [32minfo[39m: [32mUser connected: 4009bace-ec0f-4b32-8668-336067ba3c7d (9G13fwP5OYp9_dYIAAAF)[39m
2026-02-28 16:01:13:113 [32minfo[39m: [32mUser connected: 4009bace-ec0f-4b32-8668-336067ba3c7d (9aG9pMzmnK09t0UgAAAH)[39m
2026-02-28 16:03:34:334 [32minfo[39m: [32mConnected to PostgreSQL database[39m
2026-02-28 16:03:34:334 [32minfo[39m: [32mSoulLink Backend running in development mode on port 4000[39m
2026-02-28 16:03:34:334 [32minfo[39m: [32mPresence Reset: Set 1 users to OFFLINE on startup[39m
2026-02-28 16:03:35:335 [32minfo[39m: [32mUser connected: 4009bace-ec0f-4b32-8668-336067ba3c7d (e_RwBB91eSenYLyoAAAG)[39m
2026-02-28 16:03:35:335 [32minfo[39m: [32mUser connected: 4009bace-ec0f-4b32-8668-336067ba3c7d (xyd0dVob3nmpqM4sAAAE)[39m
2026-02-28 16:03:35:335 [32minfo[39m: [32mUser connected: 4009bace-ec0f-4b32-8668-336067ba3c7d (0_-KLKFGBh63BzH9AAAH)[39m
2026-02-28 16:03:35:335 [32minfo[39m: [32mUser connected: 4009bace-ec0f-4b32-8668-336067ba3c7d (ApJUeVUtI7sYe7d0AAAF)[39m
2026-02-28 16:04:03:43 [32minfo[39m: [32mConnected to PostgreSQL database[39m
2026-02-28 16:04:03:43 [32minfo[39m: [32mSoulLink Backend running in development mode on port 4000[39m
2026-02-28 16:04:03:43 [32minfo[39m: [32mPresence Reset: Set 1 users to OFFLINE on startup[39m
2026-02-28 16:04:04:44 [32minfo[39m: [32mUser connected: 4009bace-ec0f-4b32-8668-336067ba3c7d (Zarr5l1JwsDXpbceAAAG)[39m
2026-02-28 16:04:04:44 [32minfo[39m: [32mUser connected: 4009bace-ec0f-4b32-8668-336067ba3c7d (lS0Kp_Kc6E5k-vlnAAAH)[39m
2026-02-28 16:04:04:44 [32minfo[39m: [32mUser connected: 4009bace-ec0f-4b32-8668-336067ba3c7d (giUFkVIoPC4WGN02AAAD)[39m
2026-02-28 16:04:04:44 [32minfo[39m: [32mUser connected: 4009bace-ec0f-4b32-8668-336067ba3c7d (zqcfqiL1UWqtYYR1AAAF)[39m
2026-02-28 16:04:25:425 [32minfo[39m: [32mConnected to PostgreSQL database[39m
2026-02-28 16:04:25:425 [32minfo[39m: [32mSoulLink Backend running in development mode on port 4000[39m
2026-02-28 16:04:25:425 [32minfo[39m: [32mPresence Reset: Set 1 users to OFFLINE on startup[39m
2026-02-28 16:04:26:426 [32minfo[39m: [32mUser connected: 4009bace-ec0f-4b32-8668-336067ba3c7d (J7V7Kt2ARuceUDz3AAAB)[39m
2026-02-28 16:04:27:427 [32minfo[39m: [32mUser connected: 4009bace-ec0f-4b32-8668-336067ba3c7d (KiLy6LbKgAy5TEbxAAAD)[39m
2026-02-28 16:04:28:428 [32minfo[39m: [32mUser connected: 4009bace-ec0f-4b32-8668-336067ba3c7d (KxBYGiZe5lQaNlbVAAAG)[39m
2026-02-28 16:04:29:429 [32minfo[39m: [32mUser connected: 4009bace-ec0f-4b32-8668-336067ba3c7d (wSHZJJAtmklACbPHAAAH)[39m
2026-02-28 16:04:53:453 [32minfo[39m: [32mConnected to PostgreSQL database[39m
2026-02-28 16:04:53:453 [32minfo[39m: [32mSoulLink Backend running in development mode on port 4000[39m
2026-02-28 16:04:53:453 [32minfo[39m: [32mPresence Reset: Set 1 users to OFFLINE on startup[39m
2026-02-28 16:04:53:453 [32minfo[39m: [32mUser connected: 4009bace-ec0f-4b32-8668-336067ba3c7d (wZI-4KEw4gQRZ_PlAAAE)[39m
2026-02-28 16:04:53:453 [32minfo[39m: [32mUser connected: 4009bace-ec0f-4b32-8668-336067ba3c7d (5jsrWoQZfb9XpVKWAAAF)[39m
2026-02-28 16:04:53:453 [32minfo[39m: [32mUser connected: 4009bace-ec0f-4b32-8668-336067ba3c7d (kldYpX8LnLbsLktbAAAG)[39m
2026-02-28 16:04:54:454 [32minfo[39m: [32mUser connected: 4009bace-ec0f-4b32-8668-336067ba3c7d (DuOoGygxhHFY0w-4AAAH)[39m
2026-02-28 16:04:57:457 [32minfo[39m: [32mConnected to PostgreSQL database[39m
2026-02-28 16:04:57:457 [32minfo[39m: [32mSoulLink Backend running in development mode on port 4000[39m
2026-02-28 16:04:58:458 [32minfo[39m: [32mPresence Reset: Set 1 users to OFFLINE on startup[39m
2026-02-28 16:04:58:458 [32minfo[39m: [32mUser connected: 4009bace-ec0f-4b32-8668-336067ba3c7d (Luq_qF8wvhNZ8f2iAAAE)[39m
2026-02-28 16:04:58:458 [32minfo[39m: [32mUser connected: 4009bace-ec0f-4b32-8668-336067ba3c7d (7IhaQ5zxs0rba_gSAAAF)[39m
2026-02-28 16:04:58:458 [32minfo[39m: [32mUser connected: 4009bace-ec0f-4b32-8668-336067ba3c7d (fgDXIFnoNhSJQ78YAAAG)[39m
2026-02-28 16:04:58:458 [32minfo[39m: [32mUser connected: 4009bace-ec0f-4b32-8668-336067ba3c7d (zpzxHN-u1asCK9RKAAAH)[39m
2026-02-28 16:05:23:523 [32minfo[39m: [32mConnected to PostgreSQL database[39m
2026-02-28 16:05:23:523 [32minfo[39m: [32mSoulLink Backend running in development mode on port 4000[39m
2026-02-28 16:05:23:523 [32minfo[39m: [32mPresence Reset: Set 1 users to OFFLINE on startup[39m
2026-02-28 16:05:23:523 [32minfo[39m: [32mUser connected: 4009bace-ec0f-4b32-8668-336067ba3c7d (urFY3DPLBMb2EuvBAAAE)[39m
2026-02-28 16:05:23:523 [32minfo[39m: [32mUser connected: 4009bace-ec0f-4b32-8668-336067ba3c7d (DWR536saHwWlaZ6NAAAF)[39m
2026-02-28 16:05:24:524 [32minfo[39m: [32mUser connected: 4009bace-ec0f-4b32-8668-336067ba3c7d (6ErRpmtGXZYQxXiLAAAG)[39m
2026-02-28 16:05:24:524 [32minfo[39m: [32mUser connected: 4009bace-ec0f-4b32-8668-336067ba3c7d (bTT2ZqnhjbTECpn2AAAH)[39m
2026-02-28 16:05:31:531 [32minfo[39m: [32mConnected to PostgreSQL database[39m
2026-02-28 16:05:31:531 [32minfo[39m: [32mSoulLink Backend running in development mode on port 4000[39m
2026-02-28 16:05:31:531 [32minfo[39m: [32mPresence Reset: Set 1 users to OFFLINE on startup[39m
2026-02-28 16:05:31:531 [32minfo[39m: [32mUser connected: 4009bace-ec0f-4b32-8668-336067ba3c7d (QghM3Pu1VxR4vQukAAAB)[39m
2026-02-28 16:05:32:532 [32minfo[39m: [32mUser connected: 4009bace-ec0f-4b32-8668-336067ba3c7d (doOPi4gvOPT8Z97xAAAF)[39m
2026-02-28 16:05:33:533 [32minfo[39m: [32mUser connected: 4009bace-ec0f-4b32-8668-336067ba3c7d (x9zom68vbY_NANXIAAAH)[39m
2026-02-28 16:05:33:533 [32minfo[39m: [32mUser connected: 4009bace-ec0f-4b32-8668-336067ba3c7d (80FYY2ex8-QgqdAzAAAG)[39m
2026-02-28 16:05:56:556 [32minfo[39m: [32mConnected to PostgreSQL database[39m
2026-02-28 16:05:56:556 [32minfo[39m: [32mSoulLink Backend running in development mode on port 4000[39m
2026-02-28 16:05:56:556 [32minfo[39m: [32mPresence Reset: Set 1 users to OFFLINE on startup[39m
2026-02-28 16:05:57:557 [32minfo[39m: [32mUser connected: 4009bace-ec0f-4b32-8668-336067ba3c7d (KVMdJIC-jSL7VbR2AAAB)[39m
2026-02-28 16:05:58:558 [32minfo[39m: [32mUser connected: 4009bace-ec0f-4b32-8668-336067ba3c7d (jS1b6uc2OEjjQolOAAAF)[39m
2026-02-28 16:05:59:559 [32minfo[39m: [32mUser connected: 4009bace-ec0f-4b32-8668-336067ba3c7d (fIN1qY8eh0ZJgbxoAAAG)[39m
2026-02-28 16:05:59:559 [32minfo[39m: [32mUser connected: 4009bace-ec0f-4b32-8668-336067ba3c7d (_ohZl90gMGnd_FVhAAAH)[39m
2026-02-28 16:06:36:636 [32minfo[39m: [32mConnected to PostgreSQL database[39m
2026-02-28 16:06:36:636 [32minfo[39m: [32mSoulLink Backend running in development mode on port 4000[39m
2026-02-28 16:06:36:636 [32minfo[39m: [32mPresence Reset: Set 1 users to OFFLINE on startup[39m
2026-02-28 16:06:37:637 [32minfo[39m: [32mUser connected: 4009bace-ec0f-4b32-8668-336067ba3c7d (rvUOazCObYLSO_RzAAAC)[39m
2026-02-28 16:06:38:638 [32minfo[39m: [32mUser connected: 4009bace-ec0f-4b32-8668-336067ba3c7d (XZ1wT-bpfWjW65qnAAAD)[39m
2026-02-28 16:06:38:638 [32minfo[39m: [32mUser connected: 4009bace-ec0f-4b32-8668-336067ba3c7d (uzY7ZzOZo5e5RH6VAAAF)[39m
2026-02-28 16:06:39:639 [32minfo[39m: [32mUser connected: 4009bace-ec0f-4b32-8668-336067ba3c7d (luYxO9QyMKEvUFKAAAAH)[39m
2026-02-28 16:06:45:645 [32minfo[39m: [32mConnected to PostgreSQL database[39m
2026-02-28 16:06:45:645 [32minfo[39m: [32mSoulLink Backend running in development mode on port 4000[39m
2026-02-28 16:06:46:646 [32minfo[39m: [32mPresence Reset: Set 1 users to OFFLINE on startup[39m
2026-02-28 16:06:46:646 [32minfo[39m: [32mUser connected: 4009bace-ec0f-4b32-8668-336067ba3c7d (rv4RNuTobFIIrVD0AAAF)[39m
2026-02-28 16:06:46:646 [32minfo[39m: [32mUser connected: 4009bace-ec0f-4b32-8668-336067ba3c7d (qMXYalt7-hgZMsDIAAAE)[39m
2026-02-28 16:06:46:646 [32minfo[39m: [32mUser connected: 4009bace-ec0f-4b32-8668-336067ba3c7d (mEZxCymRy86--Eo9AAAG)[39m
2026-02-28 16:06:46:646 [32minfo[39m: [32mUser connected: 4009bace-ec0f-4b32-8668-336067ba3c7d (1Ki3PMGAfEhpeXK5AAAH)[39m
2026-02-28 16:08:18:818 [32minfo[39m: [32mUser disconnected: qMXYalt7-hgZMsDIAAAE[39m
2026-02-28 16:08:18:818 [32minfo[39m: [32mUser disconnected: 1Ki3PMGAfEhpeXK5AAAH[39m
2026-02-28 16:08:18:818 [32minfo[39m: [32mUser disconnected: mEZxCymRy86--Eo9AAAG[39m
2026-02-28 16:08:18:818 [32minfo[39m: [32mUser disconnected: rv4RNuTobFIIrVD0AAAF[39m
2026-02-28 16:08:19:819 [35mhttp[39m: [35mGET /api/users/me[39m
2026-02-28 16:08:19:819 [35mhttp[39m: [35mGET /api/notifications/unread-count[39m
2026-02-28 16:08:19:819 [35mhttp[39m: [35mGET /api/friends[39m
2026-02-28 16:08:19:819 [35mhttp[39m: [35mGET /api/communities[39m
2026-02-28 16:08:19:819 [35mhttp[39m: [35mGET /api/ai/history[39m
2026-02-28 16:08:19:819 [35mhttp[39m: [35mGET /api/friends/pending[39m
2026-02-28 16:08:19:819 [35mhttp[39m: [35mGET /api/friends/sent[39m
2026-02-28 16:08:19:819 [35mhttp[39m: [35mGET /api/users/me[39m
2026-02-28 16:08:19:819 [35mhttp[39m: [35mGET /api/friends[39m
2026-02-28 16:08:19:819 [32minfo[39m: [32mUser connected: 4009bace-ec0f-4b32-8668-336067ba3c7d (ntq-G9AvQ2jJzNuLAAAK)[39m
2026-02-28 16:08:19:819 [32minfo[39m: [32mUser connected: 4009bace-ec0f-4b32-8668-336067ba3c7d (zsiercOLo18f97vCAAAL)[39m
2026-02-28 16:08:26:826 [35mhttp[39m: [35mGET /api/users/me[39m
2026-02-28 16:08:26:826 [35mhttp[39m: [35mGET /api/users/me[39m
2026-02-28 16:08:33:833 [35mhttp[39m: [35mGET /api/users/me[39m
2026-02-28 16:08:33:833 [35mhttp[39m: [35mGET /api/users/me[39m
2026-02-28 16:08:40:840 [35mhttp[39m: [35mGET /api/users/me[39m
2026-02-28 16:08:40:840 [35mhttp[39m: [35mGET /api/users/me[39m
2026-02-28 16:09:27:927 [32minfo[39m: [32mConnected to PostgreSQL database[39m
2026-02-28 16:09:27:927 [32minfo[39m: [32mSoulLink Backend running in development mode on port 4000[39m
2026-02-28 16:09:27:927 [32minfo[39m: [32mPresence Reset: Set 1 users to OFFLINE on startup[39m
2026-02-28 16:09:28:928 [32minfo[39m: [32mUser connected: 4009bace-ec0f-4b32-8668-336067ba3c7d (nwGlxQuedoxJnrpGAAAC)[39m
2026-02-28 16:09:28:928 [32minfo[39m: [32mUser connected: 4009bace-ec0f-4b32-8668-336067ba3c7d (_d_bfi4BvVckuH40AAAD)[39m
2026-02-28 16:13:11:1311 [35mhttp[39m: [35mGET /api/users/me[39m
2026-02-28 16:18:55:1855 [32minfo[39m: [32mUser disconnected: nwGlxQuedoxJnrpGAAAC[39m
2026-02-28 16:18:55:1855 [32minfo[39m: [32mUser disconnected: _d_bfi4BvVckuH40AAAD[39m
2026-02-28 16:18:56:1856 [35mhttp[39m: [35mGET /api/users/me[39m
2026-02-28 16:18:56:1856 [35mhttp[39m: [35mGET /api/notifications/unread-count[39m
2026-02-28 16:18:56:1856 [35mhttp[39m: [35mGET /api/friends[39m
2026-02-28 16:18:56:1856 [35mhttp[39m: [35mGET /api/communities[39m
2026-02-28 16:18:56:1856 [35mhttp[39m: [35mGET /api/ai/history[39m
2026-02-28 16:18:57:1857 [32minfo[39m: [32mUser connected: 4009bace-ec0f-4b32-8668-336067ba3c7d (ztqC_lKKcR0aESb2AAAG)[39m
2026-02-28 16:18:57:1857 [32minfo[39m: [32mUser connected: 4009bace-ec0f-4b32-8668-336067ba3c7d (kh-9X-gWENIcvgOCAAAH)[39m
2026-02-28 16:18:57:1857 [35mhttp[39m: [35mGET /api/users/me[39m
2026-02-28 16:18:57:1857 [35mhttp[39m: [35mGET /api/users/me[39m
2026-02-28 16:19:09:199 [35mhttp[39m: [35mPOST /api/auth/forgot-password[39m
2026-02-28 16:19:12:1912 [32minfo[39m: [32mPassword reset email sent to nininonini42@gmail.com: <4f47c6f5-6bc7-00b0-8bb2-1c5a44867867@gmail.com>[39m
2026-02-28 16:19:12:1912 [32minfo[39m: [32m[DEBBUG] Password reset OTP for nininonini42@gmail.com: 891352[39m
2026-02-28 16:20:21:2021 [35mhttp[39m: [35mPOST /api/auth/reset-password[39m
2026-02-28 16:21:15:2115 [32minfo[39m: [32mUser disconnected: kh-9X-gWENIcvgOCAAAH[39m
2026-02-28 16:21:15:2115 [32minfo[39m: [32mUser disconnected: ztqC_lKKcR0aESb2AAAG[39m
2026-02-28 16:21:16:2116 [35mhttp[39m: [35mGET /api/users/me[39m
2026-02-28 16:21:16:2116 [35mhttp[39m: [35mGET /api/notifications/unread-count[39m
2026-02-28 16:21:16:2116 [35mhttp[39m: [35mGET /api/friends[39m
2026-02-28 16:21:16:2116 [35mhttp[39m: [35mGET /api/communities[39m
2026-02-28 16:21:16:2116 [35mhttp[39m: [35mGET /api/ai/history[39m
2026-02-28 16:21:16:2116 [32minfo[39m: [32mUser connected: 4009bace-ec0f-4b32-8668-336067ba3c7d (xGzZLeD37jMe7qPEAAAL)[39m
2026-02-28 16:21:16:2116 [32minfo[39m: [32mUser connected: 4009bace-ec0f-4b32-8668-336067ba3c7d (-UsBaN_chXGfnwbWAAAK)[39m
2026-02-28 16:21:16:2116 [35mhttp[39m: [35mGET /api/users/me[39m
2026-02-28 16:21:16:2116 [35mhttp[39m: [35mGET /api/users/me[39m
2026-02-28 16:21:57:2157 [32minfo[39m: [32mUser disconnected: xGzZLeD37jMe7qPEAAAL[39m
2026-02-28 16:21:57:2157 [32minfo[39m: [32mUser disconnected: -UsBaN_chXGfnwbWAAAK[39m
2026-02-28 16:21:57:2157 [35mhttp[39m: [35mGET /api/users/me[39m
2026-02-28 16:21:57:2157 [35mhttp[39m: [35mGET /api/notifications/unread-count[39m
2026-02-28 16:21:57:2157 [35mhttp[39m: [35mGET /api/friends[39m
2026-02-28 16:21:57:2157 [35mhttp[39m: [35mGET /api/communities[39m
2026-02-28 16:21:57:2157 [35mhttp[39m: [35mGET /api/ai/history[39m
2026-02-28 16:21:57:2157 [32minfo[39m: [32mUser connected: 4009bace-ec0f-4b32-8668-336067ba3c7d (dDgpC94KL_EDMXQSAAAO)[39m
2026-02-28 16:21:57:2157 [32minfo[39m: [32mUser connected: 4009bace-ec0f-4b32-8668-336067ba3c7d (K4M7nTbjWzAIIhOjAAAP)[39m
2026-02-28 16:21:57:2157 [35mhttp[39m: [35mGET /api/users/me[39m
2026-02-28 16:21:58:2158 [35mhttp[39m: [35mGET /api/users/me[39m
2026-02-28 16:23:49:2349 [35mhttp[39m: [35mGET /api/friends[39m
2026-02-28 16:23:49:2349 [35mhttp[39m: [35mGET /api/friends/pending[39m
2026-02-28 16:23:49:2349 [35mhttp[39m: [35mGET /api/friends/sent[39m
2026-02-28 16:23:50:2350 [35mhttp[39m: [35mGET /api/friends/sent[39m
2026-02-28 16:23:50:2350 [35mhttp[39m: [35mGET /api/friends/pending[39m
2026-02-28 16:23:50:2350 [35mhttp[39m: [35mGET /api/friends[39m
2026-02-28 16:23:54:2354 [35mhttp[39m: [35mGET /api/soulgames[39m
2026-02-28 16:23:55:2355 [35mhttp[39m: [35mGET /api/soulgames[39m
2026-02-28 16:24:00:240 [35mhttp[39m: [35mGET /api/soulgames/bde8543d-0a45-48f5-9aab-1bfd52804685[39m
2026-02-28 16:24:02:242 [35mhttp[39m: [35mGET /api/soulgames/bde8543d-0a45-48f5-9aab-1bfd52804685[39m
2026-02-28 16:24:05:245 [35mhttp[39m: [35mGET /api/soulgames[39m
2026-02-28 16:24:06:246 [35mhttp[39m: [35mGET /api/soulgames[39m
2026-02-28 16:30:15:3015 [35mhttp[39m: [35mPOST /api/ai/chat[39m
2026-02-28 16:30:57:3057 [35mhttp[39m: [35mGET /api/soulgames/bde8543d-0a45-48f5-9aab-1bfd52804685[39m
2026-02-28 16:30:58:3058 [35mhttp[39m: [35mGET /api/soulgames/bde8543d-0a45-48f5-9aab-1bfd52804685[39m
2026-02-28 16:31:17:3117 [35mhttp[39m: [35mPOST /api/ai/chat[39m
2026-02-28 16:31:20:3120 [32minfo[39m: [32mUpdated conversation summary for d1f1e674-48e0-4d70-ad27-c54d77114e28[39m
2026-02-28 16:31:40:3140 [35mhttp[39m: [35mGET /api/soulgames[39m
2026-02-28 16:31:41:3141 [35mhttp[39m: [35mGET /api/soulgames[39m
2026-02-28 16:34:51:3451 [32minfo[39m: [32mConnected to PostgreSQL database[39m
2026-02-28 16:34:51:3451 [32minfo[39m: [32mSoulLink Backend running in development mode on port 4000[39m
2026-02-28 16:34:51:3451 [32minfo[39m: [32mPresence Reset: Set 1 users to OFFLINE on startup[39m
2026-02-28 16:34:51:3451 [32minfo[39m: [32mUser connected: 4009bace-ec0f-4b32-8668-336067ba3c7d (M01O-HYfCu5vm-VMAAAC)[39m
2026-02-28 16:34:52:3452 [32minfo[39m: [32mUser connected: 4009bace-ec0f-4b32-8668-336067ba3c7d (jhh8c45aO5ZsvJVyAAAD)[39m
2026-02-28 16:43:48:4348 [32minfo[39m: [32mUser disconnected: jhh8c45aO5ZsvJVyAAAD[39m
2026-02-28 16:43:48:4348 [32minfo[39m: [32mUser disconnected: M01O-HYfCu5vm-VMAAAC[39m
2026-02-28 18:05:26:526 [31merror[39m: [31mSocket Auth: JWT verification failed for socket EgbDjoFBzJpMdbzyAAAG. Error: jwt expired[39m
2026-02-28 18:05:26:526 [31merror[39m: [31mSocket Auth: JWT verification failed for socket aK-3Wli-q8u-0sYhAAAH. Error: jwt expired[39m
2026-02-28 18:07:26:726 [35mhttp[39m: [35mGET /api/users/me[39m
2026-02-28 18:07:26:726 [35mhttp[39m: [35mGET /api/communities[39m
2026-02-28 18:07:26:726 [35mhttp[39m: [35mGET /api/notifications/unread-count[39m
2026-02-28 18:07:26:726 [35mhttp[39m: [35mGET /api/friends[39m
2026-02-28 18:07:26:726 [35mhttp[39m: [35mGET /api/ai/history[39m
2026-02-28 18:07:26:726 [35mhttp[39m: [35mGET /api/soulgames[39m
2026-02-28 18:07:26:726 [35mhttp[39m: [35mGET /api/users/me[39m
2026-02-28 18:07:26:726 [31merror[39m: [31mSocket Auth: JWT verification failed for socket 3A4PUnj4m5_E9P4HAAAK. Error: jwt expired[39m
2026-02-28 18:07:26:726 [31merror[39m: [31mSocket Auth: JWT verification failed for socket u3f-fz-EMTAYioazAAAL. Error: jwt expired[39m
2026-02-28 18:07:29:729 [35mhttp[39m: [35mPOST /api/auth/login[39m
2026-02-28 18:07:37:737 [35mhttp[39m: [35mPOST /api/auth/login[39m
2026-02-28 18:07:39:739 [35mhttp[39m: [35mGET /api/users/me[39m
2026-02-28 18:07:39:739 [35mhttp[39m: [35mGET /api/friends[39m
2026-02-28 18:07:39:739 [35mhttp[39m: [35mGET /api/communities[39m
2026-02-28 18:07:39:739 [35mhttp[39m: [35mGET /api/ai/history[39m
2026-02-28 18:07:39:739 [35mhttp[39m: [35mGET /api/notifications/unread-count[39m
2026-02-28 18:07:40:740 [32minfo[39m: [32mUser connected: 4009bace-ec0f-4b32-8668-336067ba3c7d (j3qaoEWRk9TQj5HLAAAQ)[39m
2026-02-28 18:07:40:740 [32minfo[39m: [32mUser connected: 4009bace-ec0f-4b32-8668-336067ba3c7d (Z5KUR2gAwJ9HH1sOAAAT)[39m
2026-02-28 18:07:40:740 [32minfo[39m: [32mUser connected: 4009bace-ec0f-4b32-8668-336067ba3c7d (aaaeoGR4eDlHonaNAAAS)[39m
2026-02-28 18:07:40:740 [32minfo[39m: [32mUser connected: 4009bace-ec0f-4b32-8668-336067ba3c7d (Z6hupGHKkDGo6k1xAAAR)[39m
2026-02-28 18:07:40:740 [35mhttp[39m: [35mGET /api/users/me[39m
2026-02-28 18:07:40:740 [35mhttp[39m: [35mGET /api/communities[39m
2026-02-28 18:07:40:740 [35mhttp[39m: [35mGET /api/notifications/unread-count[39m
2026-02-28 18:07:40:740 [35mhttp[39m: [35mGET /api/users/me[39m
2026-02-28 18:07:40:740 [35mhttp[39m: [35mGET /api/friends[39m
2026-02-28 18:07:40:740 [35mhttp[39m: [35mGET /api/ai/history[39m
2026-02-28 18:07:40:740 [35mhttp[39m: [35mGET /api/users/me[39m
2026-02-28 18:07:46:746 [35mhttp[39m: [35mGET /api/soulgames[39m
2026-02-28 18:07:47:747 [35mhttp[39m: [35mGET /api/soulgames[39m
2026-02-28 18:07:51:751 [35mhttp[39m: [35mGET /api/soulgames/bde8543d-0a45-48f5-9aab-1bfd52804685[39m
2026-02-28 18:07:53:753 [35mhttp[39m: [35mGET /api/soulgames/bde8543d-0a45-48f5-9aab-1bfd52804685[39m
2026-02-28 18:07:58:758 [35mhttp[39m: [35mGET /api/soulgames[39m
2026-02-28 18:07:59:759 [35mhttp[39m: [35mGET /api/soulgames[39m
2026-02-28 18:09:12:912 [35mhttp[39m: [35mGET /api/soulgames/bde8543d-0a45-48f5-9aab-1bfd52804685[39m
2026-02-28 18:09:13:913 [35mhttp[39m: [35mGET /api/soulgames/bde8543d-0a45-48f5-9aab-1bfd52804685[39m
2026-02-28 18:09:16:916 [35mhttp[39m: [35mPOST /api/soulgames/bde8543d-0a45-48f5-9aab-1bfd52804685/respond[39m
2026-02-28 18:09:16:916 [31merror[39m: [31m[Unhandled Error] Status: 500 - Detail: PrismaClientValidationError: [39m
[31mInvalid `prisma.gameResponse.create()` invocation in[39m
[31mD:\pfe\pfe 0.3\soullink-backend\src\modules\soulgames\soulgames.service.ts:135:42[39m

[31m  132     });[39m
[31m  133 }[39m
[31m  134 [39m
[31m→ 135 return await prisma.gameResponse.create({[39m
[31m        data: {[39m
[31m          userId: "4009bace-ec0f-4b32-8668-336067ba3c7d",[39m
[31m          gameId: "bde8543d-0a45-48f5-9aab-1bfd52804685",[39m
[31m          sceneId: "d3a76b01-e45a-49ac-88af-e20d8e6380b2",[39m
[31m          choiceId: "e9845ad1-27fa-4c6a-842d-b16f5d5a0636",[39m
[31m          responseTimeMs: 1642,[39m
[31m          ~~~~~~~~~~~~~~[39m
[31m          emotionalNote: undefined,[39m
[31m      ?   id?: String,[39m
[31m      ?   createdAt?: DateTime[39m
[31m        }[39m
[31m      })[39m

[31mUnknown argument `responseTimeMs`. Available options are marked with ?.[39m
[31m    at wn (D:\pfe\pfe 0.3\soullink-backend\node_modules\@prisma\client\runtime\library.js:29:1363)[39m
[31m    at $n.handleRequestError (D:\pfe\pfe 0.3\soullink-backend\node_modules\@prisma\client\runtime\library.js:121:6958)[39m
[31m    at $n.handleAndLogRequestError (D:\pfe\pfe 0.3\soullink-backend\node_modules\@prisma\client\runtime\library.js:121:6623)[39m
[31m    at $n.request (D:\pfe\pfe 0.3\soullink-backend\node_modules\@prisma\client\runtime\library.js:121:6307)[39m
[31m    at async l (D:\pfe\pfe 0.3\soullink-backend\node_modules\@prisma\client\runtime\library.js:130:9633)[39m
[31m    at async SoulGamesService.submitResponse (D:\pfe\pfe 0.3\soullink-backend\src\modules\soulgames\soulgames.service.ts:135:16)[39m
[31m    at async submitResponse (D:\pfe\pfe 0.3\soullink-backend\src\modules\soulgames\soulgames.controller.ts:41:30)[39m
2026-02-28 18:09:59:959 [35mhttp[39m: [35mPOST /api/soulgames/bde8543d-0a45-48f5-9aab-1bfd52804685/respond[39m
2026-02-28 18:09:59:959 [31merror[39m: [31m[Unhandled Error] Status: 500 - Detail: PrismaClientValidationError: [39m
[31mInvalid `prisma.gameResponse.create()` invocation in[39m
[31mD:\pfe\pfe 0.3\soullink-backend\src\modules\soulgames\soulgames.service.ts:135:42[39m

[31m  132     });[39m
[31m  133 }[39m
[31m  134 [39m
[31m→ 135 return await prisma.gameResponse.create({[39m
[31m        data: {[39m
[31m          userId: "4009bace-ec0f-4b32-8668-336067ba3c7d",[39m
[31m          gameId: "bde8543d-0a45-48f5-9aab-1bfd52804685",[39m
[31m          sceneId: "ac636a40-3289-441c-9e11-92b90222e76c",[39m
[31m          choiceId: "2f6ffcf8-92ab-4ca5-8de8-1fb77bd49f27",[39m
[31m          responseTimeMs: 1904,[39m
[31m          ~~~~~~~~~~~~~~[39m
[31m          emotionalNote: undefined,[39m
[31m      ?   id?: String,[39m
[31m      ?   createdAt?: DateTime[39m
[31m        }[39m
[31m      })[39m

[31mUnknown argument `responseTimeMs`. Available options are marked with ?.[39m
[31m    at wn (D:\pfe\pfe 0.3\soullink-backend\node_modules\@prisma\client\runtime\library.js:29:1363)[39m
[31m    at $n.handleRequestError (D:\pfe\pfe 0.3\soullink-backend\node_modules\@prisma\client\runtime\library.js:121:6958)[39m
[31m    at $n.handleAndLogRequestError (D:\pfe\pfe 0.3\soullink-backend\node_modules\@prisma\client\runtime\library.js:121:6623)[39m
[31m    at $n.request (D:\pfe\pfe 0.3\soullink-backend\node_modules\@prisma\client\runtime\library.js:121:6307)[39m
[31m    at async l (D:\pfe\pfe 0.3\soullink-backend\node_modules\@prisma\client\runtime\library.js:130:9633)[39m
[31m    at async SoulGamesService.submitResponse (D:\pfe\pfe 0.3\soullink-backend\src\modules\soulgames\soulgames.service.ts:135:16)[39m
[31m    at async submitResponse (D:\pfe\pfe 0.3\soullink-backend\src\modules\soulgames\soulgames.controller.ts:41:30)[39m
2026-02-28 18:10:02:102 [35mhttp[39m: [35mPOST /api/soulgames/bde8543d-0a45-48f5-9aab-1bfd52804685/respond[39m
2026-02-28 18:10:02:102 [31merror[39m: [31m[Unhandled Error] Status: 500 - Detail: PrismaClientValidationError: [39m
[31mInvalid `prisma.gameResponse.create()` invocation in[39m
[31mD:\pfe\pfe 0.3\soullink-backend\src\modules\soulgames\soulgames.service.ts:135:42[39m

[31m  132     });[39m
[31m  133 }[39m
[31m  134 [39m
[31m→ 135 return await prisma.gameResponse.create({[39m
[31m        data: {[39m
[31m          userId: "4009bace-ec0f-4b32-8668-336067ba3c7d",[39m
[31m          gameId: "bde8543d-0a45-48f5-9aab-1bfd52804685",[39m
[31m          sceneId: "96f22d9f-7428-4cc0-b8db-47dff54c29bf",[39m
[31m          choiceId: "8c1a0322-6750-42e9-93bd-57a7fcbc51d6",[39m
[31m          responseTimeMs: 1450,[39m
[31m          ~~~~~~~~~~~~~~[39m
[31m          emotionalNote: undefined,[39m
[31m      ?   id?: String,[39m
[31m      ?   createdAt?: DateTime[39m
[31m        }[39m
[31m      })[39m

[31mUnknown argument `responseTimeMs`. Available options are marked with ?.[39m
[31m    at wn (D:\pfe\pfe 0.3\soullink-backend\node_modules\@prisma\client\runtime\library.js:29:1363)[39m
[31m    at $n.handleRequestError (D:\pfe\pfe 0.3\soullink-backend\node_modules\@prisma\client\runtime\library.js:121:6958)[39m
[31m    at $n.handleAndLogRequestError (D:\pfe\pfe 0.3\soullink-backend\node_modules\@prisma\client\runtime\library.js:121:6623)[39m
[31m    at $n.request (D:\pfe\pfe 0.3\soullink-backend\node_modules\@prisma\client\runtime\library.js:121:6307)[39m
[31m    at async l (D:\pfe\pfe 0.3\soullink-backend\node_modules\@prisma\client\runtime\library.js:130:9633)[39m
[31m    at async SoulGamesService.submitResponse (D:\pfe\pfe 0.3\soullink-backend\src\modules\soulgames\soulgames.service.ts:135:16)[39m
[31m    at async submitResponse (D:\pfe\pfe 0.3\soullink-backend\src\modules\soulgames\soulgames.controller.ts:41:30)[39m
2026-02-28 18:10:08:108 [35mhttp[39m: [35mPOST /api/soulgames/bde8543d-0a45-48f5-9aab-1bfd52804685/respond[39m
2026-02-28 18:10:08:108 [31merror[39m: [31m[Unhandled Error] Status: 500 - Detail: PrismaClientValidationError: [39m
[31mInvalid `prisma.gameResponse.create()` invocation in[39m
[31mD:\pfe\pfe 0.3\soullink-backend\src\modules\soulgames\soulgames.service.ts:135:42[39m

[31m  132     });[39m
[31m  133 }[39m
[31m  134 [39m
[31m→ 135 return await prisma.gameResponse.create({[39m
[31m        data: {[39m
[31m          userId: "4009bace-ec0f-4b32-8668-336067ba3c7d",[39m
[31m          gameId: "bde8543d-0a45-48f5-9aab-1bfd52804685",[39m
[31m          sceneId: "fd02b5fd-9c08-40eb-87d9-24a62e977820",[39m
[31m          choiceId: "ffd13eb2-2c8d-47e3-9df8-fef3c23e8072",[39m
[31m          responseTimeMs: 1695,[39m
[31m          ~~~~~~~~~~~~~~[39m
[31m          emotionalNote: undefined,[39m
[31m      ?   id?: String,[39m
[31m      ?   createdAt?: DateTime[39m
[31m        }[39m
[31m      })[39m

[31mUnknown argument `responseTimeMs`. Available options are marked with ?.[39m
[31m    at wn (D:\pfe\pfe 0.3\soullink-backend\node_modules\@prisma\client\runtime\library.js:29:1363)[39m
[31m    at $n.handleRequestError (D:\pfe\pfe 0.3\soullink-backend\node_modules\@prisma\client\runtime\library.js:121:6958)[39m
[31m    at $n.handleAndLogRequestError (D:\pfe\pfe 0.3\soullink-backend\node_modules\@prisma\client\runtime\library.js:121:6623)[39m
[31m    at $n.request (D:\pfe\pfe 0.3\soullink-backend\node_modules\@prisma\client\runtime\library.js:121:6307)[39m
[31m    at async l (D:\pfe\pfe 0.3\soullink-backend\node_modules\@prisma\client\runtime\library.js:130:9633)[39m
[31m    at async SoulGamesService.submitResponse (D:\pfe\pfe 0.3\soullink-backend\src\modules\soulgames\soulgames.service.ts:135:16)[39m
[31m    at async submitResponse (D:\pfe\pfe 0.3\soullink-backend\src\modules\soulgames\soulgames.controller.ts:41:30)[39m
2026-02-28 18:10:15:1015 [35mhttp[39m: [35mPOST /api/ai/chat[39m
2026-02-28 18:17:26:1726 [32minfo[39m: [32mUser disconnected: Z5KUR2gAwJ9HH1sOAAAT[39m
2026-02-28 18:17:26:1726 [32minfo[39m: [32mUser disconnected: j3qaoEWRk9TQj5HLAAAQ[39m
2026-02-28 18:17:26:1726 [32minfo[39m: [32mUser disconnected: Z6hupGHKkDGo6k1xAAAR[39m
2026-02-28 18:17:26:1726 [32minfo[39m: [32mUser disconnected: aaaeoGR4eDlHonaNAAAS[39m
2026-02-28 19:04:53:453 [32minfo[39m: [32mUser connected: 4009bace-ec0f-4b32-8668-336067ba3c7d (Lt9rrSqtybV5SQa0AAAY)[39m
2026-02-28 19:04:53:453 [32minfo[39m: [32mUser connected: 4009bace-ec0f-4b32-8668-336067ba3c7d (wyjmfF0QVk5GJojXAAAb)[39m
2026-02-28 19:04:53:453 [32minfo[39m: [32mUser connected: 4009bace-ec0f-4b32-8668-336067ba3c7d (TgvS9d4sFA4pQTizAAAa)[39m
2026-02-28 19:04:53:453 [32minfo[39m: [32mUser connected: 4009bace-ec0f-4b32-8668-336067ba3c7d (2hk_iPTu2zH2u76kAAAZ)[39m
2026-02-28 19:07:32:732 [32minfo[39m: [32mConnected to PostgreSQL database[39m
2026-02-28 19:07:32:732 [32minfo[39m: [32mSoulLink Backend running in development mode on port 4000[39m
2026-02-28 19:07:32:732 [32minfo[39m: [32mPresence Reset: Set 1 users to OFFLINE on startup[39m
2026-02-28 19:07:33:733 [32minfo[39m: [32mUser connected: 4009bace-ec0f-4b32-8668-336067ba3c7d (cHfmY8zoJCM05IP4AAAD)[39m
2026-02-28 19:07:33:733 [32minfo[39m: [32mUser connected: 4009bace-ec0f-4b32-8668-336067ba3c7d (dh422h8vTcPHD3rcAAAC)[39m
2026-02-28 19:07:35:735 [32minfo[39m: [32mUser connected: 4009bace-ec0f-4b32-8668-336067ba3c7d (9srI6Af6tizr5htQAAAG)[39m
2026-02-28 19:07:35:735 [32minfo[39m: [32mUser connected: 4009bace-ec0f-4b32-8668-336067ba3c7d (D1ucjofXELWYNn23AAAH)[39m
2026-02-28 19:07:45:745 [32minfo[39m: [32mConnected to PostgreSQL database[39m
2026-02-28 19:07:45:745 [32minfo[39m: [32mSoulLink Backend running in development mode on port 4000[39m
2026-02-28 19:07:45:745 [31merror[39m: [31mSocket Auth: JWT verification failed for socket MnWSAvnLwbtuTVEUAAAE. Error: jwt expired[39m
2026-02-28 19:07:45:745 [31merror[39m: [31mSocket Auth: JWT verification failed for socket pN0ujkcCoL-YW8zpAAAF. Error: jwt expired[39m
2026-02-28 19:07:45:745 [31merror[39m: [31mSocket Auth: JWT verification failed for socket _2WAfBdOFATBuGdVAAAG. Error: jwt expired[39m
2026-02-28 19:07:45:745 [31merror[39m: [31mSocket Auth: JWT verification failed for socket RG9rg5Y7QrVigKnbAAAH. Error: jwt expired[39m
2026-02-28 19:07:45:745 [32minfo[39m: [32mPresence Reset: Set 1 users to OFFLINE on startup[39m
2026-02-28 23:12:17:1217 [32minfo[39m: [32mConnected to PostgreSQL database[39m
2026-02-28 23:12:17:1217 [32minfo[39m: [32mSoulLink Backend running in development mode on port 4000[39m
2026-02-28 23:12:18:1218 [32minfo[39m: [32mPresence Reset: Set 0 users to OFFLINE on startup[39m
2026-02-28 23:46:00:460 [32minfo[39m: [32mConnected to PostgreSQL database[39m
2026-02-28 23:46:00:460 [32minfo[39m: [32mSoulLink Backend running in development mode on port 4000[39m
2026-02-28 23:46:00:460 [32minfo[39m: [32mStarting AI Companion cron jobs...[39m
2026-02-28 23:46:00:460 [32minfo[39m: [32mPresence Reset: Set 0 users to OFFLINE on startup[39m
2026-02-28 23:48:40:4840 [35mhttp[39m: [35mPOST /api/auth/login[39m
2026-02-28 23:48:46:4846 [35mhttp[39m: [35mPOST /api/auth/login[39m
2026-02-28 23:48:52:4852 [35mhttp[39m: [35mGET /api/users/me[39m
2026-02-28 23:48:52:4852 [35mhttp[39m: [35mGET /api/notifications/unread-count[39m
2026-02-28 23:48:52:4852 [35mhttp[39m: [35mGET /api/communities[39m
2026-02-28 23:48:52:4852 [35mhttp[39m: [35mGET /api/friends[39m
2026-02-28 23:48:52:4852 [35mhttp[39m: [35mGET /api/ai/history[39m
2026-02-28 23:48:52:4852 [32minfo[39m: [32mUser connected: 4009bace-ec0f-4b32-8668-336067ba3c7d (KD98QXrpcgmYNp_YAAAG)[39m
2026-02-28 23:48:53:4853 [32minfo[39m: [32mUser connected: 4009bace-ec0f-4b32-8668-336067ba3c7d (XWwKwKf_A5OFqfJ0AAAF)[39m
2026-02-28 23:48:53:4853 [32minfo[39m: [32mUser connected: 4009bace-ec0f-4b32-8668-336067ba3c7d (YZL2a9O06DPe6cwcAAAE)[39m
2026-02-28 23:48:53:4853 [32minfo[39m: [32mUser connected: 4009bace-ec0f-4b32-8668-336067ba3c7d (iubICyf6yOC6sf-NAAAH)[39m
2026-02-28 23:48:53:4853 [35mhttp[39m: [35mGET /api/users/me[39m
2026-02-28 23:48:53:4853 [35mhttp[39m: [35mGET /api/communities[39m
2026-02-28 23:48:53:4853 [35mhttp[39m: [35mGET /api/notifications/unread-count[39m
2026-02-28 23:48:53:4853 [35mhttp[39m: [35mGET /api/users/me[39m
2026-02-28 23:48:53:4853 [35mhttp[39m: [35mGET /api/ai/history[39m
2026-02-28 23:48:53:4853 [35mhttp[39m: [35mGET /api/friends[39m
2026-02-28 23:48:54:4854 [35mhttp[39m: [35mGET /api/users/me[39m
2026-02-28 23:49:03:493 [35mhttp[39m: [35mPOST /api/ai/chat[39m
2026-02-28 23:49:05:495 [32minfo[39m: [32mUpdated structured memory for user 4009bace-ec0f-4b32-8668-336067ba3c7d[39m
2026-02-28 23:49:23:4923 [35mhttp[39m: [35mPOST /api/ai/chat[39m
2026-02-28 23:49:26:4926 [32minfo[39m: [32mUpdated structured memory for user 4009bace-ec0f-4b32-8668-336067ba3c7d[39m
2026-02-28 23:49:52:4952 [35mhttp[39m: [35mGET /api/ai/history[39m
2026-02-28 23:50:19:5019 [35mhttp[39m: [35mPOST /api/ai/chat[39m
2026-02-28 23:50:22:5022 [32minfo[39m: [32mUpdated structured memory for user 4009bace-ec0f-4b32-8668-336067ba3c7d[39m
2026-02-28 23:50:52:5052 [35mhttp[39m: [35mGET /api/ai/history[39m
2026-02-28 23:51:04:514 [35mhttp[39m: [35mPOST /api/ai/chat[39m
2026-02-28 23:51:08:518 [32minfo[39m: [32mRecorded trust event long_conversation for 4009bace-ec0f-4b32-8668-336067ba3c7d (Trust: 3, Stage: NEW)[39m
2026-02-28 23:51:09:519 [32minfo[39m: [32mUpdated structured memory for user 4009bace-ec0f-4b32-8668-336067ba3c7d[39m
2026-02-28 23:51:24:5124 [35mhttp[39m: [35mPOST /api/ai/chat[39m
2026-02-28 23:51:27:5127 [32minfo[39m: [32mUpdated structured memory for user 4009bace-ec0f-4b32-8668-336067ba3c7d[39m
2026-02-28 23:51:49:5149 [35mhttp[39m: [35mPOST /api/ai/chat[39m
2026-02-28 23:51:52:5152 [35mhttp[39m: [35mGET /api/ai/history[39m
2026-02-28 23:51:52:5152 [32minfo[39m: [32mUpdated structured memory for user 4009bace-ec0f-4b32-8668-336067ba3c7d[39m
2026-02-28 23:52:34:5234 [35mhttp[39m: [35mGET /api/soulgames[39m
2026-02-28 23:52:36:5236 [35mhttp[39m: [35mGET /api/soulgames[39m
2026-02-28 23:52:52:5252 [35mhttp[39m: [35mGET /api/ai/history[39m
2026-02-28 23:53:13:5313 [35mhttp[39m: [35mPOST /api/ai/chat[39m
2026-02-28 23:53:18:5318 [32minfo[39m: [32mUpdated structured memory for user 4009bace-ec0f-4b32-8668-336067ba3c7d[39m
2026-02-28 23:53:42:5342 [32minfo[39m: [32mConnected to PostgreSQL database[39m
2026-02-28 23:53:42:5342 [32minfo[39m: [32mSoulLink Backend running in development mode on port 4000[39m
2026-02-28 23:53:42:5342 [32minfo[39m: [32mStarting AI Companion cron jobs...[39m
2026-02-28 23:53:43:5343 [32minfo[39m: [32mPresence Reset: Set 1 users to OFFLINE on startup[39m
2026-02-28 23:53:43:5343 [32minfo[39m: [32mUser connected: 4009bace-ec0f-4b32-8668-336067ba3c7d (neDtHckCK6j6NrAFAAAD)[39m
2026-02-28 23:53:43:5343 [32minfo[39m: [32mUser connected: 4009bace-ec0f-4b32-8668-336067ba3c7d (IFhVTQ-YQ6fllbRgAAAE)[39m
2026-02-28 23:53:43:5343 [32minfo[39m: [32mUser connected: 4009bace-ec0f-4b32-8668-336067ba3c7d (nVaGPqY92cEtU22ZAAAF)[39m
2026-02-28 23:53:45:5345 [32minfo[39m: [32mUser connected: 4009bace-ec0f-4b32-8668-336067ba3c7d (Z1niulbgjbuNVb4eAAAH)[39m
2026-02-28 23:53:52:5352 [35mhttp[39m: [35mGET /api/ai/history[39m
2026-02-28 23:54:05:545 [32minfo[39m: [32mUser disconnected: neDtHckCK6j6NrAFAAAD[39m
2026-02-28 23:54:05:545 [32minfo[39m: [32mUser disconnected: Z1niulbgjbuNVb4eAAAH[39m
2026-02-28 23:54:05:545 [32minfo[39m: [32mUser disconnected: nVaGPqY92cEtU22ZAAAF[39m
2026-02-28 23:54:05:545 [32minfo[39m: [32mUser disconnected: IFhVTQ-YQ6fllbRgAAAE[39m
2026-02-28 23:54:06:546 [35mhttp[39m: [35mGET /api/users/me[39m
2026-02-28 23:54:06:546 [35mhttp[39m: [35mGET /api/notifications/unread-count[39m
2026-02-28 23:54:06:546 [35mhttp[39m: [35mGET /api/friends[39m
2026-02-28 23:54:06:546 [35mhttp[39m: [35mGET /api/communities[39m
2026-02-28 23:54:06:546 [35mhttp[39m: [35mGET /api/ai/history[39m
2026-02-28 23:54:06:546 [35mhttp[39m: [35mGET /api/soulgames[39m
2026-02-28 23:54:06:546 [32minfo[39m: [32mUser connected: 4009bace-ec0f-4b32-8668-336067ba3c7d (S4Anw95v_W3YOU8dAAAK)[39m
2026-02-28 23:54:07:547 [35mhttp[39m: [35mGET /api/users/me[39m
2026-02-28 23:54:07:547 [32minfo[39m: [32mUser connected: 4009bace-ec0f-4b32-8668-336067ba3c7d (RSFByYuzy1FkA1txAAAL)[39m
2026-02-28 23:54:15:5415 [35mhttp[39m: [35mGET /api/soulgames/c5db0589-a761-43bd-96c3-96038a770213[39m
2026-02-28 23:54:17:5417 [35mhttp[39m: [35mGET /api/soulgames/c5db0589-a761-43bd-96c3-96038a770213[39m
2026-02-28 23:54:21:5421 [35mhttp[39m: [35mPOST /api/soulgames/c5db0589-a761-43bd-96c3-96038a770213/respond[39m
2026-02-28 23:54:34:5434 [35mhttp[39m: [35mPOST /api/soulgames/c5db0589-a761-43bd-96c3-96038a770213/respond[39m
2026-02-28 23:54:41:5441 [35mhttp[39m: [35mPOST /api/soulgames/c5db0589-a761-43bd-96c3-96038a770213/respond[39m
2026-02-28 23:54:44:5444 [35mhttp[39m: [35mPOST /api/soulgames/c5db0589-a761-43bd-96c3-96038a770213/respond[39m
2026-02-28 23:54:47:5447 [35mhttp[39m: [35mPOST /api/soulgames/c5db0589-a761-43bd-96c3-96038a770213/respond[39m
2026-02-28 23:54:51:5451 [35mhttp[39m: [35mPOST /api/soulgames/c5db0589-a761-43bd-96c3-96038a770213/respond[39m
2026-02-28 23:54:54:5454 [35mhttp[39m: [35mPOST /api/soulgames/c5db0589-a761-43bd-96c3-96038a770213/respond[39m
2026-02-28 23:54:57:5457 [35mhttp[39m: [35mPOST /api/soulgames/c5db0589-a761-43bd-96c3-96038a770213/respond[39m
2026-02-28 23:55:00:550 [35mhttp[39m: [35mPOST /api/soulgames/c5db0589-a761-43bd-96c3-96038a770213/respond[39m
2026-02-28 23:55:05:555 [35mhttp[39m: [35mPOST /api/soulgames/c5db0589-a761-43bd-96c3-96038a770213/respond[39m
2026-02-28 23:55:06:556 [35mhttp[39m: [35mGET /api/ai/history[39m
2026-02-28 23:55:11:5511 [35mhttp[39m: [35mPOST /api/soulgames/c5db0589-a761-43bd-96c3-96038a770213/respond[39m
2026-02-28 23:55:18:5518 [35mhttp[39m: [35mPOST /api/soulgames/c5db0589-a761-43bd-96c3-96038a770213/respond[39m
2026-02-28 23:55:23:5523 [35mhttp[39m: [35mPOST /api/soulgames/c5db0589-a761-43bd-96c3-96038a770213/respond[39m
2026-02-28 23:55:31:5531 [35mhttp[39m: [35mPOST /api/soulgames/c5db0589-a761-43bd-96c3-96038a770213/respond[39m
2026-02-28 23:55:38:5538 [35mhttp[39m: [35mPOST /api/soulgames/c5db0589-a761-43bd-96c3-96038a770213/respond[39m
2026-02-28 23:55:43:5543 [35mhttp[39m: [35mPOST /api/soulgames/c5db0589-a761-43bd-96c3-96038a770213/respond[39m
2026-02-28 23:55:49:5549 [35mhttp[39m: [35mPOST /api/soulgames/c5db0589-a761-43bd-96c3-96038a770213/respond[39m
2026-02-28 23:55:54:5554 [35mhttp[39m: [35mPOST /api/soulgames/c5db0589-a761-43bd-96c3-96038a770213/respond[39m
2026-02-28 23:56:00:560 [35mhttp[39m: [35mPOST /api/soulgames/c5db0589-a761-43bd-96c3-96038a770213/respond[39m
2026-02-28 23:56:06:566 [35mhttp[39m: [35mGET /api/ai/history[39m
2026-02-28 23:56:07:567 [35mhttp[39m: [35mPOST /api/soulgames/c5db0589-a761-43bd-96c3-96038a770213/respond[39m
2026-02-28 23:56:08:568 [35mhttp[39m: [35mPOST /api/soulgames/c5db0589-a761-43bd-96c3-96038a770213/complete[39m
2026-02-28 23:56:13:5613 [32minfo[39m: [32mGenerated proactive message for user 4009bace-ec0f-4b32-8668-336067ba3c7d context game_completed[39m
2026-02-28 23:56:15:5615 [35mhttp[39m: [35mPOST /api/ai/chat[39m
2026-02-28 23:56:20:5620 [32minfo[39m: [32mUpdated structured memory for user 4009bace-ec0f-4b32-8668-336067ba3c7d[39m
2026-02-28 23:56:26:5626 [35mhttp[39m: [35mPOST /api/soulgames/c5db0589-a761-43bd-96c3-96038a770213/complete[39m
2026-02-28 23:56:29:5629 [32minfo[39m: [32mGenerated proactive message for user 4009bace-ec0f-4b32-8668-336067ba3c7d context game_completed[39m
2026-02-28 23:56:44:5644 [35mhttp[39m: [35mGET /api/soulgames/personality[39m
2026-02-28 23:56:44:5644 [35mhttp[39m: [35mGET /api/soulgames/personality[39m
2026-02-28 23:57:03:573 [35mhttp[39m: [35mGET /api/soulgames[39m
2026-02-28 23:57:04:574 [35mhttp[39m: [35mGET /api/soulgames[39m
2026-02-28 23:57:06:576 [35mhttp[39m: [35mGET /api/ai/history[39m
2026-02-28 23:57:11:5711 [35mhttp[39m: [35mPOST /api/ai/chat[39m
2026-02-28 23:57:13:5713 [32minfo[39m: [32mUpdated structured memory for user 4009bace-ec0f-4b32-8668-336067ba3c7d[39m
2026-02-28 23:57:28:5728 [35mhttp[39m: [35mPOST /api/ai/chat[39m
2026-02-28 23:57:31:5731 [32minfo[39m: [32mUpdated structured memory for user 4009bace-ec0f-4b32-8668-336067ba3c7d[39m
2026-02-28 23:57:48:5748 [35mhttp[39m: [35mPOST /api/ai/chat[39m
2026-02-28 23:57:49:5749 [32minfo[39m: [32mUpdated structured memory for user 4009bace-ec0f-4b32-8668-336067ba3c7d[39m
2026-02-28 23:58:00:580 [35mhttp[39m: [35mPOST /api/ai/chat[39m
2026-02-28 23:58:02:582 [32minfo[39m: [32mUpdated structured memory for user 4009bace-ec0f-4b32-8668-336067ba3c7d[39m
2026-02-28 23:58:06:586 [35mhttp[39m: [35mGET /api/ai/history[39m
2026-02-28 23:58:22:5822 [35mhttp[39m: [35mPOST /api/ai/chat[39m
2026-02-28 23:58:23:5823 [32minfo[39m: [32mRecorded trust event long_conversation for 4009bace-ec0f-4b32-8668-336067ba3c7d (Trust: 6, Stage: NEW)[39m
2026-02-28 23:58:24:5824 [32minfo[39m: [32mUpdated structured memory for user 4009bace-ec0f-4b32-8668-336067ba3c7d[39m
2026-02-28 23:58:25:5825 [32minfo[39m: [32mUpdated conversation summary for d1f1e674-48e0-4d70-ad27-c54d77114e28[39m
2026-02-28 23:59:06:596 [35mhttp[39m: [35mGET /api/ai/history[39m
2026-03-01 00:00:00:00 [32minfo[39m: [32mRunning background check for proactive Nova messages (daily check-in)...[39m
2026-03-01 00:00:06:06 [35mhttp[39m: [35mGET /api/ai/history[39m
2026-03-01 00:01:37:137 [35mhttp[39m: [35mGET /api/ai/history[39m
2026-03-01 00:02:10:210 [35mhttp[39m: [35mGET /api/ai/history[39m
2026-03-01 00:03:06:36 [35mhttp[39m: [35mGET /api/ai/history[39m
2026-03-01 00:04:37:437 [35mhttp[39m: [35mGET /api/ai/history[39m
2026-03-01 00:05:37:537 [35mhttp[39m: [35mGET /api/ai/history[39m
2026-03-01 00:06:37:637 [35mhttp[39m: [35mGET /api/ai/history[39m
2026-03-01 00:07:37:737 [35mhttp[39m: [35mGET /api/ai/history[39m
2026-03-01 00:08:33:833 [32minfo[39m: [32mConnected to PostgreSQL database[39m
2026-03-01 00:08:33:833 [32minfo[39m: [32mSoulLink Backend running in development mode on port 4000[39m
2026-03-01 00:08:33:833 [32minfo[39m: [32mStarting AI Companion cron jobs...[39m
2026-03-01 00:08:33:833 [32minfo[39m: [32mPresence Reset: Set 1 users to OFFLINE on startup[39m
2026-03-01 00:08:34:834 [32minfo[39m: [32mUser connected: 4009bace-ec0f-4b32-8668-336067ba3c7d (_lC_5t4re3YaNZBGAAAC)[39m
2026-03-01 00:08:34:834 [32minfo[39m: [32mUser connected: 4009bace-ec0f-4b32-8668-336067ba3c7d (_Ilij27SLp4_XIgjAAAD)[39m
2026-03-01 00:08:37:837 [35mhttp[39m: [35mGET /api/ai/history[39m
2026-03-01 00:09:12:912 [32minfo[39m: [32mConnected to PostgreSQL database[39m
2026-03-01 00:09:12:912 [32minfo[39m: [32mSoulLink Backend running in development mode on port 4000[39m
2026-03-01 00:09:12:912 [32minfo[39m: [32mStarting AI Companion cron jobs...[39m
2026-03-01 00:09:12:912 [32minfo[39m: [32mPresence Reset: Set 1 users to OFFLINE on startup[39m
2026-03-01 00:09:13:913 [32minfo[39m: [32mUser connected: 4009bace-ec0f-4b32-8668-336067ba3c7d (J5K3HTh4JHeD4F0iAAAD)[39m
2026-03-01 00:09:13:913 [32minfo[39m: [32mUser connected: 4009bace-ec0f-4b32-8668-336067ba3c7d (O82BLtwA4Evb-UueAAAC)[39m
2026-03-01 00:10:27:1027 [32minfo[39m: [32mConnected to PostgreSQL database[39m
2026-03-01 00:10:27:1027 [32minfo[39m: [32mSoulLink Backend running in development mode on port 4000[39m
2026-03-01 00:10:27:1027 [32minfo[39m: [32mStarting AI Companion cron jobs...[39m
2026-03-01 00:10:27:1027 [32minfo[39m: [32mPresence Reset: Set 1 users to OFFLINE on startup[39m
2026-03-01 00:10:37:1037 [35mhttp[39m: [35mGET /api/ai/history[39m
2026-03-01 00:11:37:1137 [35mhttp[39m: [35mGET /api/ai/history[39m
2026-03-01 00:12:37:1237 [35mhttp[39m: [35mGET /api/ai/history[39m
2026-03-01 00:13:37:1337 [35mhttp[39m: [35mGET /api/ai/history[39m
2026-03-01 00:14:37:1437 [35mhttp[39m: [35mGET /api/ai/history[39m
2026-03-01 00:14:56:1456 [32minfo[39m: [32mConnected to PostgreSQL database[39m
2026-03-01 00:14:56:1456 [32minfo[39m: [32mSoulLink Backend running in development mode on port 4000[39m
2026-03-01 00:14:56:1456 [32minfo[39m: [32mStarting AI Companion cron jobs...[39m
2026-03-01 00:14:56:1456 [32minfo[39m: [32mPresence Reset: Set 0 users to OFFLINE on startup[39m
2026-03-01 00:15:37:1537 [35mhttp[39m: [35mGET /api/ai/history[39m
2026-03-01 00:16:37:1637 [35mhttp[39m: [35mGET /api/ai/history[39m
2026-03-01 00:17:37:1737 [35mhttp[39m: [35mGET /api/ai/history[39m
2026-03-01 00:18:37:1837 [35mhttp[39m: [35mGET /api/ai/history[39m
2026-03-01 00:19:37:1937 [35mhttp[39m: [35mGET /api/ai/history[39m
2026-03-01 00:20:37:2037 [35mhttp[39m: [35mGET /api/ai/history[39m
2026-03-01 00:21:37:2137 [35mhttp[39m: [35mGET /api/ai/history[39m
2026-03-01 00:22:37:2237 [35mhttp[39m: [35mGET /api/ai/history[39m
2026-03-01 00:23:37:2337 [35mhttp[39m: [35mGET /api/ai/history[39m
2026-03-01 00:24:37:2437 [35mhttp[39m: [35mGET /api/ai/history[39m
2026-03-01 00:25:37:2537 [35mhttp[39m: [35mGET /api/ai/history[39m
2026-03-01 00:26:37:2637 [35mhttp[39m: [35mGET /api/ai/history[39m
2026-03-01 00:27:37:2737 [35mhttp[39m: [35mGET /api/ai/history[39m
2026-03-01 00:28:37:2837 [35mhttp[39m: [35mGET /api/ai/history[39m
2026-03-01 00:29:37:2937 [35mhttp[39m: [35mGET /api/ai/history[39m
2026-03-01 00:30:37:3037 [35mhttp[39m: [35mGET /api/ai/history[39m
2026-03-01 00:31:37:3137 [35mhttp[39m: [35mGET /api/ai/history[39m
2026-03-01 00:32:37:3237 [35mhttp[39m: [35mGET /api/ai/history[39m
2026-03-01 00:33:37:3337 [35mhttp[39m: [35mGET /api/ai/history[39m
2026-03-01 00:34:37:3437 [35mhttp[39m: [35mGET /api/ai/history[39m
2026-03-01 00:35:06:356 [35mhttp[39m: [35mGET /api/ai/history[39m
2026-03-01 00:35:07:357 [35mhttp[39m: [35mPOST /api/ai/chat[39m
2026-03-01 00:35:10:3510 [32minfo[39m: [32mUpdated structured memory for user 4009bace-ec0f-4b32-8668-336067ba3c7d[39m
2026-03-01 00:35:22:3522 [35mhttp[39m: [35mPOST /api/ai/chat[39m
2026-03-01 00:35:25:3525 [32minfo[39m: [32mUpdated structured memory for user 4009bace-ec0f-4b32-8668-336067ba3c7d[39m
2026-03-01 00:35:56:3556 [35mhttp[39m: [35mPOST /api/ai/chat[39m
2026-03-01 00:35:59:3559 [32minfo[39m: [32mUpdated structured memory for user 4009bace-ec0f-4b32-8668-336067ba3c7d[39m
2026-03-01 00:36:06:366 [35mhttp[39m: [35mGET /api/ai/history[39m
2026-03-01 00:36:23:3623 [35mhttp[39m: [35mPOST /api/ai/chat[39m
2026-03-01 00:36:23:3623 [35mhttp[39m: [35mPOST /api/ai/chat[39m
2026-03-01 00:36:26:3626 [32minfo[39m: [32mUpdated structured memory for user 4009bace-ec0f-4b32-8668-336067ba3c7d[39m
2026-03-01 00:36:26:3626 [32minfo[39m: [32mUpdated structured memory for user 4009bace-ec0f-4b32-8668-336067ba3c7d[39m
2026-03-01 00:36:35:3635 [35mhttp[39m: [35mPOST /api/ai/chat[39m
2026-03-01 00:36:38:3638 [32minfo[39m: [32mUpdated structured memory for user 4009bace-ec0f-4b32-8668-336067ba3c7d[39m
2026-03-01 00:36:42:3642 [35mhttp[39m: [35mGET /api/soulgames/c7a58fca-1b15-47b8-a032-8341ccf6c631[39m
2026-03-01 00:36:43:3643 [35mhttp[39m: [35mGET /api/soulgames/c7a58fca-1b15-47b8-a032-8341ccf6c631[39m
2026-03-01 00:36:46:3646 [35mhttp[39m: [35mPOST /api/soulgames/c7a58fca-1b15-47b8-a032-8341ccf6c631/respond[39m
2026-03-01 00:36:47:3647 [35mhttp[39m: [35mPOST /api/ai/game-comment[39m
2026-03-01 00:37:06:376 [35mhttp[39m: [35mGET /api/ai/history[39m
2026-03-01 00:38:06:386 [35mhttp[39m: [35mGET /api/ai/history[39m
2026-03-01 00:38:19:3819 [35mhttp[39m: [35mPOST /api/soulgames/c7a58fca-1b15-47b8-a032-8341ccf6c631/respond[39m
2026-03-01 00:38:19:3819 [35mhttp[39m: [35mPOST /api/ai/game-comment[39m
2026-03-01 00:38:46:3846 [35mhttp[39m: [35mPOST /api/ai/chat[39m
2026-03-01 00:38:48:3848 [32minfo[39m: [32mUpdated structured memory for user 4009bace-ec0f-4b32-8668-336067ba3c7d[39m
2026-03-01 00:39:06:396 [35mhttp[39m: [35mGET /api/ai/history[39m
2026-03-01 00:39:27:3927 [35mhttp[39m: [35mPOST /api/soulgames/c7a58fca-1b15-47b8-a032-8341ccf6c631/respond[39m
2026-03-01 00:39:28:3928 [35mhttp[39m: [35mPOST /api/ai/game-comment[39m
2026-03-01 00:39:31:3931 [35mhttp[39m: [35mPOST /api/soulgames/c7a58fca-1b15-47b8-a032-8341ccf6c631/respond[39m
2026-03-01 00:39:31:3931 [35mhttp[39m: [35mPOST /api/ai/game-comment[39m
2026-03-01 00:39:39:3939 [35mhttp[39m: [35mPOST /api/soulgames/c7a58fca-1b15-47b8-a032-8341ccf6c631/respond[39m
2026-03-01 00:39:39:3939 [35mhttp[39m: [35mPOST /api/ai/game-comment[39m
2026-03-01 00:39:43:3943 [35mhttp[39m: [35mPOST /api/soulgames/c7a58fca-1b15-47b8-a032-8341ccf6c631/respond[39m
2026-03-01 00:39:43:3943 [35mhttp[39m: [35mPOST /api/ai/game-comment[39m
2026-03-01 00:40:09:409 [35mhttp[39m: [35mGET /api/ai/history[39m
2026-03-01 00:41:40:4140 [35mhttp[39m: [35mGET /api/ai/history[39m
2026-03-01 00:42:40:4240 [35mhttp[39m: [35mGET /api/ai/history[39m
2026-03-01 00:43:40:4340 [35mhttp[39m: [35mGET /api/ai/history[39m
2026-03-01 00:44:40:4440 [35mhttp[39m: [35mGET /api/ai/history[39m
2026-03-01 00:45:40:4540 [35mhttp[39m: [35mGET /api/ai/history[39m
2026-03-01 00:46:21:4621 [32minfo[39m: [32mConnected to PostgreSQL database[39m
2026-03-01 00:46:21:4621 [32minfo[39m: [32mSoulLink Backend running in development mode on port 4000[39m
2026-03-01 00:46:21:4621 [32minfo[39m: [32mStarting AI Companion cron jobs...[39m
2026-03-01 00:46:22:4622 [32minfo[39m: [32mPresence Reset: Set 0 users to OFFLINE on startup[39m
2026-03-01 00:46:40:4640 [35mhttp[39m: [35mGET /api/ai/history[39m
2026-03-01 00:47:04:474 [32minfo[39m: [32mConnected to PostgreSQL database[39m
2026-03-01 00:47:04:474 [32minfo[39m: [32mSoulLink Backend running in development mode on port 4000[39m
2026-03-01 00:47:04:474 [32minfo[39m: [32mStarting AI Companion cron jobs...[39m
2026-03-01 00:47:05:475 [32minfo[39m: [32mPresence Reset: Set 0 users to OFFLINE on startup[39m
2026-03-01 00:47:40:4740 [35mhttp[39m: [35mGET /api/ai/history[39m
2026-03-01 00:48:40:4840 [35mhttp[39m: [35mGET /api/ai/history[39m
2026-03-01 00:49:40:4940 [35mhttp[39m: [35mGET /api/ai/history[39m
2026-03-01 00:54:56:5456 [35mhttp[39m: [35mPOST /api/auth/login[39m
2026-03-01 00:54:59:5459 [35mhttp[39m: [35mGET /api/users/me[39m
2026-03-01 00:54:59:5459 [35mhttp[39m: [35mGET /api/notifications/unread-count[39m
2026-03-01 00:54:59:5459 [35mhttp[39m: [35mGET /api/friends[39m
2026-03-01 00:54:59:5459 [35mhttp[39m: [35mGET /api/communities[39m
2026-03-01 00:54:59:5459 [35mhttp[39m: [35mGET /api/ai/history[39m
2026-03-01 00:55:00:550 [35mhttp[39m: [35mGET /api/communities[39m
2026-03-01 00:55:00:550 [32minfo[39m: [32mUser connected: 4009bace-ec0f-4b32-8668-336067ba3c7d (ArfWjkMyhlp-GO17AAAE)[39m
2026-03-01 00:55:00:550 [32minfo[39m: [32mUser connected: 4009bace-ec0f-4b32-8668-336067ba3c7d (IvRms7sD_RQI9vDuAAAG)[39m
2026-03-01 00:55:00:550 [32minfo[39m: [32mUser connected: 4009bace-ec0f-4b32-8668-336067ba3c7d (lPmbG4oicwIsj4CrAAAF)[39m
2026-03-01 00:55:00:550 [32minfo[39m: [32mUser connected: 4009bace-ec0f-4b32-8668-336067ba3c7d (bF0CSq4FfOau1Ur8AAAH)[39m
2026-03-01 00:55:00:550 [35mhttp[39m: [35mGET /api/users/me[39m
2026-03-01 00:55:01:551 [35mhttp[39m: [35mGET /api/notifications/unread-count[39m
2026-03-01 00:55:01:551 [35mhttp[39m: [35mGET /api/users/me[39m
2026-03-01 00:55:01:551 [35mhttp[39m: [35mGET /api/friends[39m
2026-03-01 00:55:01:551 [35mhttp[39m: [35mGET /api/ai/history[39m
2026-03-01 00:55:01:551 [35mhttp[39m: [35mGET /api/users/me[39m
2026-03-01 00:55:15:5515 [35mhttp[39m: [35mPOST /api/ai/chat[39m
2026-03-01 00:55:17:5517 [32minfo[39m: [32mRecorded trust event insult for 4009bace-ec0f-4b32-8668-336067ba3c7d (Trust: 0, Stage: NEW)[39m
2026-03-01 00:55:18:5518 [32minfo[39m: [32mUpdated structured memory for user 4009bace-ec0f-4b32-8668-336067ba3c7d[39m
2026-03-01 00:55:58:5558 [35mhttp[39m: [35mPOST /api/ai/chat[39m
2026-03-01 00:55:59:5559 [35mhttp[39m: [35mGET /api/ai/history[39m
2026-03-01 00:56:01:561 [32minfo[39m: [32mUpdated structured memory for user 4009bace-ec0f-4b32-8668-336067ba3c7d[39m
2026-03-01 00:56:15:5615 [35mhttp[39m: [35mPOST /api/ai/chat[39m
2026-03-01 00:56:18:5618 [32minfo[39m: [32mRecorded trust event insult for 4009bace-ec0f-4b32-8668-336067ba3c7d (Trust: 0, Stage: NEW)[39m
2026-03-01 00:56:18:5618 [32minfo[39m: [32mRecorded trust event long_conversation for 4009bace-ec0f-4b32-8668-336067ba3c7d (Trust: 3, Stage: NEW)[39m
2026-03-01 00:56:19:5619 [32minfo[39m: [32mUpdated structured memory for user 4009bace-ec0f-4b32-8668-336067ba3c7d[39m
2026-03-01 00:56:54:5654 [35mhttp[39m: [35mPOST /api/ai/chat[39m
2026-03-01 00:56:56:5656 [32minfo[39m: [32mUpdated structured memory for user 4009bace-ec0f-4b32-8668-336067ba3c7d[39m
2026-03-01 00:56:59:5659 [35mhttp[39m: [35mGET /api/ai/history[39m
2026-03-01 00:57:03:573 [35mhttp[39m: [35mGET /api/soulgames[39m
2026-03-01 00:57:03:573 [35mhttp[39m: [35mGET /api/soulgames[39m
2026-03-01 00:57:08:578 [35mhttp[39m: [35mGET /api/soulgames/c7a58fca-1b15-47b8-a032-8341ccf6c631[39m
2026-03-01 00:57:09:579 [35mhttp[39m: [35mGET /api/soulgames/c7a58fca-1b15-47b8-a032-8341ccf6c631[39m
2026-03-01 00:57:15:5715 [35mhttp[39m: [35mPOST /api/soulgames/c7a58fca-1b15-47b8-a032-8341ccf6c631/respond[39m
2026-03-01 00:57:16:5716 [35mhttp[39m: [35mPOST /api/ai/game-comment[39m
2026-03-01 00:57:21:5721 [35mhttp[39m: [35mPOST /api/soulgames/c7a58fca-1b15-47b8-a032-8341ccf6c631/respond[39m
2026-03-01 00:57:22:5722 [35mhttp[39m: [35mPOST /api/ai/game-comment[39m
2026-03-01 00:57:24:5724 [35mhttp[39m: [35mPOST /api/soulgames/c7a58fca-1b15-47b8-a032-8341ccf6c631/respond[39m
2026-03-01 00:57:24:5724 [35mhttp[39m: [35mPOST /api/ai/game-comment[39m
2026-03-01 00:57:59:5759 [35mhttp[39m: [35mGET /api/ai/history[39m
2026-03-01 00:58:06:586 [35mhttp[39m: [35mPOST /api/ai/chat[39m
2026-03-01 00:58:09:589 [32minfo[39m: [32mUpdated structured memory for user 4009bace-ec0f-4b32-8668-336067ba3c7d[39m
2026-03-01 00:58:59:5859 [35mhttp[39m: [35mGET /api/ai/history[39m
2026-03-01 00:59:59:5959 [35mhttp[39m: [35mGET /api/ai/history[39m
2026-03-01 01:00:00:00 [32minfo[39m: [32mRunning background check for proactive Nova messages (daily check-in)...[39m
2026-03-01 01:00:59:059 [35mhttp[39m: [35mGET /api/ai/history[39m
2026-03-01 01:02:00:20 [35mhttp[39m: [35mGET /api/ai/history[39m
2026-03-01 01:02:02:22 [32minfo[39m: [32mUser disconnected: bF0CSq4FfOau1Ur8AAAH[39m
2026-03-01 01:02:02:22 [32minfo[39m: [32mUser disconnected: IvRms7sD_RQI9vDuAAAG[39m
2026-03-01 01:02:02:22 [32minfo[39m: [32mUser disconnected: lPmbG4oicwIsj4CrAAAF[39m
2026-03-01 01:02:02:22 [32minfo[39m: [32mUser disconnected: ArfWjkMyhlp-GO17AAAE[39m
2026-03-01 01:02:03:23 [35mhttp[39m: [35mGET /api/ai/history[39m
2026-03-01 01:02:03:23 [35mhttp[39m: [35mGET /api/users/me[39m
2026-03-01 01:02:03:23 [35mhttp[39m: [35mGET /api/notifications/unread-count[39m
2026-03-01 01:02:03:23 [35mhttp[39m: [35mGET /api/friends[39m
2026-03-01 01:02:03:23 [35mhttp[39m: [35mGET /api/communities[39m
2026-03-01 01:02:03:23 [35mhttp[39m: [35mGET /api/soulgames/c7a58fca-1b15-47b8-a032-8341ccf6c631[39m
2026-03-01 01:02:03:23 [32minfo[39m: [32mUser connected: 4009bace-ec0f-4b32-8668-336067ba3c7d (n4u-PfD6VH3JxnJzAAAK)[39m
2026-03-01 01:02:03:23 [32minfo[39m: [32mUser connected: 4009bace-ec0f-4b32-8668-336067ba3c7d (lMn3Z3T-iP9TwB8GAAAL)[39m
2026-03-01 01:02:04:24 [35mhttp[39m: [35mGET /api/users/me[39m
2026-03-01 01:02:15:215 [35mhttp[39m: [35mGET /api/soulgames[39m
2026-03-01 01:02:16:216 [35mhttp[39m: [35mGET /api/soulgames[39m
2026-03-01 01:02:18:218 [35mhttp[39m: [35mGET /api/soulgames/c7a58fca-1b15-47b8-a032-8341ccf6c631[39m
2026-03-01 01:02:19:219 [35mhttp[39m: [35mGET /api/soulgames/c7a58fca-1b15-47b8-a032-8341ccf6c631[39m
2026-03-01 01:02:31:231 [35mhttp[39m: [35mPOST /api/ai/chat[39m
2026-03-01 01:02:35:235 [32minfo[39m: [32mUpdated structured memory for user 4009bace-ec0f-4b32-8668-336067ba3c7d[39m
2026-03-01 01:02:54:254 [35mhttp[39m: [35mPOST /api/ai/chat[39m
2026-03-01 01:02:58:258 [32minfo[39m: [32mUpdated structured memory for user 4009bace-ec0f-4b32-8668-336067ba3c7d[39m
2026-03-01 01:03:03:33 [35mhttp[39m: [35mGET /api/ai/history[39m
2026-03-01 01:03:28:328 [35mhttp[39m: [35mPOST /api/ai/chat[39m
2026-03-01 01:03:30:330 [32minfo[39m: [32mUpdated structured memory for user 4009bace-ec0f-4b32-8668-336067ba3c7d[39m
2026-03-01 01:03:31:331 [32minfo[39m: [32mUpdated conversation summary for d1f1e674-48e0-4d70-ad27-c54d77114e28[39m
2026-03-01 01:04:03:43 [35mhttp[39m: [35mGET /api/ai/history[39m
2026-03-01 01:05:03:53 [35mhttp[39m: [35mGET /api/ai/history[39m
2026-03-01 01:05:25:525 [32minfo[39m: [32mConnected to PostgreSQL database[39m
2026-03-01 01:05:25:525 [32minfo[39m: [32mSoulLink Backend running in development mode on port 4000[39m
2026-03-01 01:05:25:525 [32minfo[39m: [32mStarting AI Companion cron jobs...[39m
2026-03-01 01:05:26:526 [32minfo[39m: [32mPresence Reset: Set 1 users to OFFLINE on startup[39m
2026-03-01 01:05:26:526 [32minfo[39m: [32mUser connected: 4009bace-ec0f-4b32-8668-336067ba3c7d (_OdPsEjnJCjJBeIQAAAD)[39m
2026-03-01 01:05:26:526 [32minfo[39m: [32mUser connected: 4009bace-ec0f-4b32-8668-336067ba3c7d (6kOw1UETtOkD-psUAAAC)[39m
2026-03-01 01:05:53:553 [32minfo[39m: [32mConnected to PostgreSQL database[39m
2026-03-01 01:05:53:553 [32minfo[39m: [32mSoulLink Backend running in development mode on port 4000[39m
2026-03-01 01:05:53:553 [32minfo[39m: [32mStarting AI Companion cron jobs...[39m
2026-03-01 01:05:53:553 [32minfo[39m: [32mPresence Reset: Set 1 users to OFFLINE on startup[39m
2026-03-01 01:05:54:554 [32minfo[39m: [32mUser connected: 4009bace-ec0f-4b32-8668-336067ba3c7d (iBeye3hIUW-7NvynAAAC)[39m
2026-03-01 01:05:54:554 [32minfo[39m: [32mUser connected: 4009bace-ec0f-4b32-8668-336067ba3c7d (ris2BhYJZSAN791gAAAD)[39m
2026-03-01 01:06:03:63 [32minfo[39m: [32mConnected to PostgreSQL database[39m
2026-03-01 01:06:03:63 [32minfo[39m: [32mSoulLink Backend running in development mode on port 4000[39m
2026-03-01 01:06:03:63 [32minfo[39m: [32mStarting AI Companion cron jobs...[39m
2026-03-01 01:06:03:63 [35mhttp[39m: [35mGET /api/ai/history[39m
2026-03-01 01:06:03:63 [32minfo[39m: [32mPresence Reset: Set 1 users to OFFLINE on startup[39m
2026-03-01 01:06:04:64 [32minfo[39m: [32mUser connected: 4009bace-ec0f-4b32-8668-336067ba3c7d (0a26keaXuI_PMOpWAAAD)[39m
2026-03-01 01:06:04:64 [32minfo[39m: [32mUser connected: 4009bace-ec0f-4b32-8668-336067ba3c7d (AkAK0nxRRbjHWVaZAAAC)[39m
2026-03-01 01:06:33:633 [32minfo[39m: [32mConnected to PostgreSQL database[39m
2026-03-01 01:06:33:633 [32minfo[39m: [32mSoulLink Backend running in development mode on port 4000[39m
2026-03-01 01:06:33:633 [32minfo[39m: [32mStarting AI Companion cron jobs...[39m
2026-03-01 01:06:34:634 [32minfo[39m: [32mPresence Reset: Set 1 users to OFFLINE on startup[39m
2026-03-01 01:06:35:635 [32minfo[39m: [32mUser connected: 4009bace-ec0f-4b32-8668-336067ba3c7d (mjW4nuYIO83C05ZaAAAC)[39m
2026-03-01 01:06:35:635 [32minfo[39m: [32mUser connected: 4009bace-ec0f-4b32-8668-336067ba3c7d (M9ThSY9jAKz1pw80AAAD)[39m
2026-03-01 01:07:03:73 [35mhttp[39m: [35mGET /api/ai/history[39m
2026-03-01 01:07:09:79 [32minfo[39m: [32mConnected to PostgreSQL database[39m
2026-03-01 01:07:09:79 [32minfo[39m: [32mSoulLink Backend running in development mode on port 4000[39m
2026-03-01 01:07:09:79 [32minfo[39m: [32mStarting AI Companion cron jobs...[39m
2026-03-01 01:07:09:79 [32minfo[39m: [32mPresence Reset: Set 1 users to OFFLINE on startup[39m
2026-03-01 01:07:10:710 [32minfo[39m: [32mUser connected: 4009bace-ec0f-4b32-8668-336067ba3c7d (0EEb7s6LP8PjbjMYAAAD)[39m
2026-03-01 01:07:10:710 [32minfo[39m: [32mUser connected: 4009bace-ec0f-4b32-8668-336067ba3c7d (airQjm8DCxBExfijAAAC)[39m
2026-03-01 01:07:59:759 [32minfo[39m: [32mUser disconnected: airQjm8DCxBExfijAAAC[39m
2026-03-01 01:07:59:759 [32minfo[39m: [32mUser disconnected: 0EEb7s6LP8PjbjMYAAAD[39m
2026-03-01 01:08:00:80 [35mhttp[39m: [35mGET /api/users/me[39m
2026-03-01 01:08:00:80 [35mhttp[39m: [35mGET /api/notifications/unread-count[39m
2026-03-01 01:08:00:80 [35mhttp[39m: [35mGET /api/friends[39m
2026-03-01 01:08:00:80 [35mhttp[39m: [35mGET /api/communities[39m
2026-03-01 01:08:00:80 [35mhttp[39m: [35mGET /api/soulgames/c7a58fca-1b15-47b8-a032-8341ccf6c631[39m
2026-03-01 01:08:00:80 [35mhttp[39m: [35mGET /api/ai/history[39m
2026-03-01 01:08:00:80 [35mhttp[39m: [35mGET /api/users/me[39m
2026-03-01 01:08:01:81 [32minfo[39m: [32mUser connected: 4009bace-ec0f-4b32-8668-336067ba3c7d (NMooiTScgFmY-2RRAAAH)[39m
2026-03-01 01:08:01:81 [32minfo[39m: [32mUser connected: 4009bace-ec0f-4b32-8668-336067ba3c7d (dsAoOsJ9FpOANIU4AAAG)[39m
2026-03-01 01:08:02:82 [35mhttp[39m: [35mPOST /api/soulgames/c7a58fca-1b15-47b8-a032-8341ccf6c631/track-view[39m
2026-03-01 01:08:03:83 [31merror[39m: [31m[Unhandled Error] Status: 500 - Detail: PrismaClientKnownRequestError: [39m
[31mInvalid `prisma.soulGameProgress.upsert()` invocation in[39m
[31mD:\pfe\pfe 0.3\soullink-backend\src\modules\soulgames\soulgames.service.ts:85:46[39m

[31m  82  * Track which scene the user is currently viewing[39m
[31m  83  */[39m
[31m  84 async trackSceneView(userId: string, gameId: string, sceneId: string) {[39m
[31m→ 85     return await prisma.soulGameProgress.upsert([39m
[31mThe column `currentSceneId` does not exist in the current database.[39m
[31m    at $n.handleRequestError (D:\pfe\pfe 0.3\soullink-backend\node_modules\@prisma\client\runtime\library.js:121:7315)[39m
[31m    at $n.handleAndLogRequestError (D:\pfe\pfe 0.3\soullink-backend\node_modules\@prisma\client\runtime\library.js:121:6623)[39m
[31m    at $n.request (D:\pfe\pfe 0.3\soullink-backend\node_modules\@prisma\client\runtime\library.js:121:6307)[39m
[31m    at async l (D:\pfe\pfe 0.3\soullink-backend\node_modules\@prisma\client\runtime\library.js:130:9633)[39m
[31m    at async SoulGamesService.trackSceneView (D:\pfe\pfe 0.3\soullink-backend\src\modules\soulgames\soulgames.service.ts:85:16)[39m
[31m    at async trackSceneView (D:\pfe\pfe 0.3\soullink-backend\src\modules\soulgames\soulgames.controller.ts:70:13)[39m
2026-03-01 01:08:15:815 [35mhttp[39m: [35mPOST /api/ai/chat[39m
2026-03-01 01:08:15:815 [31merror[39m: [31mError in AI Service: [39m
[31mInvalid `prisma.soulGameProgress.findFirst()` invocation in[39m
[31mD:\pfe\pfe 0.3\soullink-backend\src\modules\ai-companion\ai.service.ts:211:37[39m

[31m  208     select: { createdAt: true, content: true },[39m
[31m  209 }),[39m
[31m  210 // Detect current viewed scene (not yet answered)[39m
[31m→ 211 prisma.soulGameProgress.findFirst([39m
[31mThe column `SoulGameProgress.currentSceneId` does not exist in the current database.[39m
2026-03-01 01:08:15:815 [31merror[39m: [31m[Unhandled Error] Status: 500 - Detail: Error: [39m
[31mInvalid `prisma.soulGameProgress.findFirst()` invocation in[39m
[31mD:\pfe\pfe 0.3\soullink-backend\src\modules\ai-companion\ai.service.ts:211:37[39m

[31m  208     select: { createdAt: true, content: true },[39m
[31m  209 }),[39m
[31m  210 // Detect current viewed scene (not yet answered)[39m
[31m→ 211 prisma.soulGameProgress.findFirst([39m
[31mThe column `SoulGameProgress.currentSceneId` does not exist in the current database.[39m
[31m    at AIService.generateResponse (D:\pfe\pfe 0.3\soullink-backend\src\modules\ai-companion\ai.service.ts:598:19)[39m
[31m    at async chatWithNova (D:\pfe\pfe 0.3\soullink-backend\src\modules\ai-companion\ai.controller.ts:19:24)[39m
2026-03-01 01:08:21:821 [35mhttp[39m: [35mPOST /api/soulgames/c7a58fca-1b15-47b8-a032-8341ccf6c631/respond[39m
2026-03-01 01:08:22:822 [35mhttp[39m: [35mPOST /api/ai/game-comment[39m
2026-03-01 01:08:22:822 [35mhttp[39m: [35mPOST /api/soulgames/c7a58fca-1b15-47b8-a032-8341ccf6c631/track-view[39m
2026-03-01 01:08:22:822 [31merror[39m: [31m[Unhandled Error] Status: 500 - Detail: PrismaClientKnownRequestError: [39m
[31mInvalid `prisma.soulGameProgress.upsert()` invocation in[39m
[31mD:\pfe\pfe 0.3\soullink-backend\src\modules\soulgames\soulgames.service.ts:85:46[39m

[31m  82  * Track which scene the user is currently viewing[39m
[31m  83  */[39m
[31m  84 async trackSceneView(userId: string, gameId: string, sceneId: string) {[39m
[31m→ 85     return await prisma.soulGameProgress.upsert([39m
[31mThe column `currentSceneId` does not exist in the current database.[39m
[31m    at $n.handleRequestError (D:\pfe\pfe 0.3\soullink-backend\node_modules\@prisma\client\runtime\library.js:121:7315)[39m
[31m    at $n.handleAndLogRequestError (D:\pfe\pfe 0.3\soullink-backend\node_modules\@prisma\client\runtime\library.js:121:6623)[39m
[31m    at $n.request (D:\pfe\pfe 0.3\soullink-backend\node_modules\@prisma\client\runtime\library.js:121:6307)[39m
[31m    at async l (D:\pfe\pfe 0.3\soullink-backend\node_modules\@prisma\client\runtime\library.js:130:9633)[39m
[31m    at async SoulGamesService.trackSceneView (D:\pfe\pfe 0.3\soullink-backend\src\modules\soulgames\soulgames.service.ts:85:16)[39m
[31m    at async trackSceneView (D:\pfe\pfe 0.3\soullink-backend\src\modules\soulgames\soulgames.controller.ts:70:13)[39m
2026-03-01 01:08:22:822 [35mhttp[39m: [35mPOST /api/soulgames/c7a58fca-1b15-47b8-a032-8341ccf6c631/track-view[39m
2026-03-01 01:08:23:823 [31merror[39m: [31m[Unhandled Error] Status: 500 - Detail: PrismaClientKnownRequestError: [39m
[31mInvalid `prisma.soulGameProgress.upsert()` invocation in[39m
[31mD:\pfe\pfe 0.3\soullink-backend\src\modules\soulgames\soulgames.service.ts:85:46[39m

[31m  82  * Track which scene the user is currently viewing[39m
[31m  83  */[39m
[31m  84 async trackSceneView(userId: string, gameId: string, sceneId: string) {[39m
[31m→ 85     return await prisma.soulGameProgress.upsert([39m
[31mThe column `currentSceneId` does not exist in the current database.[39m
[31m    at $n.handleRequestError (D:\pfe\pfe 0.3\soullink-backend\node_modules\@prisma\client\runtime\library.js:121:7315)[39m
[31m    at $n.handleAndLogRequestError (D:\pfe\pfe 0.3\soullink-backend\node_modules\@prisma\client\runtime\library.js:121:6623)[39m
[31m    at $n.request (D:\pfe\pfe 0.3\soullink-backend\node_modules\@prisma\client\runtime\library.js:121:6307)[39m
[31m    at async l (D:\pfe\pfe 0.3\soullink-backend\node_modules\@prisma\client\runtime\library.js:130:9633)[39m
[31m    at async SoulGamesService.trackSceneView (D:\pfe\pfe 0.3\soullink-backend\src\modules\soulgames\soulgames.service.ts:85:16)[39m
[31m    at async trackSceneView (D:\pfe\pfe 0.3\soullink-backend\src\modules\soulgames\soulgames.controller.ts:70:13)[39m
2026-03-01 01:08:26:826 [35mhttp[39m: [35mPOST /api/soulgames/c7a58fca-1b15-47b8-a032-8341ccf6c631/track-view[39m
2026-03-01 01:08:26:826 [31merror[39m: [31m[Unhandled Error] Status: 500 - Detail: PrismaClientKnownRequestError: [39m
[31mInvalid `prisma.soulGameProgress.upsert()` invocation in[39m
[31mD:\pfe\pfe 0.3\soullink-backend\src\modules\soulgames\soulgames.service.ts:85:46[39m

[31m  82  * Track which scene the user is currently viewing[39m
[31m  83  */[39m
[31m  84 async trackSceneView(userId: string, gameId: string, sceneId: string) {[39m
[31m→ 85     return await prisma.soulGameProgress.upsert([39m
[31mThe column `currentSceneId` does not exist in the current database.[39m
[31m    at $n.handleRequestError (D:\pfe\pfe 0.3\soullink-backend\node_modules\@prisma\client\runtime\library.js:121:7315)[39m
[31m    at $n.handleAndLogRequestError (D:\pfe\pfe 0.3\soullink-backend\node_modules\@prisma\client\runtime\library.js:121:6623)[39m
[31m    at $n.request (D:\pfe\pfe 0.3\soullink-backend\node_modules\@prisma\client\runtime\library.js:121:6307)[39m
[31m    at async l (D:\pfe\pfe 0.3\soullink-backend\node_modules\@prisma\client\runtime\library.js:130:9633)[39m
[31m    at async SoulGamesService.trackSceneView (D:\pfe\pfe 0.3\soullink-backend\src\modules\soulgames\soulgames.service.ts:85:16)[39m
[31m    at async trackSceneView (D:\pfe\pfe 0.3\soullink-backend\src\modules\soulgames\soulgames.controller.ts:70:13)[39m
2026-03-01 01:08:31:831 [35mhttp[39m: [35mPOST /api/soulgames/c7a58fca-1b15-47b8-a032-8341ccf6c631/respond[39m
2026-03-01 01:08:31:831 [35mhttp[39m: [35mPOST /api/ai/game-comment[39m
2026-03-01 01:08:31:831 [35mhttp[39m: [35mPOST /api/soulgames/c7a58fca-1b15-47b8-a032-8341ccf6c631/track-view[39m
2026-03-01 01:08:32:832 [31merror[39m: [31m[Unhandled Error] Status: 500 - Detail: PrismaClientKnownRequestError: [39m
[31mInvalid `prisma.soulGameProgress.upsert()` invocation in[39m
[31mD:\pfe\pfe 0.3\soullink-backend\src\modules\soulgames\soulgames.service.ts:85:46[39m

[31m  82  * Track which scene the user is currently viewing[39m
[31m  83  */[39m
[31m  84 async trackSceneView(userId: string, gameId: string, sceneId: string) {[39m
[31m→ 85     return await prisma.soulGameProgress.upsert([39m
[31mThe column `currentSceneId` does not exist in the current database.[39m
[31m    at $n.handleRequestError (D:\pfe\pfe 0.3\soullink-backend\node_modules\@prisma\client\runtime\library.js:121:7315)[39m
[31m    at $n.handleAndLogRequestError (D:\pfe\pfe 0.3\soullink-backend\node_modules\@prisma\client\runtime\library.js:121:6623)[39m
[31m    at $n.request (D:\pfe\pfe 0.3\soullink-backend\node_modules\@prisma\client\runtime\library.js:121:6307)[39m
[31m    at async l (D:\pfe\pfe 0.3\soullink-backend\node_modules\@prisma\client\runtime\library.js:130:9633)[39m
[31m    at async SoulGamesService.trackSceneView (D:\pfe\pfe 0.3\soullink-backend\src\modules\soulgames\soulgames.service.ts:85:16)[39m
[31m    at async trackSceneView (D:\pfe\pfe 0.3\soullink-backend\src\modules\soulgames\soulgames.controller.ts:70:13)[39m
2026-03-01 01:08:32:832 [35mhttp[39m: [35mPOST /api/soulgames/c7a58fca-1b15-47b8-a032-8341ccf6c631/track-view[39m
2026-03-01 01:08:32:832 [31merror[39m: [31m[Unhandled Error] Status: 500 - Detail: PrismaClientKnownRequestError: [39m
[31mInvalid `prisma.soulGameProgress.upsert()` invocation in[39m
[31mD:\pfe\pfe 0.3\soullink-backend\src\modules\soulgames\soulgames.service.ts:85:46[39m

[31m  82  * Track which scene the user is currently viewing[39m
[31m  83  */[39m
[31m  84 async trackSceneView(userId: string, gameId: string, sceneId: string) {[39m
[31m→ 85     return await prisma.soulGameProgress.upsert([39m
[31mThe column `currentSceneId` does not exist in the current database.[39m
[31m    at $n.handleRequestError (D:\pfe\pfe 0.3\soullink-backend\node_modules\@prisma\client\runtime\library.js:121:7315)[39m
[31m    at $n.handleAndLogRequestError (D:\pfe\pfe 0.3\soullink-backend\node_modules\@prisma\client\runtime\library.js:121:6623)[39m
[31m    at $n.request (D:\pfe\pfe 0.3\soullink-backend\node_modules\@prisma\client\runtime\library.js:121:6307)[39m
[31m    at async l (D:\pfe\pfe 0.3\soullink-backend\node_modules\@prisma\client\runtime\library.js:130:9633)[39m
[31m    at async SoulGamesService.trackSceneView (D:\pfe\pfe 0.3\soullink-backend\src\modules\soulgames\soulgames.service.ts:85:16)[39m
[31m    at async trackSceneView (D:\pfe\pfe 0.3\soullink-backend\src\modules\soulgames\soulgames.controller.ts:70:13)[39m
2026-03-01 01:08:34:834 [35mhttp[39m: [35mPOST /api/soulgames/c7a58fca-1b15-47b8-a032-8341ccf6c631/respond[39m
2026-03-01 01:08:35:835 [35mhttp[39m: [35mPOST /api/ai/game-comment[39m
2026-03-01 01:08:35:835 [35mhttp[39m: [35mPOST /api/soulgames/c7a58fca-1b15-47b8-a032-8341ccf6c631/track-view[39m
2026-03-01 01:08:35:835 [31merror[39m: [31m[Unhandled Error] Status: 500 - Detail: PrismaClientKnownRequestError: [39m
[31mInvalid `prisma.soulGameProgress.upsert()` invocation in[39m
[31mD:\pfe\pfe 0.3\soullink-backend\src\modules\soulgames\soulgames.service.ts:85:46[39m

[31m  82  * Track which scene the user is currently viewing[39m
[31m  83  */[39m
[31m  84 async trackSceneView(userId: string, gameId: string, sceneId: string) {[39m
[31m→ 85     return await prisma.soulGameProgress.upsert([39m
[31mThe column `currentSceneId` does not exist in the current database.[39m
[31m    at $n.handleRequestError (D:\pfe\pfe 0.3\soullink-backend\node_modules\@prisma\client\runtime\library.js:121:7315)[39m
[31m    at $n.handleAndLogRequestError (D:\pfe\pfe 0.3\soullink-backend\node_modules\@prisma\client\runtime\library.js:121:6623)[39m
[31m    at $n.request (D:\pfe\pfe 0.3\soullink-backend\node_modules\@prisma\client\runtime\library.js:121:6307)[39m
[31m    at async l (D:\pfe\pfe 0.3\soullink-backend\node_modules\@prisma\client\runtime\library.js:130:9633)[39m
[31m    at async SoulGamesService.trackSceneView (D:\pfe\pfe 0.3\soullink-backend\src\modules\soulgames\soulgames.service.ts:85:16)[39m
[31m    at async trackSceneView (D:\pfe\pfe 0.3\soullink-backend\src\modules\soulgames\soulgames.controller.ts:70:13)[39m
2026-03-01 01:08:35:835 [35mhttp[39m: [35mPOST /api/soulgames/c7a58fca-1b15-47b8-a032-8341ccf6c631/track-view[39m
2026-03-01 01:08:35:835 [31merror[39m: [31m[Unhandled Error] Status: 500 - Detail: PrismaClientKnownRequestError: [39m
[31mInvalid `prisma.soulGameProgress.upsert()` invocation in[39m
[31mD:\pfe\pfe 0.3\soullink-backend\src\modules\soulgames\soulgames.service.ts:85:46[39m

[31m  82  * Track which scene the user is currently viewing[39m
[31m  83  */[39m
[31m  84 async trackSceneView(userId: string, gameId: string, sceneId: string) {[39m
[31m→ 85     return await prisma.soulGameProgress.upsert([39m
[31mThe column `currentSceneId` does not exist in the current database.[39m
[31m    at $n.handleRequestError (D:\pfe\pfe 0.3\soullink-backend\node_modules\@prisma\client\runtime\library.js:121:7315)[39m
[31m    at $n.handleAndLogRequestError (D:\pfe\pfe 0.3\soullink-backend\node_modules\@prisma\client\runtime\library.js:121:6623)[39m
[31m    at $n.request (D:\pfe\pfe 0.3\soullink-backend\node_modules\@prisma\client\runtime\library.js:121:6307)[39m
[31m    at async l (D:\pfe\pfe 0.3\soullink-backend\node_modules\@prisma\client\runtime\library.js:130:9633)[39m
[31m    at async SoulGamesService.trackSceneView (D:\pfe\pfe 0.3\soullink-backend\src\modules\soulgames\soulgames.service.ts:85:16)[39m
[31m    at async trackSceneView (D:\pfe\pfe 0.3\soullink-backend\src\modules\soulgames\soulgames.controller.ts:70:13)[39m
2026-03-01 01:08:37:837 [35mhttp[39m: [35mPOST /api/soulgames/c7a58fca-1b15-47b8-a032-8341ccf6c631/respond[39m
2026-03-01 01:08:38:838 [35mhttp[39m: [35mPOST /api/ai/game-comment[39m
2026-03-01 01:08:38:838 [35mhttp[39m: [35mPOST /api/soulgames/c7a58fca-1b15-47b8-a032-8341ccf6c631/track-view[39m
2026-03-01 01:08:38:838 [31merror[39m: [31m[Unhandled Error] Status: 500 - Detail: PrismaClientKnownRequestError: [39m
[31mInvalid `prisma.soulGameProgress.upsert()` invocation in[39m
[31mD:\pfe\pfe 0.3\soullink-backend\src\modules\soulgames\soulgames.service.ts:85:46[39m

[31m  82  * Track which scene the user is currently viewing[39m
[31m  83  */[39m
[31m  84 async trackSceneView(userId: string, gameId: string, sceneId: string) {[39m
[31m→ 85     return await prisma.soulGameProgress.upsert([39m
[31mThe column `currentSceneId` does not exist in the current database.[39m
[31m    at $n.handleRequestError (D:\pfe\pfe 0.3\soullink-backend\node_modules\@prisma\client\runtime\library.js:121:7315)[39m
[31m    at $n.handleAndLogRequestError (D:\pfe\pfe 0.3\soullink-backend\node_modules\@prisma\client\runtime\library.js:121:6623)[39m
[31m    at $n.request (D:\pfe\pfe 0.3\soullink-backend\node_modules\@prisma\client\runtime\library.js:121:6307)[39m
[31m    at async l (D:\pfe\pfe 0.3\soullink-backend\node_modules\@prisma\client\runtime\library.js:130:9633)[39m
[31m    at async SoulGamesService.trackSceneView (D:\pfe\pfe 0.3\soullink-backend\src\modules\soulgames\soulgames.service.ts:85:16)[39m
[31m    at async trackSceneView (D:\pfe\pfe 0.3\soullink-backend\src\modules\soulgames\soulgames.controller.ts:70:13)[39m
2026-03-01 01:08:39:839 [35mhttp[39m: [35mPOST /api/soulgames/c7a58fca-1b15-47b8-a032-8341ccf6c631/track-view[39m
2026-03-01 01:08:39:839 [31merror[39m: [31m[Unhandled Error] Status: 500 - Detail: PrismaClientKnownRequestError: [39m
[31mInvalid `prisma.soulGameProgress.upsert()` invocation in[39m
[31mD:\pfe\pfe 0.3\soullink-backend\src\modules\soulgames\soulgames.service.ts:85:46[39m

[31m  82  * Track which scene the user is currently viewing[39m
[31m  83  */[39m
[31m  84 async trackSceneView(userId: string, gameId: string, sceneId: string) {[39m
[31m→ 85     return await prisma.soulGameProgress.upsert([39m
[31mThe column `currentSceneId` does not exist in the current database.[39m
[31m    at $n.handleRequestError (D:\pfe\pfe 0.3\soullink-backend\node_modules\@prisma\client\runtime\library.js:121:7315)[39m
[31m    at $n.handleAndLogRequestError (D:\pfe\pfe 0.3\soullink-backend\node_modules\@prisma\client\runtime\library.js:121:6623)[39m
[31m    at $n.request (D:\pfe\pfe 0.3\soullink-backend\node_modules\@prisma\client\runtime\library.js:121:6307)[39m
[31m    at async l (D:\pfe\pfe 0.3\soullink-backend\node_modules\@prisma\client\runtime\library.js:130:9633)[39m
[31m    at async SoulGamesService.trackSceneView (D:\pfe\pfe 0.3\soullink-backend\src\modules\soulgames\soulgames.service.ts:85:16)[39m
[31m    at async trackSceneView (D:\pfe\pfe 0.3\soullink-backend\src\modules\soulgames\soulgames.controller.ts:70:13)[39m
2026-03-01 01:08:41:841 [35mhttp[39m: [35mPOST /api/soulgames/c7a58fca-1b15-47b8-a032-8341ccf6c631/respond[39m
2026-03-01 01:08:41:841 [35mhttp[39m: [35mPOST /api/ai/game-comment[39m
2026-03-01 01:08:41:841 [35mhttp[39m: [35mPOST /api/soulgames/c7a58fca-1b15-47b8-a032-8341ccf6c631/track-view[39m
2026-03-01 01:08:42:842 [31merror[39m: [31m[Unhandled Error] Status: 500 - Detail: PrismaClientKnownRequestError: [39m
[31mInvalid `prisma.soulGameProgress.upsert()` invocation in[39m
[31mD:\pfe\pfe 0.3\soullink-backend\src\modules\soulgames\soulgames.service.ts:85:46[39m

[31m  82  * Track which scene the user is currently viewing[39m
[31m  83  */[39m
[31m  84 async trackSceneView(userId: string, gameId: string, sceneId: string) {[39m
[31m→ 85     return await prisma.soulGameProgress.upsert([39m
[31mThe column `currentSceneId` does not exist in the current database.[39m
[31m    at $n.handleRequestError (D:\pfe\pfe 0.3\soullink-backend\node_modules\@prisma\client\runtime\library.js:121:7315)[39m
[31m    at $n.handleAndLogRequestError (D:\pfe\pfe 0.3\soullink-backend\node_modules\@prisma\client\runtime\library.js:121:6623)[39m
[31m    at $n.request (D:\pfe\pfe 0.3\soullink-backend\node_modules\@prisma\client\runtime\library.js:121:6307)[39m
[31m    at async l (D:\pfe\pfe 0.3\soullink-backend\node_modules\@prisma\client\runtime\library.js:130:9633)[39m
[31m    at async SoulGamesService.trackSceneView (D:\pfe\pfe 0.3\soullink-backend\src\modules\soulgames\soulgames.service.ts:85:16)[39m
[31m    at async trackSceneView (D:\pfe\pfe 0.3\soullink-backend\src\modules\soulgames\soulgames.controller.ts:70:13)[39m
2026-03-01 01:08:42:842 [35mhttp[39m: [35mPOST /api/soulgames/c7a58fca-1b15-47b8-a032-8341ccf6c631/track-view[39m
2026-03-01 01:08:42:842 [31merror[39m: [31m[Unhandled Error] Status: 500 - Detail: PrismaClientKnownRequestError: [39m
[31mInvalid `prisma.soulGameProgress.upsert()` invocation in[39m
[31mD:\pfe\pfe 0.3\soullink-backend\src\modules\soulgames\soulgames.service.ts:85:46[39m

[31m  82  * Track which scene the user is currently viewing[39m
[31m  83  */[39m
[31m  84 async trackSceneView(userId: string, gameId: string, sceneId: string) {[39m
[31m→ 85     return await prisma.soulGameProgress.upsert([39m
[31mThe column `currentSceneId` does not exist in the current database.[39m
[31m    at $n.handleRequestError (D:\pfe\pfe 0.3\soullink-backend\node_modules\@prisma\client\runtime\library.js:121:7315)[39m
[31m    at $n.handleAndLogRequestError (D:\pfe\pfe 0.3\soullink-backend\node_modules\@prisma\client\runtime\library.js:121:6623)[39m
[31m    at $n.request (D:\pfe\pfe 0.3\soullink-backend\node_modules\@prisma\client\runtime\library.js:121:6307)[39m
[31m    at async l (D:\pfe\pfe 0.3\soullink-backend\node_modules\@prisma\client\runtime\library.js:130:9633)[39m
[31m    at async SoulGamesService.trackSceneView (D:\pfe\pfe 0.3\soullink-backend\src\modules\soulgames\soulgames.service.ts:85:16)[39m
[31m    at async trackSceneView (D:\pfe\pfe 0.3\soullink-backend\src\modules\soulgames\soulgames.controller.ts:70:13)[39m
2026-03-01 01:08:48:848 [35mhttp[39m: [35mPOST /api/soulgames/c7a58fca-1b15-47b8-a032-8341ccf6c631/respond[39m
2026-03-01 01:08:49:849 [35mhttp[39m: [35mPOST /api/ai/game-comment[39m
2026-03-01 01:08:49:849 [35mhttp[39m: [35mPOST /api/soulgames/c7a58fca-1b15-47b8-a032-8341ccf6c631/track-view[39m
2026-03-01 01:08:49:849 [31merror[39m: [31m[Unhandled Error] Status: 500 - Detail: PrismaClientKnownRequestError: [39m
[31mInvalid `prisma.soulGameProgress.upsert()` invocation in[39m
[31mD:\pfe\pfe 0.3\soullink-backend\src\modules\soulgames\soulgames.service.ts:85:46[39m

[31m  82  * Track which scene the user is currently viewing[39m
[31m  83  */[39m
[31m  84 async trackSceneView(userId: string, gameId: string, sceneId: string) {[39m
[31m→ 85     return await prisma.soulGameProgress.upsert([39m
[31mThe column `currentSceneId` does not exist in the current database.[39m
[31m    at $n.handleRequestError (D:\pfe\pfe 0.3\soullink-backend\node_modules\@prisma\client\runtime\library.js:121:7315)[39m
[31m    at $n.handleAndLogRequestError (D:\pfe\pfe 0.3\soullink-backend\node_modules\@prisma\client\runtime\library.js:121:6623)[39m
[31m    at $n.request (D:\pfe\pfe 0.3\soullink-backend\node_modules\@prisma\client\runtime\library.js:121:6307)[39m
[31m    at async l (D:\pfe\pfe 0.3\soullink-backend\node_modules\@prisma\client\runtime\library.js:130:9633)[39m
[31m    at async SoulGamesService.trackSceneView (D:\pfe\pfe 0.3\soullink-backend\src\modules\soulgames\soulgames.service.ts:85:16)[39m
[31m    at async trackSceneView (D:\pfe\pfe 0.3\soullink-backend\src\modules\soulgames\soulgames.controller.ts:70:13)[39m
2026-03-01 01:08:49:849 [35mhttp[39m: [35mPOST /api/soulgames/c7a58fca-1b15-47b8-a032-8341ccf6c631/track-view[39m
2026-03-01 01:08:50:850 [31merror[39m: [31m[Unhandled Error] Status: 500 - Detail: PrismaClientKnownRequestError: [39m
[31mInvalid `prisma.soulGameProgress.upsert()` invocation in[39m
[31mD:\pfe\pfe 0.3\soullink-backend\src\modules\soulgames\soulgames.service.ts:85:46[39m

[31m  82  * Track which scene the user is currently viewing[39m
[31m  83  */[39m
[31m  84 async trackSceneView(userId: string, gameId: string, sceneId: string) {[39m
[31m→ 85     return await prisma.soulGameProgress.upsert([39m
[31mThe column `currentSceneId` does not exist in the current database.[39m
[31m    at $n.handleRequestError (D:\pfe\pfe 0.3\soullink-backend\node_modules\@prisma\client\runtime\library.js:121:7315)[39m
[31m    at $n.handleAndLogRequestError (D:\pfe\pfe 0.3\soullink-backend\node_modules\@prisma\client\runtime\library.js:121:6623)[39m
[31m    at $n.request (D:\pfe\pfe 0.3\soullink-backend\node_modules\@prisma\client\runtime\library.js:121:6307)[39m
[31m    at async l (D:\pfe\pfe 0.3\soullink-backend\node_modules\@prisma\client\runtime\library.js:130:9633)[39m
[31m    at async SoulGamesService.trackSceneView (D:\pfe\pfe 0.3\soullink-backend\src\modules\soulgames\soulgames.service.ts:85:16)[39m
[31m    at async trackSceneView (D:\pfe\pfe 0.3\soullink-backend\src\modules\soulgames\soulgames.controller.ts:70:13)[39m
2026-03-01 01:08:51:851 [35mhttp[39m: [35mPOST /api/soulgames/c7a58fca-1b15-47b8-a032-8341ccf6c631/respond[39m
2026-03-01 01:08:52:852 [35mhttp[39m: [35mPOST /api/ai/game-comment[39m
2026-03-01 01:08:52:852 [35mhttp[39m: [35mPOST /api/soulgames/c7a58fca-1b15-47b8-a032-8341ccf6c631/track-view[39m
2026-03-01 01:08:52:852 [31merror[39m: [31m[Unhandled Error] Status: 500 - Detail: PrismaClientKnownRequestError: [39m
[31mInvalid `prisma.soulGameProgress.upsert()` invocation in[39m
[31mD:\pfe\pfe 0.3\soullink-backend\src\modules\soulgames\soulgames.service.ts:85:46[39m

[31m  82  * Track which scene the user is currently viewing[39m
[31m  83  */[39m
[31m  84 async trackSceneView(userId: string, gameId: string, sceneId: string) {[39m
[31m→ 85     return await prisma.soulGameProgress.upsert([39m
[31mThe column `currentSceneId` does not exist in the current database.[39m
[31m    at $n.handleRequestError (D:\pfe\pfe 0.3\soullink-backend\node_modules\@prisma\client\runtime\library.js:121:7315)[39m
[31m    at $n.handleAndLogRequestError (D:\pfe\pfe 0.3\soullink-backend\node_modules\@prisma\client\runtime\library.js:121:6623)[39m
[31m    at $n.request (D:\pfe\pfe 0.3\soullink-backend\node_modules\@prisma\client\runtime\library.js:121:6307)[39m
[31m    at async l (D:\pfe\pfe 0.3\soullink-backend\node_modules\@prisma\client\runtime\library.js:130:9633)[39m
[31m    at async SoulGamesService.trackSceneView (D:\pfe\pfe 0.3\soullink-backend\src\modules\soulgames\soulgames.service.ts:85:16)[39m
[31m    at async trackSceneView (D:\pfe\pfe 0.3\soullink-backend\src\modules\soulgames\soulgames.controller.ts:70:13)[39m
2026-03-01 01:08:52:852 [35mhttp[39m: [35mPOST /api/soulgames/c7a58fca-1b15-47b8-a032-8341ccf6c631/track-view[39m
2026-03-01 01:08:53:853 [31merror[39m: [31m[Unhandled Error] Status: 500 - Detail: PrismaClientKnownRequestError: [39m
[31mInvalid `prisma.soulGameProgress.upsert()` invocation in[39m
[31mD:\pfe\pfe 0.3\soullink-backend\src\modules\soulgames\soulgames.service.ts:85:46[39m

[31m  82  * Track which scene the user is currently viewing[39m
[31m  83  */[39m
[31m  84 async trackSceneView(userId: string, gameId: string, sceneId: string) {[39m
[31m→ 85     return await prisma.soulGameProgress.upsert([39m
[31mThe column `currentSceneId` does not exist in the current database.[39m
[31m    at $n.handleRequestError (D:\pfe\pfe 0.3\soullink-backend\node_modules\@prisma\client\runtime\library.js:121:7315)[39m
[31m    at $n.handleAndLogRequestError (D:\pfe\pfe 0.3\soullink-backend\node_modules\@prisma\client\runtime\library.js:121:6623)[39m
[31m    at $n.request (D:\pfe\pfe 0.3\soullink-backend\node_modules\@prisma\client\runtime\library.js:121:6307)[39m
[31m    at async l (D:\pfe\pfe 0.3\soullink-backend\node_modules\@prisma\client\runtime\library.js:130:9633)[39m
[31m    at async SoulGamesService.trackSceneView (D:\pfe\pfe 0.3\soullink-backend\src\modules\soulgames\soulgames.service.ts:85:16)[39m
[31m    at async trackSceneView (D:\pfe\pfe 0.3\soullink-backend\src\modules\soulgames\soulgames.controller.ts:70:13)[39m
2026-03-01 01:08:57:857 [35mhttp[39m: [35mPOST /api/soulgames/c7a58fca-1b15-47b8-a032-8341ccf6c631/respond[39m
2026-03-01 01:08:57:857 [35mhttp[39m: [35mPOST /api/ai/game-comment[39m
2026-03-01 01:08:57:857 [35mhttp[39m: [35mPOST /api/soulgames/c7a58fca-1b15-47b8-a032-8341ccf6c631/track-view[39m
2026-03-01 01:08:57:857 [31merror[39m: [31m[Unhandled Error] Status: 500 - Detail: PrismaClientKnownRequestError: [39m
[31mInvalid `prisma.soulGameProgress.upsert()` invocation in[39m
[31mD:\pfe\pfe 0.3\soullink-backend\src\modules\soulgames\soulgames.service.ts:85:46[39m

[31m  82  * Track which scene the user is currently viewing[39m
[31m  83  */[39m
[31m  84 async trackSceneView(userId: string, gameId: string, sceneId: string) {[39m
[31m→ 85     return await prisma.soulGameProgress.upsert([39m
[31mThe column `currentSceneId` does not exist in the current database.[39m
[31m    at $n.handleRequestError (D:\pfe\pfe 0.3\soullink-backend\node_modules\@prisma\client\runtime\library.js:121:7315)[39m
[31m    at $n.handleAndLogRequestError (D:\pfe\pfe 0.3\soullink-backend\node_modules\@prisma\client\runtime\library.js:121:6623)[39m
[31m    at $n.request (D:\pfe\pfe 0.3\soullink-backend\node_modules\@prisma\client\runtime\library.js:121:6307)[39m
[31m    at async l (D:\pfe\pfe 0.3\soullink-backend\node_modules\@prisma\client\runtime\library.js:130:9633)[39m
[31m    at async SoulGamesService.trackSceneView (D:\pfe\pfe 0.3\soullink-backend\src\modules\soulgames\soulgames.service.ts:85:16)[39m
[31m    at async trackSceneView (D:\pfe\pfe 0.3\soullink-backend\src\modules\soulgames\soulgames.controller.ts:70:13)[39m
2026-03-01 01:08:58:858 [35mhttp[39m: [35mPOST /api/soulgames/c7a58fca-1b15-47b8-a032-8341ccf6c631/track-view[39m
2026-03-01 01:08:58:858 [31merror[39m: [31m[Unhandled Error] Status: 500 - Detail: PrismaClientKnownRequestError: [39m
[31mInvalid `prisma.soulGameProgress.upsert()` invocation in[39m
[31mD:\pfe\pfe 0.3\soullink-backend\src\modules\soulgames\soulgames.service.ts:85:46[39m

[31m  82  * Track which scene the user is currently viewing[39m
[31m  83  */[39m
[31m  84 async trackSceneView(userId: string, gameId: string, sceneId: string) {[39m
[31m→ 85     return await prisma.soulGameProgress.upsert([39m
[31mThe column `currentSceneId` does not exist in the current database.[39m
[31m    at $n.handleRequestError (D:\pfe\pfe 0.3\soullink-backend\node_modules\@prisma\client\runtime\library.js:121:7315)[39m
[31m    at $n.handleAndLogRequestError (D:\pfe\pfe 0.3\soullink-backend\node_modules\@prisma\client\runtime\library.js:121:6623)[39m
[31m    at $n.request (D:\pfe\pfe 0.3\soullink-backend\node_modules\@prisma\client\runtime\library.js:121:6307)[39m
[31m    at async l (D:\pfe\pfe 0.3\soullink-backend\node_modules\@prisma\client\runtime\library.js:130:9633)[39m
[31m    at async SoulGamesService.trackSceneView (D:\pfe\pfe 0.3\soullink-backend\src\modules\soulgames\soulgames.service.ts:85:16)[39m
[31m    at async trackSceneView (D:\pfe\pfe 0.3\soullink-backend\src\modules\soulgames\soulgames.controller.ts:70:13)[39m
2026-03-01 01:09:00:90 [35mhttp[39m: [35mPOST /api/soulgames/c7a58fca-1b15-47b8-a032-8341ccf6c631/respond[39m
2026-03-01 01:09:00:90 [35mhttp[39m: [35mPOST /api/ai/game-comment[39m
2026-03-01 01:09:00:90 [35mhttp[39m: [35mPOST /api/soulgames/c7a58fca-1b15-47b8-a032-8341ccf6c631/track-view[39m
2026-03-01 01:09:00:90 [31merror[39m: [31m[Unhandled Error] Status: 500 - Detail: PrismaClientKnownRequestError: [39m
[31mInvalid `prisma.soulGameProgress.upsert()` invocation in[39m
[31mD:\pfe\pfe 0.3\soullink-backend\src\modules\soulgames\soulgames.service.ts:85:46[39m

[31m  82  * Track which scene the user is currently viewing[39m
[31m  83  */[39m
[31m  84 async trackSceneView(userId: string, gameId: string, sceneId: string) {[39m
[31m→ 85     return await prisma.soulGameProgress.upsert([39m
[31mThe column `currentSceneId` does not exist in the current database.[39m
[31m    at $n.handleRequestError (D:\pfe\pfe 0.3\soullink-backend\node_modules\@prisma\client\runtime\library.js:121:7315)[39m
[31m    at $n.handleAndLogRequestError (D:\pfe\pfe 0.3\soullink-backend\node_modules\@prisma\client\runtime\library.js:121:6623)[39m
[31m    at $n.request (D:\pfe\pfe 0.3\soullink-backend\node_modules\@prisma\client\runtime\library.js:121:6307)[39m
[31m    at async l (D:\pfe\pfe 0.3\soullink-backend\node_modules\@prisma\client\runtime\library.js:130:9633)[39m
[31m    at async SoulGamesService.trackSceneView (D:\pfe\pfe 0.3\soullink-backend\src\modules\soulgames\soulgames.service.ts:85:16)[39m
[31m    at async trackSceneView (D:\pfe\pfe 0.3\soullink-backend\src\modules\soulgames\soulgames.controller.ts:70:13)[39m
2026-03-01 01:09:00:90 [35mhttp[39m: [35mGET /api/ai/history[39m
2026-03-01 01:09:01:91 [35mhttp[39m: [35mPOST /api/soulgames/c7a58fca-1b15-47b8-a032-8341ccf6c631/track-view[39m
2026-03-01 01:09:01:91 [31merror[39m: [31m[Unhandled Error] Status: 500 - Detail: PrismaClientKnownRequestError: [39m
[31mInvalid `prisma.soulGameProgress.upsert()` invocation in[39m
[31mD:\pfe\pfe 0.3\soullink-backend\src\modules\soulgames\soulgames.service.ts:85:46[39m

[31m  82  * Track which scene the user is currently viewing[39m
[31m  83  */[39m
[31m  84 async trackSceneView(userId: string, gameId: string, sceneId: string) {[39m
[31m→ 85     return await prisma.soulGameProgress.upsert([39m
[31mThe column `currentSceneId` does not exist in the current database.[39m
[31m    at $n.handleRequestError (D:\pfe\pfe 0.3\soullink-backend\node_modules\@prisma\client\runtime\library.js:121:7315)[39m
[31m    at $n.handleAndLogRequestError (D:\pfe\pfe 0.3\soullink-backend\node_modules\@prisma\client\runtime\library.js:121:6623)[39m
[31m    at $n.request (D:\pfe\pfe 0.3\soullink-backend\node_modules\@prisma\client\runtime\library.js:121:6307)[39m
[31m    at async l (D:\pfe\pfe 0.3\soullink-backend\node_modules\@prisma\client\runtime\library.js:130:9633)[39m
[31m    at async SoulGamesService.trackSceneView (D:\pfe\pfe 0.3\soullink-backend\src\modules\soulgames\soulgames.service.ts:85:16)[39m
[31m    at async trackSceneView (D:\pfe\pfe 0.3\soullink-backend\src\modules\soulgames\soulgames.controller.ts:70:13)[39m
2026-03-01 01:10:00:100 [35mhttp[39m: [35mGET /api/ai/history[39m
2026-03-01 01:11:00:110 [35mhttp[39m: [35mGET /api/ai/history[39m
2026-03-01 01:12:00:120 [35mhttp[39m: [35mGET /api/ai/history[39m
2026-03-01 01:12:05:125 [32minfo[39m: [32mConnected to PostgreSQL database[39m
2026-03-01 01:12:05:125 [32minfo[39m: [32mSoulLink Backend running in development mode on port 4000[39m
2026-03-01 01:12:05:125 [32minfo[39m: [32mStarting AI Companion cron jobs...[39m
2026-03-01 01:12:05:125 [32minfo[39m: [32mPresence Reset: Set 1 users to OFFLINE on startup[39m
2026-03-01 01:12:06:126 [32minfo[39m: [32mUser connected: 4009bace-ec0f-4b32-8668-336067ba3c7d (Sis1-wHdaBmXfu6qAAAC)[39m
2026-03-01 01:12:06:126 [32minfo[39m: [32mUser connected: 4009bace-ec0f-4b32-8668-336067ba3c7d (ZgztABKCYNB8FqZ5AAAD)[39m
2026-03-01 01:12:15:1215 [32minfo[39m: [32mConnected to PostgreSQL database[39m
2026-03-01 01:12:15:1215 [32minfo[39m: [32mSoulLink Backend running in development mode on port 4000[39m
2026-03-01 01:12:15:1215 [32minfo[39m: [32mStarting AI Companion cron jobs...[39m
2026-03-01 01:12:16:1216 [32minfo[39m: [32mPresence Reset: Set 1 users to OFFLINE on startup[39m
2026-03-01 01:12:16:1216 [32minfo[39m: [32mUser connected: 4009bace-ec0f-4b32-8668-336067ba3c7d (5Zu_rzNd1FokoHxZAAAD)[39m
2026-03-01 01:12:16:1216 [32minfo[39m: [32mUser connected: 4009bace-ec0f-4b32-8668-336067ba3c7d (8x-u7uXSKkQ-1cv_AAAC)[39m
2026-03-01 01:12:25:1225 [32minfo[39m: [32mConnected to PostgreSQL database[39m
2026-03-01 01:12:25:1225 [32minfo[39m: [32mSoulLink Backend running in development mode on port 4000[39m
2026-03-01 01:12:25:1225 [32minfo[39m: [32mStarting AI Companion cron jobs...[39m
2026-03-01 01:12:25:1225 [32minfo[39m: [32mPresence Reset: Set 1 users to OFFLINE on startup[39m
2026-03-01 01:12:26:1226 [32minfo[39m: [32mUser connected: 4009bace-ec0f-4b32-8668-336067ba3c7d (AcmU_3NSboLZ4sg_AAAC)[39m
2026-03-01 01:12:26:1226 [32minfo[39m: [32mUser connected: 4009bace-ec0f-4b32-8668-336067ba3c7d (KJSA-Ax0GhhsLeSPAAAD)[39m
2026-03-01 01:12:35:1235 [32minfo[39m: [32mConnected to PostgreSQL database[39m
2026-03-01 01:12:35:1235 [32minfo[39m: [32mSoulLink Backend running in development mode on port 4000[39m
2026-03-01 01:12:35:1235 [32minfo[39m: [32mStarting AI Companion cron jobs...[39m
2026-03-01 01:12:35:1235 [32minfo[39m: [32mPresence Reset: Set 1 users to OFFLINE on startup[39m
2026-03-01 01:12:35:1235 [32minfo[39m: [32mUser connected: 4009bace-ec0f-4b32-8668-336067ba3c7d (fHIM4JbYWmwyG2RgAAAC)[39m
2026-03-01 01:12:36:1236 [32minfo[39m: [32mUser connected: 4009bace-ec0f-4b32-8668-336067ba3c7d (yrUgnivFXoEoq0dpAAAD)[39m
2026-03-01 01:12:49:1249 [32minfo[39m: [32mConnected to PostgreSQL database[39m
2026-03-01 01:12:49:1249 [32minfo[39m: [32mSoulLink Backend running in development mode on port 4000[39m
2026-03-01 01:12:49:1249 [32minfo[39m: [32mStarting AI Companion cron jobs...[39m
2026-03-01 01:12:49:1249 [32minfo[39m: [32mPresence Reset: Set 1 users to OFFLINE on startup[39m
2026-03-01 01:12:50:1250 [32minfo[39m: [32mUser connected: 4009bace-ec0f-4b32-8668-336067ba3c7d (Cz1eh3XrQ8GTYC49AAAC)[39m
2026-03-01 01:12:50:1250 [32minfo[39m: [32mUser connected: 4009bace-ec0f-4b32-8668-336067ba3c7d (k38ClAZ4v7Ulw_7UAAAD)[39m
2026-03-01 01:12:57:1257 [32minfo[39m: [32mConnected to PostgreSQL database[39m
2026-03-01 01:12:57:1257 [32minfo[39m: [32mSoulLink Backend running in development mode on port 4000[39m
2026-03-01 01:12:57:1257 [32minfo[39m: [32mStarting AI Companion cron jobs...[39m
2026-03-01 01:12:57:1257 [32minfo[39m: [32mPresence Reset: Set 1 users to OFFLINE on startup[39m
2026-03-01 01:12:58:1258 [32minfo[39m: [32mUser connected: 4009bace-ec0f-4b32-8668-336067ba3c7d (fh0aPmQy4LC5__zzAAAD)[39m
2026-03-01 01:12:58:1258 [32minfo[39m: [32mUser connected: 4009bace-ec0f-4b32-8668-336067ba3c7d (y4rYy17z1jNy7E0mAAAC)[39m
2026-03-01 01:13:00:130 [35mhttp[39m: [35mGET /api/ai/history[39m
2026-03-01 01:13:05:135 [32minfo[39m: [32mConnected to PostgreSQL database[39m
2026-03-01 01:13:05:135 [32minfo[39m: [32mSoulLink Backend running in development mode on port 4000[39m
2026-03-01 01:13:05:135 [32minfo[39m: [32mStarting AI Companion cron jobs...[39m
2026-03-01 01:13:05:135 [32minfo[39m: [32mPresence Reset: Set 1 users to OFFLINE on startup[39m
2026-03-01 01:13:06:136 [32minfo[39m: [32mUser connected: 4009bace-ec0f-4b32-8668-336067ba3c7d (ToO9WY5646haywv1AAAD)[39m
2026-03-01 01:13:06:136 [32minfo[39m: [32mUser connected: 4009bace-ec0f-4b32-8668-336067ba3c7d (6xkMZQ_jaS_edCMrAAAC)[39m
2026-03-01 01:13:30:1330 [32minfo[39m: [32mConnected to PostgreSQL database[39m
2026-03-01 01:13:30:1330 [32minfo[39m: [32mSoulLink Backend running in development mode on port 4000[39m
2026-03-01 01:13:30:1330 [32minfo[39m: [32mStarting AI Companion cron jobs...[39m
2026-03-01 01:13:30:1330 [32minfo[39m: [32mPresence Reset: Set 1 users to OFFLINE on startup[39m
2026-03-01 01:13:31:1331 [32minfo[39m: [32mUser connected: 4009bace-ec0f-4b32-8668-336067ba3c7d (EyIeXugRc54Gprt2AAAD)[39m
2026-03-01 01:13:31:1331 [32minfo[39m: [32mUser connected: 4009bace-ec0f-4b32-8668-336067ba3c7d (MqqqvA584oItPKsZAAAC)[39m
2026-03-01 01:13:59:1359 [32minfo[39m: [32mUser disconnected: MqqqvA584oItPKsZAAAC[39m
2026-03-01 01:13:59:1359 [32minfo[39m: [32mUser disconnected: EyIeXugRc54Gprt2AAAD[39m
2026-03-01 01:13:59:1359 [35mhttp[39m: [35mGET /api/users/me[39m
2026-03-01 01:13:59:1359 [35mhttp[39m: [35mGET /api/notifications/unread-count[39m
2026-03-01 01:13:59:1359 [35mhttp[39m: [35mGET /api/communities[39m
2026-03-01 01:13:59:1359 [35mhttp[39m: [35mGET /api/friends[39m
2026-03-01 01:13:59:1359 [35mhttp[39m: [35mGET /api/soulgames/c7a58fca-1b15-47b8-a032-8341ccf6c631[39m
2026-03-01 01:13:59:1359 [35mhttp[39m: [35mGET /api/ai/history[39m
2026-03-01 01:13:59:1359 [32minfo[39m: [32mUser connected: 4009bace-ec0f-4b32-8668-336067ba3c7d (sz6qEsfBt0uQxIMcAAAG)[39m
2026-03-01 01:14:00:140 [35mhttp[39m: [35mGET /api/users/me[39m
2026-03-01 01:14:00:140 [32minfo[39m: [32mUser connected: 4009bace-ec0f-4b32-8668-336067ba3c7d (MCo-dCqAxwzuaMBXAAAH)[39m
2026-03-01 01:14:01:141 [35mhttp[39m: [35mPOST /api/soulgames/c7a58fca-1b15-47b8-a032-8341ccf6c631/track-view[39m
2026-03-01 01:14:01:141 [31merror[39m: [31m[Unhandled Error] Status: 500 - Detail: PrismaClientKnownRequestError: [39m
[31mInvalid `prisma.soulGameProgress.upsert()` invocation in[39m
[31mD:\pfe\pfe 0.3\soullink-backend\src\modules\soulgames\soulgames.service.ts:85:46[39m

[31m  82  * Track which scene the user is currently viewing[39m
[31m  83  */[39m
[31m  84 async trackSceneView(userId: string, gameId: string, sceneId: string) {[39m
[31m→ 85     return await prisma.soulGameProgress.upsert([39m
[31mThe column `currentSceneId` does not exist in the current database.[39m
[31m    at $n.handleRequestError (D:\pfe\pfe 0.3\soullink-backend\node_modules\@prisma\client\runtime\library.js:121:7315)[39m
[31m    at $n.handleAndLogRequestError (D:\pfe\pfe 0.3\soullink-backend\node_modules\@prisma\client\runtime\library.js:121:6623)[39m
[31m    at $n.request (D:\pfe\pfe 0.3\soullink-backend\node_modules\@prisma\client\runtime\library.js:121:6307)[39m
[31m    at async l (D:\pfe\pfe 0.3\soullink-backend\node_modules\@prisma\client\runtime\library.js:130:9633)[39m
[31m    at async SoulGamesService.trackSceneView (D:\pfe\pfe 0.3\soullink-backend\src\modules\soulgames\soulgames.service.ts:85:16)[39m
[31m    at async trackSceneView (D:\pfe\pfe 0.3\soullink-backend\src\modules\soulgames\soulgames.controller.ts:70:13)[39m
2026-03-01 01:14:12:1412 [35mhttp[39m: [35mPOST /api/soulgames/c7a58fca-1b15-47b8-a032-8341ccf6c631/respond[39m
2026-03-01 01:14:13:1413 [35mhttp[39m: [35mPOST /api/ai/game-comment[39m
2026-03-01 01:14:13:1413 [35mhttp[39m: [35mPOST /api/soulgames/c7a58fca-1b15-47b8-a032-8341ccf6c631/track-view[39m
2026-03-01 01:14:13:1413 [31merror[39m: [31m[Unhandled Error] Status: 500 - Detail: PrismaClientKnownRequestError: [39m
[31mInvalid `prisma.soulGameProgress.upsert()` invocation in[39m
[31mD:\pfe\pfe 0.3\soullink-backend\src\modules\soulgames\soulgames.service.ts:85:46[39m

[31m  82  * Track which scene the user is currently viewing[39m
[31m  83  */[39m
[31m  84 async trackSceneView(userId: string, gameId: string, sceneId: string) {[39m
[31m→ 85     return await prisma.soulGameProgress.upsert([39m
[31mThe column `currentSceneId` does not exist in the current database.[39m
[31m    at $n.handleRequestError (D:\pfe\pfe 0.3\soullink-backend\node_modules\@prisma\client\runtime\library.js:121:7315)[39m
[31m    at $n.handleAndLogRequestError (D:\pfe\pfe 0.3\soullink-backend\node_modules\@prisma\client\runtime\library.js:121:6623)[39m
[31m    at $n.request (D:\pfe\pfe 0.3\soullink-backend\node_modules\@prisma\client\runtime\library.js:121:6307)[39m
[31m    at async l (D:\pfe\pfe 0.3\soullink-backend\node_modules\@prisma\client\runtime\library.js:130:9633)[39m
[31m    at async SoulGamesService.trackSceneView (D:\pfe\pfe 0.3\soullink-backend\src\modules\soulgames\soulgames.service.ts:85:16)[39m
[31m    at async trackSceneView (D:\pfe\pfe 0.3\soullink-backend\src\modules\soulgames\soulgames.controller.ts:70:13)[39m
2026-03-01 01:14:14:1414 [35mhttp[39m: [35mPOST /api/soulgames/c7a58fca-1b15-47b8-a032-8341ccf6c631/track-view[39m
2026-03-01 01:14:14:1414 [31merror[39m: [31m[Unhandled Error] Status: 500 - Detail: PrismaClientKnownRequestError: [39m
[31mInvalid `prisma.soulGameProgress.upsert()` invocation in[39m
[31mD:\pfe\pfe 0.3\soullink-backend\src\modules\soulgames\soulgames.service.ts:85:46[39m

[31m  82  * Track which scene the user is currently viewing[39m
[31m  83  */[39m
[31m  84 async trackSceneView(userId: string, gameId: string, sceneId: string) {[39m
[31m→ 85     return await prisma.soulGameProgress.upsert([39m
[31mThe column `currentSceneId` does not exist in the current database.[39m
[31m    at $n.handleRequestError (D:\pfe\pfe 0.3\soullink-backend\node_modules\@prisma\client\runtime\library.js:121:7315)[39m
[31m    at $n.handleAndLogRequestError (D:\pfe\pfe 0.3\soullink-backend\node_modules\@prisma\client\runtime\library.js:121:6623)[39m
[31m    at $n.request (D:\pfe\pfe 0.3\soullink-backend\node_modules\@prisma\client\runtime\library.js:121:6307)[39m
[31m    at async l (D:\pfe\pfe 0.3\soullink-backend\node_modules\@prisma\client\runtime\library.js:130:9633)[39m
[31m    at async SoulGamesService.trackSceneView (D:\pfe\pfe 0.3\soullink-backend\src\modules\soulgames\soulgames.service.ts:85:16)[39m
[31m    at async trackSceneView (D:\pfe\pfe 0.3\soullink-backend\src\modules\soulgames\soulgames.controller.ts:70:13)[39m
2026-03-01 01:14:16:1416 [35mhttp[39m: [35mPOST /api/soulgames/c7a58fca-1b15-47b8-a032-8341ccf6c631/track-view[39m
2026-03-01 01:14:16:1416 [31merror[39m: [31m[Unhandled Error] Status: 500 - Detail: PrismaClientKnownRequestError: [39m
[31mInvalid `prisma.soulGameProgress.upsert()` invocation in[39m
[31mD:\pfe\pfe 0.3\soullink-backend\src\modules\soulgames\soulgames.service.ts:85:46[39m

[31m  82  * Track which scene the user is currently viewing[39m
[31m  83  */[39m
[31m  84 async trackSceneView(userId: string, gameId: string, sceneId: string) {[39m
[31m→ 85     return await prisma.soulGameProgress.upsert([39m
[31mThe column `currentSceneId` does not exist in the current database.[39m
[31m    at $n.handleRequestError (D:\pfe\pfe 0.3\soullink-backend\node_modules\@prisma\client\runtime\library.js:121:7315)[39m
[31m    at $n.handleAndLogRequestError (D:\pfe\pfe 0.3\soullink-backend\node_modules\@prisma\client\runtime\library.js:121:6623)[39m
[31m    at $n.request (D:\pfe\pfe 0.3\soullink-backend\node_modules\@prisma\client\runtime\library.js:121:6307)[39m
[31m    at async l (D:\pfe\pfe 0.3\soullink-backend\node_modules\@prisma\client\runtime\library.js:130:9633)[39m
[31m    at async SoulGamesService.trackSceneView (D:\pfe\pfe 0.3\soullink-backend\src\modules\soulgames\soulgames.service.ts:85:16)[39m
[31m    at async trackSceneView (D:\pfe\pfe 0.3\soullink-backend\src\modules\soulgames\soulgames.controller.ts:70:13)[39m
2026-03-01 01:14:21:1421 [35mhttp[39m: [35mGET /api/friends[39m
2026-03-01 01:14:21:1421 [35mhttp[39m: [35mGET /api/friends/pending[39m
2026-03-01 01:14:21:1421 [35mhttp[39m: [35mGET /api/friends/sent[39m
2026-03-01 01:14:21:1421 [35mhttp[39m: [35mGET /api/friends/sent[39m
2026-03-01 01:14:21:1421 [35mhttp[39m: [35mGET /api/friends/pending[39m
2026-03-01 01:14:21:1421 [35mhttp[39m: [35mGET /api/friends[39m
2026-03-01 01:14:25:1425 [32minfo[39m: [32mUser disconnected: MCo-dCqAxwzuaMBXAAAH[39m
2026-03-01 01:14:25:1425 [32minfo[39m: [32mUser disconnected: sz6qEsfBt0uQxIMcAAAG[39m
2026-03-01 01:14:25:1425 [35mhttp[39m: [35mGET /api/friends[39m
2026-03-01 01:14:25:1425 [35mhttp[39m: [35mGET /api/friends/pending[39m
2026-03-01 01:14:25:1425 [35mhttp[39m: [35mGET /api/friends/sent[39m
2026-03-01 01:14:25:1425 [35mhttp[39m: [35mGET /api/notifications/unread-count[39m
2026-03-01 01:14:25:1425 [35mhttp[39m: [35mGET /api/communities[39m
2026-03-01 01:14:25:1425 [35mhttp[39m: [35mGET /api/users/me[39m
2026-03-01 01:14:26:1426 [32minfo[39m: [32mUser connected: 4009bace-ec0f-4b32-8668-336067ba3c7d (O8kVMcZEM8mYFKrFAAAL)[39m
2026-03-01 01:14:26:1426 [35mhttp[39m: [35mGET /api/ai/history[39m
2026-03-01 01:14:26:1426 [32minfo[39m: [32mUser connected: 4009bace-ec0f-4b32-8668-336067ba3c7d (KzVrmU1DA5CQ6G3oAAAK)[39m
2026-03-01 01:14:26:1426 [35mhttp[39m: [35mGET /api/users/me[39m
2026-03-01 01:14:26:1426 [35mhttp[39m: [35mGET /api/friends[39m
2026-03-01 01:14:33:1433 [35mhttp[39m: [35mPOST /api/ai/chat[39m
2026-03-01 01:14:33:1433 [31merror[39m: [31mError in AI Service: [39m
[31mInvalid `any).findFirst()` invocation in[39m
[31mD:\pfe\pfe 0.3\soullink-backend\src\modules\ai-companion\ai.service.ts:211:46[39m

[31m  208     select: { createdAt: true, content: true },[39m
[31m  209 }),[39m
[31m  210 // Detect current viewed scene (not yet answered)[39m
[31m→ 211 (prisma.soulGameProgress as any).findFirst([39m
[31mThe column `SoulGameProgress.currentSceneId` does not exist in the current database.[39m
2026-03-01 01:14:33:1433 [31merror[39m: [31m[Unhandled Error] Status: 500 - Detail: Error: [39m
[31mInvalid `any).findFirst()` invocation in[39m
[31mD:\pfe\pfe 0.3\soullink-backend\src\modules\ai-companion\ai.service.ts:211:46[39m

[31m  208     select: { createdAt: true, content: true },[39m
[31m  209 }),[39m
[31m  210 // Detect current viewed scene (not yet answered)[39m
[31m→ 211 (prisma.soulGameProgress as any).findFirst([39m
[31mThe column `SoulGameProgress.currentSceneId` does not exist in the current database.[39m
[31m    at AIService.generateResponse (D:\pfe\pfe 0.3\soullink-backend\src\modules\ai-companion\ai.service.ts:604:19)[39m
[31m    at async chatWithNova (D:\pfe\pfe 0.3\soullink-backend\src\modules\ai-companion\ai.controller.ts:19:24)[39m
2026-03-01 01:15:04:154 [35mhttp[39m: [35mPOST /api/ai/investigate[39m
2026-03-01 01:15:05:155 [31merror[39m: [31mError in AI Service: [39m
[31mInvalid `any).findFirst()` invocation in[39m
[31mD:\pfe\pfe 0.3\soullink-backend\src\modules\ai-companion\ai.service.ts:211:46[39m

[31m  208     select: { createdAt: true, content: true },[39m
[31m  209 }),[39m
[31m  210 // Detect current viewed scene (not yet answered)[39m
[31m→ 211 (prisma.soulGameProgress as any).findFirst([39m
[31mThe column `SoulGameProgress.currentSceneId` does not exist in the current database.[39m
2026-03-01 01:15:05:155 [31merror[39m: [31m[Unhandled Error] Status: 500 - Detail: Error: [39m
[31mInvalid `any).findFirst()` invocation in[39m
[31mD:\pfe\pfe 0.3\soullink-backend\src\modules\ai-companion\ai.service.ts:211:46[39m

[31m  208     select: { createdAt: true, content: true },[39m
[31m  209 }),[39m
[31m  210 // Detect current viewed scene (not yet answered)[39m
[31m→ 211 (prisma.soulGameProgress as any).findFirst([39m
[31mThe column `SoulGameProgress.currentSceneId` does not exist in the current database.[39m
[31m    at AIService.generateResponse (D:\pfe\pfe 0.3\soullink-backend\src\modules\ai-companion\ai.service.ts:604:19)[39m
[31m    at async investigate (D:\pfe\pfe 0.3\soullink-backend\src\modules\ai-companion\ai.controller.ts:69:24)[39m
2026-03-01 01:15:26:1526 [35mhttp[39m: [35mGET /api/ai/history[39m
2026-03-01 01:16:02:162 [32minfo[39m: [32mConnected to PostgreSQL database[39m
2026-03-01 01:16:02:162 [32minfo[39m: [32mSoulLink Backend running in development mode on port 4000[39m
2026-03-01 01:16:02:162 [32minfo[39m: [32mStarting AI Companion cron jobs...[39m
2026-03-01 01:16:02:162 [32minfo[39m: [32mPresence Reset: Set 1 users to OFFLINE on startup[39m
2026-03-01 01:16:02:162 [32minfo[39m: [32mUser connected: 4009bace-ec0f-4b32-8668-336067ba3c7d (SvydBTNDi1SEINMTAAAC)[39m
2026-03-01 01:16:02:162 [32minfo[39m: [32mUser connected: 4009bace-ec0f-4b32-8668-336067ba3c7d (cKoa3Tverdc2EcVRAAAD)[39m
2026-03-01 01:16:20:1620 [32minfo[39m: [32mConnected to PostgreSQL database[39m
2026-03-01 01:16:20:1620 [32minfo[39m: [32mSoulLink Backend running in development mode on port 4000[39m
2026-03-01 01:16:20:1620 [32minfo[39m: [32mStarting AI Companion cron jobs...[39m
2026-03-01 01:16:21:1621 [32minfo[39m: [32mPresence Reset: Set 1 users to OFFLINE on startup[39m
2026-03-01 01:16:21:1621 [32minfo[39m: [32mUser connected: 4009bace-ec0f-4b32-8668-336067ba3c7d (SEC0_BZhwfbQX2UqAAAD)[39m
2026-03-01 01:16:21:1621 [32minfo[39m: [32mUser connected: 4009bace-ec0f-4b32-8668-336067ba3c7d (CqoMZWNxBHW5bfomAAAC)[39m
2026-03-01 01:16:26:1626 [35mhttp[39m: [35mGET /api/ai/history[39m
2026-03-01 01:16:58:1658 [32minfo[39m: [32mUser disconnected: CqoMZWNxBHW5bfomAAAC[39m
2026-03-01 01:16:58:1658 [32minfo[39m: [32mUser disconnected: SEC0_BZhwfbQX2UqAAAD[39m
2026-03-01 01:16:58:1658 [35mhttp[39m: [35mGET /api/users/me[39m
2026-03-01 01:16:58:1658 [35mhttp[39m: [35mGET /api/notifications/unread-count[39m
2026-03-01 01:16:58:1658 [35mhttp[39m: [35mGET /api/friends[39m
2026-03-01 01:16:58:1658 [35mhttp[39m: [35mGET /api/communities[39m
2026-03-01 01:16:58:1658 [35mhttp[39m: [35mGET /api/ai/history[39m
2026-03-01 01:16:58:1658 [35mhttp[39m: [35mGET /api/friends/pending[39m
2026-03-01 01:16:59:1659 [35mhttp[39m: [35mGET /api/friends/sent[39m
2026-03-01 01:16:59:1659 [35mhttp[39m: [35mGET /api/users/me[39m
2026-03-01 01:16:59:1659 [32minfo[39m: [32mUser connected: 4009bace-ec0f-4b32-8668-336067ba3c7d (yCjC4yFd1jDyMutfAAAH)[39m
2026-03-01 01:16:59:1659 [32minfo[39m: [32mUser connected: 4009bace-ec0f-4b32-8668-336067ba3c7d (8aW2pg_RNkhoBCnmAAAG)[39m
2026-03-01 01:16:59:1659 [35mhttp[39m: [35mGET /api/friends[39m
2026-03-01 01:17:05:175 [35mhttp[39m: [35mPOST /api/ai/chat[39m
2026-03-01 01:17:05:175 [31merror[39m: [31mError in AI Service: [39m
[31mInvalid `any).soulGameProgress.findFirst()` invocation in[39m
[31mD:\pfe\pfe 0.3\soullink-backend\src\modules\ai-companion\ai.service.ts:211:46[39m

[31m  208     select: { createdAt: true, content: true },[39m
[31m  209 }),[39m
[31m  210 // Detect current viewed scene (not yet answered)[39m
[31m→ 211 (prisma as any).soulGameProgress.findFirst([39m
[31mThe column `SoulGameProgress.currentSceneId` does not exist in the current database.[39m
2026-03-01 01:17:05:175 [31merror[39m: [31m[Unhandled Error] Status: 500 - Detail: Error: [39m
[31mInvalid `any).soulGameProgress.findFirst()` invocation in[39m
[31mD:\pfe\pfe 0.3\soullink-backend\src\modules\ai-companion\ai.service.ts:211:46[39m

[31m  208     select: { createdAt: true, content: true },[39m
[31m  209 }),[39m
[31m  210 // Detect current viewed scene (not yet answered)[39m
[31m→ 211 (prisma as any).soulGameProgress.findFirst([39m
[31mThe column `SoulGameProgress.currentSceneId` does not exist in the current database.[39m
[31m    at AIService.generateResponse (D:\pfe\pfe 0.3\soullink-backend\src\modules\ai-companion\ai.service.ts:604:19)[39m
[31m    at async chatWithNova (D:\pfe\pfe 0.3\soullink-backend\src\modules\ai-companion\ai.controller.ts:19:24)[39m
2026-03-01 01:17:58:1758 [35mhttp[39m: [35mGET /api/ai/history[39m
2026-03-01 01:18:42:1842 [32minfo[39m: [32mConnected to PostgreSQL database[39m
2026-03-01 01:18:42:1842 [32minfo[39m: [32mSoulLink Backend running in development mode on port 4000[39m
2026-03-01 01:18:42:1842 [32minfo[39m: [32mStarting AI Companion cron jobs...[39m
2026-03-01 01:18:42:1842 [32minfo[39m: [32mPresence Reset: Set 1 users to OFFLINE on startup[39m
2026-03-01 01:18:43:1843 [32minfo[39m: [32mUser connected: 4009bace-ec0f-4b32-8668-336067ba3c7d (JCYRS7NyyWAKm0TOAAAB)[39m
2026-03-01 01:18:44:1844 [32minfo[39m: [32mUser connected: 4009bace-ec0f-4b32-8668-336067ba3c7d (EANJiNJlwlDhocF7AAAD)[39m
2026-03-01 01:18:58:1858 [35mhttp[39m: [35mGET /api/ai/history[39m
2026-03-01 01:20:34:2034 [32minfo[39m: [32mConnected to PostgreSQL database[39m
2026-03-01 01:20:34:2034 [32minfo[39m: [32mSoulLink Backend running in development mode on port 4000[39m
2026-03-01 01:20:34:2034 [32minfo[39m: [32mStarting AI Companion cron jobs...[39m
2026-03-01 01:20:34:2034 [32minfo[39m: [32mPresence Reset: Set 1 users to OFFLINE on startup[39m
2026-03-01 01:20:55:2055 [32minfo[39m: [32mConnected to PostgreSQL database[39m
2026-03-01 01:20:55:2055 [32minfo[39m: [32mSoulLink Backend running in development mode on port 4000[39m
2026-03-01 01:20:55:2055 [32minfo[39m: [32mStarting AI Companion cron jobs...[39m
2026-03-01 01:20:56:2056 [32minfo[39m: [32mPresence Reset: Set 0 users to OFFLINE on startup[39m
2026-03-01 01:20:58:2058 [35mhttp[39m: [35mGET /api/ai/history[39m
2026-03-01 01:21:05:215 [32minfo[39m: [32mConnected to PostgreSQL database[39m
2026-03-01 01:21:05:215 [32minfo[39m: [32mSoulLink Backend running in development mode on port 4000[39m
2026-03-01 01:21:05:215 [32minfo[39m: [32mStarting AI Companion cron jobs...[39m
2026-03-01 01:21:06:216 [32minfo[39m: [32mPresence Reset: Set 0 users to OFFLINE on startup[39m
2026-03-01 01:21:58:2158 [35mhttp[39m: [35mGET /api/ai/history[39m
2026-03-01 01:22:58:2258 [35mhttp[39m: [35mGET /api/ai/history[39m
2026-03-01 01:23:21:2321 [32minfo[39m: [32mConnected to PostgreSQL database[39m
2026-03-01 01:23:21:2321 [32minfo[39m: [32mSoulLink Backend running in development mode on port 4000[39m
2026-03-01 01:23:21:2321 [32minfo[39m: [32mStarting AI Companion cron jobs...[39m
2026-03-01 01:23:21:2321 [32minfo[39m: [32mPresence Reset: Set 0 users to OFFLINE on startup[39m
2026-03-01 01:24:40:2440 [35mhttp[39m: [35mGET /api/ai/history[39m
2026-03-01 01:25:09:259 [35mhttp[39m: [35mGET /api/ai/history[39m
2026-03-01 01:25:11:2511 [35mhttp[39m: [35mGET /api/ai/history[39m
2026-03-01 01:25:11:2511 [35mhttp[39m: [35mGET /api/users/me[39m
2026-03-01 01:25:11:2511 [35mhttp[39m: [35mGET /api/notifications/unread-count[39m
2026-03-01 01:25:11:2511 [35mhttp[39m: [35mGET /api/friends[39m
2026-03-01 01:25:11:2511 [35mhttp[39m: [35mGET /api/communities[39m
2026-03-01 01:25:11:2511 [35mhttp[39m: [35mGET /api/friends/pending[39m
2026-03-01 01:25:11:2511 [35mhttp[39m: [35mGET /api/friends/sent[39m
2026-03-01 01:25:12:2512 [32minfo[39m: [32mUser connected: 4009bace-ec0f-4b32-8668-336067ba3c7d (sQ1Sl1xzEfb9Cx8AAAAD)[39m
2026-03-01 01:25:12:2512 [32minfo[39m: [32mUser connected: 4009bace-ec0f-4b32-8668-336067ba3c7d (9wKisuk3skawXrPWAAAC)[39m
2026-03-01 01:25:13:2513 [35mhttp[39m: [35mGET /api/users/me[39m
2026-03-01 01:25:13:2513 [35mhttp[39m: [35mGET /api/friends[39m
2026-03-01 01:25:15:2515 [35mhttp[39m: [35mPOST /api/ai/chat[39m
2026-03-01 01:25:15:2515 [32minfo[39m: [32m[AI] Processing message for user 4009bace-ec0f-4b32-8668-336067ba3c7d, conversation d1f1e674-48e0-4d70-ad27-c54d77114e28[39m
2026-03-01 01:25:15:2515 [32minfo[39m: [32m[AI] Fetching context and memory...[39m
2026-03-01 01:25:16:2516 [33mwarn[39m: [33m[AI] Could not fetch soulGameProgress (schema out of sync?):[39m
2026-03-01 01:25:16:2516 [32minfo[39m: [32m[AI] Context fetched for user 4009bace-ec0f-4b32-8668-336067ba3c7d[39m
2026-03-01 01:25:16:2516 [32minfo[39m: [32m[AI] Calling Groq API (21 messages in window)...[39m
2026-03-01 01:25:18:2518 [32minfo[39m: [32mUpdated structured memory for user 4009bace-ec0f-4b32-8668-336067ba3c7d[39m
2026-03-01 01:25:36:2536 [35mhttp[39m: [35mPOST /api/ai/chat[39m
2026-03-01 01:25:36:2536 [32minfo[39m: [32m[AI] Processing message for user 4009bace-ec0f-4b32-8668-336067ba3c7d, conversation d1f1e674-48e0-4d70-ad27-c54d77114e28[39m
2026-03-01 01:25:36:2536 [32minfo[39m: [32m[AI] Fetching context and memory...[39m
2026-03-01 01:25:36:2536 [33mwarn[39m: [33m[AI] Could not fetch soulGameProgress (schema out of sync?):[39m
2026-03-01 01:25:37:2537 [32minfo[39m: [32m[AI] Context fetched for user 4009bace-ec0f-4b32-8668-336067ba3c7d[39m
2026-03-01 01:25:37:2537 [32minfo[39m: [32m[AI] Calling Groq API (21 messages in window)...[39m
2026-03-01 01:25:39:2539 [32minfo[39m: [32mUpdated structured memory for user 4009bace-ec0f-4b32-8668-336067ba3c7d[39m
2026-03-01 01:26:02:262 [35mhttp[39m: [35mPOST /api/ai/chat[39m
2026-03-01 01:26:03:263 [32minfo[39m: [32m[AI] Processing message for user 4009bace-ec0f-4b32-8668-336067ba3c7d, conversation d1f1e674-48e0-4d70-ad27-c54d77114e28[39m
2026-03-01 01:26:03:263 [32minfo[39m: [32m[AI] Fetching context and memory...[39m
2026-03-01 01:26:03:263 [33mwarn[39m: [33m[AI] Could not fetch soulGameProgress (schema out of sync?):[39m
2026-03-01 01:26:04:264 [32minfo[39m: [32m[AI] Context fetched for user 4009bace-ec0f-4b32-8668-336067ba3c7d[39m
2026-03-01 01:26:04:264 [32minfo[39m: [32m[AI] Calling Groq API (21 messages in window)...[39m
2026-03-01 01:26:05:265 [32minfo[39m: [32mUpdated structured memory for user 4009bace-ec0f-4b32-8668-336067ba3c7d[39m
2026-03-01 01:26:11:2611 [35mhttp[39m: [35mGET /api/ai/history[39m
2026-03-01 01:26:16:2616 [35mhttp[39m: [35mPOST /api/ai/chat[39m
2026-03-01 01:26:16:2616 [32minfo[39m: [32m[AI] Processing message for user 4009bace-ec0f-4b32-8668-336067ba3c7d, conversation d1f1e674-48e0-4d70-ad27-c54d77114e28[39m
2026-03-01 01:26:16:2616 [32minfo[39m: [32m[AI] Fetching context and memory...[39m
2026-03-01 01:26:16:2616 [33mwarn[39m: [33m[AI] Could not fetch soulGameProgress (schema out of sync?):[39m
2026-03-01 01:26:17:2617 [32minfo[39m: [32m[AI] Context fetched for user 4009bace-ec0f-4b32-8668-336067ba3c7d[39m
2026-03-01 01:26:17:2617 [32minfo[39m: [32m[AI] Calling Groq API (21 messages in window)...[39m
2026-03-01 01:26:19:2619 [32minfo[39m: [32mUpdated structured memory for user 4009bace-ec0f-4b32-8668-336067ba3c7d[39m
2026-03-01 01:26:39:2639 [35mhttp[39m: [35mPOST /api/ai/chat[39m
2026-03-01 01:26:40:2640 [32minfo[39m: [32m[AI] Processing message for user 4009bace-ec0f-4b32-8668-336067ba3c7d, conversation d1f1e674-48e0-4d70-ad27-c54d77114e28[39m
2026-03-01 01:26:40:2640 [32minfo[39m: [32m[AI] Fetching context and memory...[39m
2026-03-01 01:26:40:2640 [33mwarn[39m: [33m[AI] Could not fetch soulGameProgress (schema out of sync?):[39m
2026-03-01 01:26:40:2640 [32minfo[39m: [32m[AI] Context fetched for user 4009bace-ec0f-4b32-8668-336067ba3c7d[39m
2026-03-01 01:26:40:2640 [32minfo[39m: [32m[AI] Calling Groq API (21 messages in window)...[39m
2026-03-01 01:26:41:2641 [32minfo[39m: [32mUpdated structured memory for user 4009bace-ec0f-4b32-8668-336067ba3c7d[39m
2026-03-01 01:26:52:2652 [35mhttp[39m: [35mPOST /api/ai/chat[39m
2026-03-01 01:26:53:2653 [32minfo[39m: [32m[AI] Processing message for user 4009bace-ec0f-4b32-8668-336067ba3c7d, conversation d1f1e674-48e0-4d70-ad27-c54d77114e28[39m
2026-03-01 01:26:53:2653 [32minfo[39m: [32m[AI] Fetching context and memory...[39m
2026-03-01 01:26:53:2653 [33mwarn[39m: [33m[AI] Could not fetch soulGameProgress (schema out of sync?):[39m
2026-03-01 01:26:54:2654 [32minfo[39m: [32m[AI] Context fetched for user 4009bace-ec0f-4b32-8668-336067ba3c7d[39m
2026-03-01 01:26:54:2654 [32minfo[39m: [32m[AI] Calling Groq API (21 messages in window)...[39m
2026-03-01 01:26:55:2655 [32minfo[39m: [32mUpdated structured memory for user 4009bace-ec0f-4b32-8668-336067ba3c7d[39m
2026-03-01 01:27:03:273 [35mhttp[39m: [35mPOST /api/ai/chat[39m
2026-03-01 01:27:04:274 [32minfo[39m: [32m[AI] Processing message for user 4009bace-ec0f-4b32-8668-336067ba3c7d, conversation d1f1e674-48e0-4d70-ad27-c54d77114e28[39m
2026-03-01 01:27:04:274 [32minfo[39m: [32m[AI] Fetching context and memory...[39m
2026-03-01 01:27:04:274 [33mwarn[39m: [33m[AI] Could not fetch soulGameProgress (schema out of sync?):[39m
2026-03-01 01:27:05:275 [32minfo[39m: [32m[AI] Context fetched for user 4009bace-ec0f-4b32-8668-336067ba3c7d[39m
2026-03-01 01:27:05:275 [32minfo[39m: [32m[AI] Calling Groq API (21 messages in window)...[39m
2026-03-01 01:27:06:276 [32minfo[39m: [32mRecorded trust event emotional_moment for 4009bace-ec0f-4b32-8668-336067ba3c7d (Trust: 8, Stage: NEW)[39m
2026-03-01 01:27:07:277 [32minfo[39m: [32mUpdated structured memory for user 4009bace-ec0f-4b32-8668-336067ba3c7d[39m
2026-03-01 01:27:11:2711 [35mhttp[39m: [35mGET /api/ai/history[39m
2026-03-01 01:28:11:2811 [35mhttp[39m: [35mGET /api/ai/history[39m
2026-03-01 01:28:26:2826 [35mhttp[39m: [35mPOST /api/ai/chat[39m
2026-03-01 01:28:26:2826 [32minfo[39m: [32m[AI] Processing message for user 4009bace-ec0f-4b32-8668-336067ba3c7d, conversation d1f1e674-48e0-4d70-ad27-c54d77114e28[39m
2026-03-01 01:28:26:2826 [32minfo[39m: [32m[AI] Fetching context and memory...[39m
2026-03-01 01:28:26:2826 [33mwarn[39m: [33m[AI] Could not fetch soulGameProgress (schema out of sync?):[39m
2026-03-01 01:28:27:2827 [32minfo[39m: [32m[AI] Context fetched for user 4009bace-ec0f-4b32-8668-336067ba3c7d[39m
2026-03-01 01:28:27:2827 [32minfo[39m: [32m[AI] Calling Groq API (21 messages in window)...[39m
2026-03-01 01:28:28:2828 [32minfo[39m: [32mUpdated structured memory for user 4009bace-ec0f-4b32-8668-336067ba3c7d[39m
2026-03-01 01:28:30:2830 [35mhttp[39m: [35mGET /api/soulgames[39m
2026-03-01 01:28:31:2831 [31merror[39m: [31m[Unhandled Error] Status: 500 - Detail: PrismaClientKnownRequestError: [39m
[31mInvalid `prisma.soulGameProgress.findMany()` invocation in[39m
[31mD:\pfe\pfe 0.3\soullink-backend\src\modules\soulgames\soulgames.service.ts:25:64[39m

[31m  22 });[39m
[31m  23 [39m
[31m  24 // Get user's explicit progress[39m
[31m→ 25 const explicitProgress = await prisma.soulGameProgress.findMany([39m
[31mThe column `SoulGameProgress.currentSceneId` does not exist in the current database.[39m
[31m    at $n.handleRequestError (D:\pfe\pfe 0.3\soullink-backend\node_modules\@prisma\client\runtime\library.js:121:7315)[39m
[31m    at $n.handleAndLogRequestError (D:\pfe\pfe 0.3\soullink-backend\node_modules\@prisma\client\runtime\library.js:121:6623)[39m
[31m    at $n.request (D:\pfe\pfe 0.3\soullink-backend\node_modules\@prisma\client\runtime\library.js:121:6307)[39m
[31m    at async l (D:\pfe\pfe 0.3\soullink-backend\node_modules\@prisma\client\runtime\library.js:130:9633)[39m
[31m    at async SoulGamesService.getAllGames (D:\pfe\pfe 0.3\soullink-backend\src\modules\soulgames\soulgames.service.ts:25:34)[39m
[31m    at async getAllGames (D:\pfe\pfe 0.3\soullink-backend\src\modules\soulgames\soulgames.controller.ts:13:27)[39m
2026-03-01 01:28:31:2831 [35mhttp[39m: [35mGET /api/soulgames[39m
2026-03-01 01:28:31:2831 [31merror[39m: [31m[Unhandled Error] Status: 500 - Detail: PrismaClientKnownRequestError: [39m
[31mInvalid `prisma.soulGameProgress.findMany()` invocation in[39m
[31mD:\pfe\pfe 0.3\soullink-backend\src\modules\soulgames\soulgames.service.ts:25:64[39m

[31m  22 });[39m
[31m  23 [39m
[31m  24 // Get user's explicit progress[39m
[31m→ 25 const explicitProgress = await prisma.soulGameProgress.findMany([39m
[31mThe column `SoulGameProgress.currentSceneId` does not exist in the current database.[39m
[31m    at $n.handleRequestError (D:\pfe\pfe 0.3\soullink-backend\node_modules\@prisma\client\runtime\library.js:121:7315)[39m
[31m    at $n.handleAndLogRequestError (D:\pfe\pfe 0.3\soullink-backend\node_modules\@prisma\client\runtime\library.js:121:6623)[39m
[31m    at $n.request (D:\pfe\pfe 0.3\soullink-backend\node_modules\@prisma\client\runtime\library.js:121:6307)[39m
[31m    at async l (D:\pfe\pfe 0.3\soullink-backend\node_modules\@prisma\client\runtime\library.js:130:9633)[39m
[31m    at async SoulGamesService.getAllGames (D:\pfe\pfe 0.3\soullink-backend\src\modules\soulgames\soulgames.service.ts:25:34)[39m
[31m    at async getAllGames (D:\pfe\pfe 0.3\soullink-backend\src\modules\soulgames\soulgames.controller.ts:13:27)[39m
2026-03-01 01:28:42:2842 [35mhttp[39m: [35mGET /api/friends[39m
2026-03-01 01:28:42:2842 [35mhttp[39m: [35mGET /api/friends/pending[39m
2026-03-01 01:28:42:2842 [35mhttp[39m: [35mGET /api/friends/sent[39m
2026-03-01 01:28:43:2843 [35mhttp[39m: [35mGET /api/friends/pending[39m
2026-03-01 01:28:43:2843 [35mhttp[39m: [35mGET /api/friends/sent[39m
2026-03-01 01:28:43:2843 [35mhttp[39m: [35mGET /api/friends[39m
2026-03-01 01:28:44:2844 [35mhttp[39m: [35mGET /api/soulgames[39m
2026-03-01 01:28:44:2844 [31merror[39m: [31m[Unhandled Error] Status: 500 - Detail: PrismaClientKnownRequestError: [39m
[31mInvalid `prisma.soulGameProgress.findMany()` invocation in[39m
[31mD:\pfe\pfe 0.3\soullink-backend\src\modules\soulgames\soulgames.service.ts:25:64[39m

[31m  22 });[39m
[31m  23 [39m
[31m  24 // Get user's explicit progress[39m
[31m→ 25 const explicitProgress = await prisma.soulGameProgress.findMany([39m
[31mThe column `SoulGameProgress.currentSceneId` does not exist in the current database.[39m
[31m    at $n.handleRequestError (D:\pfe\pfe 0.3\soullink-backend\node_modules\@prisma\client\runtime\library.js:121:7315)[39m
[31m    at $n.handleAndLogRequestError (D:\pfe\pfe 0.3\soullink-backend\node_modules\@prisma\client\runtime\library.js:121:6623)[39m
[31m    at $n.request (D:\pfe\pfe 0.3\soullink-backend\node_modules\@prisma\client\runtime\library.js:121:6307)[39m
[31m    at async l (D:\pfe\pfe 0.3\soullink-backend\node_modules\@prisma\client\runtime\library.js:130:9633)[39m
[31m    at async SoulGamesService.getAllGames (D:\pfe\pfe 0.3\soullink-backend\src\modules\soulgames\soulgames.service.ts:25:34)[39m
[31m    at async getAllGames (D:\pfe\pfe 0.3\soullink-backend\src\modules\soulgames\soulgames.controller.ts:13:27)[39m
2026-03-01 01:28:44:2844 [35mhttp[39m: [35mGET /api/soulgames[39m
2026-03-01 01:28:44:2844 [31merror[39m: [31m[Unhandled Error] Status: 500 - Detail: PrismaClientKnownRequestError: [39m
[31mInvalid `prisma.soulGameProgress.findMany()` invocation in[39m
[31mD:\pfe\pfe 0.3\soullink-backend\src\modules\soulgames\soulgames.service.ts:25:64[39m

[31m  22 });[39m
[31m  23 [39m
[31m  24 // Get user's explicit progress[39m
[31m→ 25 const explicitProgress = await prisma.soulGameProgress.findMany([39m
[31mThe column `SoulGameProgress.currentSceneId` does not exist in the current database.[39m
[31m    at $n.handleRequestError (D:\pfe\pfe 0.3\soullink-backend\node_modules\@prisma\client\runtime\library.js:121:7315)[39m
[31m    at $n.handleAndLogRequestError (D:\pfe\pfe 0.3\soullink-backend\node_modules\@prisma\client\runtime\library.js:121:6623)[39m
[31m    at $n.request (D:\pfe\pfe 0.3\soullink-backend\node_modules\@prisma\client\runtime\library.js:121:6307)[39m
[31m    at async l (D:\pfe\pfe 0.3\soullink-backend\node_modules\@prisma\client\runtime\library.js:130:9633)[39m
[31m    at async SoulGamesService.getAllGames (D:\pfe\pfe 0.3\soullink-backend\src\modules\soulgames\soulgames.service.ts:25:34)[39m
[31m    at async getAllGames (D:\pfe\pfe 0.3\soullink-backend\src\modules\soulgames\soulgames.controller.ts:13:27)[39m
2026-03-01 01:29:11:2911 [35mhttp[39m: [35mGET /api/ai/history[39m
2026-03-01 01:30:11:3011 [35mhttp[39m: [35mGET /api/ai/history[39m
2026-03-01 01:31:11:3111 [35mhttp[39m: [35mGET /api/ai/history[39m
2026-03-01 01:32:40:3240 [35mhttp[39m: [35mGET /api/ai/history[39m
2026-03-01 01:33:23:3323 [32minfo[39m: [32mConnected to PostgreSQL database[39m
2026-03-01 01:33:23:3323 [32minfo[39m: [32mSoulLink Backend running in development mode on port 4000[39m
2026-03-01 01:33:23:3323 [32minfo[39m: [32mStarting AI Companion cron jobs...[39m
2026-03-01 01:33:24:3324 [32minfo[39m: [32mPresence Reset: Set 1 users to OFFLINE on startup[39m
2026-03-01 01:33:40:3340 [35mhttp[39m: [35mGET /api/ai/history[39m
2026-03-01 01:34:15:3415 [32minfo[39m: [32mConnected to PostgreSQL database[39m
2026-03-01 01:34:15:3415 [32minfo[39m: [32mConnected to PostgreSQL database[39m
2026-03-01 01:34:15:3415 [32minfo[39m: [32mSoulLink Backend running in development mode on port 4000[39m
2026-03-01 01:34:15:3415 [32minfo[39m: [32mStarting AI Companion cron jobs...[39m
2026-03-01 01:34:16:3416 [32minfo[39m: [32mPresence Reset: Set 0 users to OFFLINE on startup[39m
2026-03-01 01:34:40:3440 [35mhttp[39m: [35mGET /api/ai/history[39m
2026-03-01 01:34:56:3456 [35mhttp[39m: [35mGET /api/users/me[39m
2026-03-01 01:34:56:3456 [35mhttp[39m: [35mGET /api/notifications/unread-count[39m
2026-03-01 01:34:56:3456 [35mhttp[39m: [35mGET /api/friends[39m
2026-03-01 01:34:56:3456 [35mhttp[39m: [35mGET /api/communities[39m
2026-03-01 01:34:56:3456 [35mhttp[39m: [35mGET /api/ai/history[39m
2026-03-01 01:34:56:3456 [35mhttp[39m: [35mGET /api/soulgames[39m
2026-03-01 01:34:57:3457 [35mhttp[39m: [35mGET /api/users/me[39m
2026-03-01 01:34:57:3457 [32minfo[39m: [32mUser connected: 4009bace-ec0f-4b32-8668-336067ba3c7d (7h4YTlLOY5fbeK-xAAAD)[39m
2026-03-01 01:34:57:3457 [32minfo[39m: [32mUser connected: 4009bace-ec0f-4b32-8668-336067ba3c7d (PSypn6GNe2sn-yLLAAAC)[39m
2026-03-01 01:35:02:352 [35mhttp[39m: [35mGET /api/soulgames/c7a58fca-1b15-47b8-a032-8341ccf6c631[39m
2026-03-01 01:35:03:353 [35mhttp[39m: [35mGET /api/soulgames/c7a58fca-1b15-47b8-a032-8341ccf6c631[39m
2026-03-01 01:35:03:353 [35mhttp[39m: [35mPOST /api/soulgames/c7a58fca-1b15-47b8-a032-8341ccf6c631/track-view[39m
2026-03-01 01:35:04:354 [35mhttp[39m: [35mPOST /api/soulgames/c7a58fca-1b15-47b8-a032-8341ccf6c631/track-view[39m
2026-03-01 01:35:09:359 [35mhttp[39m: [35mPOST /api/soulgames/c7a58fca-1b15-47b8-a032-8341ccf6c631/respond[39m
2026-03-01 01:35:10:3510 [35mhttp[39m: [35mPOST /api/ai/game-comment[39m
2026-03-01 01:35:10:3510 [35mhttp[39m: [35mPOST /api/soulgames/c7a58fca-1b15-47b8-a032-8341ccf6c631/track-view[39m
2026-03-01 01:35:11:3511 [35mhttp[39m: [35mPOST /api/soulgames/c7a58fca-1b15-47b8-a032-8341ccf6c631/track-view[39m
2026-03-01 01:35:16:3516 [35mhttp[39m: [35mPOST /api/soulgames/c7a58fca-1b15-47b8-a032-8341ccf6c631/respond[39m
2026-03-01 01:35:17:3517 [35mhttp[39m: [35mPOST /api/ai/game-comment[39m
2026-03-01 01:35:17:3517 [35mhttp[39m: [35mPOST /api/soulgames/c7a58fca-1b15-47b8-a032-8341ccf6c631/track-view[39m
2026-03-01 01:35:18:3518 [35mhttp[39m: [35mPOST /api/soulgames/c7a58fca-1b15-47b8-a032-8341ccf6c631/track-view[39m
2026-03-01 01:35:20:3520 [35mhttp[39m: [35mPOST /api/soulgames/c7a58fca-1b15-47b8-a032-8341ccf6c631/respond[39m
2026-03-01 01:35:21:3521 [35mhttp[39m: [35mPOST /api/ai/game-comment[39m
2026-03-01 01:35:21:3521 [35mhttp[39m: [35mPOST /api/soulgames/c7a58fca-1b15-47b8-a032-8341ccf6c631/track-view[39m
2026-03-01 01:35:30:3530 [35mhttp[39m: [35mPOST /api/soulgames/c7a58fca-1b15-47b8-a032-8341ccf6c631/respond[39m
2026-03-01 01:35:31:3531 [35mhttp[39m: [35mPOST /api/ai/game-comment[39m
2026-03-01 01:35:31:3531 [35mhttp[39m: [35mPOST /api/soulgames/c7a58fca-1b15-47b8-a032-8341ccf6c631/track-view[39m
2026-03-01 01:35:32:3532 [35mhttp[39m: [35mPOST /api/soulgames/c7a58fca-1b15-47b8-a032-8341ccf6c631/complete[39m
2026-03-01 01:35:34:3534 [35mhttp[39m: [35mGET /api/soulgames/personality[39m
2026-03-01 01:35:35:3535 [35mhttp[39m: [35mGET /api/soulgames/personality[39m
2026-03-01 01:35:35:3535 [32minfo[39m: [32m[AI] Context fetched for user 4009bace-ec0f-4b32-8668-336067ba3c7d[39m
2026-03-01 01:35:36:3536 [32minfo[39m: [32mGenerated proactive message for user 4009bace-ec0f-4b32-8668-336067ba3c7d context game_completed[39m
2026-03-01 01:35:44:3544 [35mhttp[39m: [35mPOST /api/ai/chat[39m
2026-03-01 01:35:45:3545 [32minfo[39m: [32m[AI] Processing message for user 4009bace-ec0f-4b32-8668-336067ba3c7d, conversation d1f1e674-48e0-4d70-ad27-c54d77114e28[39m
2026-03-01 01:35:45:3545 [32minfo[39m: [32m[AI] Fetching context and memory...[39m
2026-03-01 01:35:46:3546 [32minfo[39m: [32m[AI] Context fetched for user 4009bace-ec0f-4b32-8668-336067ba3c7d[39m
2026-03-01 01:35:46:3546 [32minfo[39m: [32m[AI] Calling Groq API (21 messages in window)...[39m
2026-03-01 01:35:48:3548 [32minfo[39m: [32mUpdated structured memory for user 4009bace-ec0f-4b32-8668-336067ba3c7d[39m
2026-03-01 01:35:56:3556 [35mhttp[39m: [35mGET /api/ai/history[39m
2026-03-01 01:36:07:367 [35mhttp[39m: [35mPOST /api/ai/chat[39m
2026-03-01 01:36:08:368 [32minfo[39m: [32m[AI] Processing message for user 4009bace-ec0f-4b32-8668-336067ba3c7d, conversation d1f1e674-48e0-4d70-ad27-c54d77114e28[39m
2026-03-01 01:36:08:368 [32minfo[39m: [32m[AI] Fetching context and memory...[39m
2026-03-01 01:36:09:369 [32minfo[39m: [32m[AI] Context fetched for user 4009bace-ec0f-4b32-8668-336067ba3c7d[39m
2026-03-01 01:36:09:369 [32minfo[39m: [32m[AI] Calling Groq API (21 messages in window)...[39m
2026-03-01 01:36:10:3610 [31merror[39m: [31m[AI] Groq API Error (429):[39m
2026-03-01 01:36:56:3656 [35mhttp[39m: [35mGET /api/ai/history[39m
2026-03-01 01:37:56:3756 [35mhttp[39m: [35mGET /api/ai/history[39m
2026-03-01 01:38:56:3856 [35mhttp[39m: [35mGET /api/ai/history[39m
2026-03-01 01:39:32:3932 [32minfo[39m: [32mConnected to PostgreSQL database[39m
2026-03-01 01:39:32:3932 [32minfo[39m: [32mConnected to PostgreSQL database[39m
2026-03-01 01:39:32:3932 [32minfo[39m: [32mSoulLink Backend running in development mode on port 4000[39m
2026-03-01 01:39:32:3932 [32minfo[39m: [32mStarting AI Companion cron jobs...[39m
2026-03-01 01:39:33:3933 [32minfo[39m: [32mPresence Reset: Set 1 users to OFFLINE on startup[39m
2026-03-01 01:39:34:3934 [32minfo[39m: [32mUser connected: 4009bace-ec0f-4b32-8668-336067ba3c7d (zLefgYuLsHqF82ikAAAC)[39m
2026-03-01 01:39:34:3934 [32minfo[39m: [32mUser connected: 4009bace-ec0f-4b32-8668-336067ba3c7d (130k6bjZXYbCPk9iAAAD)[39m
2026-03-01 01:39:56:3956 [32minfo[39m: [32mConnected to PostgreSQL database[39m
2026-03-01 01:39:56:3956 [32minfo[39m: [32mConnected to PostgreSQL database[39m
2026-03-01 01:39:56:3956 [32minfo[39m: [32mSoulLink Backend running in development mode on port 4000[39m
2026-03-01 01:39:56:3956 [32minfo[39m: [32mStarting AI Companion cron jobs...[39m
2026-03-01 01:39:56:3956 [32minfo[39m: [32mPresence Reset: Set 1 users to OFFLINE on startup[39m
2026-03-01 01:39:56:3956 [35mhttp[39m: [35mGET /api/ai/history[39m
2026-03-01 01:39:57:3957 [32minfo[39m: [32mUser connected: 4009bace-ec0f-4b32-8668-336067ba3c7d (KmDlRxIzih4QHM0EAAAD)[39m
2026-03-01 01:39:57:3957 [32minfo[39m: [32mUser connected: 4009bace-ec0f-4b32-8668-336067ba3c7d (NdSylsP2harMx8qDAAAC)[39m
2026-03-01 01:40:32:4032 [32minfo[39m: [32mUser disconnected: NdSylsP2harMx8qDAAAC[39m
2026-03-01 01:40:32:4032 [32minfo[39m: [32mUser disconnected: KmDlRxIzih4QHM0EAAAD[39m
2026-03-01 01:40:33:4033 [35mhttp[39m: [35mGET /api/users/me[39m
2026-03-01 01:40:33:4033 [35mhttp[39m: [35mGET /api/notifications/unread-count[39m
2026-03-01 01:40:33:4033 [35mhttp[39m: [35mGET /api/friends[39m
2026-03-01 01:40:33:4033 [35mhttp[39m: [35mGET /api/communities[39m
2026-03-01 01:40:33:4033 [35mhttp[39m: [35mGET /api/soulgames/personality[39m
2026-03-01 01:40:33:4033 [35mhttp[39m: [35mGET /api/ai/history[39m
2026-03-01 01:40:34:4034 [35mhttp[39m: [35mGET /api/users/me[39m
2026-03-01 01:40:34:4034 [32minfo[39m: [32mUser connected: 4009bace-ec0f-4b32-8668-336067ba3c7d (QknoEs_it4EwtRLrAAAG)[39m
2026-03-01 01:40:34:4034 [32minfo[39m: [32mUser connected: 4009bace-ec0f-4b32-8668-336067ba3c7d (oElmVilrfDBD4felAAAH)[39m
2026-03-01 01:40:46:4046 [35mhttp[39m: [35mPOST /api/ai/chat[39m
2026-03-01 01:40:47:4047 [32minfo[39m: [32m[AI] Processing message for user 4009bace-ec0f-4b32-8668-336067ba3c7d, conversation d1f1e674-48e0-4d70-ad27-c54d77114e28[39m
2026-03-01 01:40:47:4047 [32minfo[39m: [32m[AI] Fetching context and memory...[39m
2026-03-01 01:40:48:4048 [32minfo[39m: [32m[AI] Context fetched for user 4009bace-ec0f-4b32-8668-336067ba3c7d[39m
2026-03-01 01:40:49:4049 [32minfo[39m: [32m[AI] Calling Groq API (21 messages in window)...[39m
2026-03-01 01:40:50:4050 [31merror[39m: [31mFact extraction failed: API error[39m
2026-03-01 01:41:12:4112 [35mhttp[39m: [35mPOST /api/ai/chat[39m
2026-03-01 01:41:13:4113 [32minfo[39m: [32m[AI] Processing message for user 4009bace-ec0f-4b32-8668-336067ba3c7d, conversation d1f1e674-48e0-4d70-ad27-c54d77114e28[39m
2026-03-01 01:41:14:4114 [32minfo[39m: [32m[AI] Fetching context and memory...[39m
2026-03-01 01:41:15:4115 [32minfo[39m: [32m[AI] Context fetched for user 4009bace-ec0f-4b32-8668-336067ba3c7d[39m
2026-03-01 01:41:15:4115 [32minfo[39m: [32m[AI] Calling Groq API (21 messages in window)...[39m
2026-03-01 01:41:15:4115 [31merror[39m: [31m[AI] Groq API Error (429):[39m
2026-03-01 01:41:33:4133 [35mhttp[39m: [35mGET /api/ai/history[39m
2026-03-01 01:41:43:4143 [35mhttp[39m: [35mPOST /api/ai/chat[39m
2026-03-01 01:41:43:4143 [32minfo[39m: [32m[AI] Processing message for user 4009bace-ec0f-4b32-8668-336067ba3c7d, conversation d1f1e674-48e0-4d70-ad27-c54d77114e28[39m
2026-03-01 01:41:44:4144 [32minfo[39m: [32m[AI] Fetching context and memory...[39m
2026-03-01 01:41:45:4145 [32minfo[39m: [32m[AI] Context fetched for user 4009bace-ec0f-4b32-8668-336067ba3c7d[39m
2026-03-01 01:41:45:4145 [32minfo[39m: [32m[AI] Calling Groq API (21 messages in window)...[39m
2026-03-01 01:41:45:4145 [31merror[39m: [31m[AI] Groq API Error (429):[39m
2026-03-01 01:42:33:4233 [35mhttp[39m: [35mGET /api/ai/history[39m
2026-03-01 01:43:33:4333 [35mhttp[39m: [35mGET /api/ai/history[39m
2026-03-01 01:44:33:4433 [35mhttp[39m: [35mGET /api/ai/history[39m
2026-03-01 01:44:51:4451 [32minfo[39m: [32mConnected to PostgreSQL database[39m
2026-03-01 01:44:51:4451 [32minfo[39m: [32mConnected to PostgreSQL database[39m
2026-03-01 01:44:51:4451 [32minfo[39m: [32mSoulLink Backend running in development mode on port 4000[39m
2026-03-01 01:44:51:4451 [32minfo[39m: [32mStarting AI Companion cron jobs...[39m
2026-03-01 01:44:51:4451 [32minfo[39m: [32mPresence Reset: Set 1 users to OFFLINE on startup[39m
2026-03-01 01:44:52:4452 [32minfo[39m: [32mUser connected: 4009bace-ec0f-4b32-8668-336067ba3c7d (8MLvDfAzmtsqIROaAAAD)[39m
2026-03-01 01:44:52:4452 [32minfo[39m: [32mUser connected: 4009bace-ec0f-4b32-8668-336067ba3c7d (GAMTaZD-Jm9SWrDKAAAC)[39m
2026-03-01 01:45:33:4533 [35mhttp[39m: [35mGET /api/ai/history[39m
2026-03-01 01:45:54:4554 [32minfo[39m: [32mUser disconnected: GAMTaZD-Jm9SWrDKAAAC[39m
2026-03-01 01:45:54:4554 [32minfo[39m: [32mUser disconnected: 8MLvDfAzmtsqIROaAAAD[39m
2026-03-01 01:45:56:4556 [35mhttp[39m: [35mGET /api/users/me[39m
2026-03-01 01:45:56:4556 [35mhttp[39m: [35mGET /api/notifications/unread-count[39m
2026-03-01 01:45:56:4556 [35mhttp[39m: [35mGET /api/friends[39m
2026-03-01 01:45:56:4556 [35mhttp[39m: [35mGET /api/communities[39m
2026-03-01 01:45:56:4556 [35mhttp[39m: [35mGET /api/ai/history[39m
2026-03-01 01:45:56:4556 [35mhttp[39m: [35mGET /api/soulgames/personality[39m
2026-03-01 01:45:56:4556 [35mhttp[39m: [35mGET /api/users/me[39m
2026-03-01 01:45:57:4557 [32minfo[39m: [32mUser connected: 4009bace-ec0f-4b32-8668-336067ba3c7d (sOB3vOOLk9QI7M5aAAAH)[39m
2026-03-01 01:45:57:4557 [32minfo[39m: [32mUser connected: 4009bace-ec0f-4b32-8668-336067ba3c7d (HN6GuyVbuqBLo_sKAAAG)[39m
2026-03-01 01:46:09:469 [35mhttp[39m: [35mPOST /api/ai/chat[39m
2026-03-01 01:46:10:4610 [32minfo[39m: [32m[AI] Processing message for user 4009bace-ec0f-4b32-8668-336067ba3c7d, conversation d1f1e674-48e0-4d70-ad27-c54d77114e28[39m
2026-03-01 01:46:10:4610 [32minfo[39m: [32m[AI] Fetching context and memory...[39m
2026-03-01 01:46:11:4611 [32minfo[39m: [32m[AI] Context fetched for user 4009bace-ec0f-4b32-8668-336067ba3c7d[39m
2026-03-01 01:46:11:4611 [32minfo[39m: [32m[AI] Calling Groq API (Attempt 1, Model: llama-3.3-70b-versatile)...[39m
2026-03-01 01:46:12:4612 [31merror[39m: [31m[AI] Groq API Error (429) on attempt 1:[39m
2026-03-01 01:46:12:4612 [33mwarn[39m: [33m[AI] Rate limit hit on llama-3.3-70b-versatile. Falling back to 8b model...[39m
2026-03-01 01:46:12:4612 [32minfo[39m: [32m[AI] Calling Groq API (Attempt 2, Model: llama-3.1-8b-instant)...[39m
2026-03-01 01:46:13:4613 [31merror[39m: [31mFact extraction failed: API error[39m
2026-03-01 01:46:25:4625 [35mhttp[39m: [35mPOST /api/ai/chat[39m
2026-03-01 01:46:26:4626 [32minfo[39m: [32m[AI] Processing message for user 4009bace-ec0f-4b32-8668-336067ba3c7d, conversation d1f1e674-48e0-4d70-ad27-c54d77114e28[39m
2026-03-01 01:46:26:4626 [32minfo[39m: [32m[AI] Fetching context and memory...[39m
2026-03-01 01:46:27:4627 [32minfo[39m: [32m[AI] Context fetched for user 4009bace-ec0f-4b32-8668-336067ba3c7d[39m
2026-03-01 01:46:27:4627 [32minfo[39m: [32m[AI] Calling Groq API (Attempt 1, Model: llama-3.3-70b-versatile)...[39m
2026-03-01 01:46:27:4627 [31merror[39m: [31m[AI] Groq API Error (429) on attempt 1:[39m
2026-03-01 01:46:27:4627 [33mwarn[39m: [33m[AI] Rate limit hit on llama-3.3-70b-versatile. Falling back to 8b model...[39m
2026-03-01 01:46:27:4627 [32minfo[39m: [32m[AI] Calling Groq API (Attempt 2, Model: llama-3.1-8b-instant)...[39m
2026-03-01 01:46:28:4628 [31merror[39m: [31mFact extraction failed: API error[39m
2026-03-01 01:46:44:4644 [35mhttp[39m: [35mPOST /api/ai/chat[39m
2026-03-01 01:46:45:4645 [32minfo[39m: [32m[AI] Processing message for user 4009bace-ec0f-4b32-8668-336067ba3c7d, conversation d1f1e674-48e0-4d70-ad27-c54d77114e28[39m
2026-03-01 01:46:45:4645 [32minfo[39m: [32m[AI] Fetching context and memory...[39m
2026-03-01 01:46:46:4646 [32minfo[39m: [32m[AI] Context fetched for user 4009bace-ec0f-4b32-8668-336067ba3c7d[39m
2026-03-01 01:46:46:4646 [32minfo[39m: [32m[AI] Calling Groq API (Attempt 1, Model: llama-3.3-70b-versatile)...[39m
2026-03-01 01:46:47:4647 [31merror[39m: [31m[AI] Groq API Error (429) on attempt 1:[39m
2026-03-01 01:46:47:4647 [33mwarn[39m: [33m[AI] Rate limit hit on llama-3.3-70b-versatile. Falling back to 8b model...[39m
2026-03-01 01:46:47:4647 [32minfo[39m: [32m[AI] Calling Groq API (Attempt 2, Model: llama-3.1-8b-instant)...[39m
2026-03-01 01:46:47:4647 [31merror[39m: [31mFact extraction failed: API error[39m
2026-03-01 01:46:55:4655 [35mhttp[39m: [35mPOST /api/ai/chat[39m
2026-03-01 01:46:56:4656 [32minfo[39m: [32m[AI] Processing message for user 4009bace-ec0f-4b32-8668-336067ba3c7d, conversation d1f1e674-48e0-4d70-ad27-c54d77114e28[39m
2026-03-01 01:46:56:4656 [32minfo[39m: [32m[AI] Fetching context and memory...[39m
2026-03-01 01:46:57:4657 [32minfo[39m: [32m[AI] Context fetched for user 4009bace-ec0f-4b32-8668-336067ba3c7d[39m
2026-03-01 01:46:57:4657 [32minfo[39m: [32m[AI] Calling Groq API (Attempt 1, Model: llama-3.3-70b-versatile)...[39m
2026-03-01 01:46:57:4657 [31merror[39m: [31m[AI] Groq API Error (429) on attempt 1:[39m
2026-03-01 01:46:57:4657 [33mwarn[39m: [33m[AI] Rate limit hit on llama-3.3-70b-versatile. Falling back to 8b model...[39m
2026-03-01 01:46:57:4657 [32minfo[39m: [32m[AI] Calling Groq API (Attempt 2, Model: llama-3.1-8b-instant)...[39m
2026-03-01 01:46:59:4659 [32minfo[39m: [32mUpdated structured memory for user 4009bace-ec0f-4b32-8668-336067ba3c7d[39m
2026-03-01 01:47:10:4710 [35mhttp[39m: [35mPOST /api/ai/investigate[39m
2026-03-01 01:47:11:4711 [32minfo[39m: [32m[AI] Processing message for user 4009bace-ec0f-4b32-8668-336067ba3c7d, conversation d1f1e674-48e0-4d70-ad27-c54d77114e28[39m
2026-03-01 01:47:11:4711 [32minfo[39m: [32m[AI] Fetching context and memory...[39m
2026-03-01 01:47:13:4713 [32minfo[39m: [32m[AI] Context fetched for user 4009bace-ec0f-4b32-8668-336067ba3c7d[39m
2026-03-01 01:47:13:4713 [32minfo[39m: [32m[AI] Calling Groq API (Attempt 1, Model: llama-3.1-8b-instant)...[39m
2026-03-01 01:53:19:5319 [35mhttp[39m: [35mGET /api/soulgames[39m
2026-03-01 01:53:21:5321 [35mhttp[39m: [35mGET /api/soulgames[39m
2026-03-01 01:53:40:5340 [35mhttp[39m: [35mPOST /api/ai/investigate[39m
2026-03-01 01:53:41:5341 [32minfo[39m: [32m[AI] Processing message for user 4009bace-ec0f-4b32-8668-336067ba3c7d, conversation d1f1e674-48e0-4d70-ad27-c54d77114e28[39m
2026-03-01 01:53:41:5341 [32minfo[39m: [32m[AI] Fetching context and memory...[39m
2026-03-01 01:53:43:5343 [32minfo[39m: [32m[AI] Context fetched for user 4009bace-ec0f-4b32-8668-336067ba3c7d[39m
2026-03-01 01:53:43:5343 [32minfo[39m: [32m[AI] Calling Groq API (Attempt 1, Model: llama-3.1-8b-instant)...[39m
2026-03-01 01:57:36:5736 [35mhttp[39m: [35mPOST /api/ai/chat[39m
2026-03-01 01:57:36:5736 [32minfo[39m: [32mUser disconnected: HN6GuyVbuqBLo_sKAAAG[39m
2026-03-01 01:57:36:5736 [32minfo[39m: [32mUser disconnected: sOB3vOOLk9QI7M5aAAAH[39m
2026-03-01 01:57:39:5739 [35mhttp[39m: [35mPOST /api/auth/login[39m
2026-03-01 01:57:41:5741 [35mhttp[39m: [35mGET /api/users/me[39m
2026-03-01 01:57:41:5741 [35mhttp[39m: [35mGET /api/notifications/unread-count[39m
2026-03-01 01:57:41:5741 [35mhttp[39m: [35mGET /api/friends[39m
2026-03-01 01:57:41:5741 [35mhttp[39m: [35mGET /api/communities[39m
2026-03-01 01:57:41:5741 [35mhttp[39m: [35mGET /api/ai/history[39m
2026-03-01 01:57:41:5741 [32minfo[39m: [32mUser connected: 4009bace-ec0f-4b32-8668-336067ba3c7d (D6hQRXCF22ACb_mqAAAO)[39m
2026-03-01 01:57:41:5741 [32minfo[39m: [32mUser connected: 4009bace-ec0f-4b32-8668-336067ba3c7d (ymAqDrRm08VfIhbqAAAP)[39m
2026-03-01 01:57:41:5741 [32minfo[39m: [32mUser connected: 4009bace-ec0f-4b32-8668-336067ba3c7d (E7dNK6WQt7Ip0eSUAAAM)[39m
2026-03-01 01:57:41:5741 [32minfo[39m: [32mUser connected: 4009bace-ec0f-4b32-8668-336067ba3c7d (UaLdkYuywHu-9rqVAAAN)[39m
2026-03-01 01:57:42:5742 [35mhttp[39m: [35mGET /api/notifications/unread-count[39m
2026-03-01 01:57:42:5742 [35mhttp[39m: [35mGET /api/communities[39m
2026-03-01 01:57:42:5742 [35mhttp[39m: [35mGET /api/users/me[39m
2026-03-01 01:57:42:5742 [35mhttp[39m: [35mGET /api/ai/history[39m
2026-03-01 01:57:42:5742 [35mhttp[39m: [35mGET /api/friends[39m
2026-03-01 01:57:43:5743 [35mhttp[39m: [35mGET /api/users/me[39m
2026-03-01 01:57:43:5743 [35mhttp[39m: [35mGET /api/users/me[39m
2026-03-01 01:57:52:5752 [35mhttp[39m: [35mPOST /api/ai/chat[39m
2026-03-01 01:57:52:5752 [32minfo[39m: [32m[AI] Processing message for user 4009bace-ec0f-4b32-8668-336067ba3c7d, conversation d1f1e674-48e0-4d70-ad27-c54d77114e28[39m
2026-03-01 01:57:53:5753 [32minfo[39m: [32m[AI] Fetching context and memory...[39m
2026-03-01 01:57:54:5754 [32minfo[39m: [32m[AI] Context fetched for user 4009bace-ec0f-4b32-8668-336067ba3c7d[39m
2026-03-01 01:57:54:5754 [32minfo[39m: [32m[AI] Calling Groq API (Attempt 1, Model: llama-3.3-70b-versatile)...[39m
2026-03-01 01:57:54:5754 [31merror[39m: [31m[AI] Groq API Error (429) on attempt 1:[39m
2026-03-01 01:57:54:5754 [33mwarn[39m: [33m[AI] Rate limit hit on llama-3.3-70b-versatile. Falling back to 8b model...[39m
2026-03-01 01:57:54:5754 [32minfo[39m: [32m[AI] Calling Groq API (Attempt 2, Model: llama-3.1-8b-instant)...[39m
2026-03-01 01:57:55:5755 [32minfo[39m: [32mUpdated structured memory for user 4009bace-ec0f-4b32-8668-336067ba3c7d[39m
2026-03-01 01:58:06:586 [35mhttp[39m: [35mPOST /api/ai/investigate[39m
2026-03-01 01:58:06:586 [32minfo[39m: [32m[AI] Processing message for user 4009bace-ec0f-4b32-8668-336067ba3c7d, conversation d1f1e674-48e0-4d70-ad27-c54d77114e28[39m
2026-03-01 01:58:06:586 [32minfo[39m: [32m[AI] Fetching context and memory...[39m
2026-03-01 01:58:07:587 [32minfo[39m: [32m[AI] Context fetched for user 4009bace-ec0f-4b32-8668-336067ba3c7d[39m
2026-03-01 01:58:07:587 [32minfo[39m: [32m[AI] Calling Groq API (Attempt 1, Model: llama-3.1-8b-instant)...[39m
2026-03-01 01:58:09:589 [35mhttp[39m: [35mPOST /api/ai/chat[39m
2026-03-01 01:58:09:589 [32minfo[39m: [32m[AI] Processing message for user 4009bace-ec0f-4b32-8668-336067ba3c7d, conversation d1f1e674-48e0-4d70-ad27-c54d77114e28[39m
2026-03-01 01:58:09:589 [32minfo[39m: [32m[AI] Fetching context and memory...[39m
2026-03-01 01:58:10:5810 [35mhttp[39m: [35mGET /api/soulgames[39m
2026-03-01 01:58:10:5810 [32minfo[39m: [32m[AI] Context fetched for user 4009bace-ec0f-4b32-8668-336067ba3c7d[39m
2026-03-01 01:58:10:5810 [32minfo[39m: [32m[AI] Calling Groq API (Attempt 1, Model: llama-3.3-70b-versatile)...[39m
2026-03-01 01:58:10:5810 [31merror[39m: [31m[AI] Groq API Error (429) on attempt 1:[39m
2026-03-01 01:58:10:5810 [33mwarn[39m: [33m[AI] Rate limit hit on llama-3.3-70b-versatile. Falling back to 8b model...[39m
2026-03-01 01:58:10:5810 [32minfo[39m: [32m[AI] Calling Groq API (Attempt 2, Model: llama-3.1-8b-instant)...[39m
2026-03-01 01:58:11:5811 [31merror[39m: [31mFact extraction failed: API error[39m
2026-03-01 01:58:12:5812 [35mhttp[39m: [35mGET /api/soulgames[39m
2026-03-01 01:58:19:5819 [35mhttp[39m: [35mGET /api/soulgames/d973b07b-58d1-4cd9-977f-f2ad22af3134[39m
2026-03-01 01:58:21:5821 [35mhttp[39m: [35mGET /api/soulgames/d973b07b-58d1-4cd9-977f-f2ad22af3134[39m
2026-03-01 01:58:21:5821 [35mhttp[39m: [35mPOST /api/soulgames/d973b07b-58d1-4cd9-977f-f2ad22af3134/track-view[39m
2026-03-01 01:58:22:5822 [35mhttp[39m: [35mPOST /api/soulgames/d973b07b-58d1-4cd9-977f-f2ad22af3134/track-view[39m
2026-03-01 01:58:25:5825 [35mhttp[39m: [35mPOST /api/soulgames/d973b07b-58d1-4cd9-977f-f2ad22af3134/respond[39m
2026-03-01 01:58:26:5826 [35mhttp[39m: [35mPOST /api/ai/game-comment[39m
2026-03-01 01:58:26:5826 [35mhttp[39m: [35mPOST /api/soulgames/d973b07b-58d1-4cd9-977f-f2ad22af3134/track-view[39m
2026-03-01 01:58:27:5827 [35mhttp[39m: [35mPOST /api/soulgames/d973b07b-58d1-4cd9-977f-f2ad22af3134/track-view[39m
2026-03-01 01:59:41:5941 [35mhttp[39m: [35mGET /api/ai/history[39m
2026-03-01 02:00:00:00 [32minfo[39m: [32mRunning background check for proactive Nova messages (daily check-in)...[39m
2026-03-01 02:00:48:048 [32minfo[39m: [32mConnected to PostgreSQL database[39m
2026-03-01 02:00:48:048 [32minfo[39m: [32mConnected to PostgreSQL database[39m
2026-03-01 02:00:48:048 [32minfo[39m: [32mSoulLink Backend running in development mode on port 4000[39m
2026-03-01 02:00:48:048 [32minfo[39m: [32mStarting AI Companion cron jobs...[39m
2026-03-01 02:00:48:048 [32minfo[39m: [32mPresence Reset: Set 1 users to OFFLINE on startup[39m
2026-03-01 02:00:49:049 [32minfo[39m: [32mUser connected: 4009bace-ec0f-4b32-8668-336067ba3c7d (tdXJMVg8k0dshkiCAAAE)[39m
2026-03-01 02:00:49:049 [32minfo[39m: [32mUser connected: 4009bace-ec0f-4b32-8668-336067ba3c7d (9X0kZ5Jl_67zlJDOAAAH)[39m
2026-03-01 02:00:49:049 [32minfo[39m: [32mUser connected: 4009bace-ec0f-4b32-8668-336067ba3c7d (UgaNMIyOgxwEigGYAAAF)[39m
2026-03-01 02:00:49:049 [32minfo[39m: [32mUser connected: 4009bace-ec0f-4b32-8668-336067ba3c7d (uNXz10jBU3EViwa-AAAG)[39m
2026-03-01 02:01:48:148 [35mhttp[39m: [35mGET /api/soulgames/d973b07b-58d1-4cd9-977f-f2ad22af3134[39m
2026-03-01 02:01:49:149 [35mhttp[39m: [35mPOST /api/soulgames/d973b07b-58d1-4cd9-977f-f2ad22af3134/track-view[39m
2026-03-01 02:03:23:323 [35mhttp[39m: [35mPOST /api/soulgames/d973b07b-58d1-4cd9-977f-f2ad22af3134/respond[39m
2026-03-01 02:03:25:325 [35mhttp[39m: [35mPOST /api/ai/game-comment[39m
2026-03-01 02:03:25:325 [35mhttp[39m: [35mPOST /api/soulgames/d973b07b-58d1-4cd9-977f-f2ad22af3134/track-view[39m
2026-03-01 02:03:25:325 [35mhttp[39m: [35mPOST /api/soulgames/d973b07b-58d1-4cd9-977f-f2ad22af3134/track-view[39m
2026-03-01 02:03:26:326 [32minfo[39m: [32m[AI] Saved game comment for user 4009bace-ec0f-4b32-8668-336067ba3c7d to conversation history[39m
2026-03-01 02:03:41:341 [35mhttp[39m: [35mGET /api/ai/history[39m
2026-03-01 02:03:44:344 [35mhttp[39m: [35mPOST /api/ai/chat[39m
2026-03-01 02:03:44:344 [32minfo[39m: [32m[AI] Processing message for user 4009bace-ec0f-4b32-8668-336067ba3c7d, conversation d1f1e674-48e0-4d70-ad27-c54d77114e28[39m
2026-03-01 02:03:44:344 [32minfo[39m: [32m[AI] Fetching context and memory...[39m
2026-03-01 02:03:46:346 [32minfo[39m: [32m[AI] Context fetched for user 4009bace-ec0f-4b32-8668-336067ba3c7d[39m
2026-03-01 02:03:46:346 [32minfo[39m: [32m[AI] Calling Groq API (Attempt 1, Model: llama-3.3-70b-versatile)...[39m
2026-03-01 02:03:46:346 [31merror[39m: [31m[AI] Groq API Error (429) on attempt 1:[39m
2026-03-01 02:03:46:346 [33mwarn[39m: [33m[AI] Rate limit hit on llama-3.3-70b-versatile. Falling back to 8b model...[39m
2026-03-01 02:03:46:346 [32minfo[39m: [32m[AI] Calling Groq API (Attempt 2, Model: llama-3.1-8b-instant)...[39m
2026-03-01 02:03:48:348 [32minfo[39m: [32mUpdated structured memory for user 4009bace-ec0f-4b32-8668-336067ba3c7d[39m
2026-03-01 02:04:05:45 [35mhttp[39m: [35mPOST /api/ai/chat[39m
2026-03-01 02:04:05:45 [32minfo[39m: [32m[AI] Processing message for user 4009bace-ec0f-4b32-8668-336067ba3c7d, conversation d1f1e674-48e0-4d70-ad27-c54d77114e28[39m
2026-03-01 02:04:05:45 [32minfo[39m: [32m[AI] Fetching context and memory...[39m
2026-03-01 02:04:07:47 [32minfo[39m: [32m[AI] Context fetched for user 4009bace-ec0f-4b32-8668-336067ba3c7d[39m
2026-03-01 02:04:07:47 [32minfo[39m: [32m[AI] Calling Groq API (Attempt 1, Model: llama-3.3-70b-versatile)...[39m
2026-03-01 02:04:07:47 [31merror[39m: [31m[AI] Groq API Error (429) on attempt 1:[39m
2026-03-01 02:04:07:47 [33mwarn[39m: [33m[AI] Rate limit hit on llama-3.3-70b-versatile. Falling back to 8b model...[39m
2026-03-01 02:04:07:47 [32minfo[39m: [32m[AI] Calling Groq API (Attempt 2, Model: llama-3.1-8b-instant)...[39m
2026-03-01 02:04:08:48 [31merror[39m: [31mFact extraction failed: API error[39m
2026-03-01 02:04:31:431 [35mhttp[39m: [35mPOST /api/ai/chat[39m
2026-03-01 02:04:32:432 [32minfo[39m: [32m[AI] Processing message for user 4009bace-ec0f-4b32-8668-336067ba3c7d, conversation d1f1e674-48e0-4d70-ad27-c54d77114e28[39m
2026-03-01 02:04:32:432 [32minfo[39m: [32m[AI] Fetching context and memory...[39m
2026-03-01 02:04:34:434 [32minfo[39m: [32m[AI] Context fetched for user 4009bace-ec0f-4b32-8668-336067ba3c7d[39m
2026-03-01 02:04:34:434 [32minfo[39m: [32m[AI] Calling Groq API (Attempt 1, Model: llama-3.3-70b-versatile)...[39m
2026-03-01 02:04:34:434 [31merror[39m: [31m[AI] Groq API Error (429) on attempt 1:[39m
2026-03-01 02:04:34:434 [33mwarn[39m: [33m[AI] Rate limit hit on llama-3.3-70b-versatile. Falling back to 8b model...[39m
2026-03-01 02:04:34:434 [32minfo[39m: [32m[AI] Calling Groq API (Attempt 2, Model: llama-3.1-8b-instant)...[39m
2026-03-01 02:04:35:435 [31merror[39m: [31mFact extraction failed: API error[39m
2026-03-01 02:04:45:445 [35mhttp[39m: [35mPOST /api/ai/chat[39m
2026-03-01 02:04:45:445 [32minfo[39m: [32m[AI] Processing message for user 4009bace-ec0f-4b32-8668-336067ba3c7d, conversation d1f1e674-48e0-4d70-ad27-c54d77114e28[39m
2026-03-01 02:04:46:446 [32minfo[39m: [32m[AI] Fetching context and memory...[39m
2026-03-01 02:04:46:446 [32minfo[39m: [32m[AI] Context fetched for user 4009bace-ec0f-4b32-8668-336067ba3c7d[39m
2026-03-01 02:04:46:446 [32minfo[39m: [32m[AI] Calling Groq API (Attempt 1, Model: llama-3.3-70b-versatile)...[39m
2026-03-01 02:04:47:447 [31merror[39m: [31m[AI] Groq API Error (429) on attempt 1:[39m
2026-03-01 02:04:47:447 [33mwarn[39m: [33m[AI] Rate limit hit on llama-3.3-70b-versatile. Falling back to 8b model...[39m
2026-03-01 02:04:47:447 [32minfo[39m: [32m[AI] Calling Groq API (Attempt 2, Model: llama-3.1-8b-instant)...[39m
2026-03-01 02:04:48:448 [31merror[39m: [31mFact extraction failed: API error[39m
2026-03-01 02:04:52:452 [35mhttp[39m: [35mPOST /api/soulgames/d973b07b-58d1-4cd9-977f-f2ad22af3134/respond[39m
2026-03-01 02:04:53:453 [35mhttp[39m: [35mPOST /api/ai/game-comment[39m
2026-03-01 02:04:53:453 [35mhttp[39m: [35mPOST /api/soulgames/d973b07b-58d1-4cd9-977f-f2ad22af3134/track-view[39m
2026-03-01 02:04:54:454 [35mhttp[39m: [35mPOST /api/soulgames/d973b07b-58d1-4cd9-977f-f2ad22af3134/track-view[39m
2026-03-01 02:04:55:455 [32minfo[39m: [32m[AI] Saved game comment for user 4009bace-ec0f-4b32-8668-336067ba3c7d to conversation history[39m
2026-03-01 02:05:36:536 [35mhttp[39m: [35mPOST /api/ai/chat[39m
2026-03-01 02:05:36:536 [32minfo[39m: [32m[AI] Processing message for user 4009bace-ec0f-4b32-8668-336067ba3c7d, conversation d1f1e674-48e0-4d70-ad27-c54d77114e28[39m
2026-03-01 02:05:36:536 [32minfo[39m: [32m[AI] Fetching context and memory...[39m
2026-03-01 02:05:37:537 [32minfo[39m: [32m[AI] Context fetched for user 4009bace-ec0f-4b32-8668-336067ba3c7d[39m
2026-03-01 02:05:37:537 [32minfo[39m: [32m[AI] Calling Groq API (Attempt 1, Model: llama-3.3-70b-versatile)...[39m
2026-03-01 02:05:37:537 [31merror[39m: [31m[AI] Groq API Error (429) on attempt 1:[39m
2026-03-01 02:05:37:537 [33mwarn[39m: [33m[AI] Rate limit hit on llama-3.3-70b-versatile. Falling back to 8b model...[39m
2026-03-01 02:05:37:537 [32minfo[39m: [32m[AI] Calling Groq API (Attempt 2, Model: llama-3.1-8b-instant)...[39m
2026-03-01 02:05:38:538 [31merror[39m: [31mFact extraction failed: API error[39m
2026-03-01 02:05:41:541 [35mhttp[39m: [35mGET /api/ai/history[39m
2026-03-01 02:05:41:541 [35mhttp[39m: [35mPOST /api/soulgames/d973b07b-58d1-4cd9-977f-f2ad22af3134/respond[39m
2026-03-01 02:05:42:542 [35mhttp[39m: [35mPOST /api/ai/game-comment[39m
2026-03-01 02:05:42:542 [35mhttp[39m: [35mPOST /api/soulgames/d973b07b-58d1-4cd9-977f-f2ad22af3134/track-view[39m
2026-03-01 02:05:43:543 [35mhttp[39m: [35mPOST /api/soulgames/d973b07b-58d1-4cd9-977f-f2ad22af3134/track-view[39m
2026-03-01 02:05:43:543 [32minfo[39m: [32m[AI] Saved game comment for user 4009bace-ec0f-4b32-8668-336067ba3c7d to conversation history[39m
2026-03-01 02:05:56:556 [35mhttp[39m: [35mPOST /api/soulgames/d973b07b-58d1-4cd9-977f-f2ad22af3134/respond[39m
2026-03-01 02:05:57:557 [35mhttp[39m: [35mPOST /api/ai/game-comment[39m
2026-03-01 02:05:57:557 [35mhttp[39m: [35mPOST /api/soulgames/d973b07b-58d1-4cd9-977f-f2ad22af3134/track-view[39m
2026-03-01 02:05:58:558 [35mhttp[39m: [35mPOST /api/soulgames/d973b07b-58d1-4cd9-977f-f2ad22af3134/track-view[39m
2026-03-01 02:05:59:559 [32minfo[39m: [32m[AI] Saved game comment for user 4009bace-ec0f-4b32-8668-336067ba3c7d to conversation history[39m
2026-03-01 02:06:14:614 [35mhttp[39m: [35mPOST /api/ai/chat[39m
2026-03-01 02:06:14:614 [32minfo[39m: [32m[AI] Processing message for user 4009bace-ec0f-4b32-8668-336067ba3c7d, conversation d1f1e674-48e0-4d70-ad27-c54d77114e28[39m
2026-03-01 02:06:14:614 [32minfo[39m: [32m[AI] Fetching context and memory...[39m
2026-03-01 02:06:15:615 [32minfo[39m: [32m[AI] Context fetched for user 4009bace-ec0f-4b32-8668-336067ba3c7d[39m
2026-03-01 02:06:15:615 [32minfo[39m: [32m[AI] Calling Groq API (Attempt 1, Model: llama-3.3-70b-versatile)...[39m
2026-03-01 02:06:15:615 [31merror[39m: [31m[AI] Groq API Error (429) on attempt 1:[39m
2026-03-01 02:06:15:615 [33mwarn[39m: [33m[AI] Rate limit hit on llama-3.3-70b-versatile. Falling back to 8b model...[39m
2026-03-01 02:06:15:615 [32minfo[39m: [32m[AI] Calling Groq API (Attempt 2, Model: llama-3.1-8b-instant)...[39m
2026-03-01 02:06:16:616 [31merror[39m: [31mFact extraction failed: API error[39m
2026-03-01 02:06:22:622 [35mhttp[39m: [35mPOST /api/soulgames/d973b07b-58d1-4cd9-977f-f2ad22af3134/respond[39m
2026-03-01 02:06:23:623 [35mhttp[39m: [35mPOST /api/ai/game-comment[39m
2026-03-01 02:06:23:623 [35mhttp[39m: [35mPOST /api/soulgames/d973b07b-58d1-4cd9-977f-f2ad22af3134/track-view[39m
2026-03-01 02:06:24:624 [35mhttp[39m: [35mPOST /api/soulgames/d973b07b-58d1-4cd9-977f-f2ad22af3134/track-view[39m
2026-03-01 02:06:24:624 [32minfo[39m: [32m[AI] Saved game comment for user 4009bace-ec0f-4b32-8668-336067ba3c7d to conversation history[39m
2026-03-01 02:06:47:647 [35mhttp[39m: [35mPOST /api/ai/chat[39m
2026-03-01 02:06:48:648 [32minfo[39m: [32m[AI] Processing message for user 4009bace-ec0f-4b32-8668-336067ba3c7d, conversation d1f1e674-48e0-4d70-ad27-c54d77114e28[39m
2026-03-01 02:06:48:648 [32minfo[39m: [32m[AI] Fetching context and memory...[39m
2026-03-01 02:06:49:649 [32minfo[39m: [32m[AI] Context fetched for user 4009bace-ec0f-4b32-8668-336067ba3c7d[39m
2026-03-01 02:06:49:649 [32minfo[39m: [32m[AI] Calling Groq API (Attempt 1, Model: llama-3.3-70b-versatile)...[39m
2026-03-01 02:06:49:649 [31merror[39m: [31m[AI] Groq API Error (429) on attempt 1:[39m
2026-03-01 02:06:49:649 [33mwarn[39m: [33m[AI] Rate limit hit on llama-3.3-70b-versatile. Falling back to 8b model...[39m
2026-03-01 02:06:49:649 [32minfo[39m: [32m[AI] Calling Groq API (Attempt 2, Model: llama-3.1-8b-instant)...[39m
2026-03-01 02:06:50:650 [31merror[39m: [31mFact extraction failed: API error[39m
2026-03-01 02:07:41:741 [35mhttp[39m: [35mGET /api/ai/history[39m
2026-03-01 02:07:45:745 [35mhttp[39m: [35mPOST /api/ai/investigate[39m
2026-03-01 02:07:46:746 [32minfo[39m: [32m[AI] Processing message for user 4009bace-ec0f-4b32-8668-336067ba3c7d, conversation d1f1e674-48e0-4d70-ad27-c54d77114e28[39m
2026-03-01 02:07:46:746 [32minfo[39m: [32m[AI] Fetching context and memory...[39m
2026-03-01 02:07:47:747 [32minfo[39m: [32m[AI] Context fetched for user 4009bace-ec0f-4b32-8668-336067ba3c7d[39m
2026-03-01 02:07:47:747 [32minfo[39m: [32m[AI] Calling Groq API (Attempt 1, Model: llama-3.1-8b-instant)...[39m
2026-03-01 02:12:10:1210 [32minfo[39m: [32mConnected to PostgreSQL database[39m
2026-03-01 02:12:10:1210 [32minfo[39m: [32mSoulLink Backend running in development mode on port 4000[39m
2026-03-01 02:12:10:1210 [32minfo[39m: [32mStarting AI Companion cron jobs...[39m
2026-03-01 02:12:10:1210 [32minfo[39m: [32mConnected to PostgreSQL database[39m
2026-03-01 02:12:10:1210 [32minfo[39m: [32mPresence Reset: Set 1 users to OFFLINE on startup[39m
2026-03-01 02:12:11:1211 [32minfo[39m: [32mUser connected: 4009bace-ec0f-4b32-8668-336067ba3c7d (MFO1Be8EFKwD3s60AAAC)[39m
2026-03-01 02:12:11:1211 [32minfo[39m: [32mUser connected: 4009bace-ec0f-4b32-8668-336067ba3c7d (elS0Q-24xVVduKMOAAAD)[39m
2026-03-01 02:12:12:1212 [32minfo[39m: [32mUser connected: 4009bace-ec0f-4b32-8668-336067ba3c7d (E9JOoz4-57AiuoYOAAAG)[39m
2026-03-01 02:12:12:1212 [32minfo[39m: [32mUser connected: 4009bace-ec0f-4b32-8668-336067ba3c7d (o7jWWglSEcl_6ro9AAAH)[39m
2026-03-01 02:12:54:1254 [32minfo[39m: [32mUser disconnected: MFO1Be8EFKwD3s60AAAC[39m
2026-03-01 02:12:54:1254 [32minfo[39m: [32mUser disconnected: o7jWWglSEcl_6ro9AAAH[39m
2026-03-01 02:12:54:1254 [32minfo[39m: [32mUser disconnected: E9JOoz4-57AiuoYOAAAG[39m
2026-03-01 02:12:54:1254 [32minfo[39m: [32mUser disconnected: elS0Q-24xVVduKMOAAAD[39m
2026-03-01 02:12:55:1255 [35mhttp[39m: [35mGET /api/users/me[39m
2026-03-01 02:12:55:1255 [35mhttp[39m: [35mGET /api/notifications/unread-count[39m
2026-03-01 02:12:55:1255 [35mhttp[39m: [35mGET /api/friends[39m
2026-03-01 02:12:55:1255 [35mhttp[39m: [35mGET /api/communities[39m
2026-03-01 02:12:55:1255 [35mhttp[39m: [35mGET /api/ai/history[39m
2026-03-01 02:12:55:1255 [35mhttp[39m: [35mGET /api/soulgames/d973b07b-58d1-4cd9-977f-f2ad22af3134[39m
2026-03-01 02:12:55:1255 [35mhttp[39m: [35mGET /api/users/me[39m
2026-03-01 02:12:55:1255 [32minfo[39m: [32mUser connected: 4009bace-ec0f-4b32-8668-336067ba3c7d (ljADCVRIc5GOYIOTAAAL)[39m
2026-03-01 02:12:55:1255 [32minfo[39m: [32mUser connected: 4009bace-ec0f-4b32-8668-336067ba3c7d (_OB35Zrr6flQSYYPAAAK)[39m
2026-03-01 02:12:57:1257 [35mhttp[39m: [35mPOST /api/soulgames/d973b07b-58d1-4cd9-977f-f2ad22af3134/track-view[39m
2026-03-01 02:13:05:135 [35mhttp[39m: [35mPOST /api/soulgames/d973b07b-58d1-4cd9-977f-f2ad22af3134/respond[39m
2026-03-01 02:13:05:135 [35mhttp[39m: [35mPOST /api/ai/game-comment[39m
2026-03-01 02:13:05:135 [35mhttp[39m: [35mPOST /api/soulgames/d973b07b-58d1-4cd9-977f-f2ad22af3134/track-view[39m
2026-03-01 02:13:06:136 [35mhttp[39m: [35mPOST /api/soulgames/d973b07b-58d1-4cd9-977f-f2ad22af3134/track-view[39m
2026-03-01 02:13:07:137 [32minfo[39m: [32m[AI] Saved game comment for user 4009bace-ec0f-4b32-8668-336067ba3c7d to conversation history[39m
2026-03-01 02:13:19:1319 [35mhttp[39m: [35mPOST /api/soulgames/d973b07b-58d1-4cd9-977f-f2ad22af3134/respond[39m
2026-03-01 02:13:20:1320 [35mhttp[39m: [35mPOST /api/ai/game-comment[39m
2026-03-01 02:13:20:1320 [35mhttp[39m: [35mPOST /api/soulgames/d973b07b-58d1-4cd9-977f-f2ad22af3134/track-view[39m
2026-03-01 02:13:21:1321 [35mhttp[39m: [35mPOST /api/soulgames/d973b07b-58d1-4cd9-977f-f2ad22af3134/track-view[39m
2026-03-01 02:13:21:1321 [32minfo[39m: [32m[AI] Saved game comment for user 4009bace-ec0f-4b32-8668-336067ba3c7d to conversation history[39m
2026-03-01 02:13:44:1344 [35mhttp[39m: [35mPOST /api/ai/chat[39m
2026-03-01 02:13:44:1344 [32minfo[39m: [32m[AI] Processing message for user 4009bace-ec0f-4b32-8668-336067ba3c7d, conversation d1f1e674-48e0-4d70-ad27-c54d77114e28[39m
2026-03-01 02:13:44:1344 [32minfo[39m: [32m[AI] Fetching context and memory...[39m
2026-03-01 02:13:45:1345 [32minfo[39m: [32m[AI] Context fetched for user 4009bace-ec0f-4b32-8668-336067ba3c7d[39m
2026-03-01 02:13:45:1345 [32minfo[39m: [32m[AI] Calling Groq API (Attempt 1, Model: llama-3.3-70b-versatile)...[39m
2026-03-01 02:13:45:1345 [31merror[39m: [31m[AI] Groq API Error (429) on attempt 1:[39m
2026-03-01 02:13:45:1345 [33mwarn[39m: [33m[AI] Rate limit hit on llama-3.3-70b-versatile. Falling back to 8b model...[39m
2026-03-01 02:13:45:1345 [32minfo[39m: [32m[AI] Calling Groq API (Attempt 2, Model: llama-3.1-8b-instant)...[39m
2026-03-01 02:13:46:1346 [32minfo[39m: [32mUpdated structured memory for user 4009bace-ec0f-4b32-8668-336067ba3c7d[39m
2026-03-01 02:14:08:148 [35mhttp[39m: [35mPOST /api/ai/chat[39m
2026-03-01 02:14:08:148 [32minfo[39m: [32m[AI] Processing message for user 4009bace-ec0f-4b32-8668-336067ba3c7d, conversation d1f1e674-48e0-4d70-ad27-c54d77114e28[39m
2026-03-01 02:14:08:148 [32minfo[39m: [32m[AI] Fetching context and memory...[39m
2026-03-01 02:14:09:149 [32minfo[39m: [32m[AI] Context fetched for user 4009bace-ec0f-4b32-8668-336067ba3c7d[39m
2026-03-01 02:14:09:149 [32minfo[39m: [32m[AI] Calling Groq API (Attempt 1, Model: llama-3.3-70b-versatile)...[39m
2026-03-01 02:14:09:149 [31merror[39m: [31m[AI] Groq API Error (429) on attempt 1:[39m
2026-03-01 02:14:09:149 [33mwarn[39m: [33m[AI] Rate limit hit on llama-3.3-70b-versatile. Falling back to 8b model...[39m
2026-03-01 02:14:09:149 [32minfo[39m: [32m[AI] Calling Groq API (Attempt 2, Model: llama-3.1-8b-instant)...[39m
2026-03-01 02:14:10:1410 [31merror[39m: [31mFact extraction failed: API error[39m
2026-03-01 02:14:21:1421 [35mhttp[39m: [35mPOST /api/ai/chat[39m
2026-03-01 02:14:21:1421 [32minfo[39m: [32m[AI] Processing message for user 4009bace-ec0f-4b32-8668-336067ba3c7d, conversation d1f1e674-48e0-4d70-ad27-c54d77114e28[39m
2026-03-01 02:14:21:1421 [32minfo[39m: [32m[AI] Fetching context and memory...[39m
2026-03-01 02:14:22:1422 [32minfo[39m: [32m[AI] Context fetched for user 4009bace-ec0f-4b32-8668-336067ba3c7d[39m
2026-03-01 02:14:22:1422 [32minfo[39m: [32m[AI] Calling Groq API (Attempt 1, Model: llama-3.3-70b-versatile)...[39m
2026-03-01 02:14:22:1422 [31merror[39m: [31m[AI] Groq API Error (429) on attempt 1:[39m
2026-03-01 02:14:22:1422 [33mwarn[39m: [33m[AI] Rate limit hit on llama-3.3-70b-versatile. Falling back to 8b model...[39m
2026-03-01 02:14:22:1422 [32minfo[39m: [32m[AI] Calling Groq API (Attempt 2, Model: llama-3.1-8b-instant)...[39m
2026-03-01 02:14:23:1423 [31merror[39m: [31mFact extraction failed: API error[39m
2026-03-01 02:14:33:1433 [35mhttp[39m: [35mGET /api/soulgames[39m
2026-03-01 02:14:34:1434 [35mhttp[39m: [35mGET /api/soulgames[39m
2026-03-01 02:14:37:1437 [35mhttp[39m: [35mGET /api/soulgames/d973b07b-58d1-4cd9-977f-f2ad22af3134[39m
2026-03-01 02:14:38:1438 [35mhttp[39m: [35mGET /api/soulgames/d973b07b-58d1-4cd9-977f-f2ad22af3134[39m
2026-03-01 02:14:38:1438 [35mhttp[39m: [35mPOST /api/soulgames/d973b07b-58d1-4cd9-977f-f2ad22af3134/track-view[39m
2026-03-01 02:14:39:1439 [35mhttp[39m: [35mPOST /api/soulgames/d973b07b-58d1-4cd9-977f-f2ad22af3134/track-view[39m
2026-03-01 02:14:45:1445 [35mhttp[39m: [35mPOST /api/soulgames/d973b07b-58d1-4cd9-977f-f2ad22af3134/respond[39m
2026-03-01 02:14:46:1446 [35mhttp[39m: [35mPOST /api/ai/game-comment[39m
2026-03-01 02:14:46:1446 [35mhttp[39m: [35mPOST /api/soulgames/d973b07b-58d1-4cd9-977f-f2ad22af3134/track-view[39m
2026-03-01 02:14:47:1447 [35mhttp[39m: [35mPOST /api/soulgames/d973b07b-58d1-4cd9-977f-f2ad22af3134/track-view[39m
2026-03-01 02:14:47:1447 [32minfo[39m: [32m[AI] Saved game comment for user 4009bace-ec0f-4b32-8668-336067ba3c7d to conversation history[39m
2026-03-01 02:14:55:1455 [35mhttp[39m: [35mGET /api/ai/history[39m
2026-03-01 02:14:59:1459 [35mhttp[39m: [35mPOST /api/soulgames/d973b07b-58d1-4cd9-977f-f2ad22af3134/respond[39m
2026-03-01 02:14:59:1459 [35mhttp[39m: [35mPOST /api/ai/game-comment[39m
2026-03-01 02:14:59:1459 [35mhttp[39m: [35mPOST /api/soulgames/d973b07b-58d1-4cd9-977f-f2ad22af3134/track-view[39m
2026-03-01 02:15:00:150 [32minfo[39m: [32m[AI] Saved game comment for user 4009bace-ec0f-4b32-8668-336067ba3c7d to conversation history[39m
2026-03-01 02:15:00:150 [35mhttp[39m: [35mPOST /api/soulgames/d973b07b-58d1-4cd9-977f-f2ad22af3134/track-view[39m
2026-03-01 02:15:09:159 [35mhttp[39m: [35mPOST /api/soulgames/d973b07b-58d1-4cd9-977f-f2ad22af3134/respond[39m
2026-03-01 02:15:10:1510 [35mhttp[39m: [35mPOST /api/ai/game-comment[39m
2026-03-01 02:15:10:1510 [35mhttp[39m: [35mPOST /api/soulgames/d973b07b-58d1-4cd9-977f-f2ad22af3134/track-view[39m
2026-03-01 02:15:10:1510 [35mhttp[39m: [35mPOST /api/soulgames/d973b07b-58d1-4cd9-977f-f2ad22af3134/track-view[39m
2026-03-01 02:15:11:1511 [32minfo[39m: [32m[AI] Saved game comment for user 4009bace-ec0f-4b32-8668-336067ba3c7d to conversation history[39m
2026-03-01 02:15:18:1518 [35mhttp[39m: [35mPOST /api/soulgames/d973b07b-58d1-4cd9-977f-f2ad22af3134/respond[39m
2026-03-01 02:15:18:1518 [35mhttp[39m: [35mPOST /api/ai/game-comment[39m
2026-03-01 02:15:18:1518 [35mhttp[39m: [35mPOST /api/soulgames/d973b07b-58d1-4cd9-977f-f2ad22af3134/track-view[39m
2026-03-01 02:15:19:1519 [32minfo[39m: [32m[AI] Saved game comment for user 4009bace-ec0f-4b32-8668-336067ba3c7d to conversation history[39m
2026-03-01 02:15:19:1519 [35mhttp[39m: [35mPOST /api/soulgames/d973b07b-58d1-4cd9-977f-f2ad22af3134/track-view[39m
2026-03-01 02:15:51:1551 [35mhttp[39m: [35mPOST /api/soulgames/d973b07b-58d1-4cd9-977f-f2ad22af3134/respond[39m
2026-03-01 02:15:52:1552 [35mhttp[39m: [35mPOST /api/ai/game-comment[39m
2026-03-01 02:15:52:1552 [35mhttp[39m: [35mPOST /api/soulgames/d973b07b-58d1-4cd9-977f-f2ad22af3134/track-view[39m
2026-03-01 02:15:53:1553 [35mhttp[39m: [35mPOST /api/soulgames/d973b07b-58d1-4cd9-977f-f2ad22af3134/track-view[39m
2026-03-01 02:15:53:1553 [32minfo[39m: [32m[AI] Saved game comment for user 4009bace-ec0f-4b32-8668-336067ba3c7d to conversation history[39m
2026-03-01 02:19:40:1940 [32minfo[39m: [32mConnected to PostgreSQL database[39m
2026-03-01 02:23:42:2342 [32minfo[39m: [32mConnected to PostgreSQL database[39m
2026-03-01 02:23:42:2342 [32minfo[39m: [32mConnected to PostgreSQL database[39m
2026-03-01 02:23:42:2342 [32minfo[39m: [32mSoulLink Backend running in development mode on port 4000[39m
2026-03-01 02:23:42:2342 [32minfo[39m: [32mStarting AI Companion cron jobs...[39m
2026-03-01 02:23:43:2343 [32minfo[39m: [32mPresence Reset: Set 1 users to OFFLINE on startup[39m
2026-03-01 02:23:44:2344 [32minfo[39m: [32mUser connected: 4009bace-ec0f-4b32-8668-336067ba3c7d (4aV8Tdry_SForl6JAAAD)[39m
2026-03-01 02:23:44:2344 [32minfo[39m: [32mUser connected: 4009bace-ec0f-4b32-8668-336067ba3c7d (DSL3vVATFkxR7SrYAAAC)[39m
2026-03-01 02:24:55:2455 [35mhttp[39m: [35mGET /api/ai/history[39m
2026-03-01 02:25:09:259 [35mhttp[39m: [35mPOST /api/ai/investigate[39m
2026-03-01 02:25:09:259 [32minfo[39m: [32m[AI] Processing message for user 4009bace-ec0f-4b32-8668-336067ba3c7d, conversation d1f1e674-48e0-4d70-ad27-c54d77114e28[39m
2026-03-01 02:25:09:259 [32minfo[39m: [32m[AI] Fetching context and memory...[39m
2026-03-01 02:25:11:2511 [32minfo[39m: [32m[AI] Context fetched for user 4009bace-ec0f-4b32-8668-336067ba3c7d[39m
2026-03-01 02:25:11:2511 [32minfo[39m: [32m[AI] Calling Groq API (Attempt 1, Model: llama-3.1-8b-instant)...[39m
2026-03-01 02:25:16:2516 [35mhttp[39m: [35mPOST /api/soulgames/d973b07b-58d1-4cd9-977f-f2ad22af3134/respond[39m
2026-03-01 02:25:18:2518 [35mhttp[39m: [35mPOST /api/ai/game-comment[39m
2026-03-01 02:25:18:2518 [35mhttp[39m: [35mPOST /api/soulgames/d973b07b-58d1-4cd9-977f-f2ad22af3134/track-view[39m
2026-03-01 02:25:19:2519 [35mhttp[39m: [35mPOST /api/soulgames/d973b07b-58d1-4cd9-977f-f2ad22af3134/track-view[39m
2026-03-01 02:25:19:2519 [32minfo[39m: [32m[AI] Saved game comment for user 4009bace-ec0f-4b32-8668-336067ba3c7d to conversation history[39m
2026-03-01 02:25:29:2529 [35mhttp[39m: [35mPOST /api/soulgames/d973b07b-58d1-4cd9-977f-f2ad22af3134/respond[39m
2026-03-01 02:25:30:2530 [35mhttp[39m: [35mPOST /api/ai/game-comment[39m
2026-03-01 02:25:30:2530 [35mhttp[39m: [35mPOST /api/soulgames/d973b07b-58d1-4cd9-977f-f2ad22af3134/track-view[39m
2026-03-01 02:25:31:2531 [35mhttp[39m: [35mPOST /api/soulgames/d973b07b-58d1-4cd9-977f-f2ad22af3134/track-view[39m
2026-03-01 02:25:31:2531 [32minfo[39m: [32m[AI] Saved game comment for user 4009bace-ec0f-4b32-8668-336067ba3c7d to conversation history[39m
2026-03-01 02:25:47:2547 [35mhttp[39m: [35mPOST /api/soulgames/d973b07b-58d1-4cd9-977f-f2ad22af3134/respond[39m
2026-03-01 02:25:48:2548 [35mhttp[39m: [35mPOST /api/ai/game-comment[39m
2026-03-01 02:25:48:2548 [35mhttp[39m: [35mPOST /api/soulgames/d973b07b-58d1-4cd9-977f-f2ad22af3134/track-view[39m
2026-03-01 02:25:48:2548 [35mhttp[39m: [35mPOST /api/soulgames/d973b07b-58d1-4cd9-977f-f2ad22af3134/track-view[39m
2026-03-01 02:25:48:2548 [32minfo[39m: [32m[AI] Saved game comment for user 4009bace-ec0f-4b32-8668-336067ba3c7d to conversation history[39m
2026-03-01 02:26:05:265 [35mhttp[39m: [35mPOST /api/ai/chat[39m
2026-03-01 02:26:06:266 [32minfo[39m: [32m[AI] Processing message for user 4009bace-ec0f-4b32-8668-336067ba3c7d, conversation d1f1e674-48e0-4d70-ad27-c54d77114e28[39m
2026-03-01 02:26:06:266 [32minfo[39m: [32m[AI] Fetching context and memory...[39m
2026-03-01 02:26:07:267 [32minfo[39m: [32m[AI] Context fetched for user 4009bace-ec0f-4b32-8668-336067ba3c7d[39m
2026-03-01 02:26:07:267 [32minfo[39m: [32m[AI] Calling Groq API (Attempt 1, Model: llama-3.3-70b-versatile)...[39m
2026-03-01 02:26:07:267 [31merror[39m: [31m[AI] Groq API Error (429) on attempt 1:[39m
2026-03-01 02:26:07:267 [33mwarn[39m: [33m[AI] Rate limit hit on llama-3.3-70b-versatile. Falling back to 8b model...[39m
2026-03-01 02:26:07:267 [32minfo[39m: [32m[AI] Calling Groq API (Attempt 2, Model: llama-3.1-8b-instant)...[39m
2026-03-01 02:26:09:269 [32minfo[39m: [32mUpdated structured memory for user 4009bace-ec0f-4b32-8668-336067ba3c7d[39m
2026-03-01 02:26:34:2634 [35mhttp[39m: [35mPOST /api/ai/chat[39m
2026-03-01 02:26:35:2635 [32minfo[39m: [32m[AI] Processing message for user 4009bace-ec0f-4b32-8668-336067ba3c7d, conversation d1f1e674-48e0-4d70-ad27-c54d77114e28[39m
2026-03-01 02:26:35:2635 [32minfo[39m: [32m[AI] Fetching context and memory...[39m
2026-03-01 02:26:36:2636 [32minfo[39m: [32m[AI] Context fetched for user 4009bace-ec0f-4b32-8668-336067ba3c7d[39m
2026-03-01 02:26:36:2636 [32minfo[39m: [32m[AI] Calling Groq API (Attempt 1, Model: llama-3.3-70b-versatile)...[39m
2026-03-01 02:26:36:2636 [31merror[39m: [31m[AI] Groq API Error (429) on attempt 1:[39m
2026-03-01 02:26:36:2636 [33mwarn[39m: [33m[AI] Rate limit hit on llama-3.3-70b-versatile. Falling back to 8b model...[39m
2026-03-01 02:26:36:2636 [32minfo[39m: [32m[AI] Calling Groq API (Attempt 2, Model: llama-3.1-8b-instant)...[39m
2026-03-01 02:26:38:2638 [32minfo[39m: [32mUpdated structured memory for user 4009bace-ec0f-4b32-8668-336067ba3c7d[39m
2026-03-01 02:26:55:2655 [35mhttp[39m: [35mGET /api/ai/history[39m
2026-03-01 02:27:00:270 [35mhttp[39m: [35mPOST /api/ai/chat[39m
2026-03-01 02:27:01:271 [32minfo[39m: [32m[AI] Processing message for user 4009bace-ec0f-4b32-8668-336067ba3c7d, conversation d1f1e674-48e0-4d70-ad27-c54d77114e28[39m
2026-03-01 02:27:01:271 [32minfo[39m: [32m[AI] Fetching context and memory...[39m
2026-03-01 02:27:02:272 [32minfo[39m: [32m[AI] Context fetched for user 4009bace-ec0f-4b32-8668-336067ba3c7d[39m
2026-03-01 02:27:02:272 [32minfo[39m: [32m[AI] Calling Groq API (Attempt 1, Model: llama-3.3-70b-versatile)...[39m
2026-03-01 02:27:02:272 [31merror[39m: [31m[AI] Groq API Error (429) on attempt 1:[39m
2026-03-01 02:27:02:272 [33mwarn[39m: [33m[AI] Rate limit hit on llama-3.3-70b-versatile. Falling back to 8b model...[39m
2026-03-01 02:27:02:272 [32minfo[39m: [32m[AI] Calling Groq API (Attempt 2, Model: llama-3.1-8b-instant)...[39m
2026-03-01 02:27:03:273 [31merror[39m: [31mFact extraction failed: API error[39m
2026-03-01 02:27:22:2722 [35mhttp[39m: [35mPOST /api/ai/chat[39m
2026-03-01 02:27:23:2723 [32minfo[39m: [32m[AI] Processing message for user 4009bace-ec0f-4b32-8668-336067ba3c7d, conversation d1f1e674-48e0-4d70-ad27-c54d77114e28[39m
2026-03-01 02:27:23:2723 [32minfo[39m: [32m[AI] Fetching context and memory...[39m
2026-03-01 02:27:24:2724 [32minfo[39m: [32m[AI] Context fetched for user 4009bace-ec0f-4b32-8668-336067ba3c7d[39m
2026-03-01 02:27:24:2724 [32minfo[39m: [32m[AI] Calling Groq API (Attempt 1, Model: llama-3.3-70b-versatile)...[39m
2026-03-01 02:27:24:2724 [31merror[39m: [31m[AI] Groq API Error (429) on attempt 1:[39m
2026-03-01 02:27:24:2724 [33mwarn[39m: [33m[AI] Rate limit hit on llama-3.3-70b-versatile. Falling back to 8b model...[39m
2026-03-01 02:27:24:2724 [32minfo[39m: [32m[AI] Calling Groq API (Attempt 2, Model: llama-3.1-8b-instant)...[39m
2026-03-01 02:27:25:2725 [31merror[39m: [31mFact extraction failed: API error[39m
2026-03-01 02:27:44:2744 [35mhttp[39m: [35mPOST /api/ai/chat[39m
2026-03-01 02:27:45:2745 [32minfo[39m: [32m[AI] Processing message for user 4009bace-ec0f-4b32-8668-336067ba3c7d, conversation d1f1e674-48e0-4d70-ad27-c54d77114e28[39m
2026-03-01 02:27:45:2745 [32minfo[39m: [32m[AI] Fetching context and memory...[39m
2026-03-01 02:27:46:2746 [32minfo[39m: [32m[AI] Context fetched for user 4009bace-ec0f-4b32-8668-336067ba3c7d[39m
2026-03-01 02:27:46:2746 [32minfo[39m: [32m[AI] Calling Groq API (Attempt 1, Model: llama-3.3-70b-versatile)...[39m
2026-03-01 02:27:47:2747 [31merror[39m: [31m[AI] Groq API Error (429) on attempt 1:[39m
2026-03-01 02:27:47:2747 [33mwarn[39m: [33m[AI] Rate limit hit on llama-3.3-70b-versatile. Falling back to 8b model...[39m
2026-03-01 02:27:47:2747 [32minfo[39m: [32m[AI] Calling Groq API (Attempt 2, Model: llama-3.1-8b-instant)...[39m
2026-03-01 02:27:48:2748 [31merror[39m: [31mFact extraction failed: API error[39m
2026-03-01 02:31:01:311 [32minfo[39m: [32mConnected to PostgreSQL database[39m
2026-03-01 02:31:01:311 [32minfo[39m: [32mSoulLink Backend running in development mode on port 4000[39m
2026-03-01 02:31:01:311 [32minfo[39m: [32mStarting AI Companion cron jobs...[39m
2026-03-01 02:31:01:311 [32minfo[39m: [32mConnected to PostgreSQL database[39m
2026-03-01 02:31:01:311 [32minfo[39m: [32mPresence Reset: Set 1 users to OFFLINE on startup[39m
2026-03-01 02:31:02:312 [32minfo[39m: [32mUser connected: 4009bace-ec0f-4b32-8668-336067ba3c7d (Q8kB7HkGz46c7qz9AAAB)[39m
2026-03-01 02:31:02:312 [32minfo[39m: [32mUser connected: 4009bace-ec0f-4b32-8668-336067ba3c7d (5YkE5zqAbcm2sPouAAAD)[39m
2026-03-01 02:31:55:3155 [32minfo[39m: [32mUser disconnected: Q8kB7HkGz46c7qz9AAAB[39m
2026-03-01 02:31:55:3155 [32minfo[39m: [32mUser disconnected: 5YkE5zqAbcm2sPouAAAD[39m
2026-03-01 02:31:55:3155 [35mhttp[39m: [35mGET /api/users/me[39m
2026-03-01 02:31:55:3155 [35mhttp[39m: [35mGET /api/notifications/unread-count[39m
2026-03-01 02:31:55:3155 [35mhttp[39m: [35mGET /api/friends[39m
2026-03-01 02:31:55:3155 [35mhttp[39m: [35mGET /api/communities[39m
2026-03-01 02:31:55:3155 [35mhttp[39m: [35mGET /api/soulgames/d973b07b-58d1-4cd9-977f-f2ad22af3134[39m
2026-03-01 02:31:55:3155 [35mhttp[39m: [35mGET /api/ai/history[39m
2026-03-01 02:31:56:3156 [32minfo[39m: [32mUser connected: 4009bace-ec0f-4b32-8668-336067ba3c7d (nLBPAyceS5NItqAyAAAG)[39m
2026-03-01 02:31:56:3156 [32minfo[39m: [32mUser connected: 4009bace-ec0f-4b32-8668-336067ba3c7d (WalyrVg-Spq4EK8VAAAH)[39m
2026-03-01 02:31:56:3156 [35mhttp[39m: [35mGET /api/users/me[39m
2026-03-01 02:31:57:3157 [35mhttp[39m: [35mPOST /api/soulgames/d973b07b-58d1-4cd9-977f-f2ad22af3134/track-view[39m
2026-03-01 02:31:59:3159 [35mhttp[39m: [35mGET /api/users/me[39m
2026-03-01 02:31:59:3159 [35mhttp[39m: [35mGET /api/users/me[39m
2026-03-01 02:32:02:322 [35mhttp[39m: [35mGET /api/soulgames[39m
2026-03-01 02:32:03:323 [35mhttp[39m: [35mGET /api/soulgames[39m
2026-03-01 02:32:07:327 [35mhttp[39m: [35mGET /api/soulgames/d973b07b-58d1-4cd9-977f-f2ad22af3134[39m
2026-03-01 02:32:08:328 [35mhttp[39m: [35mGET /api/soulgames/d973b07b-58d1-4cd9-977f-f2ad22af3134[39m
2026-03-01 02:32:08:328 [35mhttp[39m: [35mPOST /api/soulgames/d973b07b-58d1-4cd9-977f-f2ad22af3134/track-view[39m
2026-03-01 02:32:09:329 [35mhttp[39m: [35mPOST /api/soulgames/d973b07b-58d1-4cd9-977f-f2ad22af3134/track-view[39m
2026-03-01 02:32:13:3213 [35mhttp[39m: [35mPOST /api/ai/chat[39m
2026-03-01 02:32:14:3214 [32minfo[39m: [32m[AI] Processing message for user 4009bace-ec0f-4b32-8668-336067ba3c7d, conversation d1f1e674-48e0-4d70-ad27-c54d77114e28[39m
2026-03-01 02:32:14:3214 [32minfo[39m: [32m[AI] Fetching context and memory...[39m
2026-03-01 02:32:15:3215 [32minfo[39m: [32m[AI] Context fetched for user 4009bace-ec0f-4b32-8668-336067ba3c7d[39m
2026-03-01 02:32:15:3215 [32minfo[39m: [32m[AI] Calling Groq API (Attempt 1, Model: llama-3.3-70b-versatile)...[39m
2026-03-01 02:32:16:3216 [31merror[39m: [31m[AI] Groq API Error (429) on attempt 1:[39m
2026-03-01 02:32:16:3216 [33mwarn[39m: [33m[AI] Rate limit hit on llama-3.3-70b-versatile. Falling back to 8b model...[39m
2026-03-01 02:32:16:3216 [32minfo[39m: [32m[AI] Calling Groq API (Attempt 2, Model: llama-3.1-8b-instant)...[39m
2026-03-01 02:32:18:3218 [32minfo[39m: [32mUpdated structured memory for user 4009bace-ec0f-4b32-8668-336067ba3c7d[39m
2026-03-01 02:32:29:3229 [35mhttp[39m: [35mPOST /api/ai/investigate[39m
2026-03-01 02:32:30:3230 [32minfo[39m: [32m[AI] Processing message for user 4009bace-ec0f-4b32-8668-336067ba3c7d, conversation d1f1e674-48e0-4d70-ad27-c54d77114e28[39m
2026-03-01 02:32:30:3230 [32minfo[39m: [32m[AI] Fetching context and memory...[39m
2026-03-01 02:32:31:3231 [32minfo[39m: [32m[AI] Context fetched for user 4009bace-ec0f-4b32-8668-336067ba3c7d[39m
2026-03-01 02:32:31:3231 [32minfo[39m: [32m[AI] Calling Groq API (Attempt 1, Model: llama-3.1-8b-instant)...[39m
2026-03-01 02:32:44:3244 [35mhttp[39m: [35mPOST /api/ai/chat[39m
2026-03-01 02:32:44:3244 [32minfo[39m: [32m[AI] Processing message for user 4009bace-ec0f-4b32-8668-336067ba3c7d, conversation d1f1e674-48e0-4d70-ad27-c54d77114e28[39m
2026-03-01 02:32:44:3244 [32minfo[39m: [32m[AI] Fetching context and memory...[39m
2026-03-01 02:32:45:3245 [32minfo[39m: [32m[AI] Context fetched for user 4009bace-ec0f-4b32-8668-336067ba3c7d[39m
2026-03-01 02:32:45:3245 [32minfo[39m: [32m[AI] Calling Groq API (Attempt 1, Model: llama-3.3-70b-versatile)...[39m
2026-03-01 02:32:45:3245 [31merror[39m: [31m[AI] Groq API Error (429) on attempt 1:[39m
2026-03-01 02:32:45:3245 [33mwarn[39m: [33m[AI] Rate limit hit on llama-3.3-70b-versatile. Falling back to 8b model...[39m
2026-03-01 02:32:45:3245 [32minfo[39m: [32m[AI] Calling Groq API (Attempt 2, Model: llama-3.1-8b-instant)...[39m
2026-03-01 02:32:46:3246 [31merror[39m: [31mFact extraction failed: API error[39m
2026-03-01 02:32:51:3251 [35mhttp[39m: [35mPOST /api/ai/chat[39m
2026-03-01 02:32:52:3252 [32minfo[39m: [32m[AI] Processing message for user 4009bace-ec0f-4b32-8668-336067ba3c7d, conversation d1f1e674-48e0-4d70-ad27-c54d77114e28[39m
2026-03-01 02:32:52:3252 [32minfo[39m: [32m[AI] Fetching context and memory...[39m
2026-03-01 02:32:53:3253 [32minfo[39m: [32m[AI] Context fetched for user 4009bace-ec0f-4b32-8668-336067ba3c7d[39m
2026-03-01 02:32:53:3253 [32minfo[39m: [32m[AI] Calling Groq API (Attempt 1, Model: llama-3.3-70b-versatile)...[39m
2026-03-01 02:32:53:3253 [31merror[39m: [31m[AI] Groq API Error (429) on attempt 1:[39m
2026-03-01 02:32:53:3253 [33mwarn[39m: [33m[AI] Rate limit hit on llama-3.3-70b-versatile. Falling back to 8b model...[39m
2026-03-01 02:32:53:3253 [32minfo[39m: [32m[AI] Calling Groq API (Attempt 2, Model: llama-3.1-8b-instant)...[39m
2026-03-01 02:32:54:3254 [32minfo[39m: [32mRecorded trust event long_conversation for 4009bace-ec0f-4b32-8668-336067ba3c7d (Trust: 11, Stage: NEW)[39m
2026-03-01 02:32:55:3255 [31merror[39m: [31mFact extraction failed: API error[39m
2026-03-01 02:32:55:3255 [31merror[39m: [31mFailed to generate conversation summary[39m
2026-03-01 02:33:12:3312 [35mhttp[39m: [35mPOST /api/ai/chat[39m
2026-03-01 02:33:12:3312 [32minfo[39m: [32m[AI] Processing message for user 4009bace-ec0f-4b32-8668-336067ba3c7d, conversation d1f1e674-48e0-4d70-ad27-c54d77114e28[39m
2026-03-01 02:33:13:3313 [32minfo[39m: [32m[AI] Fetching context and memory...[39m
2026-03-01 02:33:13:3313 [32minfo[39m: [32m[AI] Context fetched for user 4009bace-ec0f-4b32-8668-336067ba3c7d[39m
2026-03-01 02:33:13:3313 [32minfo[39m: [32m[AI] Calling Groq API (Attempt 1, Model: llama-3.3-70b-versatile)...[39m
2026-03-01 02:33:14:3314 [31merror[39m: [31m[AI] Groq API Error (429) on attempt 1:[39m
2026-03-01 02:33:14:3314 [33mwarn[39m: [33m[AI] Rate limit hit on llama-3.3-70b-versatile. Falling back to 8b model...[39m
2026-03-01 02:33:14:3314 [32minfo[39m: [32m[AI] Calling Groq API (Attempt 2, Model: llama-3.1-8b-instant)...[39m
2026-03-01 02:33:15:3315 [31merror[39m: [31mFact extraction failed: API error[39m
2026-03-01 02:33:45:3345 [35mhttp[39m: [35mPOST /api/ai/chat[39m
2026-03-01 02:33:47:3347 [32minfo[39m: [32m[AI] Processing message for user 4009bace-ec0f-4b32-8668-336067ba3c7d, conversation d1f1e674-48e0-4d70-ad27-c54d77114e28[39m
2026-03-01 02:33:47:3347 [32minfo[39m: [32m[AI] Fetching context and memory...[39m
2026-03-01 02:33:48:3348 [32minfo[39m: [32m[AI] Context fetched for user 4009bace-ec0f-4b32-8668-336067ba3c7d[39m
2026-03-01 02:33:48:3348 [32minfo[39m: [32m[AI] Calling Groq API (Attempt 1, Model: llama-3.3-70b-versatile)...[39m
2026-03-01 02:33:48:3348 [31merror[39m: [31m[AI] Groq API Error (429) on attempt 1:[39m
2026-03-01 02:33:48:3348 [33mwarn[39m: [33m[AI] Rate limit hit on llama-3.3-70b-versatile. Falling back to 8b model...[39m
2026-03-01 02:33:48:3348 [32minfo[39m: [32m[AI] Calling Groq API (Attempt 2, Model: llama-3.1-8b-instant)...[39m
2026-03-01 02:33:49:3349 [31merror[39m: [31mFact extraction failed: API error[39m
2026-03-01 02:33:55:3355 [35mhttp[39m: [35mGET /api/ai/history[39m
2026-03-01 02:34:14:3414 [35mhttp[39m: [35mPOST /api/ai/chat[39m
2026-03-01 02:34:14:3414 [32minfo[39m: [32m[AI] Processing message for user 4009bace-ec0f-4b32-8668-336067ba3c7d, conversation d1f1e674-48e0-4d70-ad27-c54d77114e28[39m
2026-03-01 02:34:14:3414 [32minfo[39m: [32m[AI] Fetching context and memory...[39m
2026-03-01 02:34:15:3415 [32minfo[39m: [32m[AI] Context fetched for user 4009bace-ec0f-4b32-8668-336067ba3c7d[39m
2026-03-01 02:34:15:3415 [32minfo[39m: [32m[AI] Calling Groq API (Attempt 1, Model: llama-3.3-70b-versatile)...[39m
2026-03-01 02:34:15:3415 [31merror[39m: [31m[AI] Groq API Error (429) on attempt 1:[39m
2026-03-01 02:34:15:3415 [33mwarn[39m: [33m[AI] Rate limit hit on llama-3.3-70b-versatile. Falling back to 8b model...[39m
2026-03-01 02:34:15:3415 [32minfo[39m: [32m[AI] Calling Groq API (Attempt 2, Model: llama-3.1-8b-instant)...[39m
2026-03-01 02:34:16:3416 [31merror[39m: [31mFact extraction failed: API error[39m
2026-03-01 02:34:26:3426 [35mhttp[39m: [35mPOST /api/soulgames/d973b07b-58d1-4cd9-977f-f2ad22af3134/respond[39m
2026-03-01 02:34:27:3427 [35mhttp[39m: [35mPOST /api/ai/game-comment[39m
2026-03-01 02:34:27:3427 [35mhttp[39m: [35mPOST /api/soulgames/d973b07b-58d1-4cd9-977f-f2ad22af3134/track-view[39m
2026-03-01 02:34:28:3428 [35mhttp[39m: [35mPOST /api/soulgames/d973b07b-58d1-4cd9-977f-f2ad22af3134/track-view[39m
2026-03-01 02:34:28:3428 [32minfo[39m: [32m[AI] Saved game comment for user 4009bace-ec0f-4b32-8668-336067ba3c7d to conversation history[39m
2026-03-01 02:34:38:3438 [35mhttp[39m: [35mPOST /api/soulgames/d973b07b-58d1-4cd9-977f-f2ad22af3134/respond[39m
2026-03-01 02:34:40:3440 [35mhttp[39m: [35mPOST /api/ai/game-comment[39m
2026-03-01 02:34:40:3440 [35mhttp[39m: [35mPOST /api/soulgames/d973b07b-58d1-4cd9-977f-f2ad22af3134/track-view[39m
2026-03-01 02:34:40:3440 [35mhttp[39m: [35mPOST /api/soulgames/d973b07b-58d1-4cd9-977f-f2ad22af3134/track-view[39m
2026-03-01 02:34:41:3441 [32minfo[39m: [32m[AI] Saved game comment for user 4009bace-ec0f-4b32-8668-336067ba3c7d to conversation history[39m
2026-03-01 02:34:47:3447 [35mhttp[39m: [35mPOST /api/soulgames/d973b07b-58d1-4cd9-977f-f2ad22af3134/respond[39m
2026-03-01 02:34:47:3447 [35mhttp[39m: [35mPOST /api/ai/game-comment[39m
2026-03-01 02:34:47:3447 [35mhttp[39m: [35mPOST /api/soulgames/d973b07b-58d1-4cd9-977f-f2ad22af3134/track-view[39m
2026-03-01 02:34:48:3448 [35mhttp[39m: [35mPOST /api/soulgames/d973b07b-58d1-4cd9-977f-f2ad22af3134/track-view[39m
2026-03-01 02:34:59:3459 [35mhttp[39m: [35mPOST /api/soulgames/d973b07b-58d1-4cd9-977f-f2ad22af3134/respond[39m
2026-03-01 02:35:00:350 [35mhttp[39m: [35mPOST /api/ai/game-comment[39m
2026-03-01 02:35:00:350 [35mhttp[39m: [35mPOST /api/soulgames/d973b07b-58d1-4cd9-977f-f2ad22af3134/track-view[39m
2026-03-01 02:35:02:352 [32minfo[39m: [32m[AI] Saved game comment for user 4009bace-ec0f-4b32-8668-336067ba3c7d to conversation history[39m
2026-03-01 02:35:09:359 [35mhttp[39m: [35mPOST /api/soulgames/d973b07b-58d1-4cd9-977f-f2ad22af3134/complete[39m
2026-03-01 02:35:10:3510 [35mhttp[39m: [35mGET /api/soulgames/personality[39m
2026-03-01 02:35:11:3511 [35mhttp[39m: [35mGET /api/soulgames/personality[39m
2026-03-01 02:35:11:3511 [32minfo[39m: [32m[AI] Context fetched for user 4009bace-ec0f-4b32-8668-336067ba3c7d[39m
2026-03-01 02:35:12:3512 [32minfo[39m: [32mGenerated proactive message for user 4009bace-ec0f-4b32-8668-336067ba3c7d context game_completed[39m
2026-03-01 02:35:18:3518 [35mhttp[39m: [35mGET /api/soulgames[39m
2026-03-01 02:35:20:3520 [35mhttp[39m: [35mGET /api/soulgames[39m
2026-03-01 02:35:25:3525 [35mhttp[39m: [35mPOST /api/ai/chat[39m
2026-03-01 02:35:25:3525 [32minfo[39m: [32m[AI] Processing message for user 4009bace-ec0f-4b32-8668-336067ba3c7d, conversation d1f1e674-48e0-4d70-ad27-c54d77114e28[39m
2026-03-01 02:35:25:3525 [32minfo[39m: [32m[AI] Fetching context and memory...[39m
2026-03-01 02:35:26:3526 [32minfo[39m: [32m[AI] Context fetched for user 4009bace-ec0f-4b32-8668-336067ba3c7d[39m
2026-03-01 02:35:26:3526 [32minfo[39m: [32m[AI] Calling Groq API (Attempt 1, Model: llama-3.3-70b-versatile)...[39m
2026-03-01 02:35:26:3526 [31merror[39m: [31m[AI] Groq API Error (429) on attempt 1:[39m
2026-03-01 02:35:26:3526 [33mwarn[39m: [33m[AI] Rate limit hit on llama-3.3-70b-versatile. Falling back to 8b model...[39m
2026-03-01 02:35:26:3526 [32minfo[39m: [32m[AI] Calling Groq API (Attempt 2, Model: llama-3.1-8b-instant)...[39m
2026-03-01 02:35:27:3527 [31merror[39m: [31mFact extraction failed: API error[39m
2026-03-01 02:35:44:3544 [35mhttp[39m: [35mPOST /api/ai/chat[39m
2026-03-01 02:35:45:3545 [32minfo[39m: [32m[AI] Processing message for user 4009bace-ec0f-4b32-8668-336067ba3c7d, conversation d1f1e674-48e0-4d70-ad27-c54d77114e28[39m
2026-03-01 02:35:45:3545 [32minfo[39m: [32m[AI] Fetching context and memory...[39m
2026-03-01 02:35:45:3545 [32minfo[39m: [32m[AI] Context fetched for user 4009bace-ec0f-4b32-8668-336067ba3c7d[39m
2026-03-01 02:35:45:3545 [32minfo[39m: [32m[AI] Calling Groq API (Attempt 1, Model: llama-3.3-70b-versatile)...[39m
2026-03-01 02:35:46:3546 [31merror[39m: [31m[AI] Groq API Error (429) on attempt 1:[39m
2026-03-01 02:35:46:3546 [33mwarn[39m: [33m[AI] Rate limit hit on llama-3.3-70b-versatile. Falling back to 8b model...[39m
2026-03-01 02:35:46:3546 [32minfo[39m: [32m[AI] Calling Groq API (Attempt 2, Model: llama-3.1-8b-instant)...[39m
2026-03-01 02:35:46:3546 [31merror[39m: [31m[AI] Groq API Error (400) on attempt 2:[39m
2026-03-01 02:35:55:3555 [35mhttp[39m: [35mGET /api/ai/history[39m
2026-03-01 02:38:40:3840 [32minfo[39m: [32mConnected to PostgreSQL database[39m
2026-03-01 02:38:40:3840 [32minfo[39m: [32mSoulLink Backend running in development mode on port 4000[39m
2026-03-01 02:38:40:3840 [32minfo[39m: [32mStarting AI Companion cron jobs...[39m
2026-03-01 02:38:40:3840 [32minfo[39m: [32mPresence Reset: Set 1 users to OFFLINE on startup[39m
2026-03-01 02:38:40:3840 [32minfo[39m: [32mConnected to PostgreSQL database[39m
2026-03-01 02:38:42:3842 [32minfo[39m: [32mUser connected: 4009bace-ec0f-4b32-8668-336067ba3c7d (s8QeYPdxSQF7_WXnAAAC)[39m
2026-03-01 02:38:42:3842 [32minfo[39m: [32mUser connected: 4009bace-ec0f-4b32-8668-336067ba3c7d (ru4N9qpSCtldvYPEAAAD)[39m
2026-03-01 02:39:56:3956 [32minfo[39m: [32mUser disconnected: s8QeYPdxSQF7_WXnAAAC[39m
2026-03-01 02:39:56:3956 [32minfo[39m: [32mUser disconnected: ru4N9qpSCtldvYPEAAAD[39m
2026-03-01 02:40:03:403 [35mhttp[39m: [35mPOST /api/auth/login[39m
2026-03-01 02:40:04:404 [35mhttp[39m: [35mGET /api/users/me[39m
2026-03-01 02:40:04:404 [35mhttp[39m: [35mGET /api/notifications/unread-count[39m
2026-03-01 02:40:04:404 [35mhttp[39m: [35mGET /api/friends[39m
2026-03-01 02:40:04:404 [35mhttp[39m: [35mGET /api/communities[39m
2026-03-01 02:40:04:404 [35mhttp[39m: [35mGET /api/ai/history[39m
2026-03-01 02:40:05:405 [35mhttp[39m: [35mGET /api/notifications/unread-count[39m
2026-03-01 02:40:05:405 [35mhttp[39m: [35mGET /api/users/me[39m
2026-03-01 02:40:05:405 [32minfo[39m: [32mUser connected: 4009bace-ec0f-4b32-8668-336067ba3c7d (cNfxkdtNuNEbv-WCAAAK)[39m
2026-03-01 02:40:05:405 [32minfo[39m: [32mUser connected: 4009bace-ec0f-4b32-8668-336067ba3c7d (Mkccx5g0aF66WtgaAAAI)[39m
2026-03-01 02:40:06:406 [32minfo[39m: [32mUser connected: 4009bace-ec0f-4b32-8668-336067ba3c7d (8o7zpOag0c3P3uoAAAAJ)[39m
2026-03-01 02:40:06:406 [32minfo[39m: [32mUser connected: 4009bace-ec0f-4b32-8668-336067ba3c7d (NjUUFnEOnmAFJIbSAAAL)[39m
2026-03-01 02:40:06:406 [35mhttp[39m: [35mGET /api/users/me[39m
2026-03-01 02:40:06:406 [35mhttp[39m: [35mGET /api/communities[39m
2026-03-01 02:40:07:407 [35mhttp[39m: [35mGET /api/ai/history[39m
2026-03-01 02:40:07:407 [35mhttp[39m: [35mGET /api/users/me[39m
2026-03-01 02:40:07:407 [35mhttp[39m: [35mGET /api/friends[39m
2026-03-01 02:40:19:4019 [35mhttp[39m: [35mPOST /api/ai/chat[39m
2026-03-01 02:40:19:4019 [32minfo[39m: [32m[AI] Processing message for user 4009bace-ec0f-4b32-8668-336067ba3c7d, conversation d1f1e674-48e0-4d70-ad27-c54d77114e28[39m
2026-03-01 02:40:19:4019 [32minfo[39m: [32m[AI] Fetching context and memory...[39m
2026-03-01 02:40:20:4020 [32minfo[39m: [32m[AI] Context fetched for user 4009bace-ec0f-4b32-8668-336067ba3c7d[39m
2026-03-01 02:40:20:4020 [32minfo[39m: [32m[AI] Calling Groq API (Attempt 1, Model: llama-3.3-70b-versatile)...[39m
2026-03-01 02:40:21:4021 [31merror[39m: [31m[AI] Groq API Error (429) on attempt 1:[39m
2026-03-01 02:40:21:4021 [33mwarn[39m: [33m[AI] Error 429 on llama-3.3-70b-versatile. Falling back to 8b model...[39m
2026-03-01 02:40:21:4021 [32minfo[39m: [32m[AI] Calling Groq API (Attempt 2, Model: llama-3.1-8b-instant)...[39m
2026-03-01 02:40:21:4021 [31merror[39m: [31m[AI] Groq API Error (400) on attempt 2:[39m
2026-03-01 02:40:27:4027 [35mhttp[39m: [35mPOST /api/ai/chat[39m
2026-03-01 02:40:28:4028 [32minfo[39m: [32m[AI] Processing message for user 4009bace-ec0f-4b32-8668-336067ba3c7d, conversation d1f1e674-48e0-4d70-ad27-c54d77114e28[39m
2026-03-01 02:40:28:4028 [32minfo[39m: [32m[AI] Fetching context and memory...[39m
2026-03-01 02:40:29:4029 [32minfo[39m: [32m[AI] Context fetched for user 4009bace-ec0f-4b32-8668-336067ba3c7d[39m
2026-03-01 02:40:29:4029 [32minfo[39m: [32m[AI] Calling Groq API (Attempt 1, Model: llama-3.3-70b-versatile)...[39m
2026-03-01 02:40:29:4029 [31merror[39m: [31m[AI] Groq API Error (429) on attempt 1:[39m
2026-03-01 02:40:29:4029 [33mwarn[39m: [33m[AI] Error 429 on llama-3.3-70b-versatile. Falling back to 8b model...[39m
2026-03-01 02:40:29:4029 [32minfo[39m: [32m[AI] Calling Groq API (Attempt 2, Model: llama-3.1-8b-instant)...[39m
2026-03-01 02:40:32:4032 [32minfo[39m: [32mUpdated structured memory for user 4009bace-ec0f-4b32-8668-336067ba3c7d[39m
2026-03-01 02:40:42:4042 [35mhttp[39m: [35mPOST /api/ai/chat[39m
2026-03-01 02:40:42:4042 [32minfo[39m: [32m[AI] Processing message for user 4009bace-ec0f-4b32-8668-336067ba3c7d, conversation d1f1e674-48e0-4d70-ad27-c54d77114e28[39m
2026-03-01 02:40:42:4042 [32minfo[39m: [32m[AI] Fetching context and memory...[39m
2026-03-01 02:40:43:4043 [32minfo[39m: [32m[AI] Context fetched for user 4009bace-ec0f-4b32-8668-336067ba3c7d[39m
2026-03-01 02:40:43:4043 [32minfo[39m: [32m[AI] Calling Groq API (Attempt 1, Model: llama-3.3-70b-versatile)...[39m
2026-03-01 02:40:44:4044 [31merror[39m: [31m[AI] Groq API Error (429) on attempt 1:[39m
2026-03-01 02:40:44:4044 [33mwarn[39m: [33m[AI] Error 429 on llama-3.3-70b-versatile. Falling back to 8b model...[39m
2026-03-01 02:40:44:4044 [32minfo[39m: [32m[AI] Calling Groq API (Attempt 2, Model: llama-3.1-8b-instant)...[39m
2026-03-01 02:40:45:4045 [31merror[39m: [31mFact extraction failed: API error[39m
2026-03-01 02:41:36:4136 [35mhttp[39m: [35mPOST /api/ai/chat[39m
2026-03-01 02:41:37:4137 [32minfo[39m: [32m[AI] Processing message for user 4009bace-ec0f-4b32-8668-336067ba3c7d, conversation d1f1e674-48e0-4d70-ad27-c54d77114e28[39m
2026-03-01 02:41:37:4137 [32minfo[39m: [32m[AI] Fetching context and memory...[39m
2026-03-01 02:41:38:4138 [32minfo[39m: [32m[AI] Context fetched for user 4009bace-ec0f-4b32-8668-336067ba3c7d[39m
2026-03-01 02:41:38:4138 [32minfo[39m: [32m[AI] Calling Groq API (Attempt 1, Model: llama-3.3-70b-versatile)...[39m
2026-03-01 02:41:38:4138 [31merror[39m: [31m[AI] Groq API Error (429) on attempt 1:[39m
2026-03-01 02:41:38:4138 [33mwarn[39m: [33m[AI] Error 429 on llama-3.3-70b-versatile. Falling back to 8b model...[39m
2026-03-01 02:41:38:4138 [32minfo[39m: [32m[AI] Calling Groq API (Attempt 2, Model: llama-3.1-8b-instant)...[39m
2026-03-01 02:41:42:4142 [32minfo[39m: [32mRecorded trust event long_conversation for 4009bace-ec0f-4b32-8668-336067ba3c7d (Trust: 14, Stage: NEW)[39m
2026-03-01 02:41:42:4142 [31merror[39m: [31mFact extraction failed: API error[39m
2026-03-01 02:42:04:424 [35mhttp[39m: [35mGET /api/ai/history[39m
2026-03-01 02:42:08:428 [35mhttp[39m: [35mPOST /api/ai/chat[39m
2026-03-01 02:42:09:429 [32minfo[39m: [32m[AI] Processing message for user 4009bace-ec0f-4b32-8668-336067ba3c7d, conversation d1f1e674-48e0-4d70-ad27-c54d77114e28[39m
2026-03-01 02:42:09:429 [32minfo[39m: [32m[AI] Fetching context and memory...[39m
2026-03-01 02:42:10:4210 [32minfo[39m: [32m[AI] Context fetched for user 4009bace-ec0f-4b32-8668-336067ba3c7d[39m
2026-03-01 02:42:10:4210 [32minfo[39m: [32m[AI] Calling Groq API (Attempt 1, Model: llama-3.3-70b-versatile)...[39m
2026-03-01 02:42:10:4210 [31merror[39m: [31m[AI] Groq API Error (429) on attempt 1:[39m
2026-03-01 02:42:10:4210 [33mwarn[39m: [33m[AI] Error 429 on llama-3.3-70b-versatile. Falling back to 8b model...[39m
2026-03-01 02:42:10:4210 [32minfo[39m: [32m[AI] Calling Groq API (Attempt 2, Model: llama-3.1-8b-instant)...[39m
2026-03-01 02:42:11:4211 [31merror[39m: [31m[AI] Groq API Error (400) on attempt 2:[39m
2026-03-01 02:42:26:4226 [32minfo[39m: [32mUser disconnected: NjUUFnEOnmAFJIbSAAAL[39m
2026-03-01 02:42:26:4226 [32minfo[39m: [32mUser disconnected: cNfxkdtNuNEbv-WCAAAK[39m
2026-03-01 02:42:26:4226 [32minfo[39m: [32mUser disconnected: 8o7zpOag0c3P3uoAAAAJ[39m
2026-03-01 02:42:26:4226 [32minfo[39m: [32mUser disconnected: Mkccx5g0aF66WtgaAAAI[39m
2026-03-01 02:42:27:4227 [35mhttp[39m: [35mGET /api/users/me[39m
2026-03-01 02:42:27:4227 [35mhttp[39m: [35mGET /api/notifications/unread-count[39m
2026-03-01 02:42:27:4227 [35mhttp[39m: [35mGET /api/friends[39m
2026-03-01 02:42:27:4227 [35mhttp[39m: [35mGET /api/communities[39m
2026-03-01 02:42:27:4227 [35mhttp[39m: [35mGET /api/ai/history[39m
2026-03-01 02:42:27:4227 [32minfo[39m: [32mUser connected: 4009bace-ec0f-4b32-8668-336067ba3c7d (ZTlBZ3gcFTodsz2UAAAO)[39m
2026-03-01 02:42:27:4227 [32minfo[39m: [32mUser connected: 4009bace-ec0f-4b32-8668-336067ba3c7d (QNxF_QSadN12BkMqAAAP)[39m
2026-03-01 02:42:28:4228 [35mhttp[39m: [35mGET /api/users/me[39m
2026-03-01 02:42:40:4240 [35mhttp[39m: [35mPOST /api/ai/chat[39m
2026-03-01 02:42:41:4241 [32minfo[39m: [32m[AI] Processing message for user 4009bace-ec0f-4b32-8668-336067ba3c7d, conversation d1f1e674-48e0-4d70-ad27-c54d77114e28[39m
2026-03-01 02:42:41:4241 [32minfo[39m: [32m[AI] Fetching context and memory...[39m
2026-03-01 02:42:42:4242 [32minfo[39m: [32m[AI] Context fetched for user 4009bace-ec0f-4b32-8668-336067ba3c7d[39m
2026-03-01 02:42:42:4242 [32minfo[39m: [32m[AI] Calling Groq API (Attempt 1, Model: llama-3.3-70b-versatile)...[39m
2026-03-01 02:42:42:4242 [31merror[39m: [31m[AI] Groq API Error (429) on attempt 1:[39m
2026-03-01 02:42:42:4242 [33mwarn[39m: [33m[AI] Error 429 on llama-3.3-70b-versatile. Falling back to 8b model...[39m
2026-03-01 02:42:42:4242 [32minfo[39m: [32m[AI] Calling Groq API (Attempt 2, Model: llama-3.1-8b-instant)...[39m
2026-03-01 02:42:43:4243 [31merror[39m: [31mFact extraction failed: API error[39m
2026-03-01 02:42:49:4249 [35mhttp[39m: [35mPOST /api/ai/chat[39m
2026-03-01 02:42:49:4249 [32minfo[39m: [32m[AI] Processing message for user 4009bace-ec0f-4b32-8668-336067ba3c7d, conversation d1f1e674-48e0-4d70-ad27-c54d77114e28[39m
2026-03-01 02:42:49:4249 [32minfo[39m: [32m[AI] Fetching context and memory...[39m
2026-03-01 02:42:50:4250 [32minfo[39m: [32m[AI] Context fetched for user 4009bace-ec0f-4b32-8668-336067ba3c7d[39m
2026-03-01 02:42:50:4250 [32minfo[39m: [32m[AI] Calling Groq API (Attempt 1, Model: llama-3.3-70b-versatile)...[39m
2026-03-01 02:42:51:4251 [31merror[39m: [31m[AI] Groq API Error (429) on attempt 1:[39m
2026-03-01 02:42:51:4251 [33mwarn[39m: [33m[AI] Error 429 on llama-3.3-70b-versatile. Falling back to 8b model...[39m
2026-03-01 02:42:51:4251 [32minfo[39m: [32m[AI] Calling Groq API (Attempt 2, Model: llama-3.1-8b-instant)...[39m
2026-03-01 02:42:51:4251 [31merror[39m: [31mFact extraction failed: API error[39m
2026-03-01 02:43:11:4311 [35mhttp[39m: [35mPOST /api/ai/chat[39m
2026-03-01 02:43:12:4312 [32minfo[39m: [32m[AI] Processing message for user 4009bace-ec0f-4b32-8668-336067ba3c7d, conversation d1f1e674-48e0-4d70-ad27-c54d77114e28[39m
2026-03-01 02:43:12:4312 [32minfo[39m: [32m[AI] Fetching context and memory...[39m
2026-03-01 02:43:12:4312 [32minfo[39m: [32m[AI] Context fetched for user 4009bace-ec0f-4b32-8668-336067ba3c7d[39m
2026-03-01 02:43:12:4312 [32minfo[39m: [32m[AI] Calling Groq API (Attempt 1, Model: llama-3.3-70b-versatile)...[39m
2026-03-01 02:43:12:4312 [31merror[39m: [31m[AI] Groq API Error (429) on attempt 1:[39m
2026-03-01 02:43:12:4312 [33mwarn[39m: [33m[AI] Error 429 on llama-3.3-70b-versatile. Falling back to 8b model...[39m
2026-03-01 02:43:12:4312 [32minfo[39m: [32m[AI] Calling Groq API (Attempt 2, Model: llama-3.1-8b-instant)...[39m
2026-03-01 02:43:13:4313 [31merror[39m: [31mFact extraction failed: API error[39m
2026-03-01 02:43:21:4321 [35mhttp[39m: [35mPOST /api/ai/chat[39m
2026-03-01 02:43:22:4322 [32minfo[39m: [32m[AI] Processing message for user 4009bace-ec0f-4b32-8668-336067ba3c7d, conversation d1f1e674-48e0-4d70-ad27-c54d77114e28[39m
2026-03-01 02:43:22:4322 [32minfo[39m: [32m[AI] Fetching context and memory...[39m
2026-03-01 02:43:22:4322 [32minfo[39m: [32m[AI] Context fetched for user 4009bace-ec0f-4b32-8668-336067ba3c7d[39m
2026-03-01 02:43:22:4322 [32minfo[39m: [32m[AI] Calling Groq API (Attempt 1, Model: llama-3.3-70b-versatile)...[39m
2026-03-01 02:43:23:4323 [31merror[39m: [31m[AI] Groq API Error (429) on attempt 1:[39m
2026-03-01 02:43:23:4323 [33mwarn[39m: [33m[AI] Error 429 on llama-3.3-70b-versatile. Falling back to 8b model...[39m
2026-03-01 02:43:23:4323 [32minfo[39m: [32m[AI] Calling Groq API (Attempt 2, Model: llama-3.1-8b-instant)...[39m
2026-03-01 02:43:23:4323 [31merror[39m: [31mFact extraction failed: API error[39m
2026-03-01 02:43:36:4336 [35mhttp[39m: [35mPOST /api/ai/chat[39m
2026-03-01 02:43:36:4336 [32minfo[39m: [32m[AI] Processing message for user 4009bace-ec0f-4b32-8668-336067ba3c7d, conversation d1f1e674-48e0-4d70-ad27-c54d77114e28[39m
2026-03-01 02:43:36:4336 [32minfo[39m: [32m[AI] Fetching context and memory...[39m
2026-03-01 02:43:37:4337 [32minfo[39m: [32m[AI] Context fetched for user 4009bace-ec0f-4b32-8668-336067ba3c7d[39m
2026-03-01 02:43:37:4337 [32minfo[39m: [32m[AI] Calling Groq API (Attempt 1, Model: llama-3.3-70b-versatile)...[39m
2026-03-01 02:43:37:4337 [31merror[39m: [31m[AI] Groq API Error (429) on attempt 1:[39m
2026-03-01 02:43:37:4337 [33mwarn[39m: [33m[AI] Error 429 on llama-3.3-70b-versatile. Falling back to 8b model...[39m
2026-03-01 02:43:37:4337 [32minfo[39m: [32m[AI] Calling Groq API (Attempt 2, Model: llama-3.1-8b-instant)...[39m
2026-03-01 02:43:38:4338 [31merror[39m: [31mFact extraction failed: API error[39m
2026-03-01 02:43:52:4352 [35mhttp[39m: [35mPOST /api/ai/chat[39m
2026-03-01 02:43:53:4353 [32minfo[39m: [32m[AI] Processing message for user 4009bace-ec0f-4b32-8668-336067ba3c7d, conversation d1f1e674-48e0-4d70-ad27-c54d77114e28[39m
2026-03-01 02:43:53:4353 [32minfo[39m: [32m[AI] Fetching context and memory...[39m
2026-03-01 02:43:54:4354 [32minfo[39m: [32m[AI] Context fetched for user 4009bace-ec0f-4b32-8668-336067ba3c7d[39m
2026-03-01 02:43:54:4354 [32minfo[39m: [32m[AI] Calling Groq API (Attempt 1, Model: llama-3.3-70b-versatile)...[39m
2026-03-01 02:43:55:4355 [31merror[39m: [31m[AI] Groq API Error (429) on attempt 1:[39m
2026-03-01 02:43:55:4355 [33mwarn[39m: [33m[AI] Error 429 on llama-3.3-70b-versatile. Falling back to 8b model...[39m
2026-03-01 02:43:55:4355 [32minfo[39m: [32m[AI] Calling Groq API (Attempt 2, Model: llama-3.1-8b-instant)...[39m
2026-03-01 02:43:56:4356 [31merror[39m: [31mFact extraction failed: API error[39m
2026-03-01 02:44:21:4421 [32minfo[39m: [32mUser disconnected: ZTlBZ3gcFTodsz2UAAAO[39m
2026-03-01 02:44:21:4421 [32minfo[39m: [32mUser disconnected: QNxF_QSadN12BkMqAAAP[39m
2026-03-01 02:44:22:4422 [35mhttp[39m: [35mGET /api/users/me[39m
2026-03-01 02:44:22:4422 [35mhttp[39m: [35mGET /api/notifications/unread-count[39m
2026-03-01 02:44:22:4422 [35mhttp[39m: [35mGET /api/friends[39m
2026-03-01 02:44:22:4422 [35mhttp[39m: [35mGET /api/communities[39m
2026-03-01 02:44:22:4422 [35mhttp[39m: [35mGET /api/ai/history[39m
2026-03-01 02:44:22:4422 [32minfo[39m: [32mUser connected: 4009bace-ec0f-4b32-8668-336067ba3c7d (_zjyQqaDgTNLvajYAAAS)[39m
2026-03-01 02:44:22:4422 [32minfo[39m: [32mUser connected: 4009bace-ec0f-4b32-8668-336067ba3c7d (WZR83v4b_L4_J5A-AAAT)[39m
2026-03-01 02:44:23:4423 [35mhttp[39m: [35mGET /api/users/me[39m
2026-03-01 02:46:22:4622 [35mhttp[39m: [35mGET /api/ai/history[39m
2026-03-01 02:48:21:4821 [32minfo[39m: [32mConnected to PostgreSQL database[39m
2026-03-01 02:48:21:4821 [32minfo[39m: [32mConnected to PostgreSQL database[39m
2026-03-01 02:48:21:4821 [32minfo[39m: [32mSoulLink Backend running in development mode on port 4000[39m
2026-03-01 02:48:21:4821 [32minfo[39m: [32mStarting AI Companion cron jobs...[39m
2026-03-01 02:48:21:4821 [32minfo[39m: [32mPresence Reset: Set 1 users to OFFLINE on startup[39m
2026-03-01 02:48:22:4822 [32minfo[39m: [32mUser connected: 4009bace-ec0f-4b32-8668-336067ba3c7d (DNpG2rj7TS5WOYvfAAAD)[39m
2026-03-01 02:48:22:4822 [32minfo[39m: [32mUser connected: 4009bace-ec0f-4b32-8668-336067ba3c7d (GdQuz48CpghOl2pMAAAC)[39m
2026-03-01 02:50:12:5012 [35mhttp[39m: [35mPOST /api/ai/chat[39m
2026-03-01 02:50:12:5012 [32minfo[39m: [32m[AI] Processing message for user 4009bace-ec0f-4b32-8668-336067ba3c7d, conversation d1f1e674-48e0-4d70-ad27-c54d77114e28[39m
2026-03-01 02:50:12:5012 [32minfo[39m: [32m[AI] Fetching context and memory...[39m
2026-03-01 02:50:13:5013 [32minfo[39m: [32m[AI] Context fetched for user 4009bace-ec0f-4b32-8668-336067ba3c7d[39m
2026-03-01 02:50:13:5013 [32minfo[39m: [32m[AI] Calling Groq API (Attempt 1, Model: llama-3.3-70b-versatile)...[39m
2026-03-01 02:50:13:5013 [31merror[39m: [31m[AI] Groq API Error (429) on attempt 1:[39m
2026-03-01 02:50:13:5013 [33mwarn[39m: [33m[AI] Error 429 on llama-3.3-70b-versatile. Falling back to 8b model...[39m
2026-03-01 02:50:13:5013 [32minfo[39m: [32m[AI] Calling Groq API (Attempt 2, Model: llama-3.1-8b-instant)...[39m
2026-03-01 02:50:15:5015 [32minfo[39m: [32mUpdated structured memory for user 4009bace-ec0f-4b32-8668-336067ba3c7d[39m
2026-03-01 02:50:22:5022 [35mhttp[39m: [35mGET /api/ai/history[39m
2026-03-01 02:50:28:5028 [35mhttp[39m: [35mPOST /api/ai/chat[39m
2026-03-01 02:50:28:5028 [32minfo[39m: [32m[AI] Processing message for user 4009bace-ec0f-4b32-8668-336067ba3c7d, conversation d1f1e674-48e0-4d70-ad27-c54d77114e28[39m
2026-03-01 02:50:28:5028 [32minfo[39m: [32m[AI] Fetching context and memory...[39m
2026-03-01 02:50:29:5029 [32minfo[39m: [32m[AI] Context fetched for user 4009bace-ec0f-4b32-8668-336067ba3c7d[39m
2026-03-01 02:50:29:5029 [32minfo[39m: [32m[AI] Calling Groq API (Attempt 1, Model: llama-3.3-70b-versatile)...[39m
2026-03-01 02:50:29:5029 [31merror[39m: [31m[AI] Groq API Error (429) on attempt 1:[39m
2026-03-01 02:50:29:5029 [33mwarn[39m: [33m[AI] Error 429 on llama-3.3-70b-versatile. Falling back to 8b model...[39m
2026-03-01 02:50:29:5029 [32minfo[39m: [32m[AI] Calling Groq API (Attempt 2, Model: llama-3.1-8b-instant)...[39m
2026-03-01 02:50:30:5030 [31merror[39m: [31mFact extraction failed: API error[39m
2026-03-01 02:50:49:5049 [35mhttp[39m: [35mPOST /api/ai/chat[39m
2026-03-01 02:50:49:5049 [32minfo[39m: [32m[AI] Processing message for user 4009bace-ec0f-4b32-8668-336067ba3c7d, conversation d1f1e674-48e0-4d70-ad27-c54d77114e28[39m
2026-03-01 02:50:49:5049 [32minfo[39m: [32m[AI] Fetching context and memory...[39m
2026-03-01 02:50:50:5050 [32minfo[39m: [32m[AI] Context fetched for user 4009bace-ec0f-4b32-8668-336067ba3c7d[39m
2026-03-01 02:50:50:5050 [32minfo[39m: [32m[AI] Calling Groq API (Attempt 1, Model: llama-3.3-70b-versatile)...[39m
2026-03-01 02:50:50:5050 [31merror[39m: [31m[AI] Groq API Error (429) on attempt 1:[39m
2026-03-01 02:50:50:5050 [33mwarn[39m: [33m[AI] Error 429 on llama-3.3-70b-versatile. Falling back to 8b model...[39m
2026-03-01 02:50:50:5050 [32minfo[39m: [32m[AI] Calling Groq API (Attempt 2, Model: llama-3.1-8b-instant)...[39m
2026-03-01 02:50:51:5051 [31merror[39m: [31mFact extraction failed: API error[39m
2026-03-01 02:51:10:5110 [35mhttp[39m: [35mPOST /api/ai/chat[39m
2026-03-01 02:51:10:5110 [32minfo[39m: [32m[AI] Processing message for user 4009bace-ec0f-4b32-8668-336067ba3c7d, conversation d1f1e674-48e0-4d70-ad27-c54d77114e28[39m
2026-03-01 02:51:10:5110 [32minfo[39m: [32m[AI] Fetching context and memory...[39m
2026-03-01 02:51:11:5111 [32minfo[39m: [32m[AI] Context fetched for user 4009bace-ec0f-4b32-8668-336067ba3c7d[39m
2026-03-01 02:51:11:5111 [32minfo[39m: [32m[AI] Calling Groq API (Attempt 1, Model: llama-3.3-70b-versatile)...[39m
2026-03-01 02:51:11:5111 [31merror[39m: [31m[AI] Groq API Error (429) on attempt 1:[39m
2026-03-01 02:51:11:5111 [33mwarn[39m: [33m[AI] Error 429 on llama-3.3-70b-versatile. Falling back to 8b model...[39m
2026-03-01 02:51:11:5111 [32minfo[39m: [32m[AI] Calling Groq API (Attempt 2, Model: llama-3.1-8b-instant)...[39m
2026-03-01 02:51:12:5112 [31merror[39m: [31mFact extraction failed: API error[39m
2026-03-01 02:51:34:5134 [35mhttp[39m: [35mPOST /api/ai/chat[39m
2026-03-01 02:51:35:5135 [32minfo[39m: [32m[AI] Processing message for user 4009bace-ec0f-4b32-8668-336067ba3c7d, conversation d1f1e674-48e0-4d70-ad27-c54d77114e28[39m
2026-03-01 02:51:35:5135 [32minfo[39m: [32m[AI] Fetching context and memory...[39m
2026-03-01 02:51:35:5135 [32minfo[39m: [32m[AI] Context fetched for user 4009bace-ec0f-4b32-8668-336067ba3c7d[39m
2026-03-01 02:51:35:5135 [32minfo[39m: [32m[AI] Calling Groq API (Attempt 1, Model: llama-3.3-70b-versatile)...[39m
2026-03-01 02:51:35:5135 [31merror[39m: [31m[AI] Groq API Error (429) on attempt 1:[39m
2026-03-01 02:51:35:5135 [33mwarn[39m: [33m[AI] Error 429 on llama-3.3-70b-versatile. Falling back to 8b model...[39m
2026-03-01 02:51:35:5135 [32minfo[39m: [32m[AI] Calling Groq API (Attempt 2, Model: llama-3.1-8b-instant)...[39m
2026-03-01 02:51:36:5136 [31merror[39m: [31mFact extraction failed: API error[39m
2026-03-01 02:51:54:5154 [35mhttp[39m: [35mPOST /api/ai/chat[39m
2026-03-01 02:51:54:5154 [32minfo[39m: [32m[AI] Processing message for user 4009bace-ec0f-4b32-8668-336067ba3c7d, conversation d1f1e674-48e0-4d70-ad27-c54d77114e28[39m
2026-03-01 02:51:54:5154 [32minfo[39m: [32m[AI] Fetching context and memory...[39m
2026-03-01 02:51:55:5155 [32minfo[39m: [32m[AI] Context fetched for user 4009bace-ec0f-4b32-8668-336067ba3c7d[39m
2026-03-01 02:51:55:5155 [32minfo[39m: [32m[AI] Calling Groq API (Attempt 1, Model: llama-3.3-70b-versatile)...[39m
2026-03-01 02:51:55:5155 [31merror[39m: [31m[AI] Groq API Error (429) on attempt 1:[39m
2026-03-01 02:51:55:5155 [33mwarn[39m: [33m[AI] Error 429 on llama-3.3-70b-versatile. Falling back to 8b model...[39m
2026-03-01 02:51:55:5155 [32minfo[39m: [32m[AI] Calling Groq API (Attempt 2, Model: llama-3.1-8b-instant)...[39m
2026-03-01 02:51:56:5156 [31merror[39m: [31mFact extraction failed: API error[39m
2026-03-01 02:52:07:527 [35mhttp[39m: [35mPOST /api/ai/chat[39m
2026-03-01 02:52:08:528 [32minfo[39m: [32m[AI] Processing message for user 4009bace-ec0f-4b32-8668-336067ba3c7d, conversation d1f1e674-48e0-4d70-ad27-c54d77114e28[39m
2026-03-01 02:52:08:528 [32minfo[39m: [32m[AI] Fetching context and memory...[39m
2026-03-01 02:52:09:529 [32minfo[39m: [32m[AI] Context fetched for user 4009bace-ec0f-4b32-8668-336067ba3c7d[39m
2026-03-01 02:52:09:529 [32minfo[39m: [32m[AI] Calling Groq API (Attempt 1, Model: llama-3.3-70b-versatile)...[39m
2026-03-01 02:52:09:529 [31merror[39m: [31m[AI] Groq API Error (429) on attempt 1:[39m
2026-03-01 02:52:09:529 [33mwarn[39m: [33m[AI] Error 429 on llama-3.3-70b-versatile. Falling back to 8b model...[39m
2026-03-01 02:52:09:529 [32minfo[39m: [32m[AI] Calling Groq API (Attempt 2, Model: llama-3.1-8b-instant)...[39m
2026-03-01 02:52:10:5210 [31merror[39m: [31mFact extraction failed: API error[39m
2026-03-01 02:52:22:5222 [35mhttp[39m: [35mGET /api/ai/history[39m
2026-03-01 02:52:29:5229 [35mhttp[39m: [35mPOST /api/ai/chat[39m
2026-03-01 02:52:29:5229 [32minfo[39m: [32m[AI] Processing message for user 4009bace-ec0f-4b32-8668-336067ba3c7d, conversation d1f1e674-48e0-4d70-ad27-c54d77114e28[39m
2026-03-01 02:52:29:5229 [32minfo[39m: [32m[AI] Fetching context and memory...[39m
2026-03-01 02:52:30:5230 [32minfo[39m: [32m[AI] Context fetched for user 4009bace-ec0f-4b32-8668-336067ba3c7d[39m
2026-03-01 02:52:30:5230 [32minfo[39m: [32m[AI] Calling Groq API (Attempt 1, Model: llama-3.3-70b-versatile)...[39m
2026-03-01 02:52:30:5230 [31merror[39m: [31m[AI] Groq API Error (429) on attempt 1:[39m
2026-03-01 02:52:30:5230 [33mwarn[39m: [33m[AI] Error 429 on llama-3.3-70b-versatile. Falling back to 8b model...[39m
2026-03-01 02:52:30:5230 [32minfo[39m: [32m[AI] Calling Groq API (Attempt 2, Model: llama-3.1-8b-instant)...[39m
2026-03-01 02:52:31:5231 [31merror[39m: [31mFact extraction failed: API error[39m
2026-03-01 02:53:14:5314 [35mhttp[39m: [35mPOST /api/ai/chat[39m
2026-03-01 02:53:15:5315 [32minfo[39m: [32m[AI] Processing message for user 4009bace-ec0f-4b32-8668-336067ba3c7d, conversation d1f1e674-48e0-4d70-ad27-c54d77114e28[39m
2026-03-01 02:53:15:5315 [32minfo[39m: [32m[AI] Fetching context and memory...[39m
2026-03-01 02:53:15:5315 [32minfo[39m: [32m[AI] Context fetched for user 4009bace-ec0f-4b32-8668-336067ba3c7d[39m
2026-03-01 02:53:15:5315 [32minfo[39m: [32m[AI] Calling Groq API (Attempt 1, Model: llama-3.3-70b-versatile)...[39m
2026-03-01 02:53:16:5316 [31merror[39m: [31m[AI] Groq API Error (429) on attempt 1:[39m
2026-03-01 02:53:16:5316 [33mwarn[39m: [33m[AI] Error 429 on llama-3.3-70b-versatile. Falling back to 8b model...[39m
2026-03-01 02:53:16:5316 [32minfo[39m: [32m[AI] Calling Groq API (Attempt 2, Model: llama-3.1-8b-instant)...[39m
2026-03-01 02:53:17:5317 [32minfo[39m: [32mUpdated structured memory for user 4009bace-ec0f-4b32-8668-336067ba3c7d[39m
2026-03-01 02:53:29:5329 [35mhttp[39m: [35mPOST /api/ai/chat[39m
2026-03-01 02:53:30:5330 [32minfo[39m: [32m[AI] Processing message for user 4009bace-ec0f-4b32-8668-336067ba3c7d, conversation d1f1e674-48e0-4d70-ad27-c54d77114e28[39m
2026-03-01 02:53:30:5330 [32minfo[39m: [32m[AI] Fetching context and memory...[39m
2026-03-01 02:53:31:5331 [32minfo[39m: [32m[AI] Context fetched for user 4009bace-ec0f-4b32-8668-336067ba3c7d[39m
2026-03-01 02:53:31:5331 [32minfo[39m: [32m[AI] Calling Groq API (Attempt 1, Model: llama-3.3-70b-versatile)...[39m
2026-03-01 02:53:32:5332 [31merror[39m: [31m[AI] Groq API Error (429) on attempt 1:[39m
2026-03-01 02:53:32:5332 [33mwarn[39m: [33m[AI] Error 429 on llama-3.3-70b-versatile. Falling back to 8b model...[39m
2026-03-01 02:53:32:5332 [32minfo[39m: [32m[AI] Calling Groq API (Attempt 2, Model: llama-3.1-8b-instant)...[39m
2026-03-01 02:53:33:5333 [31merror[39m: [31mFact extraction failed: API error[39m
2026-03-01 02:53:49:5349 [35mhttp[39m: [35mPOST /api/ai/chat[39m
2026-03-01 02:53:49:5349 [32minfo[39m: [32m[AI] Processing message for user 4009bace-ec0f-4b32-8668-336067ba3c7d, conversation d1f1e674-48e0-4d70-ad27-c54d77114e28[39m
2026-03-01 02:53:49:5349 [32minfo[39m: [32m[AI] Fetching context and memory...[39m
2026-03-01 02:53:50:5350 [32minfo[39m: [32m[AI] Context fetched for user 4009bace-ec0f-4b32-8668-336067ba3c7d[39m
2026-03-01 02:53:50:5350 [32minfo[39m: [32m[AI] Calling Groq API (Attempt 1, Model: llama-3.3-70b-versatile)...[39m
2026-03-01 02:53:50:5350 [31merror[39m: [31m[AI] Groq API Error (429) on attempt 1:[39m
2026-03-01 02:53:50:5350 [33mwarn[39m: [33m[AI] Error 429 on llama-3.3-70b-versatile. Falling back to 8b model...[39m
2026-03-01 02:53:50:5350 [32minfo[39m: [32m[AI] Calling Groq API (Attempt 2, Model: llama-3.1-8b-instant)...[39m
2026-03-01 02:53:51:5351 [31merror[39m: [31mFact extraction failed: API error[39m
2026-03-01 02:54:06:546 [35mhttp[39m: [35mPOST /api/ai/chat[39m
2026-03-01 02:54:06:546 [32minfo[39m: [32m[AI] Processing message for user 4009bace-ec0f-4b32-8668-336067ba3c7d, conversation d1f1e674-48e0-4d70-ad27-c54d77114e28[39m
2026-03-01 02:54:06:546 [32minfo[39m: [32m[AI] Fetching context and memory...[39m
2026-03-01 02:54:07:547 [32minfo[39m: [32m[AI] Context fetched for user 4009bace-ec0f-4b32-8668-336067ba3c7d[39m
2026-03-01 02:54:07:547 [32minfo[39m: [32m[AI] Calling Groq API (Attempt 1, Model: llama-3.3-70b-versatile)...[39m
2026-03-01 02:54:07:547 [31merror[39m: [31m[AI] Groq API Error (429) on attempt 1:[39m
2026-03-01 02:54:07:547 [33mwarn[39m: [33m[AI] Error 429 on llama-3.3-70b-versatile. Falling back to 8b model...[39m
2026-03-01 02:54:07:547 [32minfo[39m: [32m[AI] Calling Groq API (Attempt 2, Model: llama-3.1-8b-instant)...[39m
2026-03-01 02:54:07:547 [31merror[39m: [31mFact extraction failed: API error[39m
2026-03-01 02:54:22:5422 [35mhttp[39m: [35mGET /api/ai/history[39m
2026-03-01 02:54:24:5424 [35mhttp[39m: [35mPOST /api/ai/chat[39m
2026-03-01 02:54:24:5424 [32minfo[39m: [32m[AI] Processing message for user 4009bace-ec0f-4b32-8668-336067ba3c7d, conversation d1f1e674-48e0-4d70-ad27-c54d77114e28[39m
2026-03-01 02:54:24:5424 [32minfo[39m: [32m[AI] Fetching context and memory...[39m
2026-03-01 02:54:25:5425 [32minfo[39m: [32m[AI] Context fetched for user 4009bace-ec0f-4b32-8668-336067ba3c7d[39m
2026-03-01 02:54:25:5425 [32minfo[39m: [32m[AI] Calling Groq API (Attempt 1, Model: llama-3.3-70b-versatile)...[39m
2026-03-01 02:54:25:5425 [31merror[39m: [31m[AI] Groq API Error (429) on attempt 1:[39m
2026-03-01 02:54:25:5425 [33mwarn[39m: [33m[AI] Error 429 on llama-3.3-70b-versatile. Falling back to 8b model...[39m
2026-03-01 02:54:25:5425 [32minfo[39m: [32m[AI] Calling Groq API (Attempt 2, Model: llama-3.1-8b-instant)...[39m
2026-03-01 02:54:25:5425 [31merror[39m: [31m[AI] Groq API Error (429) on attempt 2:[39m
2026-03-01 02:54:34:5434 [35mhttp[39m: [35mPOST /api/ai/chat[39m
2026-03-01 02:54:35:5435 [32minfo[39m: [32m[AI] Processing message for user 4009bace-ec0f-4b32-8668-336067ba3c7d, conversation d1f1e674-48e0-4d70-ad27-c54d77114e28[39m
2026-03-01 02:54:35:5435 [32minfo[39m: [32m[AI] Fetching context and memory...[39m
2026-03-01 02:54:35:5435 [32minfo[39m: [32m[AI] Context fetched for user 4009bace-ec0f-4b32-8668-336067ba3c7d[39m
2026-03-01 02:54:35:5435 [32minfo[39m: [32m[AI] Calling Groq API (Attempt 1, Model: llama-3.3-70b-versatile)...[39m
2026-03-01 02:54:36:5436 [31merror[39m: [31m[AI] Groq API Error (429) on attempt 1:[39m
2026-03-01 02:54:36:5436 [33mwarn[39m: [33m[AI] Error 429 on llama-3.3-70b-versatile. Falling back to 8b model...[39m
2026-03-01 02:54:36:5436 [32minfo[39m: [32m[AI] Calling Groq API (Attempt 2, Model: llama-3.1-8b-instant)...[39m
2026-03-01 02:54:36:5436 [32minfo[39m: [32mRecorded trust event long_conversation for 4009bace-ec0f-4b32-8668-336067ba3c7d (Trust: 17, Stage: NEW)[39m
2026-03-01 02:54:37:5437 [31merror[39m: [31mFact extraction failed: API error[39m
2026-03-01 02:54:37:5437 [31merror[39m: [31mFailed to generate conversation summary[39m
2026-03-01 02:54:51:5451 [35mhttp[39m: [35mPOST /api/ai/investigate[39m
2026-03-01 02:54:51:5451 [32minfo[39m: [32m[AI] Processing message for user 4009bace-ec0f-4b32-8668-336067ba3c7d, conversation d1f1e674-48e0-4d70-ad27-c54d77114e28[39m
2026-03-01 02:54:51:5451 [32minfo[39m: [32m[AI] Fetching context and memory...[39m
2026-03-01 02:54:52:5452 [32minfo[39m: [32m[AI] Context fetched for user 4009bace-ec0f-4b32-8668-336067ba3c7d[39m
2026-03-01 02:54:52:5452 [32minfo[39m: [32m[AI] Calling Groq API (Attempt 1, Model: llama-3.1-8b-instant)...[39m
2026-03-01 02:54:52:5452 [31merror[39m: [31m[AI] Groq API Error (429) on attempt 1:[39m
2026-03-01 02:54:52:5452 [33mwarn[39m: [33m[AI] Retrying on error 429. Waiting 1s...[39m
2026-03-01 02:54:53:5453 [35mhttp[39m: [35mPOST /api/ai/chat[39m
2026-03-01 02:54:53:5453 [32minfo[39m: [32m[AI] Processing message for user 4009bace-ec0f-4b32-8668-336067ba3c7d, conversation d1f1e674-48e0-4d70-ad27-c54d77114e28[39m
2026-03-01 02:54:53:5453 [32minfo[39m: [32m[AI] Calling Groq API (Attempt 2, Model: llama-3.1-8b-instant)...[39m
2026-03-01 02:54:53:5453 [32minfo[39m: [32m[AI] Fetching context and memory...[39m
2026-03-01 02:54:53:5453 [31merror[39m: [31m[AI] Groq API Error (429) on attempt 2:[39m
2026-03-01 02:54:53:5453 [32minfo[39m: [32m[AI] Context fetched for user 4009bace-ec0f-4b32-8668-336067ba3c7d[39m
2026-03-01 02:54:53:5453 [32minfo[39m: [32m[AI] Calling Groq API (Attempt 1, Model: llama-3.3-70b-versatile)...[39m
2026-03-01 02:54:53:5453 [31merror[39m: [31m[AI] Groq API Error (429) on attempt 1:[39m
2026-03-01 02:54:53:5453 [33mwarn[39m: [33m[AI] Error 429 on llama-3.3-70b-versatile. Falling back to 8b model...[39m
2026-03-01 02:54:53:5453 [32minfo[39m: [32m[AI] Calling Groq API (Attempt 2, Model: llama-3.1-8b-instant)...[39m
2026-03-01 02:54:54:5454 [31merror[39m: [31m[AI] Groq API Error (429) on attempt 2:[39m
2026-03-01 02:55:08:558 [32minfo[39m: [32mUser disconnected: GdQuz48CpghOl2pMAAAC[39m
2026-03-01 02:55:08:558 [32minfo[39m: [32mUser disconnected: DNpG2rj7TS5WOYvfAAAD[39m
2026-03-01 02:55:09:559 [35mhttp[39m: [35mGET /api/users/me[39m
2026-03-01 02:55:09:559 [35mhttp[39m: [35mGET /api/notifications/unread-count[39m
2026-03-01 02:55:09:559 [35mhttp[39m: [35mGET /api/friends[39m
2026-03-01 02:55:09:559 [35mhttp[39m: [35mGET /api/communities[39m
2026-03-01 02:55:09:559 [35mhttp[39m: [35mGET /api/ai/history[39m
2026-03-01 02:55:09:559 [32minfo[39m: [32mUser connected: 4009bace-ec0f-4b32-8668-336067ba3c7d (8mqkhqfc3NTZXUtKAAAH)[39m
2026-03-01 02:55:09:559 [32minfo[39m: [32mUser connected: 4009bace-ec0f-4b32-8668-336067ba3c7d (2facHy9YMGWIMgDcAAAG)[39m
2026-03-01 02:55:09:559 [35mhttp[39m: [35mGET /api/users/me[39m
2026-03-01 03:00:00:00 [32minfo[39m: [32mRunning background check for proactive Nova messages (daily check-in)...[39m
2026-03-01 03:44:16:4416 [32minfo[39m: [32mConnected to PostgreSQL database[39m
2026-03-01 03:44:16:4416 [32minfo[39m: [32mSoulLink Backend running in development mode on port 4000[39m
2026-03-01 03:44:16:4416 [32minfo[39m: [32mStarting AI Companion cron jobs...[39m
2026-03-01 03:44:16:4416 [32minfo[39m: [32mPresence Reset: Set 1 users to OFFLINE on startup[39m
2026-03-01 03:45:49:4549 [35mhttp[39m: [35mPOST /api/auth/login[39m
2026-03-01 03:45:53:4553 [35mhttp[39m: [35mGET /api/users/me[39m
2026-03-01 03:45:53:4553 [35mhttp[39m: [35mGET /api/notifications/unread-count[39m
2026-03-01 03:45:53:4553 [35mhttp[39m: [35mGET /api/friends[39m
2026-03-01 03:45:53:4553 [35mhttp[39m: [35mGET /api/communities[39m
2026-03-01 03:45:53:4553 [35mhttp[39m: [35mGET /api/ai/history[39m
2026-03-01 03:45:53:4553 [35mhttp[39m: [35mGET /api/users/me[39m
2026-03-01 03:45:54:4554 [32minfo[39m: [32mUser connected: 4009bace-ec0f-4b32-8668-336067ba3c7d (JL0BgFXXE1u4EN_-AAAG)[39m
2026-03-01 03:45:54:4554 [32minfo[39m: [32mUser connected: 4009bace-ec0f-4b32-8668-336067ba3c7d (NPKsnK5kew0k2YhIAAAH)[39m
2026-03-01 03:45:54:4554 [32minfo[39m: [32mUser connected: 4009bace-ec0f-4b32-8668-336067ba3c7d (vdzATkfQDNcrGmoTAAAE)[39m
2026-03-01 03:45:54:4554 [32minfo[39m: [32mUser connected: 4009bace-ec0f-4b32-8668-336067ba3c7d (bwyB6eEHsKjlYlxnAAAF)[39m
2026-03-01 03:45:54:4554 [35mhttp[39m: [35mGET /api/users/me[39m
2026-03-01 03:45:54:4554 [35mhttp[39m: [35mGET /api/communities[39m
2026-03-01 03:45:54:4554 [35mhttp[39m: [35mGET /api/notifications/unread-count[39m
2026-03-01 03:45:54:4554 [35mhttp[39m: [35mGET /api/users/me[39m
2026-03-01 03:45:54:4554 [35mhttp[39m: [35mGET /api/friends[39m
2026-03-01 03:45:54:4554 [35mhttp[39m: [35mGET /api/ai/history[39m
2026-03-01 03:45:59:4559 [35mhttp[39m: [35mPOST /api/ai/chat[39m
2026-03-01 03:45:59:4559 [32minfo[39m: [32m[AI] Processing message for user 4009bace-ec0f-4b32-8668-336067ba3c7d, conversation d1f1e674-48e0-4d70-ad27-c54d77114e28[39m
2026-03-01 03:45:59:4559 [32minfo[39m: [32m[AI] Fetching context and memory...[39m
2026-03-01 03:46:00:460 [31merror[39m: [31m[RAG] Failed to save memory to Pinecone: Must pass in at least 1 record to upsert.[39m
2026-03-01 03:46:00:460 [32minfo[39m: [32m[AI] Context fetched for user 4009bace-ec0f-4b32-8668-336067ba3c7d[39m
2026-03-01 03:46:00:460 [31merror[39m: [31m[RAG] Failed to search memories in Pinecone: The API key you provided was rejected while calling https://api.pinecone.io/indexes/nova-memory. Please check your configuration values and try again. You can find the configuration values for your project in the Pinecone developer console at https://app.pinecone.io[39m
2026-03-01 03:46:00:460 [32minfo[39m: [32m[AI] Calling Groq API (Attempt 1, Model: llama-3.3-70b-versatile)...[39m
2026-03-01 03:46:01:461 [32minfo[39m: [32mRecorded trust event emotional_moment for 4009bace-ec0f-4b32-8668-336067ba3c7d (Trust: 22, Stage: FAMILIAR)[39m
2026-03-01 03:46:02:462 [32minfo[39m: [32mUpdated structured memory for user 4009bace-ec0f-4b32-8668-336067ba3c7d[39m
2026-03-01 03:46:42:4642 [35mhttp[39m: [35mPOST /api/ai/chat[39m
2026-03-01 03:46:43:4643 [32minfo[39m: [32m[AI] Processing message for user 4009bace-ec0f-4b32-8668-336067ba3c7d, conversation d1f1e674-48e0-4d70-ad27-c54d77114e28[39m
2026-03-01 03:46:43:4643 [32minfo[39m: [32m[AI] Fetching context and memory...[39m
2026-03-01 03:46:43:4643 [31merror[39m: [31m[RAG] Failed to save memory to Pinecone: Must pass in at least 1 record to upsert.[39m
2026-03-01 03:46:43:4643 [32minfo[39m: [32m[AI] Context fetched for user 4009bace-ec0f-4b32-8668-336067ba3c7d[39m
2026-03-01 03:46:44:4644 [31merror[39m: [31m[RAG] Failed to search memories in Pinecone: The API key you provided was rejected while calling https://api.pinecone.io/indexes/nova-memory. Please check your configuration values and try again. You can find the configuration values for your project in the Pinecone developer console at https://app.pinecone.io[39m
2026-03-01 03:46:44:4644 [32minfo[39m: [32m[AI] Calling Groq API (Attempt 1, Model: llama-3.3-70b-versatile)...[39m
2026-03-01 03:46:44:4644 [31merror[39m: [31m[AI] Groq API Error (429) on attempt 1:[39m
2026-03-01 03:46:44:4644 [33mwarn[39m: [33m[AI] Error 429 on llama-3.3-70b-versatile. Falling back to 8b model...[39m
2026-03-01 03:46:44:4644 [32minfo[39m: [32m[AI] Calling Groq API (Attempt 2, Model: llama-3.1-8b-instant)...[39m
2026-03-01 03:46:45:4645 [32minfo[39m: [32mUpdated structured memory for user 4009bace-ec0f-4b32-8668-336067ba3c7d[39m
2026-03-01 03:46:56:4656 [35mhttp[39m: [35mPOST /api/ai/chat[39m
2026-03-01 03:46:57:4657 [32minfo[39m: [32m[AI] Processing message for user 4009bace-ec0f-4b32-8668-336067ba3c7d, conversation d1f1e674-48e0-4d70-ad27-c54d77114e28[39m
2026-03-01 03:46:57:4657 [32minfo[39m: [32m[AI] Fetching context and memory...[39m
2026-03-01 03:46:57:4657 [31merror[39m: [31m[RAG] Failed to save memory to Pinecone: Must pass in at least 1 record to upsert.[39m
2026-03-01 03:46:57:4657 [32minfo[39m: [32m[AI] Context fetched for user 4009bace-ec0f-4b32-8668-336067ba3c7d[39m
2026-03-01 03:46:58:4658 [31merror[39m: [31m[RAG] Failed to search memories in Pinecone: The API key you provided was rejected while calling https://api.pinecone.io/indexes/nova-memory. Please check your configuration values and try again. You can find the configuration values for your project in the Pinecone developer console at https://app.pinecone.io[39m
2026-03-01 03:46:58:4658 [32minfo[39m: [32m[AI] Calling Groq API (Attempt 1, Model: llama-3.3-70b-versatile)...[39m
2026-03-01 03:46:58:4658 [31merror[39m: [31m[AI] Groq API Error (429) on attempt 1:[39m
2026-03-01 03:46:58:4658 [33mwarn[39m: [33m[AI] Error 429 on llama-3.3-70b-versatile. Falling back to 8b model...[39m
2026-03-01 03:46:58:4658 [32minfo[39m: [32m[AI] Calling Groq API (Attempt 2, Model: llama-3.1-8b-instant)...[39m
2026-03-01 03:46:58:4658 [31merror[39m: [31mFact extraction failed: API error[39m
2026-03-01 03:47:15:4715 [35mhttp[39m: [35mPOST /api/ai/chat[39m
2026-03-01 03:47:15:4715 [32minfo[39m: [32m[AI] Processing message for user 4009bace-ec0f-4b32-8668-336067ba3c7d, conversation d1f1e674-48e0-4d70-ad27-c54d77114e28[39m
2026-03-01 03:47:15:4715 [35mhttp[39m: [35mPOST /api/ai/investigate[39m
2026-03-01 03:47:15:4715 [32minfo[39m: [32m[AI] Fetching context and memory...[39m
2026-03-01 03:47:15:4715 [32minfo[39m: [32m[AI] Processing message for user 4009bace-ec0f-4b32-8668-336067ba3c7d, conversation d1f1e674-48e0-4d70-ad27-c54d77114e28[39m
2026-03-01 03:47:15:4715 [32minfo[39m: [32m[AI] Fetching context and memory...[39m
2026-03-01 03:47:16:4716 [31merror[39m: [31m[RAG] Failed to save memory to Pinecone: Must pass in at least 1 record to upsert.[39m
2026-03-01 03:47:16:4716 [32minfo[39m: [32m[AI] Context fetched for user 4009bace-ec0f-4b32-8668-336067ba3c7d[39m
2026-03-01 03:47:16:4716 [32minfo[39m: [32m[AI] Context fetched for user 4009bace-ec0f-4b32-8668-336067ba3c7d[39m
2026-03-01 03:47:16:4716 [32minfo[39m: [32m[AI] Calling Groq API (Attempt 1, Model: llama-3.1-8b-instant)...[39m
2026-03-01 03:47:16:4716 [31merror[39m: [31m[RAG] Failed to search memories in Pinecone: The API key you provided was rejected while calling https://api.pinecone.io/indexes/nova-memory. Please check your configuration values and try again. You can find the configuration values for your project in the Pinecone developer console at https://app.pinecone.io[39m
2026-03-01 03:47:16:4716 [32minfo[39m: [32m[AI] Calling Groq API (Attempt 1, Model: llama-3.3-70b-versatile)...[39m
2026-03-01 03:47:16:4716 [31merror[39m: [31m[AI] Groq API Error (429) on attempt 1:[39m
2026-03-01 03:47:16:4716 [33mwarn[39m: [33m[AI] Error 429 on llama-3.3-70b-versatile. Falling back to 8b model...[39m
2026-03-01 03:47:16:4716 [32minfo[39m: [32m[AI] Calling Groq API (Attempt 2, Model: llama-3.1-8b-instant)...[39m
2026-03-01 03:47:17:4717 [31merror[39m: [31m[AI] Groq API Error (429) on attempt 2:[39m
2026-03-01 03:47:33:4733 [35mhttp[39m: [35mPOST /api/ai/chat[39m
2026-03-01 03:47:34:4734 [32minfo[39m: [32m[AI] Processing message for user 4009bace-ec0f-4b32-8668-336067ba3c7d, conversation d1f1e674-48e0-4d70-ad27-c54d77114e28[39m
2026-03-01 03:47:34:4734 [32minfo[39m: [32m[AI] Fetching context and memory...[39m
2026-03-01 03:47:34:4734 [32minfo[39m: [32m[AI] Context fetched for user 4009bace-ec0f-4b32-8668-336067ba3c7d[39m
2026-03-01 03:47:34:4734 [31merror[39m: [31m[RAG] Failed to save memory to Pinecone: Must pass in at least 1 record to upsert.[39m
2026-03-01 03:47:35:4735 [31merror[39m: [31m[RAG] Failed to search memories in Pinecone: The API key you provided was rejected while calling https://api.pinecone.io/indexes/nova-memory. Please check your configuration values and try again. You can find the configuration values for your project in the Pinecone developer console at https://app.pinecone.io[39m
2026-03-01 03:47:35:4735 [32minfo[39m: [32m[AI] Calling Groq API (Attempt 1, Model: llama-3.3-70b-versatile)...[39m
2026-03-01 03:47:35:4735 [31merror[39m: [31m[AI] Groq API Error (429) on attempt 1:[39m
2026-03-01 03:47:35:4735 [33mwarn[39m: [33m[AI] Error 429 on llama-3.3-70b-versatile. Falling back to 8b model...[39m
2026-03-01 03:47:35:4735 [32minfo[39m: [32m[AI] Calling Groq API (Attempt 2, Model: llama-3.1-8b-instant)...[39m
2026-03-01 03:47:35:4735 [31merror[39m: [31mFact extraction failed: API error[39m
2026-03-01 03:47:53:4753 [35mhttp[39m: [35mGET /api/ai/history[39m
2026-03-01 03:48:06:486 [35mhttp[39m: [35mPOST /api/ai/chat[39m
2026-03-01 03:48:06:486 [32minfo[39m: [32m[AI] Processing message for user 4009bace-ec0f-4b32-8668-336067ba3c7d, conversation d1f1e674-48e0-4d70-ad27-c54d77114e28[39m
2026-03-01 03:48:07:487 [32minfo[39m: [32m[AI] Fetching context and memory...[39m
2026-03-01 03:48:07:487 [31merror[39m: [31m[RAG] Failed to save memory to Pinecone: Must pass in at least 1 record to upsert.[39m
2026-03-01 03:48:07:487 [32minfo[39m: [32m[AI] Context fetched for user 4009bace-ec0f-4b32-8668-336067ba3c7d[39m
2026-03-01 03:48:08:488 [31merror[39m: [31m[RAG] Failed to search memories in Pinecone: The API key you provided was rejected while calling https://api.pinecone.io/indexes/nova-memory. Please check your configuration values and try again. You can find the configuration values for your project in the Pinecone developer console at https://app.pinecone.io[39m
2026-03-01 03:48:08:488 [32minfo[39m: [32m[AI] Calling Groq API (Attempt 1, Model: llama-3.3-70b-versatile)...[39m
2026-03-01 03:48:08:488 [31merror[39m: [31m[AI] Groq API Error (429) on attempt 1:[39m
2026-03-01 03:48:08:488 [33mwarn[39m: [33m[AI] Error 429 on llama-3.3-70b-versatile. Falling back to 8b model...[39m
2026-03-01 03:48:08:488 [32minfo[39m: [32m[AI] Calling Groq API (Attempt 2, Model: llama-3.1-8b-instant)...[39m
2026-03-01 03:48:09:489 [31merror[39m: [31mFact extraction failed: API error[39m
2026-03-01 04:00:00:00 [32minfo[39m: [32mRunning background check for proactive Nova messages (daily check-in)...[39m
2026-03-01 05:00:00:00 [32minfo[39m: [32mRunning background check for proactive Nova messages (daily check-in)...[39m
2026-03-01 06:00:00:00 [32minfo[39m: [32mRunning background check for proactive Nova messages (daily check-in)...[39m
2026-03-01 17:33:12:3312 [32minfo[39m: [32mConnected to PostgreSQL database[39m
2026-03-01 17:33:12:3312 [32minfo[39m: [32mSoulLink Backend running in development mode on port 4000[39m
2026-03-01 17:33:12:3312 [32minfo[39m: [32mStarting AI Companion cron jobs...[39m
2026-03-01 17:33:13:3313 [32minfo[39m: [32mPresence Reset: Set 1 users to OFFLINE on startup[39m
2026-03-01 17:34:44:3444 [35mhttp[39m: [35mPOST /api/auth/login[39m
2026-03-01 17:34:49:3449 [35mhttp[39m: [35mGET /api/users/me[39m
2026-03-01 17:34:49:3449 [35mhttp[39m: [35mGET /api/notifications/unread-count[39m
2026-03-01 17:34:49:3449 [35mhttp[39m: [35mGET /api/friends[39m
2026-03-01 17:34:49:3449 [35mhttp[39m: [35mGET /api/communities[39m
2026-03-01 17:34:49:3449 [35mhttp[39m: [35mGET /api/ai/history[39m
2026-03-01 17:34:49:3449 [35mhttp[39m: [35mGET /api/users/me[39m
2026-03-01 17:34:49:3449 [32minfo[39m: [32mUser connected: 4009bace-ec0f-4b32-8668-336067ba3c7d (CmYKc4oynotJ1mZPAAAF)[39m
2026-03-01 17:34:49:3449 [32minfo[39m: [32mUser connected: 4009bace-ec0f-4b32-8668-336067ba3c7d (RNHPXU-s2uOGvIIgAAAG)[39m
2026-03-01 17:34:49:3449 [32minfo[39m: [32mUser connected: 4009bace-ec0f-4b32-8668-336067ba3c7d (IlBGt-1jqYVqDGThAAAH)[39m
2026-03-01 17:34:49:3449 [32minfo[39m: [32mUser connected: 4009bace-ec0f-4b32-8668-336067ba3c7d (qh-x5VZ9btjktj2DAAAE)[39m
2026-03-01 17:34:50:3450 [35mhttp[39m: [35mGET /api/notifications/unread-count[39m
2026-03-01 17:34:50:3450 [35mhttp[39m: [35mGET /api/communities[39m
2026-03-01 17:34:50:3450 [35mhttp[39m: [35mGET /api/users/me[39m
2026-03-01 17:34:50:3450 [35mhttp[39m: [35mGET /api/friends[39m
2026-03-01 17:34:50:3450 [35mhttp[39m: [35mGET /api/ai/history[39m
2026-03-01 17:34:50:3450 [35mhttp[39m: [35mGET /api/users/me[39m
2026-03-01 17:35:02:352 [35mhttp[39m: [35mPOST /api/ai/chat[39m
2026-03-01 17:35:02:352 [32minfo[39m: [32m[AI] Processing message for user 4009bace-ec0f-4b32-8668-336067ba3c7d, conversation d1f1e674-48e0-4d70-ad27-c54d77114e28[39m
2026-03-01 17:35:03:353 [32minfo[39m: [32m[AI] Fetching context and memory...[39m
2026-03-01 17:35:03:353 [32minfo[39m: [32m[AI] Context fetched for user 4009bace-ec0f-4b32-8668-336067ba3c7d[39m
2026-03-01 17:35:03:353 [31merror[39m: [31m[RAG] Failed to save memory to Pinecone: Must pass in at least 1 record to upsert.[39m
2026-03-01 17:35:04:354 [31merror[39m: [31m[RAG] Failed to search memories in Pinecone: The API key you provided was rejected while calling https://api.pinecone.io/indexes/nova-memory. Please check your configuration values and try again. You can find the configuration values for your project in the Pinecone developer console at https://app.pinecone.io[39m
2026-03-01 17:35:04:354 [32minfo[39m: [32m[AI] Calling Groq API (Attempt 1, Model: llama-3.3-70b-versatile)...[39m
2026-03-01 17:35:06:356 [32minfo[39m: [32mUpdated structured memory for user 4009bace-ec0f-4b32-8668-336067ba3c7d[39m
2026-03-01 17:35:21:3521 [35mhttp[39m: [35mPOST /api/ai/chat[39m
2026-03-01 17:35:21:3521 [32minfo[39m: [32m[AI] Processing message for user 4009bace-ec0f-4b32-8668-336067ba3c7d, conversation d1f1e674-48e0-4d70-ad27-c54d77114e28[39m
2026-03-01 17:35:21:3521 [32minfo[39m: [32m[AI] Fetching context and memory...[39m
2026-03-01 17:35:22:3522 [32minfo[39m: [32m[AI] Context fetched for user 4009bace-ec0f-4b32-8668-336067ba3c7d[39m
2026-03-01 17:35:22:3522 [31merror[39m: [31m[RAG] Failed to save memory to Pinecone: Must pass in at least 1 record to upsert.[39m
2026-03-01 17:35:22:3522 [31merror[39m: [31m[RAG] Failed to search memories in Pinecone: The API key you provided was rejected while calling https://api.pinecone.io/indexes/nova-memory. Please check your configuration values and try again. You can find the configuration values for your project in the Pinecone developer console at https://app.pinecone.io[39m
2026-03-01 17:35:22:3522 [32minfo[39m: [32m[AI] Calling Groq API (Attempt 1, Model: llama-3.3-70b-versatile)...[39m
2026-03-01 17:35:24:3524 [32minfo[39m: [32mUpdated structured memory for user 4009bace-ec0f-4b32-8668-336067ba3c7d[39m
2026-03-01 17:35:35:3535 [35mhttp[39m: [35mPOST /api/ai/chat[39m
2026-03-01 17:35:35:3535 [32minfo[39m: [32m[AI] Processing message for user 4009bace-ec0f-4b32-8668-336067ba3c7d, conversation d1f1e674-48e0-4d70-ad27-c54d77114e28[39m
2026-03-01 17:35:35:3535 [32minfo[39m: [32m[AI] Fetching context and memory...[39m
2026-03-01 17:35:35:3535 [31merror[39m: [31m[RAG] Failed to save memory to Pinecone: Must pass in at least 1 record to upsert.[39m
2026-03-01 17:35:36:3536 [32minfo[39m: [32m[AI] Context fetched for user 4009bace-ec0f-4b32-8668-336067ba3c7d[39m
2026-03-01 17:35:36:3536 [31merror[39m: [31m[RAG] Failed to search memories in Pinecone: The API key you provided was rejected while calling https://api.pinecone.io/indexes/nova-memory. Please check your configuration values and try again. You can find the configuration values for your project in the Pinecone developer console at https://app.pinecone.io[39m
2026-03-01 17:35:36:3536 [32minfo[39m: [32m[AI] Calling Groq API (Attempt 1, Model: llama-3.3-70b-versatile)...[39m
2026-03-01 17:35:38:3538 [32minfo[39m: [32mUpdated structured memory for user 4009bace-ec0f-4b32-8668-336067ba3c7d[39m
2026-03-01 17:35:47:3547 [35mhttp[39m: [35mPOST /api/ai/investigate[39m
2026-03-01 17:35:47:3547 [32minfo[39m: [32m[AI] Processing message for user 4009bace-ec0f-4b32-8668-336067ba3c7d, conversation d1f1e674-48e0-4d70-ad27-c54d77114e28[39m
2026-03-01 17:35:47:3547 [32minfo[39m: [32m[AI] Fetching context and memory...[39m
2026-03-01 17:35:47:3547 [32minfo[39m: [32m[AI] Context fetched for user 4009bace-ec0f-4b32-8668-336067ba3c7d[39m
2026-03-01 17:35:47:3547 [32minfo[39m: [32m[AI] Calling Groq API (Attempt 1, Model: llama-3.1-8b-instant)...[39m
2026-03-01 17:54:46:5446 [32minfo[39m: [32mUser disconnected: CmYKc4oynotJ1mZPAAAF[39m
2026-03-01 17:54:46:5446 [32minfo[39m: [32mUser disconnected: RNHPXU-s2uOGvIIgAAAG[39m
2026-03-01 17:54:46:5446 [32minfo[39m: [32mUser disconnected: IlBGt-1jqYVqDGThAAAH[39m
2026-03-01 17:54:46:5446 [32minfo[39m: [32mUser disconnected: qh-x5VZ9btjktj2DAAAE[39m
2026-03-01 18:43:43:4343 [31merror[39m: [31mPresence Offline Error for 4009bace-ec0f-4b32-8668-336067ba3c7d: [39m
[31mInvalid `prisma.user.update()` invocation in[39m
[31mD:\pfe\pfe 0.3\soullink-backend\src\server.ts:103:39[39m

[31m  100 userSockets.delete(user.id);[39m
[31m  101 // Last connection closed: set offline[39m
[31m  102 try {[39m
[31m→ 103     await prisma.user.update([39m
[31mCan't reach database server at `ep-withered-salad-agxzvgfm-pooler.c-2.eu-central-1.aws.neon.tech:5432`[39m

[31mPlease make sure your database server is running at `ep-withered-salad-agxzvgfm-pooler.c-2.eu-central-1.aws.neon.tech:5432`.[39m
2026-03-01 18:43:48:4348 [31merror[39m: [31mSocket Auth: JWT verification failed for socket cHV7dLLyHeIM3zvVAAAM. Error: jwt expired[39m
2026-03-01 18:43:48:4348 [31merror[39m: [31mSocket Auth: JWT verification failed for socket 49HPOm0Gl_bS6LQLAAAN. Error: jwt expired[39m
2026-03-01 18:43:48:4348 [31merror[39m: [31mSocket Auth: JWT verification failed for socket WT551T4yznwyKwbmAAAO. Error: jwt expired[39m
2026-03-01 18:43:49:4349 [31merror[39m: [31mSocket Auth: JWT verification failed for socket fSgATvuVMLaNL9XjAAAP. Error: jwt expired[39m
2026-03-02 00:00:00:00 [32minfo[39m: [32mRunning background check for proactive Nova messages (daily check-in)...[39m
2026-03-02 00:28:52:2852 [35mhttp[39m: [35mGET /api/ai/history[39m
2026-03-02 04:00:00:00 [32minfo[39m: [32mRunning background check for proactive Nova messages (daily check-in)...[39m
2026-03-02 04:13:11:1311 [35mhttp[39m: [35mPOST /api/auth/login[39m
2026-03-02 04:13:14:1314 [35mhttp[39m: [35mGET /api/notifications/unread-count[39m
2026-03-02 04:13:14:1314 [35mhttp[39m: [35mGET /api/users/me[39m
2026-03-02 04:13:14:1314 [35mhttp[39m: [35mGET /api/friends[39m
2026-03-02 04:13:14:1314 [35mhttp[39m: [35mGET /api/communities[39m
2026-03-02 04:13:14:1314 [35mhttp[39m: [35mGET /api/ai/history[39m
2026-03-02 04:13:15:1315 [35mhttp[39m: [35mGET /api/notifications/unread-count[39m
2026-03-02 04:13:15:1315 [32minfo[39m: [32mUser connected: 4009bace-ec0f-4b32-8668-336067ba3c7d (tHEd62idKcIIHEyQAAAX)[39m
2026-03-02 04:13:15:1315 [32minfo[39m: [32mUser connected: 4009bace-ec0f-4b32-8668-336067ba3c7d (XsEu8mtII2NNAo6MAAAV)[39m
2026-03-02 04:13:15:1315 [32minfo[39m: [32mUser connected: 4009bace-ec0f-4b32-8668-336067ba3c7d (QN3cxSfr03okRRppAAAU)[39m
2026-03-02 04:13:15:1315 [32minfo[39m: [32mUser connected: 4009bace-ec0f-4b32-8668-336067ba3c7d (vcX5Ab0FPsVVQVn5AAAW)[39m
2026-03-02 04:13:15:1315 [35mhttp[39m: [35mGET /api/communities[39m
2026-03-02 04:13:15:1315 [35mhttp[39m: [35mGET /api/users/me[39m
2026-03-02 04:13:16:1316 [35mhttp[39m: [35mGET /api/friends[39m
2026-03-02 04:13:16:1316 [35mhttp[39m: [35mGET /api/ai/history[39m
2026-03-02 04:13:16:1316 [35mhttp[39m: [35mGET /api/users/me[39m
2026-03-02 04:13:16:1316 [35mhttp[39m: [35mGET /api/users/me[39m
2026-03-02 04:13:26:1326 [35mhttp[39m: [35mPOST /api/ai/chat[39m
2026-03-02 04:13:26:1326 [32minfo[39m: [32m[AI] Processing message for user 4009bace-ec0f-4b32-8668-336067ba3c7d, conversation d1f1e674-48e0-4d70-ad27-c54d77114e28[39m
2026-03-02 04:13:26:1326 [32minfo[39m: [32m[AI] Fetching context and memory...[39m
2026-03-02 04:13:27:1327 [32minfo[39m: [32m[AI] Context fetched for user 4009bace-ec0f-4b32-8668-336067ba3c7d[39m
2026-03-02 04:13:27:1327 [31merror[39m: [31m[RAG] Failed to save memory to Pinecone: Must pass in at least 1 record to upsert.[39m
2026-03-02 04:13:28:1328 [31merror[39m: [31m[RAG] Failed to search memories in Pinecone: The API key you provided was rejected while calling https://api.pinecone.io/indexes/nova-memory. Please check your configuration values and try again. You can find the configuration values for your project in the Pinecone developer console at https://app.pinecone.io[39m
2026-03-02 04:13:28:1328 [32minfo[39m: [32m[AI] Calling Groq API (Attempt 1, Model: llama-3.3-70b-versatile)...[39m
2026-03-02 04:13:29:1329 [32minfo[39m: [32mRecorded trust event long_conversation for 4009bace-ec0f-4b32-8668-336067ba3c7d (Trust: 25, Stage: FAMILIAR)[39m
2026-03-02 04:13:29:1329 [32minfo[39m: [32mUpdated structured memory for user 4009bace-ec0f-4b32-8668-336067ba3c7d[39m
2026-03-02 04:14:01:141 [35mhttp[39m: [35mPOST /api/ai/chat[39m
2026-03-02 04:14:01:141 [32minfo[39m: [32m[AI] Processing message for user 4009bace-ec0f-4b32-8668-336067ba3c7d, conversation d1f1e674-48e0-4d70-ad27-c54d77114e28[39m
2026-03-02 04:14:01:141 [32minfo[39m: [32m[AI] Fetching context and memory...[39m
2026-03-02 04:14:01:141 [31merror[39m: [31m[RAG] Failed to save memory to Pinecone: Must pass in at least 1 record to upsert.[39m
2026-03-02 04:14:01:141 [32minfo[39m: [32m[AI] Context fetched for user 4009bace-ec0f-4b32-8668-336067ba3c7d[39m
2026-03-02 04:14:02:142 [31merror[39m: [31m[RAG] Failed to search memories in Pinecone: The API key you provided was rejected while calling https://api.pinecone.io/indexes/nova-memory. Please check your configuration values and try again. You can find the configuration values for your project in the Pinecone developer console at https://app.pinecone.io[39m
2026-03-02 04:14:02:142 [32minfo[39m: [32m[AI] Calling Groq API (Attempt 1, Model: llama-3.3-70b-versatile)...[39m
2026-03-02 04:14:03:143 [32minfo[39m: [32mUpdated structured memory for user 4009bace-ec0f-4b32-8668-336067ba3c7d[39m
2026-03-02 04:14:39:1439 [35mhttp[39m: [35mPOST /api/ai/chat[39m
2026-03-02 04:14:39:1439 [32minfo[39m: [32m[AI] Processing message for user 4009bace-ec0f-4b32-8668-336067ba3c7d, conversation d1f1e674-48e0-4d70-ad27-c54d77114e28[39m
2026-03-02 04:14:39:1439 [32minfo[39m: [32m[AI] Fetching context and memory...[39m
2026-03-02 04:14:39:1439 [31merror[39m: [31m[RAG] Failed to save memory to Pinecone: Must pass in at least 1 record to upsert.[39m
2026-03-02 04:14:39:1439 [32minfo[39m: [32m[AI] Context fetched for user 4009bace-ec0f-4b32-8668-336067ba3c7d[39m
2026-03-02 04:14:40:1440 [31merror[39m: [31m[RAG] Failed to search memories in Pinecone: The API key you provided was rejected while calling https://api.pinecone.io/indexes/nova-memory. Please check your configuration values and try again. You can find the configuration values for your project in the Pinecone developer console at https://app.pinecone.io[39m
2026-03-02 04:14:40:1440 [32minfo[39m: [32m[AI] Calling Groq API (Attempt 1, Model: llama-3.3-70b-versatile)...[39m
2026-03-02 04:14:41:1441 [32minfo[39m: [32mUpdated structured memory for user 4009bace-ec0f-4b32-8668-336067ba3c7d[39m
2026-03-02 04:14:59:1459 [35mhttp[39m: [35mPOST /api/ai/chat[39m
2026-03-02 04:14:59:1459 [32minfo[39m: [32m[AI] Processing message for user 4009bace-ec0f-4b32-8668-336067ba3c7d, conversation d1f1e674-48e0-4d70-ad27-c54d77114e28[39m
2026-03-02 04:14:59:1459 [32minfo[39m: [32m[AI] Fetching context and memory...[39m
2026-03-02 04:14:59:1459 [31merror[39m: [31m[RAG] Failed to save memory to Pinecone: Must pass in at least 1 record to upsert.[39m
2026-03-02 04:15:00:150 [32minfo[39m: [32m[AI] Context fetched for user 4009bace-ec0f-4b32-8668-336067ba3c7d[39m
2026-03-02 04:15:00:150 [31merror[39m: [31m[RAG] Failed to search memories in Pinecone: The API key you provided was rejected while calling https://api.pinecone.io/indexes/nova-memory. Please check your configuration values and try again. You can find the configuration values for your project in the Pinecone developer console at https://app.pinecone.io[39m
2026-03-02 04:15:00:150 [32minfo[39m: [32m[AI] Calling Groq API (Attempt 1, Model: llama-3.3-70b-versatile)...[39m
2026-03-02 04:15:02:152 [32minfo[39m: [32mUpdated structured memory for user 4009bace-ec0f-4b32-8668-336067ba3c7d[39m
2026-03-02 04:15:14:1514 [35mhttp[39m: [35mGET /api/ai/history[39m
2026-03-02 04:15:19:1519 [35mhttp[39m: [35mPOST /api/ai/chat[39m
2026-03-02 04:15:19:1519 [32minfo[39m: [32m[AI] Processing message for user 4009bace-ec0f-4b32-8668-336067ba3c7d, conversation d1f1e674-48e0-4d70-ad27-c54d77114e28[39m
2026-03-02 04:15:19:1519 [32minfo[39m: [32m[AI] Fetching context and memory...[39m
2026-03-02 04:15:19:1519 [31merror[39m: [31m[RAG] Failed to save memory to Pinecone: Must pass in at least 1 record to upsert.[39m
2026-03-02 04:15:20:1520 [32minfo[39m: [32m[AI] Context fetched for user 4009bace-ec0f-4b32-8668-336067ba3c7d[39m
2026-03-02 04:15:20:1520 [31merror[39m: [31m[RAG] Failed to search memories in Pinecone: The API key you provided was rejected while calling https://api.pinecone.io/indexes/nova-memory. Please check your configuration values and try again. You can find the configuration values for your project in the Pinecone developer console at https://app.pinecone.io[39m
2026-03-02 04:15:20:1520 [32minfo[39m: [32m[AI] Calling Groq API (Attempt 1, Model: llama-3.3-70b-versatile)...[39m
2026-03-02 04:15:21:1521 [32minfo[39m: [32mUpdated structured memory for user 4009bace-ec0f-4b32-8668-336067ba3c7d[39m
2026-03-02 04:15:39:1539 [35mhttp[39m: [35mPOST /api/ai/chat[39m
2026-03-02 04:15:39:1539 [32minfo[39m: [32m[AI] Processing message for user 4009bace-ec0f-4b32-8668-336067ba3c7d, conversation d1f1e674-48e0-4d70-ad27-c54d77114e28[39m
2026-03-02 04:15:39:1539 [32minfo[39m: [32m[AI] Fetching context and memory...[39m
2026-03-02 04:15:40:1540 [31merror[39m: [31m[RAG] Failed to save memory to Pinecone: Must pass in at least 1 record to upsert.[39m
2026-03-02 04:15:40:1540 [32minfo[39m: [32m[AI] Context fetched for user 4009bace-ec0f-4b32-8668-336067ba3c7d[39m
2026-03-02 04:15:40:1540 [31merror[39m: [31m[RAG] Failed to search memories in Pinecone: The API key you provided was rejected while calling https://api.pinecone.io/indexes/nova-memory. Please check your configuration values and try again. You can find the configuration values for your project in the Pinecone developer console at https://app.pinecone.io[39m
2026-03-02 04:15:40:1540 [32minfo[39m: [32m[AI] Calling Groq API (Attempt 1, Model: llama-3.3-70b-versatile)...[39m
2026-03-02 04:15:41:1541 [32minfo[39m: [32mUpdated structured memory for user 4009bace-ec0f-4b32-8668-336067ba3c7d[39m
2026-03-02 04:15:42:1542 [32minfo[39m: [32mUpdated conversation summary for d1f1e674-48e0-4d70-ad27-c54d77114e28[39m
2026-03-02 04:49:45:4945 [32minfo[39m: [32mConnected to PostgreSQL database[39m
2026-03-02 04:49:45:4945 [32minfo[39m: [32mSoulLink Backend running in development mode on port 4000[39m
2026-03-02 04:49:45:4945 [32minfo[39m: [32mStarting AI Companion cron jobs...[39m
2026-03-02 04:49:46:4946 [32minfo[39m: [32mPresence Reset: Set 1 users to OFFLINE on startup[39m
2026-03-02 04:55:05:555 [35mhttp[39m: [35mGET /api/users/me[39m
2026-03-02 04:55:05:555 [35mhttp[39m: [35mGET /api/notifications/unread-count[39m
2026-03-02 04:55:05:555 [35mhttp[39m: [35mGET /api/friends[39m
2026-03-02 04:55:05:555 [35mhttp[39m: [35mGET /api/communities[39m
2026-03-02 04:55:05:555 [35mhttp[39m: [35mGET /api/ai/history[39m
2026-03-02 04:55:06:556 [32minfo[39m: [32mUser connected: 4009bace-ec0f-4b32-8668-336067ba3c7d (TSPO5J0XcPgxX6u9AAAC)[39m
2026-03-02 04:55:06:556 [35mhttp[39m: [35mGET /api/users/me[39m
2026-03-02 04:55:06:556 [32minfo[39m: [32mUser connected: 4009bace-ec0f-4b32-8668-336067ba3c7d (mpP4G5dQM086KN5AAAAD)[39m
2026-03-02 04:55:15:5515 [35mhttp[39m: [35mPOST /api/ai/chat[39m
2026-03-02 04:55:15:5515 [32minfo[39m: [32m[AI] Processing message for user 4009bace-ec0f-4b32-8668-336067ba3c7d, conversation d1f1e674-48e0-4d70-ad27-c54d77114e28[39m
2026-03-02 04:55:15:5515 [32minfo[39m: [32m[AI] Fetching context and memory...[39m
2026-03-02 04:55:16:5516 [31merror[39m: [31m[RAG] Failed to save memory to Pinecone: Must pass in at least 1 record to upsert.[39m
2026-03-02 04:55:16:5516 [32minfo[39m: [32m[AI] Context fetched for user 4009bace-ec0f-4b32-8668-336067ba3c7d[39m
2026-03-02 04:55:16:5516 [31merror[39m: [31m[RAG] Failed to search memories in Pinecone: The API key you provided was rejected while calling https://api.pinecone.io/indexes/nova-memory. Please check your configuration values and try again. You can find the configuration values for your project in the Pinecone developer console at https://app.pinecone.io[39m
2026-03-02 04:55:16:5516 [32minfo[39m: [32m[AI] Calling Groq API (Attempt 1, Model: llama-3.3-70b-versatile)...[39m
2026-03-02 04:55:18:5518 [32minfo[39m: [32mUpdated structured memory for user 4009bace-ec0f-4b32-8668-336067ba3c7d[39m
2026-03-02 04:55:35:5535 [35mhttp[39m: [35mPOST /api/ai/chat[39m
2026-03-02 04:55:35:5535 [32minfo[39m: [32m[AI] Processing message for user 4009bace-ec0f-4b32-8668-336067ba3c7d, conversation d1f1e674-48e0-4d70-ad27-c54d77114e28[39m
2026-03-02 04:55:35:5535 [32minfo[39m: [32m[AI] Fetching context and memory...[39m
2026-03-02 04:55:36:5536 [31merror[39m: [31m[RAG] Failed to save memory to Pinecone: Must pass in at least 1 record to upsert.[39m
2026-03-02 04:55:36:5536 [32minfo[39m: [32m[AI] Context fetched for user 4009bace-ec0f-4b32-8668-336067ba3c7d[39m
2026-03-02 04:55:36:5536 [31merror[39m: [31m[RAG] Failed to search memories in Pinecone: The API key you provided was rejected while calling https://api.pinecone.io/indexes/nova-memory. Please check your configuration values and try again. You can find the configuration values for your project in the Pinecone developer console at https://app.pinecone.io[39m
2026-03-02 04:55:36:5536 [32minfo[39m: [32m[AI] Calling Groq API (Attempt 1, Model: llama-3.3-70b-versatile)...[39m
2026-03-02 04:55:38:5538 [32minfo[39m: [32mUpdated structured memory for user 4009bace-ec0f-4b32-8668-336067ba3c7d[39m
2026-03-02 04:55:49:5549 [35mhttp[39m: [35mPOST /api/ai/chat[39m
2026-03-02 04:55:49:5549 [32minfo[39m: [32m[AI] Processing message for user 4009bace-ec0f-4b32-8668-336067ba3c7d, conversation d1f1e674-48e0-4d70-ad27-c54d77114e28[39m
2026-03-02 04:55:50:5550 [32minfo[39m: [32m[AI] Fetching context and memory...[39m
2026-03-02 04:55:50:5550 [32minfo[39m: [32m[AI] Context fetched for user 4009bace-ec0f-4b32-8668-336067ba3c7d[39m
2026-03-02 04:55:50:5550 [31merror[39m: [31m[RAG] Failed to save memory to Pinecone: Must pass in at least 1 record to upsert.[39m
2026-03-02 04:55:50:5550 [31merror[39m: [31m[RAG] Failed to search memories in Pinecone: The API key you provided was rejected while calling https://api.pinecone.io/indexes/nova-memory. Please check your configuration values and try again. You can find the configuration values for your project in the Pinecone developer console at https://app.pinecone.io[39m
2026-03-02 04:55:50:5550 [32minfo[39m: [32m[AI] Calling Groq API (Attempt 1, Model: llama-3.3-70b-versatile)...[39m
2026-03-02 04:55:52:5552 [32minfo[39m: [32mUpdated structured memory for user 4009bace-ec0f-4b32-8668-336067ba3c7d[39m
2026-03-02 04:56:21:5621 [35mhttp[39m: [35mPOST /api/ai/chat[39m
2026-03-02 04:56:22:5622 [32minfo[39m: [32m[AI] Processing message for user 4009bace-ec0f-4b32-8668-336067ba3c7d, conversation d1f1e674-48e0-4d70-ad27-c54d77114e28[39m
2026-03-02 04:56:22:5622 [32minfo[39m: [32m[AI] Fetching context and memory...[39m
2026-03-02 04:56:22:5622 [31merror[39m: [31m[RAG] Failed to save memory to Pinecone: Must pass in at least 1 record to upsert.[39m
2026-03-02 04:56:22:5622 [32minfo[39m: [32m[AI] Context fetched for user 4009bace-ec0f-4b32-8668-336067ba3c7d[39m
2026-03-02 04:56:23:5623 [31merror[39m: [31m[RAG] Failed to search memories in Pinecone: The API key you provided was rejected while calling https://api.pinecone.io/indexes/nova-memory. Please check your configuration values and try again. You can find the configuration values for your project in the Pinecone developer console at https://app.pinecone.io[39m
2026-03-02 04:56:23:5623 [32minfo[39m: [32m[AI] Calling Groq API (Attempt 1, Model: llama-3.3-70b-versatile)...[39m
2026-03-02 04:56:24:5624 [32minfo[39m: [32mUpdated structured memory for user 4009bace-ec0f-4b32-8668-336067ba3c7d[39m
2026-03-02 04:56:42:5642 [35mhttp[39m: [35mPOST /api/ai/chat[39m
2026-03-02 04:56:42:5642 [32minfo[39m: [32m[AI] Processing message for user 4009bace-ec0f-4b32-8668-336067ba3c7d, conversation d1f1e674-48e0-4d70-ad27-c54d77114e28[39m
2026-03-02 04:56:42:5642 [32minfo[39m: [32m[AI] Fetching context and memory...[39m
2026-03-02 04:56:42:5642 [31merror[39m: [31m[RAG] Failed to save memory to Pinecone: Must pass in at least 1 record to upsert.[39m
2026-03-02 04:56:43:5643 [32minfo[39m: [32m[AI] Context fetched for user 4009bace-ec0f-4b32-8668-336067ba3c7d[39m
2026-03-02 04:56:43:5643 [31merror[39m: [31m[RAG] Failed to search memories in Pinecone: The API key you provided was rejected while calling https://api.pinecone.io/indexes/nova-memory. Please check your configuration values and try again. You can find the configuration values for your project in the Pinecone developer console at https://app.pinecone.io[39m
2026-03-02 04:56:43:5643 [32minfo[39m: [32m[AI] Calling Groq API (Attempt 1, Model: llama-3.3-70b-versatile)...[39m
2026-03-02 04:56:44:5644 [32minfo[39m: [32mRecorded trust event emotional_moment for 4009bace-ec0f-4b32-8668-336067ba3c7d (Trust: 30, Stage: FAMILIAR)[39m
2026-03-02 04:56:44:5644 [32minfo[39m: [32mRecorded trust event long_conversation for 4009bace-ec0f-4b32-8668-336067ba3c7d (Trust: 33, Stage: FAMILIAR)[39m
2026-03-02 04:56:45:5645 [32minfo[39m: [32mUpdated structured memory for user 4009bace-ec0f-4b32-8668-336067ba3c7d[39m
2026-03-02 04:59:15:5915 [35mhttp[39m: [35mPOST /api/ai/chat[39m
2026-03-02 04:59:15:5915 [32minfo[39m: [32m[AI] Processing message for user 4009bace-ec0f-4b32-8668-336067ba3c7d, conversation d1f1e674-48e0-4d70-ad27-c54d77114e28[39m
2026-03-02 04:59:15:5915 [32minfo[39m: [32m[AI] Fetching context and memory...[39m
2026-03-02 04:59:16:5916 [31merror[39m: [31m[RAG] Failed to save memory to Pinecone: Must pass in at least 1 record to upsert.[39m
2026-03-02 04:59:16:5916 [32minfo[39m: [32m[AI] Context fetched for user 4009bace-ec0f-4b32-8668-336067ba3c7d[39m
2026-03-02 04:59:16:5916 [31merror[39m: [31m[RAG] Failed to search memories in Pinecone: The API key you provided was rejected while calling https://api.pinecone.io/indexes/nova-memory. Please check your configuration values and try again. You can find the configuration values for your project in the Pinecone developer console at https://app.pinecone.io[39m
2026-03-02 04:59:16:5916 [32minfo[39m: [32m[AI] Calling Groq API (Attempt 1, Model: llama-3.3-70b-versatile)...[39m
2026-03-02 04:59:17:5917 [32minfo[39m: [32mRecorded trust event emotional_moment for 4009bace-ec0f-4b32-8668-336067ba3c7d (Trust: 38, Stage: FAMILIAR)[39m
2026-03-02 04:59:18:5918 [32minfo[39m: [32mUpdated structured memory for user 4009bace-ec0f-4b32-8668-336067ba3c7d[39m
2026-03-02 04:59:27:5927 [35mhttp[39m: [35mPOST /api/ai/chat[39m
2026-03-02 04:59:27:5927 [32minfo[39m: [32m[AI] Processing message for user 4009bace-ec0f-4b32-8668-336067ba3c7d, conversation d1f1e674-48e0-4d70-ad27-c54d77114e28[39m
2026-03-02 04:59:27:5927 [32minfo[39m: [32m[AI] Fetching context and memory...[39m
2026-03-02 04:59:27:5927 [32minfo[39m: [32m[AI] Context fetched for user 4009bace-ec0f-4b32-8668-336067ba3c7d[39m
2026-03-02 04:59:28:5928 [31merror[39m: [31m[RAG] Failed to save memory to Pinecone: Must pass in at least 1 record to upsert.[39m
2026-03-02 04:59:28:5928 [31merror[39m: [31m[RAG] Failed to search memories in Pinecone: The API key you provided was rejected while calling https://api.pinecone.io/indexes/nova-memory. Please check your configuration values and try again. You can find the configuration values for your project in the Pinecone developer console at https://app.pinecone.io[39m
2026-03-02 04:59:28:5928 [32minfo[39m: [32m[AI] Calling Groq API (Attempt 1, Model: llama-3.3-70b-versatile)...[39m
2026-03-02 04:59:29:5929 [32minfo[39m: [32mUpdated structured memory for user 4009bace-ec0f-4b32-8668-336067ba3c7d[39m
2026-03-02 04:59:49:5949 [35mhttp[39m: [35mPOST /api/ai/investigate[39m
2026-03-02 04:59:49:5949 [32minfo[39m: [32m[AI] Processing message for user 4009bace-ec0f-4b32-8668-336067ba3c7d, conversation d1f1e674-48e0-4d70-ad27-c54d77114e28[39m
2026-03-02 04:59:49:5949 [32minfo[39m: [32m[AI] Fetching context and memory...[39m
2026-03-02 04:59:49:5949 [32minfo[39m: [32m[AI] Context fetched for user 4009bace-ec0f-4b32-8668-336067ba3c7d[39m
2026-03-02 04:59:49:5949 [32minfo[39m: [32m[AI] Calling Groq API (Attempt 1, Model: llama-3.1-8b-instant)...[39m
2026-03-02 04:59:51:5951 [35mhttp[39m: [35mPOST /api/ai/chat[39m
2026-03-02 04:59:51:5951 [32minfo[39m: [32m[AI] Processing message for user 4009bace-ec0f-4b32-8668-336067ba3c7d, conversation d1f1e674-48e0-4d70-ad27-c54d77114e28[39m
2026-03-02 04:59:51:5951 [32minfo[39m: [32m[AI] Fetching context and memory...[39m
2026-03-02 04:59:52:5952 [32minfo[39m: [32m[AI] Context fetched for user 4009bace-ec0f-4b32-8668-336067ba3c7d[39m
2026-03-02 04:59:52:5952 [31merror[39m: [31m[RAG] Failed to save memory to Pinecone: Must pass in at least 1 record to upsert.[39m
2026-03-02 04:59:52:5952 [31merror[39m: [31m[RAG] Failed to search memories in Pinecone: The API key you provided was rejected while calling https://api.pinecone.io/indexes/nova-memory. Please check your configuration values and try again. You can find the configuration values for your project in the Pinecone developer console at https://app.pinecone.io[39m
2026-03-02 04:59:52:5952 [32minfo[39m: [32m[AI] Calling Groq API (Attempt 1, Model: llama-3.3-70b-versatile)...[39m
2026-03-02 04:59:53:5953 [32minfo[39m: [32mUpdated structured memory for user 4009bace-ec0f-4b32-8668-336067ba3c7d[39m
2026-03-02 05:00:04:04 [35mhttp[39m: [35mPOST /api/ai/chat[39m
2026-03-02 05:00:04:04 [32minfo[39m: [32m[AI] Processing message for user 4009bace-ec0f-4b32-8668-336067ba3c7d, conversation d1f1e674-48e0-4d70-ad27-c54d77114e28[39m
2026-03-02 05:00:04:04 [32minfo[39m: [32m[AI] Fetching context and memory...[39m
2026-03-02 05:00:04:04 [31merror[39m: [31m[RAG] Failed to save memory to Pinecone: Must pass in at least 1 record to upsert.[39m
2026-03-02 05:00:04:04 [32minfo[39m: [32m[AI] Context fetched for user 4009bace-ec0f-4b32-8668-336067ba3c7d[39m
2026-03-02 05:00:05:05 [31merror[39m: [31m[RAG] Failed to search memories in Pinecone: The API key you provided was rejected while calling https://api.pinecone.io/indexes/nova-memory. Please check your configuration values and try again. You can find the configuration values for your project in the Pinecone developer console at https://app.pinecone.io[39m
2026-03-02 05:00:05:05 [32minfo[39m: [32m[AI] Calling Groq API (Attempt 1, Model: llama-3.3-70b-versatile)...[39m
2026-03-02 05:00:06:06 [32minfo[39m: [32mUpdated structured memory for user 4009bace-ec0f-4b32-8668-336067ba3c7d[39m
2026-03-02 05:00:10:010 [35mhttp[39m: [35mPOST /api/ai/chat[39m
2026-03-02 05:00:10:010 [32minfo[39m: [32m[AI] Processing message for user 4009bace-ec0f-4b32-8668-336067ba3c7d, conversation d1f1e674-48e0-4d70-ad27-c54d77114e28[39m
2026-03-02 05:00:10:010 [32minfo[39m: [32m[AI] Fetching context and memory...[39m
2026-03-02 05:00:10:010 [31merror[39m: [31m[RAG] Failed to save memory to Pinecone: Must pass in at least 1 record to upsert.[39m
2026-03-02 05:00:11:011 [32minfo[39m: [32m[AI] Context fetched for user 4009bace-ec0f-4b32-8668-336067ba3c7d[39m
2026-03-02 05:00:11:011 [31merror[39m: [31m[RAG] Failed to search memories in Pinecone: The API key you provided was rejected while calling https://api.pinecone.io/indexes/nova-memory. Please check your configuration values and try again. You can find the configuration values for your project in the Pinecone developer console at https://app.pinecone.io[39m
2026-03-02 05:00:11:011 [32minfo[39m: [32m[AI] Calling Groq API (Attempt 1, Model: llama-3.3-70b-versatile)...[39m
2026-03-02 05:00:13:013 [32minfo[39m: [32mUpdated structured memory for user 4009bace-ec0f-4b32-8668-336067ba3c7d[39m
2026-03-02 05:13:05:135 [35mhttp[39m: [35mGET /api/ai/history[39m
2026-03-02 05:13:43:1343 [35mhttp[39m: [35mPOST /api/ai/investigate[39m
2026-03-02 05:13:43:1343 [32minfo[39m: [32mUser disconnected: mpP4G5dQM086KN5AAAAD[39m
2026-03-02 05:13:43:1343 [32minfo[39m: [32mUser disconnected: TSPO5J0XcPgxX6u9AAAC[39m
2026-03-02 05:13:46:1346 [35mhttp[39m: [35mPOST /api/auth/login[39m
2026-03-02 05:13:47:1347 [35mhttp[39m: [35mGET /api/users/me[39m
2026-03-02 05:13:47:1347 [35mhttp[39m: [35mGET /api/notifications/unread-count[39m
2026-03-02 05:13:47:1347 [35mhttp[39m: [35mGET /api/friends[39m
2026-03-02 05:13:47:1347 [35mhttp[39m: [35mGET /api/communities[39m
2026-03-02 05:13:47:1347 [35mhttp[39m: [35mGET /api/ai/history[39m
2026-03-02 05:13:47:1347 [35mhttp[39m: [35mGET /api/users/me[39m
2026-03-02 05:13:47:1347 [32minfo[39m: [32mUser connected: 4009bace-ec0f-4b32-8668-336067ba3c7d (mJqq7GkPWxKXy2VGAAAJ)[39m
2026-03-02 05:13:47:1347 [32minfo[39m: [32mUser connected: 4009bace-ec0f-4b32-8668-336067ba3c7d (yLtR5-xDkrokUnxdAAAK)[39m
2026-03-02 05:13:47:1347 [32minfo[39m: [32mUser connected: 4009bace-ec0f-4b32-8668-336067ba3c7d (1LS58AXk7Hxz47jDAAAI)[39m
2026-03-02 05:13:47:1347 [32minfo[39m: [32mUser connected: 4009bace-ec0f-4b32-8668-336067ba3c7d (NntWMqDJTq3hAANfAAAL)[39m
2026-03-02 05:13:47:1347 [35mhttp[39m: [35mGET /api/users/me[39m
2026-03-02 05:13:47:1347 [35mhttp[39m: [35mGET /api/communities[39m
2026-03-02 05:13:47:1347 [35mhttp[39m: [35mGET /api/notifications/unread-count[39m
2026-03-02 05:13:48:1348 [35mhttp[39m: [35mGET /api/ai/history[39m
2026-03-02 05:13:48:1348 [35mhttp[39m: [35mGET /api/friends[39m
2026-03-02 05:13:48:1348 [35mhttp[39m: [35mGET /api/users/me[39m
2026-03-02 05:14:08:148 [32minfo[39m: [32mUser disconnected: NntWMqDJTq3hAANfAAAL[39m
2026-03-02 05:14:08:148 [32minfo[39m: [32mUser disconnected: yLtR5-xDkrokUnxdAAAK[39m
2026-03-02 05:14:08:148 [32minfo[39m: [32mUser disconnected: mJqq7GkPWxKXy2VGAAAJ[39m
2026-03-02 05:14:08:148 [32minfo[39m: [32mUser disconnected: 1LS58AXk7Hxz47jDAAAI[39m
2026-03-02 05:14:08:148 [35mhttp[39m: [35mGET /api/users/me[39m
2026-03-02 05:14:08:148 [35mhttp[39m: [35mGET /api/notifications/unread-count[39m
2026-03-02 05:14:08:148 [35mhttp[39m: [35mGET /api/friends[39m
2026-03-02 05:14:08:148 [35mhttp[39m: [35mGET /api/communities[39m
2026-03-02 05:14:08:148 [35mhttp[39m: [35mGET /api/ai/history[39m
2026-03-02 05:14:08:148 [32minfo[39m: [32mUser connected: 4009bace-ec0f-4b32-8668-336067ba3c7d (v4AnH9czqbxWhaQ8AAAO)[39m
2026-03-02 05:14:08:148 [32minfo[39m: [32mUser connected: 4009bace-ec0f-4b32-8668-336067ba3c7d (_f3IAmtA4y2jv4MMAAAP)[39m
2026-03-02 05:14:09:149 [35mhttp[39m: [35mGET /api/users/me[39m
2026-03-02 05:18:59:1859 [35mhttp[39m: [35mPOST /api/ai/chat[39m
2026-03-02 05:19:00:190 [32minfo[39m: [32m[AI] Processing message for user 4009bace-ec0f-4b32-8668-336067ba3c7d, conversation d1f1e674-48e0-4d70-ad27-c54d77114e28[39m
2026-03-02 05:19:00:190 [32minfo[39m: [32m[AI] Fetching context and memory...[39m
2026-03-02 05:19:01:191 [31merror[39m: [31m[RAG] Failed to save memory to Pinecone: Must pass in at least 1 record to upsert.[39m
2026-03-02 05:19:01:191 [32minfo[39m: [32m[AI] Context fetched for user 4009bace-ec0f-4b32-8668-336067ba3c7d[39m
2026-03-02 05:19:01:191 [31merror[39m: [31m[RAG] Failed to search memories in Pinecone: The API key you provided was rejected while calling https://api.pinecone.io/indexes/nova-memory. Please check your configuration values and try again. You can find the configuration values for your project in the Pinecone developer console at https://app.pinecone.io[39m
2026-03-02 05:19:01:191 [32minfo[39m: [32m[AI] Calling Groq API (Attempt 1, Model: llama-3.3-70b-versatile)...[39m
2026-03-02 05:19:03:193 [32minfo[39m: [32mRecorded trust event emotional_moment for 4009bace-ec0f-4b32-8668-336067ba3c7d (Trust: 43, Stage: FAMILIAR)[39m
2026-03-02 05:19:03:193 [32minfo[39m: [32mUpdated structured memory for user 4009bace-ec0f-4b32-8668-336067ba3c7d[39m
2026-03-02 05:20:28:2028 [35mhttp[39m: [35mPOST /api/ai/investigate[39m
2026-03-02 05:20:28:2028 [32minfo[39m: [32m[AI] Processing message for user 4009bace-ec0f-4b32-8668-336067ba3c7d, conversation d1f1e674-48e0-4d70-ad27-c54d77114e28[39m
2026-03-02 05:20:28:2028 [32minfo[39m: [32m[AI] Fetching context and memory...[39m
2026-03-02 05:20:28:2028 [32minfo[39m: [32m[AI] Context fetched for user 4009bace-ec0f-4b32-8668-336067ba3c7d[39m
2026-03-02 05:20:28:2028 [32minfo[39m: [32m[AI] Calling Groq API (Attempt 1, Model: llama-3.1-8b-instant)...[39m
2026-03-02 05:22:00:220 [32minfo[39m: [32mConnected to PostgreSQL database[39m
2026-03-02 05:22:00:220 [32minfo[39m: [32mSoulLink Backend running in development mode on port 4000[39m
2026-03-02 05:22:00:220 [32minfo[39m: [32mStarting AI Companion cron jobs...[39m
2026-03-02 05:22:01:221 [32minfo[39m: [32mPresence Reset: Set 1 users to OFFLINE on startup[39m
2026-03-02 05:22:01:221 [32minfo[39m: [32mUser connected: 4009bace-ec0f-4b32-8668-336067ba3c7d (zWbv-VroRFVeHbCdAAAB)[39m
2026-03-02 05:22:03:223 [32minfo[39m: [32mUser connected: 4009bace-ec0f-4b32-8668-336067ba3c7d (HuLX_KkG3ri4exVrAAAD)[39m
2026-03-02 05:22:49:2249 [35mhttp[39m: [35mGET /api/users/me[39m
2026-03-02 05:22:49:2249 [35mhttp[39m: [35mGET /api/ai/history[39m
2026-03-02 05:24:15:2415 [35mhttp[39m: [35mPOST /api/ai/chat[39m
2026-03-02 05:24:16:2416 [32minfo[39m: [32m[AI] Processing message for user 4009bace-ec0f-4b32-8668-336067ba3c7d, conversation d1f1e674-48e0-4d70-ad27-c54d77114e28[39m
2026-03-02 05:24:16:2416 [32minfo[39m: [32m[AI] Fetching context and memory...[39m
2026-03-02 05:24:16:2416 [31merror[39m: [31m[RAG] Failed to save memory to Pinecone: Must pass in at least 1 record to upsert.[39m
2026-03-02 05:24:16:2416 [32minfo[39m: [32m[AI] Context fetched for user 4009bace-ec0f-4b32-8668-336067ba3c7d[39m
2026-03-02 05:24:17:2417 [31merror[39m: [31m[RAG] Failed to search memories in Pinecone: The API key you provided was rejected while calling https://api.pinecone.io/indexes/nova-memory. Please check your configuration values and try again. You can find the configuration values for your project in the Pinecone developer console at https://app.pinecone.io[39m
2026-03-02 05:24:17:2417 [32minfo[39m: [32m[AI] Calling Groq API (Attempt 1, Model: llama-3.3-70b-versatile)...[39m
2026-03-02 05:24:19:2419 [32minfo[39m: [32mUpdated structured memory for user 4009bace-ec0f-4b32-8668-336067ba3c7d[39m
2026-03-02 05:25:09:259 [32minfo[39m: [32mConnected to PostgreSQL database[39m
2026-03-02 05:25:09:259 [32minfo[39m: [32mSoulLink Backend running in development mode on port 4000[39m
2026-03-02 05:25:09:259 [32minfo[39m: [32mStarting AI Companion cron jobs...[39m
2026-03-02 05:25:10:2510 [32minfo[39m: [32mPresence Reset: Set 1 users to OFFLINE on startup[39m
2026-03-02 05:25:11:2511 [32minfo[39m: [32mUser connected: 4009bace-ec0f-4b32-8668-336067ba3c7d (N68SYsFkKkwPCpfKAAAB)[39m
2026-03-02 05:25:13:2513 [32minfo[39m: [32mUser connected: 4009bace-ec0f-4b32-8668-336067ba3c7d (jDdFc29QbjoweQV0AAAD)[39m
2026-03-02 05:25:48:2548 [35mhttp[39m: [35mPOST /api/ai/chat[39m
2026-03-02 05:25:49:2549 [32minfo[39m: [32m[AI] Processing message for user 4009bace-ec0f-4b32-8668-336067ba3c7d, conversation d1f1e674-48e0-4d70-ad27-c54d77114e28[39m
2026-03-02 05:25:49:2549 [32minfo[39m: [32m[AI] Fetching context and memory...[39m
2026-03-02 05:25:49:2549 [31merror[39m: [31m[RAG] Failed to save memory to Pinecone: Must pass in at least 1 record to upsert.[39m
2026-03-02 05:25:50:2550 [32minfo[39m: [32m[AI] Context fetched for user 4009bace-ec0f-4b32-8668-336067ba3c7d[39m
2026-03-02 05:25:50:2550 [31merror[39m: [31m[RAG] Failed to search memories in Pinecone: The API key you provided was rejected while calling https://api.pinecone.io/indexes/nova-memory. Please check your configuration values and try again. You can find the configuration values for your project in the Pinecone developer console at https://app.pinecone.io[39m
2026-03-02 05:25:50:2550 [32minfo[39m: [32m[AI] Calling Groq API (Attempt 1, Model: llama-3.3-70b-versatile)...[39m
2026-03-02 05:25:52:2552 [32minfo[39m: [32mUpdated structured memory for user 4009bace-ec0f-4b32-8668-336067ba3c7d[39m
2026-03-02 05:26:14:2614 [35mhttp[39m: [35mPOST /api/ai/chat[39m
2026-03-02 05:26:15:2615 [32minfo[39m: [32m[AI] Processing message for user 4009bace-ec0f-4b32-8668-336067ba3c7d, conversation d1f1e674-48e0-4d70-ad27-c54d77114e28[39m
2026-03-02 05:26:15:2615 [32minfo[39m: [32m[AI] Fetching context and memory...[39m
2026-03-02 05:26:15:2615 [31merror[39m: [31m[RAG] Failed to save memory to Pinecone: Must pass in at least 1 record to upsert.[39m
2026-03-02 05:26:15:2615 [32minfo[39m: [32m[AI] Context fetched for user 4009bace-ec0f-4b32-8668-336067ba3c7d[39m
2026-03-02 05:26:16:2616 [31merror[39m: [31m[RAG] Failed to search memories in Pinecone: The API key you provided was rejected while calling https://api.pinecone.io/indexes/nova-memory. Please check your configuration values and try again. You can find the configuration values for your project in the Pinecone developer console at https://app.pinecone.io[39m
2026-03-02 05:26:16:2616 [32minfo[39m: [32m[AI] Calling Groq API (Attempt 1, Model: llama-3.3-70b-versatile)...[39m
2026-03-02 05:26:18:2618 [32minfo[39m: [32mUpdated structured memory for user 4009bace-ec0f-4b32-8668-336067ba3c7d[39m
2026-03-02 05:26:43:2643 [35mhttp[39m: [35mPOST /api/ai/chat[39m
2026-03-02 05:26:43:2643 [32minfo[39m: [32m[AI] Processing message for user 4009bace-ec0f-4b32-8668-336067ba3c7d, conversation d1f1e674-48e0-4d70-ad27-c54d77114e28[39m
2026-03-02 05:26:43:2643 [32minfo[39m: [32m[AI] Fetching context and memory...[39m
2026-03-02 05:26:44:2644 [31merror[39m: [31m[RAG] Failed to save memory to Pinecone: Must pass in at least 1 record to upsert.[39m
2026-03-02 05:26:44:2644 [32minfo[39m: [32m[AI] Context fetched for user 4009bace-ec0f-4b32-8668-336067ba3c7d[39m
2026-03-02 05:26:44:2644 [31merror[39m: [31m[RAG] Failed to search memories in Pinecone: The API key you provided was rejected while calling https://api.pinecone.io/indexes/nova-memory. Please check your configuration values and try again. You can find the configuration values for your project in the Pinecone developer console at https://app.pinecone.io[39m
2026-03-02 05:26:44:2644 [32minfo[39m: [32m[AI] Calling Groq API (Attempt 1, Model: llama-3.3-70b-versatile)...[39m
2026-03-02 05:26:46:2646 [32minfo[39m: [32mRecorded trust event long_conversation for 4009bace-ec0f-4b32-8668-336067ba3c7d (Trust: 46, Stage: FRIEND)[39m
2026-03-02 05:26:46:2646 [32minfo[39m: [32mUpdated structured memory for user 4009bace-ec0f-4b32-8668-336067ba3c7d[39m
2026-03-02 05:26:47:2647 [32minfo[39m: [32mUpdated conversation summary for d1f1e674-48e0-4d70-ad27-c54d77114e28[39m
2026-03-02 05:26:48:2648 [35mhttp[39m: [35mGET /api/ai/history[39m
2026-03-02 05:27:32:2732 [32minfo[39m: [32mUser disconnected: N68SYsFkKkwPCpfKAAAB[39m
2026-03-02 05:27:32:2732 [32minfo[39m: [32mUser disconnected: jDdFc29QbjoweQV0AAAD[39m
2026-03-02 05:27:32:2732 [35mhttp[39m: [35mGET /api/users/me[39m
2026-03-02 05:27:32:2732 [35mhttp[39m: [35mGET /api/notifications/unread-count[39m
2026-03-02 05:27:32:2732 [35mhttp[39m: [35mGET /api/friends[39m
2026-03-02 05:27:32:2732 [35mhttp[39m: [35mGET /api/communities[39m
2026-03-02 05:27:32:2732 [35mhttp[39m: [35mGET /api/ai/history[39m
2026-03-02 05:27:32:2732 [32minfo[39m: [32mUser connected: 4009bace-ec0f-4b32-8668-336067ba3c7d (8k-d88TqhmzYreN4AAAG)[39m
2026-03-02 05:27:32:2732 [32minfo[39m: [32mUser connected: 4009bace-ec0f-4b32-8668-336067ba3c7d (ZO8Qp2Ukdq8NbS4cAAAH)[39m
2026-03-02 05:27:32:2732 [35mhttp[39m: [35mGET /api/users/me[39m
2026-03-02 05:27:42:2742 [35mhttp[39m: [35mPOST /api/ai/chat[39m
2026-03-02 05:27:42:2742 [32minfo[39m: [32m[AI] Processing message for user 4009bace-ec0f-4b32-8668-336067ba3c7d, conversation d1f1e674-48e0-4d70-ad27-c54d77114e28[39m
2026-03-02 05:27:42:2742 [32minfo[39m: [32m[AI] Fetching context and memory...[39m
2026-03-02 05:27:43:2743 [31merror[39m: [31m[RAG] Failed to save memory to Pinecone: Must pass in at least 1 record to upsert.[39m
2026-03-02 05:27:43:2743 [32minfo[39m: [32m[AI] Context fetched for user 4009bace-ec0f-4b32-8668-336067ba3c7d[39m
2026-03-02 05:27:43:2743 [31merror[39m: [31m[RAG] Failed to search memories in Pinecone: The API key you provided was rejected while calling https://api.pinecone.io/indexes/nova-memory. Please check your configuration values and try again. You can find the configuration values for your project in the Pinecone developer console at https://app.pinecone.io[39m
2026-03-02 05:27:43:2743 [32minfo[39m: [32m[AI] Calling Groq API (Attempt 1, Model: llama-3.3-70b-versatile)...[39m
2026-03-02 05:27:45:2745 [32minfo[39m: [32mUpdated structured memory for user 4009bace-ec0f-4b32-8668-336067ba3c7d[39m
2026-03-02 05:30:22:3022 [35mhttp[39m: [35mPOST /api/ai/chat[39m
2026-03-02 05:30:23:3023 [32minfo[39m: [32m[AI] Processing message for user 4009bace-ec0f-4b32-8668-336067ba3c7d, conversation d1f1e674-48e0-4d70-ad27-c54d77114e28[39m
2026-03-02 05:30:23:3023 [32minfo[39m: [32m[AI] Fetching context and memory...[39m
2026-03-02 05:30:23:3023 [31merror[39m: [31m[RAG] Failed to save memory to Pinecone: Must pass in at least 1 record to upsert.[39m
2026-03-02 05:30:23:3023 [32minfo[39m: [32m[AI] Context fetched for user 4009bace-ec0f-4b32-8668-336067ba3c7d[39m
2026-03-02 05:30:24:3024 [31merror[39m: [31m[RAG] Failed to search memories in Pinecone: The API key you provided was rejected while calling https://api.pinecone.io/indexes/nova-memory. Please check your configuration values and try again. You can find the configuration values for your project in the Pinecone developer console at https://app.pinecone.io[39m
2026-03-02 05:30:24:3024 [32minfo[39m: [32m[AI] Calling Groq API (Attempt 1, Model: llama-3.3-70b-versatile)...[39m
2026-03-02 05:30:25:3025 [32minfo[39m: [32mUpdated structured memory for user 4009bace-ec0f-4b32-8668-336067ba3c7d[39m
2026-03-02 05:30:33:3033 [35mhttp[39m: [35mPOST /api/ai/investigate[39m
2026-03-02 05:30:33:3033 [32minfo[39m: [32m[AI] Processing message for user 4009bace-ec0f-4b32-8668-336067ba3c7d, conversation d1f1e674-48e0-4d70-ad27-c54d77114e28[39m
2026-03-02 05:30:33:3033 [32minfo[39m: [32m[AI] Fetching context and memory...[39m
2026-03-02 05:30:34:3034 [32minfo[39m: [32m[AI] Context fetched for user 4009bace-ec0f-4b32-8668-336067ba3c7d[39m
2026-03-02 05:30:34:3034 [32minfo[39m: [32m[AI] Calling Groq API (Attempt 1, Model: llama-3.1-8b-instant)...[39m
2026-03-02 05:30:40:3040 [35mhttp[39m: [35mPOST /api/ai/investigate[39m
2026-03-02 05:30:40:3040 [32minfo[39m: [32m[AI] Processing message for user 4009bace-ec0f-4b32-8668-336067ba3c7d, conversation d1f1e674-48e0-4d70-ad27-c54d77114e28[39m
2026-03-02 05:30:40:3040 [32minfo[39m: [32m[AI] Fetching context and memory...[39m
2026-03-02 05:30:40:3040 [32minfo[39m: [32m[AI] Context fetched for user 4009bace-ec0f-4b32-8668-336067ba3c7d[39m
2026-03-02 05:30:40:3040 [32minfo[39m: [32m[AI] Calling Groq API (Attempt 1, Model: llama-3.1-8b-instant)...[39m
2026-03-02 05:30:54:3054 [35mhttp[39m: [35mPOST /api/ai/chat[39m
2026-03-02 05:30:55:3055 [32minfo[39m: [32m[AI] Processing message for user 4009bace-ec0f-4b32-8668-336067ba3c7d, conversation d1f1e674-48e0-4d70-ad27-c54d77114e28[39m
2026-03-02 05:30:55:3055 [32minfo[39m: [32m[AI] Fetching context and memory...[39m
2026-03-02 05:30:55:3055 [31merror[39m: [31m[RAG] Failed to save memory to Pinecone: Must pass in at least 1 record to upsert.[39m
2026-03-02 05:30:56:3056 [32minfo[39m: [32m[AI] Context fetched for user 4009bace-ec0f-4b32-8668-336067ba3c7d[39m
2026-03-02 05:30:56:3056 [31merror[39m: [31m[RAG] Failed to search memories in Pinecone: The API key you provided was rejected while calling https://api.pinecone.io/indexes/nova-memory. Please check your configuration values and try again. You can find the configuration values for your project in the Pinecone developer console at https://app.pinecone.io[39m
2026-03-02 05:30:56:3056 [32minfo[39m: [32m[AI] Calling Groq API (Attempt 1, Model: llama-3.3-70b-versatile)...[39m
2026-03-02 05:30:58:3058 [32minfo[39m: [32mUpdated structured memory for user 4009bace-ec0f-4b32-8668-336067ba3c7d[39m
2026-03-02 06:00:00:00 [32minfo[39m: [32mRunning background check for proactive Nova messages (daily check-in)...[39m
2026-03-02 06:57:26:5726 [35mhttp[39m: [35mPOST /api/ai/investigate[39m
2026-03-02 06:57:27:5727 [32minfo[39m: [32mUser disconnected: ZO8Qp2Ukdq8NbS4cAAAH[39m
2026-03-02 06:57:27:5727 [32minfo[39m: [32mUser disconnected: 8k-d88TqhmzYreN4AAAG[39m
2026-03-02 06:57:31:5731 [35mhttp[39m: [35mPOST /api/auth/login[39m
2026-03-02 06:57:33:5733 [35mhttp[39m: [35mGET /api/users/me[39m
2026-03-02 06:57:33:5733 [35mhttp[39m: [35mGET /api/notifications/unread-count[39m
2026-03-02 06:57:33:5733 [35mhttp[39m: [35mGET /api/friends[39m
2026-03-02 06:57:33:5733 [35mhttp[39m: [35mGET /api/communities[39m
2026-03-02 06:57:33:5733 [35mhttp[39m: [35mGET /api/ai/history[39m
2026-03-02 06:57:33:5733 [35mhttp[39m: [35mGET /api/users/me[39m
2026-03-02 06:57:33:5733 [32minfo[39m: [32mUser connected: 4009bace-ec0f-4b32-8668-336067ba3c7d (Cb_W2KjNbP0k6T5BAAAN)[39m
2026-03-02 06:57:33:5733 [32minfo[39m: [32mUser connected: 4009bace-ec0f-4b32-8668-336067ba3c7d (X-CxuOrAaBxSmjJyAAAP)[39m
2026-03-02 06:57:33:5733 [32minfo[39m: [32mUser connected: 4009bace-ec0f-4b32-8668-336067ba3c7d (DCI9vAvG97AN0Ay8AAAM)[39m
2026-03-02 06:57:33:5733 [32minfo[39m: [32mUser connected: 4009bace-ec0f-4b32-8668-336067ba3c7d (RtLfDlQjsQ_bxPnlAAAO)[39m
2026-03-02 06:57:34:5734 [35mhttp[39m: [35mGET /api/users/me[39m
2026-03-02 06:57:34:5734 [35mhttp[39m: [35mGET /api/notifications/unread-count[39m
2026-03-02 06:57:34:5734 [35mhttp[39m: [35mGET /api/communities[39m
2026-03-02 06:57:34:5734 [35mhttp[39m: [35mGET /api/ai/history[39m
2026-03-02 06:57:34:5734 [35mhttp[39m: [35mGET /api/users/me[39m
2026-03-02 06:57:34:5734 [35mhttp[39m: [35mGET /api/friends[39m
2026-03-02 06:57:48:5748 [35mhttp[39m: [35mPOST /api/ai/chat[39m
2026-03-02 06:57:48:5748 [32minfo[39m: [32m[AI] Processing message for user 4009bace-ec0f-4b32-8668-336067ba3c7d, conversation d1f1e674-48e0-4d70-ad27-c54d77114e28[39m
2026-03-02 06:57:48:5748 [32minfo[39m: [32m[AI] Fetching context and memory...[39m
2026-03-02 06:57:48:5748 [32minfo[39m: [32m[AI] Context fetched for user 4009bace-ec0f-4b32-8668-336067ba3c7d[39m
2026-03-02 06:57:49:5749 [31merror[39m: [31m[RAG] Failed to save memory to Pinecone: Must pass in at least 1 record to upsert.[39m
2026-03-02 06:57:50:5750 [31merror[39m: [31m[RAG] Failed to search memories in Pinecone: The API key you provided was rejected while calling https://api.pinecone.io/indexes/nova-memory. Please check your configuration values and try again. You can find the configuration values for your project in the Pinecone developer console at https://app.pinecone.io[39m
2026-03-02 06:57:50:5750 [32minfo[39m: [32m[AI] Calling Groq API (Attempt 1, Model: llama-3.3-70b-versatile)...[39m
2026-03-02 06:57:51:5751 [32minfo[39m: [32mUpdated structured memory for user 4009bace-ec0f-4b32-8668-336067ba3c7d[39m
2026-03-02 06:59:26:5926 [32minfo[39m: [32mConnected to PostgreSQL database[39m
2026-03-02 06:59:26:5926 [32minfo[39m: [32mSoulLink Backend running in development mode on port 4000[39m
2026-03-02 06:59:27:5927 [32minfo[39m: [32mStarting AI Companion cron jobs...[39m
2026-03-02 06:59:27:5927 [35mhttp[39m: [35mGET /api/users/me[39m
2026-03-02 06:59:27:5927 [35mhttp[39m: [35mGET /api/ai/history[39m
2026-03-02 06:59:27:5927 [32minfo[39m: [32mPresence Reset: Set 1 users to OFFLINE on startup[39m
2026-03-02 06:59:27:5927 [32minfo[39m: [32mUser connected: 4009bace-ec0f-4b32-8668-336067ba3c7d (b6Jof1KJAKocEgHXAAAE)[39m
2026-03-02 06:59:27:5927 [32minfo[39m: [32mUser connected: 4009bace-ec0f-4b32-8668-336067ba3c7d (C8r9Ksm33yuXZ4hnAAAC)[39m
2026-03-02 06:59:27:5927 [32minfo[39m: [32mUser connected: 4009bace-ec0f-4b32-8668-336067ba3c7d (b5v_HK7npzFQzcj7AAAF)[39m
2026-03-02 06:59:28:5928 [32minfo[39m: [32mUser connected: 4009bace-ec0f-4b32-8668-336067ba3c7d (safpubLfdUiNdqfwAAAH)[39m
2026-03-02 06:59:51:5951 [32minfo[39m: [32mUser disconnected: C8r9Ksm33yuXZ4hnAAAC[39m
2026-03-02 06:59:51:5951 [32minfo[39m: [32mUser disconnected: safpubLfdUiNdqfwAAAH[39m
2026-03-02 06:59:51:5951 [32minfo[39m: [32mUser disconnected: b5v_HK7npzFQzcj7AAAF[39m
2026-03-02 06:59:51:5951 [32minfo[39m: [32mUser disconnected: b6Jof1KJAKocEgHXAAAE[39m
2026-03-02 06:59:52:5952 [35mhttp[39m: [35mGET /api/users/me[39m
2026-03-02 06:59:52:5952 [35mhttp[39m: [35mGET /api/notifications/unread-count[39m
2026-03-02 06:59:52:5952 [35mhttp[39m: [35mGET /api/friends[39m
2026-03-02 06:59:52:5952 [35mhttp[39m: [35mGET /api/communities[39m
2026-03-02 06:59:52:5952 [35mhttp[39m: [35mGET /api/ai/history[39m
2026-03-02 06:59:52:5952 [32minfo[39m: [32mUser connected: 4009bace-ec0f-4b32-8668-336067ba3c7d (iopRO5DpzUuPIaMdAAAK)[39m
2026-03-02 06:59:52:5952 [35mhttp[39m: [35mGET /api/users/me[39m
2026-03-02 06:59:52:5952 [32minfo[39m: [32mUser connected: 4009bace-ec0f-4b32-8668-336067ba3c7d (gK8Rj-FddCnjyO8HAAAL)[39m
2026-03-02 07:00:00:00 [32minfo[39m: [32mRunning background check for proactive Nova messages (daily check-in)...[39m
2026-03-02 07:00:27:027 [35mhttp[39m: [35mPOST /api/ai/chat[39m
2026-03-02 07:00:28:028 [32minfo[39m: [32m[AI] Processing message for user 4009bace-ec0f-4b32-8668-336067ba3c7d, conversation d1f1e674-48e0-4d70-ad27-c54d77114e28[39m
2026-03-02 07:00:28:028 [32minfo[39m: [32m[AI] Fetching context and memory...[39m
2026-03-02 07:00:28:028 [31merror[39m: [31m[RAG] Failed to save memory to Pinecone: Must pass in at least 1 record to upsert.[39m
2026-03-02 07:00:28:028 [32minfo[39m: [32m[AI] Context fetched for user 4009bace-ec0f-4b32-8668-336067ba3c7d[39m
2026-03-02 07:00:29:029 [31merror[39m: [31m[RAG] Failed to search memories in Pinecone: The API key you provided was rejected while calling https://api.pinecone.io/indexes/nova-memory. Please check your configuration values and try again. You can find the configuration values for your project in the Pinecone developer console at https://app.pinecone.io[39m
2026-03-02 07:00:29:029 [32minfo[39m: [32m[AI] Calling Groq API (Attempt 1, Model: llama-3.3-70b-versatile)...[39m
2026-03-02 07:00:31:031 [32minfo[39m: [32mUpdated structured memory for user 4009bace-ec0f-4b32-8668-336067ba3c7d[39m
2026-03-02 07:00:49:049 [35mhttp[39m: [35mPOST /api/ai/chat[39m
2026-03-02 07:00:50:050 [32minfo[39m: [32m[AI] Processing message for user 4009bace-ec0f-4b32-8668-336067ba3c7d, conversation d1f1e674-48e0-4d70-ad27-c54d77114e28[39m
2026-03-02 07:00:50:050 [32minfo[39m: [32m[AI] Fetching context and memory...[39m
2026-03-02 07:00:50:050 [31merror[39m: [31m[RAG] Failed to save memory to Pinecone: Must pass in at least 1 record to upsert.[39m
2026-03-02 07:00:50:050 [32minfo[39m: [32m[AI] Context fetched for user 4009bace-ec0f-4b32-8668-336067ba3c7d[39m
2026-03-02 07:00:51:051 [31merror[39m: [31m[RAG] Failed to search memories in Pinecone: The API key you provided was rejected while calling https://api.pinecone.io/indexes/nova-memory. Please check your configuration values and try again. You can find the configuration values for your project in the Pinecone developer console at https://app.pinecone.io[39m
2026-03-02 07:00:51:051 [32minfo[39m: [32m[AI] Calling Groq API (Attempt 1, Model: llama-3.3-70b-versatile)...[39m
2026-03-02 07:00:53:053 [32minfo[39m: [32mUpdated structured memory for user 4009bace-ec0f-4b32-8668-336067ba3c7d[39m
2026-03-02 07:01:17:117 [35mhttp[39m: [35mPOST /api/ai/chat[39m
2026-03-02 07:01:17:117 [32minfo[39m: [32m[AI] Processing message for user 4009bace-ec0f-4b32-8668-336067ba3c7d, conversation d1f1e674-48e0-4d70-ad27-c54d77114e28[39m
2026-03-02 07:01:17:117 [32minfo[39m: [32m[AI] Fetching context and memory...[39m
2026-03-02 07:01:17:117 [31merror[39m: [31m[RAG] Failed to save memory to Pinecone: Must pass in at least 1 record to upsert.[39m
2026-03-02 07:01:18:118 [32minfo[39m: [32m[AI] Context fetched for user 4009bace-ec0f-4b32-8668-336067ba3c7d[39m
2026-03-02 07:01:18:118 [31merror[39m: [31m[RAG] Failed to search memories in Pinecone: The API key you provided was rejected while calling https://api.pinecone.io/indexes/nova-memory. Please check your configuration values and try again. You can find the configuration values for your project in the Pinecone developer console at https://app.pinecone.io[39m
2026-03-02 07:01:18:118 [32minfo[39m: [32m[AI] Calling Groq API (Attempt 1, Model: llama-3.3-70b-versatile)...[39m
2026-03-02 07:01:20:120 [32minfo[39m: [32mUpdated structured memory for user 4009bace-ec0f-4b32-8668-336067ba3c7d[39m
2026-03-02 07:20:24:2024 [32minfo[39m: [32mUser disconnected: gK8Rj-FddCnjyO8HAAAL[39m
2026-03-02 07:20:24:2024 [32minfo[39m: [32mUser disconnected: iopRO5DpzUuPIaMdAAAK[39m
2026-03-02 16:20:40:2040 [31merror[39m: [31mPresence Offline Error for 4009bace-ec0f-4b32-8668-336067ba3c7d: [39m
[31mInvalid `prisma.user.update()` invocation in[39m
[31mD:\pfe\pfe 0.3\soullink-backend\src\server.ts:103:39[39m

[31m  100 userSockets.delete(user.id);[39m
[31m  101 // Last connection closed: set offline[39m
[31m  102 try {[39m
[31m→ 103     await prisma.user.update([39m
[31mCan't reach database server at `ep-withered-salad-agxzvgfm-pooler.c-2.eu-central-1.aws.neon.tech:5432`[39m

[31mPlease make sure your database server is running at `ep-withered-salad-agxzvgfm-pooler.c-2.eu-central-1.aws.neon.tech:5432`.[39m
2026-03-02 16:20:45:2045 [31merror[39m: [31mSocket Auth: JWT verification failed for socket b3d010JpDhAh-I5pAAAO. Error: jwt expired[39m
2026-03-02 16:20:45:2045 [31merror[39m: [31mSocket Auth: JWT verification failed for socket lQKzdJzBMvjyNpKNAAAP. Error: jwt expired[39m
2026-03-02 16:24:24:2424 [35mhttp[39m: [35mGET /api/ai/history[39m
2026-03-02 16:24:31:2431 [35mhttp[39m: [35mPOST /api/auth/login[39m
2026-03-02 16:24:34:2434 [35mhttp[39m: [35mGET /api/users/me[39m
2026-03-02 16:24:34:2434 [35mhttp[39m: [35mGET /api/notifications/unread-count[39m
2026-03-02 16:24:34:2434 [35mhttp[39m: [35mGET /api/friends[39m
2026-03-02 16:24:34:2434 [35mhttp[39m: [35mGET /api/communities[39m
2026-03-02 16:24:34:2434 [35mhttp[39m: [35mGET /api/ai/history[39m
2026-03-02 16:24:34:2434 [35mhttp[39m: [35mGET /api/users/me[39m
2026-03-02 16:24:34:2434 [32minfo[39m: [32mUser connected: 4009bace-ec0f-4b32-8668-336067ba3c7d (5sBGNLF3Z8F5ScmgAAAV)[39m
2026-03-02 16:24:34:2434 [32minfo[39m: [32mUser connected: 4009bace-ec0f-4b32-8668-336067ba3c7d (URUmgdqcuckVKilYAAAX)[39m
2026-03-02 16:24:34:2434 [32minfo[39m: [32mUser connected: 4009bace-ec0f-4b32-8668-336067ba3c7d (RBDNOFCxTgLJh_hYAAAU)[39m
2026-03-02 16:24:34:2434 [32minfo[39m: [32mUser connected: 4009bace-ec0f-4b32-8668-336067ba3c7d (b6lXpfPsy3T5fjH3AAAW)[39m
2026-03-02 16:24:34:2434 [35mhttp[39m: [35mGET /api/communities[39m
2026-03-02 16:24:34:2434 [35mhttp[39m: [35mGET /api/users/me[39m
2026-03-02 16:24:34:2434 [35mhttp[39m: [35mGET /api/notifications/unread-count[39m
2026-03-02 16:24:35:2435 [35mhttp[39m: [35mGET /api/ai/history[39m
2026-03-02 16:24:35:2435 [35mhttp[39m: [35mGET /api/friends[39m
2026-03-02 16:24:35:2435 [35mhttp[39m: [35mGET /api/users/me[39m
2026-03-02 16:24:43:2443 [35mhttp[39m: [35mPOST /api/ai/chat[39m
2026-03-02 16:24:43:2443 [32minfo[39m: [32m[AI] Processing message for user 4009bace-ec0f-4b32-8668-336067ba3c7d, conversation d1f1e674-48e0-4d70-ad27-c54d77114e28[39m
2026-03-02 16:24:43:2443 [32minfo[39m: [32m[AI] Fetching context and memory...[39m
2026-03-02 16:24:43:2443 [32minfo[39m: [32m[AI] Context fetched for user 4009bace-ec0f-4b32-8668-336067ba3c7d[39m
2026-03-02 16:24:43:2443 [31merror[39m: [31m[RAG] Failed to save memory to Pinecone: Must pass in at least 1 record to upsert.[39m
2026-03-02 16:24:44:2444 [31merror[39m: [31m[RAG] Failed to search memories in Pinecone: The API key you provided was rejected while calling https://api.pinecone.io/indexes/nova-memory. Please check your configuration values and try again. You can find the configuration values for your project in the Pinecone developer console at https://app.pinecone.io[39m
2026-03-02 16:24:44:2444 [32minfo[39m: [32m[AI] Calling Groq API (Attempt 1, Model: llama-3.3-70b-versatile)...[39m
2026-03-02 16:24:45:2445 [32minfo[39m: [32mUpdated structured memory for user 4009bace-ec0f-4b32-8668-336067ba3c7d[39m
2026-03-02 16:25:05:255 [35mhttp[39m: [35mPOST /api/ai/chat[39m
2026-03-02 16:25:05:255 [32minfo[39m: [32m[AI] Processing message for user 4009bace-ec0f-4b32-8668-336067ba3c7d, conversation d1f1e674-48e0-4d70-ad27-c54d77114e28[39m
2026-03-02 16:25:05:255 [32minfo[39m: [32m[AI] Fetching context and memory...[39m
2026-03-02 16:25:05:255 [31merror[39m: [31m[RAG] Failed to save memory to Pinecone: Must pass in at least 1 record to upsert.[39m
2026-03-02 16:25:05:255 [32minfo[39m: [32m[AI] Context fetched for user 4009bace-ec0f-4b32-8668-336067ba3c7d[39m
2026-03-02 16:25:07:257 [31merror[39m: [31m[RAG] Failed to search memories in Pinecone: The API key you provided was rejected while calling https://api.pinecone.io/indexes/nova-memory. Please check your configuration values and try again. You can find the configuration values for your project in the Pinecone developer console at https://app.pinecone.io[39m
2026-03-02 16:25:07:257 [32minfo[39m: [32m[AI] Calling Groq API (Attempt 1, Model: llama-3.3-70b-versatile)...[39m
2026-03-02 16:25:08:258 [32minfo[39m: [32mUpdated structured memory for user 4009bace-ec0f-4b32-8668-336067ba3c7d[39m
2026-03-02 16:25:34:2534 [32minfo[39m: [32mUser disconnected: URUmgdqcuckVKilYAAAX[39m
2026-03-02 16:25:34:2534 [32minfo[39m: [32mUser disconnected: RBDNOFCxTgLJh_hYAAAU[39m
2026-03-02 16:25:34:2534 [32minfo[39m: [32mUser disconnected: 5sBGNLF3Z8F5ScmgAAAV[39m
2026-03-02 16:25:34:2534 [32minfo[39m: [32mUser disconnected: b6lXpfPsy3T5fjH3AAAW[39m
2026-03-02 18:07:30:730 [31merror[39m: [31mSocket Auth: JWT verification failed for socket eJJV8Mmgz09oYnzYAAAZ. Error: jwt expired[39m
2026-03-02 18:07:31:731 [31merror[39m: [31mSocket Auth: JWT verification failed for socket bdoaqIPNKpDHScNhAAAd. Error: jwt expired[39m
2026-03-02 18:07:31:731 [31merror[39m: [31mSocket Auth: JWT verification failed for socket kjIc0LVrlezRlD80AAAe. Error: jwt expired[39m
2026-03-02 18:07:31:731 [31merror[39m: [31mSocket Auth: JWT verification failed for socket AV-6p4S0bMPAuGmTAAAf. Error: jwt expired[39m
2026-03-02 19:00:00:00 [32minfo[39m: [32mRunning background check for proactive Nova messages (daily check-in)...[39m
2026-03-03 00:00:00:00 [32minfo[39m: [32mRunning background check for proactive Nova messages (daily check-in)...[39m
2026-03-03 01:00:00:00 [32minfo[39m: [32mRunning background check for proactive Nova messages (daily check-in)...[39m
2026-03-03 01:00:05:05 [31merror[39m: [31mError in AI cron job: [39m
[31mInvalid `prisma.aIConversation.findMany()` invocation in[39m
[31mD:\pfe\pfe 0.3\soullink-backend\src\modules\ai-companion\ai.cron.ts:21:69[39m

[31m  18 // We want to find conversations where the LATEST message is older than 24 hours[39m
[31m  19 // This is a bit complex in Prisma, so let's find all conversations,[39m
[31m  20 // get their latest message, and see if it's old.[39m
[31m→ 21 const staledConversations = await prisma.aIConversation.findMany([39m
[31mCan't reach database server at `ep-withered-salad-agxzvgfm-pooler.c-2.eu-central-1.aws.neon.tech:5432`[39m

[31mPlease make sure your database server is running at `ep-withered-salad-agxzvgfm-pooler.c-2.eu-central-1.aws.neon.tech:5432`.[39m
2026-03-03 02:00:00:00 [32minfo[39m: [32mRunning background check for proactive Nova messages (daily check-in)...[39m
2026-03-03 03:00:00:00 [32minfo[39m: [32mRunning background check for proactive Nova messages (daily check-in)...[39m
2026-03-03 04:00:00:00 [32minfo[39m: [32mRunning background check for proactive Nova messages (daily check-in)...[39m
2026-03-03 05:00:00:00 [32minfo[39m: [32mRunning background check for proactive Nova messages (daily check-in)...[39m
2026-03-03 06:00:00:00 [32minfo[39m: [32mRunning background check for proactive Nova messages (daily check-in)...[39m
2026-03-03 07:00:00:00 [32minfo[39m: [32mRunning background check for proactive Nova messages (daily check-in)...[39m
2026-03-03 16:12:11:1211 [32minfo[39m: [32mConnected to PostgreSQL database[39m
2026-03-03 16:12:11:1211 [32minfo[39m: [32mSoulLink Backend running in development mode on port 4000[39m
2026-03-03 16:12:11:1211 [32minfo[39m: [32mStarting AI Companion cron jobs...[39m
2026-03-03 16:12:11:1211 [32minfo[39m: [32mPresence Reset: Set 0 users to OFFLINE on startup[39m
2026-03-03 16:18:43:1843 [35mhttp[39m: [35mPOST /api/auth/login[39m
2026-03-03 16:18:50:1850 [35mhttp[39m: [35mGET /api/users/me[39m
2026-03-03 16:18:50:1850 [35mhttp[39m: [35mGET /api/notifications/unread-count[39m
2026-03-03 16:18:50:1850 [35mhttp[39m: [35mGET /api/friends[39m
2026-03-03 16:18:50:1850 [35mhttp[39m: [35mGET /api/ai/history[39m
2026-03-03 16:18:50:1850 [35mhttp[39m: [35mGET /api/communities[39m
2026-03-03 16:18:51:1851 [35mhttp[39m: [35mGET /api/users/me[39m
2026-03-03 16:18:51:1851 [32minfo[39m: [32mUser connected: 4009bace-ec0f-4b32-8668-336067ba3c7d (m8zv1MjYVvMWkuzlAAAG)[39m
2026-03-03 16:18:51:1851 [32minfo[39m: [32mUser connected: 4009bace-ec0f-4b32-8668-336067ba3c7d (Ay8d7hUz308D-JOKAAAE)[39m
2026-03-03 16:18:51:1851 [32minfo[39m: [32mUser connected: 4009bace-ec0f-4b32-8668-336067ba3c7d (khx46AP2Iq3h0no-AAAF)[39m
2026-03-03 16:18:51:1851 [32minfo[39m: [32mUser connected: 4009bace-ec0f-4b32-8668-336067ba3c7d (PWYS2eWILJToRsixAAAH)[39m
2026-03-03 16:18:51:1851 [35mhttp[39m: [35mGET /api/communities[39m
2026-03-03 16:18:51:1851 [35mhttp[39m: [35mGET /api/notifications/unread-count[39m
2026-03-03 16:18:51:1851 [35mhttp[39m: [35mGET /api/users/me[39m
2026-03-03 16:18:51:1851 [35mhttp[39m: [35mGET /api/ai/history[39m
2026-03-03 16:18:51:1851 [35mhttp[39m: [35mGET /api/friends[39m
2026-03-03 16:18:52:1852 [35mhttp[39m: [35mGET /api/users/me[39m
2026-03-03 16:18:59:1859 [35mhttp[39m: [35mPOST /api/ai/chat[39m
2026-03-03 16:18:59:1859 [32minfo[39m: [32m[AI] Processing message for user 4009bace-ec0f-4b32-8668-336067ba3c7d, conversation d1f1e674-48e0-4d70-ad27-c54d77114e28[39m
2026-03-03 16:19:00:190 [32minfo[39m: [32m[AI] Fetching context and memory...[39m
2026-03-03 16:19:01:191 [32minfo[39m: [32m[AI] Context fetched for user 4009bace-ec0f-4b32-8668-336067ba3c7d[39m
2026-03-03 16:19:01:191 [31merror[39m: [31m[RAG] Failed to save memory to Pinecone: Must pass in at least 1 record to upsert.[39m
2026-03-03 16:19:02:192 [31merror[39m: [31m[RAG] Failed to search memories in Pinecone: The API key you provided was rejected while calling https://api.pinecone.io/indexes/nova-memory. Please check your configuration values and try again. You can find the configuration values for your project in the Pinecone developer console at https://app.pinecone.io[39m
2026-03-03 16:19:02:192 [32minfo[39m: [32m[AI] Calling Groq API (Attempt 1, Model: llama-3.3-70b-versatile)...[39m
2026-03-03 16:19:03:193 [32minfo[39m: [32mRecorded trust event long_conversation for 4009bace-ec0f-4b32-8668-336067ba3c7d (Trust: 49, Stage: FRIEND)[39m
2026-03-03 16:19:04:194 [32minfo[39m: [32mUpdated structured memory for user 4009bace-ec0f-4b32-8668-336067ba3c7d[39m
2026-03-03 16:19:15:1915 [35mhttp[39m: [35mPOST /api/ai/chat[39m
2026-03-03 16:19:16:1916 [32minfo[39m: [32m[AI] Processing message for user 4009bace-ec0f-4b32-8668-336067ba3c7d, conversation d1f1e674-48e0-4d70-ad27-c54d77114e28[39m
2026-03-03 16:19:16:1916 [32minfo[39m: [32m[AI] Fetching context and memory...[39m
2026-03-03 16:19:16:1916 [31merror[39m: [31m[RAG] Failed to save memory to Pinecone: Must pass in at least 1 record to upsert.[39m
2026-03-03 16:19:17:1917 [32minfo[39m: [32m[AI] Context fetched for user 4009bace-ec0f-4b32-8668-336067ba3c7d[39m
2026-03-03 16:19:17:1917 [31merror[39m: [31m[RAG] Failed to search memories in Pinecone: The API key you provided was rejected while calling https://api.pinecone.io/indexes/nova-memory. Please check your configuration values and try again. You can find the configuration values for your project in the Pinecone developer console at https://app.pinecone.io[39m
2026-03-03 16:19:17:1917 [32minfo[39m: [32m[AI] Calling Groq API (Attempt 1, Model: llama-3.3-70b-versatile)...[39m
2026-03-03 16:19:19:1919 [32minfo[39m: [32mUpdated structured memory for user 4009bace-ec0f-4b32-8668-336067ba3c7d[39m
2026-03-03 16:47:35:4735 [35mhttp[39m: [35mGET /api/ai/history[39m
2026-03-03 16:54:50:5450 [35mhttp[39m: [35mGET /api/ai/history[39m
2026-03-03 16:55:00:550 [35mhttp[39m: [35mPOST /api/ai/investigate[39m
2026-03-03 16:55:00:550 [32minfo[39m: [32m[AI] Processing message for user 4009bace-ec0f-4b32-8668-336067ba3c7d, conversation d1f1e674-48e0-4d70-ad27-c54d77114e28[39m
2026-03-03 16:55:00:550 [32minfo[39m: [32m[AI] Fetching context and memory...[39m
2026-03-03 16:55:01:551 [32minfo[39m: [32m[AI] Context fetched for user 4009bace-ec0f-4b32-8668-336067ba3c7d[39m
2026-03-03 16:55:01:551 [32minfo[39m: [32m[AI] Calling Groq API (Attempt 1, Model: llama-3.1-8b-instant)...[39m
2026-03-03 16:55:35:5535 [32minfo[39m: [32mUser disconnected: Ay8d7hUz308D-JOKAAAE[39m
2026-03-03 16:55:35:5535 [32minfo[39m: [32mUser disconnected: PWYS2eWILJToRsixAAAH[39m
2026-03-03 16:55:35:5535 [32minfo[39m: [32mUser disconnected: m8zv1MjYVvMWkuzlAAAG[39m
2026-03-03 16:55:35:5535 [32minfo[39m: [32mUser disconnected: khx46AP2Iq3h0no-AAAF[39m
2026-03-03 16:55:36:5536 [35mhttp[39m: [35mGET /api/users/me[39m
2026-03-03 16:55:36:5536 [35mhttp[39m: [35mGET /api/notifications/unread-count[39m
2026-03-03 16:55:36:5536 [35mhttp[39m: [35mGET /api/friends[39m
2026-03-03 16:55:36:5536 [35mhttp[39m: [35mGET /api/communities[39m
2026-03-03 16:55:36:5536 [35mhttp[39m: [35mGET /api/ai/history[39m
2026-03-03 16:55:36:5536 [32minfo[39m: [32mUser connected: 4009bace-ec0f-4b32-8668-336067ba3c7d (hEgUXIb0a9pdbE9GAAAK)[39m
2026-03-03 16:55:36:5536 [32minfo[39m: [32mUser connected: 4009bace-ec0f-4b32-8668-336067ba3c7d (vYdfMciVbFoGz6N8AAAL)[39m
2026-03-03 16:55:36:5536 [35mhttp[39m: [35mGET /api/users/me[39m
2026-03-03 16:58:18:5818 [32minfo[39m: [32mUser disconnected: hEgUXIb0a9pdbE9GAAAK[39m
2026-03-03 16:58:18:5818 [32minfo[39m: [32mUser disconnected: vYdfMciVbFoGz6N8AAAL[39m
2026-03-03 16:58:18:5818 [35mhttp[39m: [35mGET /api/users/me[39m
2026-03-03 16:58:18:5818 [35mhttp[39m: [35mGET /api/notifications/unread-count[39m
2026-03-03 16:58:18:5818 [35mhttp[39m: [35mGET /api/friends[39m
2026-03-03 16:58:18:5818 [35mhttp[39m: [35mGET /api/communities[39m
2026-03-03 16:58:18:5818 [35mhttp[39m: [35mGET /api/ai/history[39m
2026-03-03 16:58:19:5819 [32minfo[39m: [32mUser connected: 4009bace-ec0f-4b32-8668-336067ba3c7d (78mXKCFAtGuqrh1VAAAO)[39m
2026-03-03 16:58:19:5819 [32minfo[39m: [32mUser connected: 4009bace-ec0f-4b32-8668-336067ba3c7d (iKXgcC3zznGC-ckHAAAP)[39m
2026-03-03 16:58:19:5819 [35mhttp[39m: [35mGET /api/users/me[39m
2026-03-03 17:00:00:00 [32minfo[39m: [32mRunning background check for proactive Nova messages (daily check-in)...[39m
2026-03-03 17:02:01:21 [35mhttp[39m: [35mPOST /api/ai/chat[39m
2026-03-03 17:02:02:22 [32minfo[39m: [32m[AI] Processing message for user 4009bace-ec0f-4b32-8668-336067ba3c7d, conversation d1f1e674-48e0-4d70-ad27-c54d77114e28[39m
2026-03-03 17:02:02:22 [32minfo[39m: [32m[AI] Fetching context and memory...[39m
2026-03-03 17:02:03:23 [31merror[39m: [31m[RAG] Failed to save memory to Pinecone: Must pass in at least 1 record to upsert.[39m
2026-03-03 17:02:03:23 [32minfo[39m: [32m[AI] Context fetched for user 4009bace-ec0f-4b32-8668-336067ba3c7d[39m
2026-03-03 17:02:04:24 [31merror[39m: [31m[RAG] Failed to search memories in Pinecone: The API key you provided was rejected while calling https://api.pinecone.io/indexes/nova-memory. Please check your configuration values and try again. You can find the configuration values for your project in the Pinecone developer console at https://app.pinecone.io[39m
2026-03-03 17:02:04:24 [32minfo[39m: [32m[AI] Calling Groq API (Attempt 1, Model: llama-3.3-70b-versatile)...[39m
2026-03-03 17:02:05:25 [32minfo[39m: [32mRecorded trust event insult for 4009bace-ec0f-4b32-8668-336067ba3c7d (Trust: 39, Stage: FAMILIAR)[39m
2026-03-03 17:02:05:25 [32minfo[39m: [32mUpdated structured memory for user 4009bace-ec0f-4b32-8668-336067ba3c7d[39m
2026-03-03 17:02:09:29 [35mhttp[39m: [35mPOST /api/ai/chat[39m
2026-03-03 17:02:10:210 [32minfo[39m: [32m[AI] Processing message for user 4009bace-ec0f-4b32-8668-336067ba3c7d, conversation d1f1e674-48e0-4d70-ad27-c54d77114e28[39m
2026-03-03 17:02:10:210 [32minfo[39m: [32m[AI] Fetching context and memory...[39m
2026-03-03 17:02:10:210 [31merror[39m: [31m[RAG] Failed to save memory to Pinecone: Must pass in at least 1 record to upsert.[39m
2026-03-03 17:02:10:210 [32minfo[39m: [32m[AI] Context fetched for user 4009bace-ec0f-4b32-8668-336067ba3c7d[39m
2026-03-03 17:02:11:211 [31merror[39m: [31m[RAG] Failed to search memories in Pinecone: The API key you provided was rejected while calling https://api.pinecone.io/indexes/nova-memory. Please check your configuration values and try again. You can find the configuration values for your project in the Pinecone developer console at https://app.pinecone.io[39m
2026-03-03 17:02:11:211 [32minfo[39m: [32m[AI] Calling Groq API (Attempt 1, Model: llama-3.3-70b-versatile)...[39m
2026-03-03 17:02:12:212 [32minfo[39m: [32mRecorded trust event insult for 4009bace-ec0f-4b32-8668-336067ba3c7d (Trust: 29, Stage: FAMILIAR)[39m
2026-03-03 17:02:13:213 [32minfo[39m: [32mUpdated structured memory for user 4009bace-ec0f-4b32-8668-336067ba3c7d[39m
2026-03-03 17:02:17:217 [35mhttp[39m: [35mPOST /api/ai/chat[39m
2026-03-03 17:02:17:217 [32minfo[39m: [32m[AI] Processing message for user 4009bace-ec0f-4b32-8668-336067ba3c7d, conversation d1f1e674-48e0-4d70-ad27-c54d77114e28[39m
2026-03-03 17:02:18:218 [32minfo[39m: [32m[AI] Fetching context and memory...[39m
2026-03-03 17:02:18:218 [31merror[39m: [31m[RAG] Failed to save memory to Pinecone: Must pass in at least 1 record to upsert.[39m
2026-03-03 17:02:18:218 [32minfo[39m: [32m[AI] Context fetched for user 4009bace-ec0f-4b32-8668-336067ba3c7d[39m
2026-03-03 17:02:18:218 [35mhttp[39m: [35mGET /api/ai/history[39m
2026-03-03 17:02:19:219 [31merror[39m: [31m[RAG] Failed to search memories in Pinecone: The API key you provided was rejected while calling https://api.pinecone.io/indexes/nova-memory. Please check your configuration values and try again. You can find the configuration values for your project in the Pinecone developer console at https://app.pinecone.io[39m
2026-03-03 17:02:19:219 [32minfo[39m: [32m[AI] Calling Groq API (Attempt 1, Model: llama-3.3-70b-versatile)...[39m
2026-03-03 17:02:20:220 [32minfo[39m: [32mRecorded trust event insult for 4009bace-ec0f-4b32-8668-336067ba3c7d (Trust: 19, Stage: NEW)[39m
2026-03-03 17:02:21:221 [32minfo[39m: [32mUpdated structured memory for user 4009bace-ec0f-4b32-8668-336067ba3c7d[39m
2026-03-03 17:02:25:225 [35mhttp[39m: [35mPOST /api/ai/chat[39m
2026-03-03 17:02:25:225 [32minfo[39m: [32m[AI] Processing message for user 4009bace-ec0f-4b32-8668-336067ba3c7d, conversation d1f1e674-48e0-4d70-ad27-c54d77114e28[39m
2026-03-03 17:02:25:225 [32minfo[39m: [32m[AI] Fetching context and memory...[39m
2026-03-03 17:02:25:225 [32minfo[39m: [32m[AI] Context fetched for user 4009bace-ec0f-4b32-8668-336067ba3c7d[39m
2026-03-03 17:02:25:225 [31merror[39m: [31m[RAG] Failed to save memory to Pinecone: Must pass in at least 1 record to upsert.[39m
2026-03-03 17:02:26:226 [31merror[39m: [31m[RAG] Failed to search memories in Pinecone: The API key you provided was rejected while calling https://api.pinecone.io/indexes/nova-memory. Please check your configuration values and try again. You can find the configuration values for your project in the Pinecone developer console at https://app.pinecone.io[39m
2026-03-03 17:02:26:226 [32minfo[39m: [32m[AI] Calling Groq API (Attempt 1, Model: llama-3.3-70b-versatile)...[39m
2026-03-03 17:02:27:227 [32minfo[39m: [32mRecorded trust event insult for 4009bace-ec0f-4b32-8668-336067ba3c7d (Trust: 9, Stage: NEW)[39m
2026-03-03 17:02:27:227 [32minfo[39m: [32mUpdated structured memory for user 4009bace-ec0f-4b32-8668-336067ba3c7d[39m
2026-03-03 17:02:28:228 [32minfo[39m: [32mUpdated conversation summary for d1f1e674-48e0-4d70-ad27-c54d77114e28[39m
2026-03-03 17:02:36:236 [35mhttp[39m: [35mPOST /api/ai/chat[39m
2026-03-03 17:02:36:236 [32minfo[39m: [32m[AI] Processing message for user 4009bace-ec0f-4b32-8668-336067ba3c7d, conversation d1f1e674-48e0-4d70-ad27-c54d77114e28[39m
2026-03-03 17:02:36:236 [32minfo[39m: [32m[AI] Fetching context and memory...[39m
2026-03-03 17:02:37:237 [32minfo[39m: [32m[AI] Context fetched for user 4009bace-ec0f-4b32-8668-336067ba3c7d[39m
2026-03-03 17:02:37:237 [31merror[39m: [31m[RAG] Failed to save memory to Pinecone: Must pass in at least 1 record to upsert.[39m
2026-03-03 17:02:37:237 [31merror[39m: [31m[RAG] Failed to search memories in Pinecone: The API key you provided was rejected while calling https://api.pinecone.io/indexes/nova-memory. Please check your configuration values and try again. You can find the configuration values for your project in the Pinecone developer console at https://app.pinecone.io[39m
2026-03-03 17:02:37:237 [32minfo[39m: [32m[AI] Calling Groq API (Attempt 1, Model: llama-3.3-70b-versatile)...[39m
2026-03-03 17:02:38:238 [32minfo[39m: [32mRecorded trust event insult for 4009bace-ec0f-4b32-8668-336067ba3c7d (Trust: 0, Stage: NEW)[39m
2026-03-03 17:02:38:238 [32minfo[39m: [32mUpdated structured memory for user 4009bace-ec0f-4b32-8668-336067ba3c7d[39m
2026-03-03 17:02:43:243 [35mhttp[39m: [35mPOST /api/ai/chat[39m
2026-03-03 17:02:43:243 [32minfo[39m: [32m[AI] Processing message for user 4009bace-ec0f-4b32-8668-336067ba3c7d, conversation d1f1e674-48e0-4d70-ad27-c54d77114e28[39m
2026-03-03 17:02:43:243 [32minfo[39m: [32m[AI] Fetching context and memory...[39m
2026-03-03 17:02:44:244 [31merror[39m: [31m[RAG] Failed to save memory to Pinecone: Must pass in at least 1 record to upsert.[39m
2026-03-03 17:02:44:244 [32minfo[39m: [32m[AI] Context fetched for user 4009bace-ec0f-4b32-8668-336067ba3c7d[39m
2026-03-03 17:02:44:244 [31merror[39m: [31m[RAG] Failed to search memories in Pinecone: The API key you provided was rejected while calling https://api.pinecone.io/indexes/nova-memory. Please check your configuration values and try again. You can find the configuration values for your project in the Pinecone developer console at https://app.pinecone.io[39m
2026-03-03 17:02:44:244 [32minfo[39m: [32m[AI] Calling Groq API (Attempt 1, Model: llama-3.3-70b-versatile)...[39m
2026-03-03 17:02:45:245 [31merror[39m: [31m[AI] Groq API Error (429) on attempt 1:[39m
2026-03-03 17:02:45:245 [33mwarn[39m: [33m[AI] Error 429 on llama-3.3-70b-versatile. Falling back to 8b model...[39m
2026-03-03 17:02:45:245 [32minfo[39m: [32m[AI] Calling Groq API (Attempt 2, Model: llama-3.1-8b-instant)...[39m
2026-03-03 17:02:46:246 [32minfo[39m: [32mRecorded trust event insult for 4009bace-ec0f-4b32-8668-336067ba3c7d (Trust: 0, Stage: NEW)[39m
2026-03-03 17:02:46:246 [32minfo[39m: [32mUpdated structured memory for user 4009bace-ec0f-4b32-8668-336067ba3c7d[39m
2026-03-03 17:05:43:543 [35mhttp[39m: [35mGET /api/users/me[39m
2026-03-03 17:05:43:543 [35mhttp[39m: [35mGET /api/ai/history[39m
2026-03-03 17:06:53:653 [32minfo[39m: [32mConnected to PostgreSQL database[39m
2026-03-03 17:06:53:653 [32minfo[39m: [32mSoulLink Backend running in development mode on port 4000[39m
2026-03-03 17:06:53:653 [32minfo[39m: [32mStarting AI Companion cron jobs...[39m
2026-03-03 17:06:53:653 [32minfo[39m: [32mPresence Reset: Set 1 users to OFFLINE on startup[39m
2026-03-03 17:06:53:653 [35mhttp[39m: [35mGET /api/users/me[39m
2026-03-03 17:06:53:653 [35mhttp[39m: [35mGET /api/notifications/unread-count[39m
2026-03-03 17:06:53:653 [35mhttp[39m: [35mGET /api/friends[39m
2026-03-03 17:06:53:653 [35mhttp[39m: [35mGET /api/communities[39m
2026-03-03 17:06:53:653 [35mhttp[39m: [35mGET /api/ai/history[39m
2026-03-03 17:06:53:653 [32minfo[39m: [32mUser connected: 4009bace-ec0f-4b32-8668-336067ba3c7d (HzucNpZhpGtKl_UmAAAC)[39m
2026-03-03 17:06:54:654 [32minfo[39m: [32mUser connected: 4009bace-ec0f-4b32-8668-336067ba3c7d (oKGEilU6OTYtP2zpAAAD)[39m
2026-03-03 17:06:55:655 [35mhttp[39m: [35mGET /api/users/me[39m
2026-03-03 17:08:23:823 [35mhttp[39m: [35mPOST /api/ai/chat[39m
2026-03-03 17:08:23:823 [32minfo[39m: [32m[AI] Processing message for user 4009bace-ec0f-4b32-8668-336067ba3c7d, conversation d1f1e674-48e0-4d70-ad27-c54d77114e28[39m
2026-03-03 17:08:23:823 [32minfo[39m: [32m[AI] Fetching context and memory...[39m
2026-03-03 17:08:24:824 [31merror[39m: [31m[RAG] Failed to save memory to Pinecone: Must pass in at least 1 record to upsert.[39m
2026-03-03 17:08:24:824 [32minfo[39m: [32m[AI] Context fetched for user 4009bace-ec0f-4b32-8668-336067ba3c7d[39m
2026-03-03 17:08:25:825 [31merror[39m: [31m[RAG] Failed to search memories in Pinecone: The API key you provided was rejected while calling https://api.pinecone.io/indexes/nova-memory. Please check your configuration values and try again. You can find the configuration values for your project in the Pinecone developer console at https://app.pinecone.io[39m
2026-03-03 17:08:25:825 [32minfo[39m: [32m[AI] Calling Groq API (Attempt 1, Model: llama-3.3-70b-versatile)...[39m
2026-03-03 17:08:26:826 [32minfo[39m: [32mRecorded trust event insult for 4009bace-ec0f-4b32-8668-336067ba3c7d (Trust: 0, Stage: NEW)[39m
2026-03-03 17:08:27:827 [32minfo[39m: [32mUpdated structured memory for user 4009bace-ec0f-4b32-8668-336067ba3c7d[39m
2026-03-03 17:08:34:834 [35mhttp[39m: [35mPOST /api/ai/chat[39m
2026-03-03 17:08:34:834 [32minfo[39m: [32m[AI] Processing message for user 4009bace-ec0f-4b32-8668-336067ba3c7d, conversation d1f1e674-48e0-4d70-ad27-c54d77114e28[39m
2026-03-03 17:08:34:834 [32minfo[39m: [32m[AI] Fetching context and memory...[39m
2026-03-03 17:08:34:834 [31merror[39m: [31m[RAG] Failed to save memory to Pinecone: Must pass in at least 1 record to upsert.[39m
2026-03-03 17:08:34:834 [32minfo[39m: [32m[AI] Context fetched for user 4009bace-ec0f-4b32-8668-336067ba3c7d[39m
2026-03-03 17:08:35:835 [31merror[39m: [31m[RAG] Failed to search memories in Pinecone: The API key you provided was rejected while calling https://api.pinecone.io/indexes/nova-memory. Please check your configuration values and try again. You can find the configuration values for your project in the Pinecone developer console at https://app.pinecone.io[39m
2026-03-03 17:08:35:835 [32minfo[39m: [32m[AI] Calling Groq API (Attempt 1, Model: llama-3.3-70b-versatile)...[39m
2026-03-03 17:08:36:836 [32minfo[39m: [32mRecorded trust event insult for 4009bace-ec0f-4b32-8668-336067ba3c7d (Trust: 0, Stage: NEW)[39m
2026-03-03 17:08:37:837 [32minfo[39m: [32mUpdated structured memory for user 4009bace-ec0f-4b32-8668-336067ba3c7d[39m
2026-03-03 17:08:43:843 [35mhttp[39m: [35mPOST /api/ai/chat[39m
2026-03-03 17:08:43:843 [32minfo[39m: [32m[AI] Processing message for user 4009bace-ec0f-4b32-8668-336067ba3c7d, conversation d1f1e674-48e0-4d70-ad27-c54d77114e28[39m
2026-03-03 17:08:43:843 [32minfo[39m: [32m[AI] Fetching context and memory...[39m
2026-03-03 17:08:44:844 [31merror[39m: [31m[RAG] Failed to save memory to Pinecone: Must pass in at least 1 record to upsert.[39m
2026-03-03 17:08:44:844 [32minfo[39m: [32m[AI] Context fetched for user 4009bace-ec0f-4b32-8668-336067ba3c7d[39m
2026-03-03 17:08:44:844 [31merror[39m: [31m[RAG] Failed to search memories in Pinecone: The API key you provided was rejected while calling https://api.pinecone.io/indexes/nova-memory. Please check your configuration values and try again. You can find the configuration values for your project in the Pinecone developer console at https://app.pinecone.io[39m
2026-03-03 17:08:44:844 [32minfo[39m: [32m[AI] Calling Groq API (Attempt 1, Model: llama-3.3-70b-versatile)...[39m
2026-03-03 17:08:45:845 [32minfo[39m: [32mRecorded trust event insult for 4009bace-ec0f-4b32-8668-336067ba3c7d (Trust: 0, Stage: NEW)[39m
2026-03-03 17:08:46:846 [32minfo[39m: [32mRecorded trust event long_conversation for 4009bace-ec0f-4b32-8668-336067ba3c7d (Trust: 3, Stage: NEW)[39m
2026-03-03 17:08:46:846 [32minfo[39m: [32mUpdated structured memory for user 4009bace-ec0f-4b32-8668-336067ba3c7d[39m
2026-03-03 17:08:53:853 [35mhttp[39m: [35mGET /api/ai/history[39m
2026-03-03 17:09:24:924 [35mhttp[39m: [35mPOST /api/ai/chat[39m
2026-03-03 17:09:24:924 [32minfo[39m: [32m[AI] Processing message for user 4009bace-ec0f-4b32-8668-336067ba3c7d, conversation d1f1e674-48e0-4d70-ad27-c54d77114e28[39m
2026-03-03 17:09:24:924 [32minfo[39m: [32m[AI] Fetching context and memory...[39m
2026-03-03 17:09:25:925 [31merror[39m: [31m[RAG] Failed to save memory to Pinecone: Must pass in at least 1 record to upsert.[39m
2026-03-03 17:09:25:925 [32minfo[39m: [32m[AI] Context fetched for user 4009bace-ec0f-4b32-8668-336067ba3c7d[39m
2026-03-03 17:09:25:925 [31merror[39m: [31m[RAG] Failed to search memories in Pinecone: The API key you provided was rejected while calling https://api.pinecone.io/indexes/nova-memory. Please check your configuration values and try again. You can find the configuration values for your project in the Pinecone developer console at https://app.pinecone.io[39m
2026-03-03 17:09:25:925 [32minfo[39m: [32m[AI] Calling Groq API (Attempt 1, Model: llama-3.3-70b-versatile)...[39m
2026-03-03 17:09:27:927 [32minfo[39m: [32mRecorded trust event insult for 4009bace-ec0f-4b32-8668-336067ba3c7d (Trust: 0, Stage: NEW)[39m
2026-03-03 17:09:27:927 [32minfo[39m: [32mUpdated structured memory for user 4009bace-ec0f-4b32-8668-336067ba3c7d[39m
2026-03-03 17:09:48:948 [35mhttp[39m: [35mPOST /api/ai/chat[39m
2026-03-03 17:09:48:948 [32minfo[39m: [32m[AI] Processing message for user 4009bace-ec0f-4b32-8668-336067ba3c7d, conversation d1f1e674-48e0-4d70-ad27-c54d77114e28[39m
2026-03-03 17:09:48:948 [32minfo[39m: [32m[AI] Fetching context and memory...[39m
2026-03-03 17:09:48:948 [32minfo[39m: [32m[AI] Context fetched for user 4009bace-ec0f-4b32-8668-336067ba3c7d[39m
2026-03-03 17:09:49:949 [31merror[39m: [31m[RAG] Failed to save memory to Pinecone: Must pass in at least 1 record to upsert.[39m
2026-03-03 17:09:49:949 [31merror[39m: [31m[RAG] Failed to search memories in Pinecone: The API key you provided was rejected while calling https://api.pinecone.io/indexes/nova-memory. Please check your configuration values and try again. You can find the configuration values for your project in the Pinecone developer console at https://app.pinecone.io[39m
2026-03-03 17:09:49:949 [32minfo[39m: [32m[AI] Calling Groq API (Attempt 1, Model: llama-3.3-70b-versatile)...[39m
2026-03-03 17:09:50:950 [32minfo[39m: [32mUpdated structured memory for user 4009bace-ec0f-4b32-8668-336067ba3c7d[39m
2026-03-03 17:10:29:1029 [35mhttp[39m: [35mPOST /api/ai/chat[39m
2026-03-03 17:10:29:1029 [32minfo[39m: [32m[AI] Processing message for user 4009bace-ec0f-4b32-8668-336067ba3c7d, conversation d1f1e674-48e0-4d70-ad27-c54d77114e28[39m
2026-03-03 17:10:29:1029 [32minfo[39m: [32m[AI] Fetching context and memory...[39m
2026-03-03 17:10:30:1030 [32minfo[39m: [32m[AI] Context fetched for user 4009bace-ec0f-4b32-8668-336067ba3c7d[39m
2026-03-03 17:10:30:1030 [31merror[39m: [31m[RAG] Failed to save memory to Pinecone: Must pass in at least 1 record to upsert.[39m
2026-03-03 17:10:30:1030 [31merror[39m: [31m[RAG] Failed to search memories in Pinecone: The API key you provided was rejected while calling https://api.pinecone.io/indexes/nova-memory. Please check your configuration values and try again. You can find the configuration values for your project in the Pinecone developer console at https://app.pinecone.io[39m
2026-03-03 17:10:30:1030 [32minfo[39m: [32m[AI] Calling Groq API (Attempt 1, Model: llama-3.3-70b-versatile)...[39m
2026-03-03 17:10:32:1032 [32minfo[39m: [32mUpdated structured memory for user 4009bace-ec0f-4b32-8668-336067ba3c7d[39m
2026-03-03 17:10:53:1053 [35mhttp[39m: [35mGET /api/ai/history[39m
2026-03-03 17:10:57:1057 [35mhttp[39m: [35mPOST /api/ai/chat[39m
2026-03-03 17:10:57:1057 [32minfo[39m: [32m[AI] Processing message for user 4009bace-ec0f-4b32-8668-336067ba3c7d, conversation d1f1e674-48e0-4d70-ad27-c54d77114e28[39m
2026-03-03 17:10:57:1057 [32minfo[39m: [32m[AI] Fetching context and memory...[39m
2026-03-03 17:10:58:1058 [31merror[39m: [31m[RAG] Failed to save memory to Pinecone: Must pass in at least 1 record to upsert.[39m
2026-03-03 17:10:59:1059 [32minfo[39m: [32m[AI] Context fetched for user 4009bace-ec0f-4b32-8668-336067ba3c7d[39m
2026-03-03 17:11:00:110 [31merror[39m: [31m[RAG] Failed to search memories in Pinecone: The API key you provided was rejected while calling https://api.pinecone.io/indexes/nova-memory. Please check your configuration values and try again. You can find the configuration values for your project in the Pinecone developer console at https://app.pinecone.io[39m
2026-03-03 17:11:00:110 [32minfo[39m: [32m[AI] Calling Groq API (Attempt 1, Model: llama-3.3-70b-versatile)...[39m
2026-03-03 17:11:03:113 [32minfo[39m: [32mUpdated structured memory for user 4009bace-ec0f-4b32-8668-336067ba3c7d[39m
2026-03-03 17:14:03:143 [32minfo[39m: [32mConnected to PostgreSQL database[39m
2026-03-03 17:14:03:143 [32minfo[39m: [32mSoulLink Backend running in development mode on port 4000[39m
2026-03-03 17:14:03:143 [32minfo[39m: [32mStarting AI Companion cron jobs...[39m
2026-03-03 17:14:03:143 [32minfo[39m: [32mPresence Reset: Set 1 users to OFFLINE on startup[39m
2026-03-03 17:14:05:145 [32minfo[39m: [32mUser connected: 4009bace-ec0f-4b32-8668-336067ba3c7d (AODwcZ-Jd6ZgzxpgAAAC)[39m
2026-03-03 17:14:05:145 [32minfo[39m: [32mUser connected: 4009bace-ec0f-4b32-8668-336067ba3c7d (0gihBPNV8MuEnmLbAAAD)[39m
2026-03-03 17:16:26:1626 [32minfo[39m: [32mUser disconnected: AODwcZ-Jd6ZgzxpgAAAC[39m
2026-03-03 17:16:26:1626 [32minfo[39m: [32mUser disconnected: 0gihBPNV8MuEnmLbAAAD[39m
2026-03-03 17:16:27:1627 [35mhttp[39m: [35mGET /api/users/me[39m
2026-03-03 17:16:27:1627 [35mhttp[39m: [35mGET /api/notifications/unread-count[39m
2026-03-03 17:16:27:1627 [35mhttp[39m: [35mGET /api/friends[39m
2026-03-03 17:16:27:1627 [35mhttp[39m: [35mGET /api/communities[39m
2026-03-03 17:16:27:1627 [35mhttp[39m: [35mGET /api/ai/history[39m
2026-03-03 17:16:27:1627 [35mhttp[39m: [35mGET /api/users/me[39m
2026-03-03 17:16:27:1627 [32minfo[39m: [32mUser connected: 4009bace-ec0f-4b32-8668-336067ba3c7d (4J9MmA0dFO2fEYo2AAAG)[39m
2026-03-03 17:16:27:1627 [32minfo[39m: [32mUser connected: 4009bace-ec0f-4b32-8668-336067ba3c7d (3oIzk937TctQSd_6AAAH)[39m
2026-03-03 17:16:32:1632 [35mhttp[39m: [35mPOST /api/ai/chat[39m
2026-03-03 17:16:33:1633 [32minfo[39m: [32m[AI] Processing message for user 4009bace-ec0f-4b32-8668-336067ba3c7d, conversation d1f1e674-48e0-4d70-ad27-c54d77114e28[39m
2026-03-03 17:16:33:1633 [32minfo[39m: [32m[AI] Fetching context and memory...[39m
2026-03-03 17:16:33:1633 [31merror[39m: [31m[RAG] Failed to save memory to Pinecone: Must pass in at least 1 record to upsert.[39m
2026-03-03 17:16:33:1633 [32minfo[39m: [32m[AI] Context fetched for user 4009bace-ec0f-4b32-8668-336067ba3c7d[39m
2026-03-03 17:16:34:1634 [31merror[39m: [31m[RAG] Failed to search memories in Pinecone: The API key you provided was rejected while calling https://api.pinecone.io/indexes/nova-memory. Please check your configuration values and try again. You can find the configuration values for your project in the Pinecone developer console at https://app.pinecone.io[39m
2026-03-03 17:16:34:1634 [32minfo[39m: [32m[AI] Calling Groq API (Attempt 1, Model: llama-3.3-70b-versatile)...[39m
2026-03-03 17:16:36:1636 [32minfo[39m: [32mUpdated structured memory for user 4009bace-ec0f-4b32-8668-336067ba3c7d[39m
2026-03-03 17:16:44:1644 [35mhttp[39m: [35mPOST /api/ai/investigate[39m
2026-03-03 17:16:44:1644 [32minfo[39m: [32m[AI] Processing message for user 4009bace-ec0f-4b32-8668-336067ba3c7d, conversation d1f1e674-48e0-4d70-ad27-c54d77114e28[39m
2026-03-03 17:16:44:1644 [32minfo[39m: [32m[AI] Fetching context and memory...[39m
2026-03-03 17:16:45:1645 [32minfo[39m: [32m[AI] Context fetched for user 4009bace-ec0f-4b32-8668-336067ba3c7d[39m
2026-03-03 17:16:45:1645 [32minfo[39m: [32m[AI] Calling Groq API (Attempt 1, Model: llama-3.1-8b-instant)...[39m
2026-03-03 17:16:49:1649 [35mhttp[39m: [35mPOST /api/ai/chat[39m
2026-03-03 17:16:50:1650 [32minfo[39m: [32m[AI] Processing message for user 4009bace-ec0f-4b32-8668-336067ba3c7d, conversation d1f1e674-48e0-4d70-ad27-c54d77114e28[39m
2026-03-03 17:16:50:1650 [32minfo[39m: [32m[AI] Fetching context and memory...[39m
2026-03-03 17:16:50:1650 [31merror[39m: [31m[RAG] Failed to save memory to Pinecone: Must pass in at least 1 record to upsert.[39m
2026-03-03 17:16:50:1650 [32minfo[39m: [32m[AI] Context fetched for user 4009bace-ec0f-4b32-8668-336067ba3c7d[39m
2026-03-03 17:16:51:1651 [31merror[39m: [31m[RAG] Failed to search memories in Pinecone: The API key you provided was rejected while calling https://api.pinecone.io/indexes/nova-memory. Please check your configuration values and try again. You can find the configuration values for your project in the Pinecone developer console at https://app.pinecone.io[39m
2026-03-03 17:16:51:1651 [32minfo[39m: [32m[AI] Calling Groq API (Attempt 1, Model: llama-3.3-70b-versatile)...[39m
2026-03-03 17:16:52:1652 [32minfo[39m: [32mUpdated structured memory for user 4009bace-ec0f-4b32-8668-336067ba3c7d[39m
2026-03-03 17:17:01:171 [35mhttp[39m: [35mPOST /api/ai/chat[39m
2026-03-03 17:17:01:171 [32minfo[39m: [32m[AI] Processing message for user 4009bace-ec0f-4b32-8668-336067ba3c7d, conversation d1f1e674-48e0-4d70-ad27-c54d77114e28[39m
2026-03-03 17:17:01:171 [32minfo[39m: [32m[AI] Fetching context and memory...[39m
2026-03-03 17:17:01:171 [31merror[39m: [31m[RAG] Failed to save memory to Pinecone: Must pass in at least 1 record to upsert.[39m
2026-03-03 17:17:02:172 [32minfo[39m: [32m[AI] Context fetched for user 4009bace-ec0f-4b32-8668-336067ba3c7d[39m
2026-03-03 17:17:02:172 [31merror[39m: [31m[RAG] Failed to search memories in Pinecone: The API key you provided was rejected while calling https://api.pinecone.io/indexes/nova-memory. Please check your configuration values and try again. You can find the configuration values for your project in the Pinecone developer console at https://app.pinecone.io[39m
2026-03-03 17:17:02:172 [32minfo[39m: [32m[AI] Calling Groq API (Attempt 1, Model: llama-3.3-70b-versatile)...[39m
2026-03-03 17:17:04:174 [32minfo[39m: [32mUpdated structured memory for user 4009bace-ec0f-4b32-8668-336067ba3c7d[39m
2026-03-03 17:17:23:1723 [35mhttp[39m: [35mPOST /api/ai/investigate[39m
2026-03-03 17:17:23:1723 [32minfo[39m: [32m[AI] Processing message for user 4009bace-ec0f-4b32-8668-336067ba3c7d, conversation d1f1e674-48e0-4d70-ad27-c54d77114e28[39m
2026-03-03 17:17:23:1723 [32minfo[39m: [32m[AI] Fetching context and memory...[39m
2026-03-03 17:17:24:1724 [32minfo[39m: [32m[AI] Context fetched for user 4009bace-ec0f-4b32-8668-336067ba3c7d[39m
2026-03-03 17:17:24:1724 [32minfo[39m: [32m[AI] Calling Groq API (Attempt 1, Model: llama-3.1-8b-instant)...[39m
2026-03-03 17:17:31:1731 [35mhttp[39m: [35mPOST /api/ai/chat[39m
2026-03-03 17:17:31:1731 [32minfo[39m: [32m[AI] Processing message for user 4009bace-ec0f-4b32-8668-336067ba3c7d, conversation d1f1e674-48e0-4d70-ad27-c54d77114e28[39m
2026-03-03 17:17:31:1731 [32minfo[39m: [32m[AI] Fetching context and memory...[39m
2026-03-03 17:17:32:1732 [31merror[39m: [31m[RAG] Failed to save memory to Pinecone: Must pass in at least 1 record to upsert.[39m
2026-03-03 17:17:32:1732 [32minfo[39m: [32m[AI] Context fetched for user 4009bace-ec0f-4b32-8668-336067ba3c7d[39m
2026-03-03 17:17:32:1732 [31merror[39m: [31m[RAG] Failed to search memories in Pinecone: The API key you provided was rejected while calling https://api.pinecone.io/indexes/nova-memory. Please check your configuration values and try again. You can find the configuration values for your project in the Pinecone developer console at https://app.pinecone.io[39m
2026-03-03 17:17:32:1732 [32minfo[39m: [32m[AI] Calling Groq API (Attempt 1, Model: llama-3.3-70b-versatile)...[39m
2026-03-03 17:17:34:1734 [32minfo[39m: [32mUpdated structured memory for user 4009bace-ec0f-4b32-8668-336067ba3c7d[39m
2026-03-03 17:17:52:1752 [35mhttp[39m: [35mPOST /api/ai/investigate[39m
2026-03-03 17:17:52:1752 [32minfo[39m: [32m[AI] Processing message for user 4009bace-ec0f-4b32-8668-336067ba3c7d, conversation d1f1e674-48e0-4d70-ad27-c54d77114e28[39m
2026-03-03 17:17:52:1752 [32minfo[39m: [32m[AI] Fetching context and memory...[39m
2026-03-03 17:17:53:1753 [32minfo[39m: [32m[AI] Context fetched for user 4009bace-ec0f-4b32-8668-336067ba3c7d[39m
2026-03-03 17:17:53:1753 [32minfo[39m: [32m[AI] Calling Groq API (Attempt 1, Model: llama-3.1-8b-instant)...[39m
2026-03-03 17:18:26:1826 [35mhttp[39m: [35mPOST /api/ai/chat[39m
2026-03-03 17:18:26:1826 [32minfo[39m: [32m[AI] Processing message for user 4009bace-ec0f-4b32-8668-336067ba3c7d, conversation d1f1e674-48e0-4d70-ad27-c54d77114e28[39m
2026-03-03 17:18:27:1827 [32minfo[39m: [32m[AI] Fetching context and memory...[39m
2026-03-03 17:18:27:1827 [35mhttp[39m: [35mGET /api/ai/history[39m
2026-03-03 17:18:27:1827 [32minfo[39m: [32m[AI] Context fetched for user 4009bace-ec0f-4b32-8668-336067ba3c7d[39m
2026-03-03 17:18:27:1827 [31merror[39m: [31m[RAG] Failed to save memory to Pinecone: Must pass in at least 1 record to upsert.[39m
2026-03-03 17:18:28:1828 [31merror[39m: [31m[RAG] Failed to search memories in Pinecone: The API key you provided was rejected while calling https://api.pinecone.io/indexes/nova-memory. Please check your configuration values and try again. You can find the configuration values for your project in the Pinecone developer console at https://app.pinecone.io[39m
2026-03-03 17:18:28:1828 [32minfo[39m: [32m[AI] Calling Groq API (Attempt 1, Model: llama-3.3-70b-versatile)...[39m
2026-03-03 17:18:29:1829 [32minfo[39m: [32mUpdated structured memory for user 4009bace-ec0f-4b32-8668-336067ba3c7d[39m
2026-03-03 17:19:23:1923 [35mhttp[39m: [35mPOST /api/ai/investigate[39m
2026-03-03 17:19:23:1923 [32minfo[39m: [32mUser disconnected: 3oIzk937TctQSd_6AAAH[39m
2026-03-03 17:19:23:1923 [32minfo[39m: [32mUser disconnected: 4J9MmA0dFO2fEYo2AAAG[39m
2026-03-03 17:27:49:2749 [32minfo[39m: [32mConnected to PostgreSQL database[39m
2026-03-03 17:27:49:2749 [32minfo[39m: [32mSoulLink Backend running in development mode on port 4000[39m
2026-03-03 17:27:49:2749 [32minfo[39m: [32mStarting AI Companion cron jobs...[39m
2026-03-03 17:27:50:2750 [32minfo[39m: [32mPresence Reset: Set 0 users to OFFLINE on startup[39m
2026-03-03 17:29:55:2955 [35mhttp[39m: [35mPOST /api/auth/login[39m
2026-03-03 17:29:59:2959 [35mhttp[39m: [35mGET /api/users/me[39m
2026-03-03 17:29:59:2959 [35mhttp[39m: [35mGET /api/notifications/unread-count[39m
2026-03-03 17:29:59:2959 [35mhttp[39m: [35mGET /api/friends[39m
2026-03-03 17:29:59:2959 [35mhttp[39m: [35mGET /api/communities[39m
2026-03-03 17:29:59:2959 [35mhttp[39m: [35mGET /api/ai/history[39m
2026-03-03 17:30:00:300 [35mhttp[39m: [35mGET /api/users/me[39m
2026-03-03 17:30:00:300 [32minfo[39m: [32mUser connected: 4009bace-ec0f-4b32-8668-336067ba3c7d (Nxh_eLdd_Z0cRMbzAAAF)[39m
2026-03-03 17:30:00:300 [32minfo[39m: [32mUser connected: 4009bace-ec0f-4b32-8668-336067ba3c7d (HtXPgGNKVhjtBhYjAAAH)[39m
2026-03-03 17:30:00:300 [32minfo[39m: [32mUser connected: 4009bace-ec0f-4b32-8668-336067ba3c7d (gh2NSM8fwZv9khRWAAAG)[39m
2026-03-03 17:30:00:300 [32minfo[39m: [32mUser connected: 4009bace-ec0f-4b32-8668-336067ba3c7d (_zck-gAXCVhvatrNAAAE)[39m
2026-03-03 17:30:00:300 [35mhttp[39m: [35mGET /api/communities[39m
2026-03-03 17:30:01:301 [35mhttp[39m: [35mGET /api/notifications/unread-count[39m
2026-03-03 17:30:01:301 [35mhttp[39m: [35mGET /api/users/me[39m
2026-03-03 17:30:01:301 [35mhttp[39m: [35mGET /api/ai/history[39m
2026-03-03 17:30:01:301 [35mhttp[39m: [35mGET /api/friends[39m
2026-03-03 17:30:01:301 [35mhttp[39m: [35mGET /api/users/me[39m
2026-03-03 17:33:06:336 [32minfo[39m: [32mConnected to PostgreSQL database[39m
2026-03-03 17:33:06:336 [32minfo[39m: [32mSoulLink Backend running in development mode on port 4000[39m
2026-03-03 17:33:06:336 [32minfo[39m: [32mStarting AI Companion cron jobs...[39m
2026-03-03 17:33:06:336 [32minfo[39m: [32mPresence Reset: Set 1 users to OFFLINE on startup[39m
2026-03-03 17:33:06:336 [32minfo[39m: [32mUser connected: 4009bace-ec0f-4b32-8668-336067ba3c7d (khQLimyeVmFq9kKuAAAE)[39m
2026-03-03 17:33:06:336 [32minfo[39m: [32mUser connected: 4009bace-ec0f-4b32-8668-336067ba3c7d (TQzZ2vDjvx0rC3o9AAAH)[39m
2026-03-03 17:33:06:336 [32minfo[39m: [32mUser connected: 4009bace-ec0f-4b32-8668-336067ba3c7d (sP2IXKawi3JI-HNzAAAF)[39m
2026-03-03 17:33:06:336 [32minfo[39m: [32mUser connected: 4009bace-ec0f-4b32-8668-336067ba3c7d (fuQ-hzGyIAGckQsdAAAG)[39m
2026-03-03 17:38:35:3835 [35mhttp[39m: [35mPOST /api/ai/chat[39m
2026-03-03 17:38:37:3837 [32minfo[39m: [32m[AI] Processing message for user 4009bace-ec0f-4b32-8668-336067ba3c7d, conversation d1f1e674-48e0-4d70-ad27-c54d77114e28[39m
2026-03-03 17:38:37:3837 [32minfo[39m: [32m[AI] Fetching context and memory...[39m
2026-03-03 17:38:38:3838 [31merror[39m: [31m[RAG] Failed to save memory to Pinecone: Must pass in at least 1 record to upsert.[39m
2026-03-03 17:38:38:3838 [32minfo[39m: [32m[AI] Context fetched for user 4009bace-ec0f-4b32-8668-336067ba3c7d[39m
2026-03-03 17:38:39:3839 [31merror[39m: [31m[RAG] Failed to search memories in Pinecone: The API key you provided was rejected while calling https://api.pinecone.io/indexes/nova-memory. Please check your configuration values and try again. You can find the configuration values for your project in the Pinecone developer console at https://app.pinecone.io[39m
2026-03-03 17:38:39:3839 [32minfo[39m: [32m[AI] Calling Groq API (Attempt 1, Model: llama-3.3-70b-versatile)...[39m
2026-03-03 17:38:40:3840 [32minfo[39m: [32mRecorded trust event long_conversation for 4009bace-ec0f-4b32-8668-336067ba3c7d (Trust: 3, Stage: NEW)[39m
2026-03-03 17:38:41:3841 [32minfo[39m: [32mUpdated structured memory for user 4009bace-ec0f-4b32-8668-336067ba3c7d[39m
2026-03-03 17:38:42:3842 [32minfo[39m: [32mUpdated conversation summary for d1f1e674-48e0-4d70-ad27-c54d77114e28[39m
2026-03-03 17:39:05:395 [35mhttp[39m: [35mPOST /api/ai/chat[39m
2026-03-03 17:39:06:396 [32minfo[39m: [32m[AI] Processing message for user 4009bace-ec0f-4b32-8668-336067ba3c7d, conversation d1f1e674-48e0-4d70-ad27-c54d77114e28[39m
2026-03-03 17:39:06:396 [32minfo[39m: [32m[AI] Fetching context and memory...[39m
2026-03-03 17:39:06:396 [31merror[39m: [31m[RAG] Failed to save memory to Pinecone: Must pass in at least 1 record to upsert.[39m
2026-03-03 17:39:07:397 [32minfo[39m: [32m[AI] Context fetched for user 4009bace-ec0f-4b32-8668-336067ba3c7d[39m
2026-03-03 17:39:07:397 [31merror[39m: [31m[RAG] Failed to search memories in Pinecone: The API key you provided was rejected while calling https://api.pinecone.io/indexes/nova-memory. Please check your configuration values and try again. You can find the configuration values for your project in the Pinecone developer console at https://app.pinecone.io[39m
2026-03-03 17:39:07:397 [32minfo[39m: [32m[AI] Calling Groq API (Attempt 1, Model: llama-3.3-70b-versatile)...[39m
2026-03-03 17:39:09:399 [32minfo[39m: [32mUpdated structured memory for user 4009bace-ec0f-4b32-8668-336067ba3c7d[39m
2026-03-03 17:39:22:3922 [35mhttp[39m: [35mPOST /api/ai/chat[39m
2026-03-03 17:39:23:3923 [32minfo[39m: [32m[AI] Processing message for user 4009bace-ec0f-4b32-8668-336067ba3c7d, conversation d1f1e674-48e0-4d70-ad27-c54d77114e28[39m
2026-03-03 17:39:23:3923 [32minfo[39m: [32m[AI] Fetching context and memory...[39m
2026-03-03 17:39:24:3924 [31merror[39m: [31m[RAG] Failed to save memory to Pinecone: Must pass in at least 1 record to upsert.[39m
2026-03-03 17:39:25:3925 [32minfo[39m: [32m[AI] Context fetched for user 4009bace-ec0f-4b32-8668-336067ba3c7d[39m
2026-03-03 17:39:25:3925 [31merror[39m: [31m[RAG] Failed to search memories in Pinecone: The API key you provided was rejected while calling https://api.pinecone.io/indexes/nova-memory. Please check your configuration values and try again. You can find the configuration values for your project in the Pinecone developer console at https://app.pinecone.io[39m
2026-03-03 17:39:25:3925 [32minfo[39m: [32m[AI] Calling Groq API (Attempt 1, Model: llama-3.3-70b-versatile)...[39m
2026-03-03 17:39:27:3927 [32minfo[39m: [32mUpdated structured memory for user 4009bace-ec0f-4b32-8668-336067ba3c7d[39m
2026-03-03 17:39:57:3957 [35mhttp[39m: [35mPOST /api/ai/chat[39m
2026-03-03 17:39:58:3958 [32minfo[39m: [32m[AI] Processing message for user 4009bace-ec0f-4b32-8668-336067ba3c7d, conversation d1f1e674-48e0-4d70-ad27-c54d77114e28[39m
2026-03-03 17:39:58:3958 [32minfo[39m: [32m[AI] Fetching context and memory...[39m
2026-03-03 17:39:58:3958 [31merror[39m: [31m[RAG] Failed to save memory to Pinecone: Must pass in at least 1 record to upsert.[39m
2026-03-03 17:39:58:3958 [32minfo[39m: [32m[AI] Context fetched for user 4009bace-ec0f-4b32-8668-336067ba3c7d[39m
2026-03-03 17:39:59:3959 [35mhttp[39m: [35mGET /api/ai/history[39m
2026-03-03 17:39:59:3959 [31merror[39m: [31m[RAG] Failed to search memories in Pinecone: The API key you provided was rejected while calling https://api.pinecone.io/indexes/nova-memory. Please check your configuration values and try again. You can find the configuration values for your project in the Pinecone developer console at https://app.pinecone.io[39m
2026-03-03 17:39:59:3959 [32minfo[39m: [32m[AI] Calling Groq API (Attempt 1, Model: llama-3.3-70b-versatile)...[39m
2026-03-03 17:40:01:401 [32minfo[39m: [32mUpdated structured memory for user 4009bace-ec0f-4b32-8668-336067ba3c7d[39m
2026-03-03 17:40:16:4016 [35mhttp[39m: [35mPOST /api/ai/investigate[39m
2026-03-03 17:40:17:4017 [32minfo[39m: [32m[AI] Processing message for user 4009bace-ec0f-4b32-8668-336067ba3c7d, conversation d1f1e674-48e0-4d70-ad27-c54d77114e28[39m
2026-03-03 17:40:17:4017 [32minfo[39m: [32m[AI] Fetching context and memory...[39m
2026-03-03 17:40:18:4018 [32minfo[39m: [32m[AI] Context fetched for user 4009bace-ec0f-4b32-8668-336067ba3c7d[39m
2026-03-03 17:40:18:4018 [32minfo[39m: [32m[AI] Calling Groq API (Attempt 1, Model: llama-3.1-8b-instant)...[39m
2026-03-03 17:40:40:4040 [35mhttp[39m: [35mPOST /api/ai/chat[39m
2026-03-03 17:40:41:4041 [32minfo[39m: [32m[AI] Processing message for user 4009bace-ec0f-4b32-8668-336067ba3c7d, conversation d1f1e674-48e0-4d70-ad27-c54d77114e28[39m
2026-03-03 17:40:41:4041 [32minfo[39m: [32m[AI] Fetching context and memory...[39m
2026-03-03 17:40:41:4041 [31merror[39m: [31m[RAG] Failed to save memory to Pinecone: Must pass in at least 1 record to upsert.[39m
2026-03-03 17:40:42:4042 [32minfo[39m: [32m[AI] Context fetched for user 4009bace-ec0f-4b32-8668-336067ba3c7d[39m
2026-03-03 17:40:42:4042 [31merror[39m: [31m[RAG] Failed to search memories in Pinecone: The API key you provided was rejected while calling https://api.pinecone.io/indexes/nova-memory. Please check your configuration values and try again. You can find the configuration values for your project in the Pinecone developer console at https://app.pinecone.io[39m
2026-03-03 17:40:42:4042 [32minfo[39m: [32m[AI] Calling Groq API (Attempt 1, Model: llama-3.3-70b-versatile)...[39m
2026-03-03 17:40:44:4044 [32minfo[39m: [32mUpdated structured memory for user 4009bace-ec0f-4b32-8668-336067ba3c7d[39m
2026-03-03 17:40:48:4048 [35mhttp[39m: [35mPOST /api/ai/chat[39m
2026-03-03 17:40:49:4049 [32minfo[39m: [32m[AI] Processing message for user 4009bace-ec0f-4b32-8668-336067ba3c7d, conversation d1f1e674-48e0-4d70-ad27-c54d77114e28[39m
2026-03-03 17:40:49:4049 [32minfo[39m: [32m[AI] Fetching context and memory...[39m
2026-03-03 17:40:49:4049 [31merror[39m: [31m[RAG] Failed to save memory to Pinecone: Must pass in at least 1 record to upsert.[39m
2026-03-03 17:40:50:4050 [32minfo[39m: [32m[AI] Context fetched for user 4009bace-ec0f-4b32-8668-336067ba3c7d[39m
2026-03-03 17:40:50:4050 [31merror[39m: [31m[RAG] Failed to search memories in Pinecone: The API key you provided was rejected while calling https://api.pinecone.io/indexes/nova-memory. Please check your configuration values and try again. You can find the configuration values for your project in the Pinecone developer console at https://app.pinecone.io[39m
2026-03-03 17:40:50:4050 [32minfo[39m: [32m[AI] Calling Groq API (Attempt 1, Model: llama-3.3-70b-versatile)...[39m
2026-03-03 17:40:52:4052 [32minfo[39m: [32mUpdated structured memory for user 4009bace-ec0f-4b32-8668-336067ba3c7d[39m
2026-03-03 17:42:32:4232 [32minfo[39m: [32mConnected to PostgreSQL database[39m
2026-03-03 17:42:32:4232 [32minfo[39m: [32mSoulLink Backend running in development mode on port 4000[39m
2026-03-03 17:42:32:4232 [32minfo[39m: [32mStarting AI Companion cron jobs...[39m
2026-03-03 17:42:33:4233 [32minfo[39m: [32mPresence Reset: Set 1 users to OFFLINE on startup[39m
2026-03-03 17:42:33:4233 [32minfo[39m: [32mUser connected: 4009bace-ec0f-4b32-8668-336067ba3c7d (0g4EEaZKzZIV1pQqAAAC)[39m
2026-03-03 17:42:33:4233 [32minfo[39m: [32mUser connected: 4009bace-ec0f-4b32-8668-336067ba3c7d (m-VoTd_htApXeXrQAAAD)[39m
2026-03-03 17:42:34:4234 [32minfo[39m: [32mUser connected: 4009bace-ec0f-4b32-8668-336067ba3c7d (RYNBoZhOapnPJ0D1AAAG)[39m
2026-03-03 17:42:34:4234 [32minfo[39m: [32mUser connected: 4009bace-ec0f-4b32-8668-336067ba3c7d (hFKtLfwmwKD4EyjFAAAH)[39m
2026-03-03 17:43:23:4323 [32minfo[39m: [32mUser disconnected: 0g4EEaZKzZIV1pQqAAAC[39m
2026-03-03 17:43:23:4323 [32minfo[39m: [32mUser disconnected: hFKtLfwmwKD4EyjFAAAH[39m
2026-03-03 17:43:23:4323 [32minfo[39m: [32mUser disconnected: RYNBoZhOapnPJ0D1AAAG[39m
2026-03-03 17:43:23:4323 [32minfo[39m: [32mUser disconnected: m-VoTd_htApXeXrQAAAD[39m
2026-03-03 17:43:23:4323 [35mhttp[39m: [35mGET /api/users/me[39m
2026-03-03 17:43:23:4323 [35mhttp[39m: [35mGET /api/notifications/unread-count[39m
2026-03-03 17:43:23:4323 [35mhttp[39m: [35mGET /api/friends[39m
2026-03-03 17:43:23:4323 [35mhttp[39m: [35mGET /api/communities[39m
2026-03-03 17:43:23:4323 [35mhttp[39m: [35mGET /api/ai/history[39m
2026-03-03 17:43:24:4324 [32minfo[39m: [32mUser connected: 4009bace-ec0f-4b32-8668-336067ba3c7d (BSptbkCwOrwnm-rqAAAL)[39m
2026-03-03 17:43:24:4324 [32minfo[39m: [32mUser connected: 4009bace-ec0f-4b32-8668-336067ba3c7d (9-e2kmLPDmu0jDMlAAAK)[39m
2026-03-03 17:43:24:4324 [35mhttp[39m: [35mGET /api/users/me[39m
2026-03-03 17:43:37:4337 [35mhttp[39m: [35mPOST /api/ai/chat[39m
2026-03-03 17:43:38:4338 [32minfo[39m: [32m[AI] Processing message for user 4009bace-ec0f-4b32-8668-336067ba3c7d, conversation d1f1e674-48e0-4d70-ad27-c54d77114e28[39m
2026-03-03 17:43:38:4338 [32minfo[39m: [32m[AI] Fetching context and memory...[39m
2026-03-03 17:43:39:4339 [31merror[39m: [31m[RAG] Failed to save memory to Pinecone: Must pass in at least 1 record to upsert.[39m
2026-03-03 17:43:39:4339 [32minfo[39m: [32m[AI] Context fetched for user 4009bace-ec0f-4b32-8668-336067ba3c7d[39m
2026-03-03 17:43:39:4339 [31merror[39m: [31m[RAG] Failed to search memories in Pinecone: The API key you provided was rejected while calling https://api.pinecone.io/indexes/nova-memory. Please check your configuration values and try again. You can find the configuration values for your project in the Pinecone developer console at https://app.pinecone.io[39m
2026-03-03 17:43:39:4339 [32minfo[39m: [32m[AI] Calling Groq API (Attempt 1, Model: llama-3.3-70b-versatile)...[39m
2026-03-03 17:43:41:4341 [32minfo[39m: [32mUpdated structured memory for user 4009bace-ec0f-4b32-8668-336067ba3c7d[39m
2026-03-03 17:44:04:444 [35mhttp[39m: [35mPOST /api/ai/chat[39m
2026-03-03 17:44:04:444 [32minfo[39m: [32m[AI] Processing message for user 4009bace-ec0f-4b32-8668-336067ba3c7d, conversation d1f1e674-48e0-4d70-ad27-c54d77114e28[39m
2026-03-03 17:44:04:444 [32minfo[39m: [32m[AI] Fetching context and memory...[39m
2026-03-03 17:44:05:445 [31merror[39m: [31m[RAG] Failed to save memory to Pinecone: Must pass in at least 1 record to upsert.[39m
2026-03-03 17:44:05:445 [32minfo[39m: [32m[AI] Context fetched for user 4009bace-ec0f-4b32-8668-336067ba3c7d[39m
2026-03-03 17:44:06:446 [31merror[39m: [31m[RAG] Failed to search memories in Pinecone: The API key you provided was rejected while calling https://api.pinecone.io/indexes/nova-memory. Please check your configuration values and try again. You can find the configuration values for your project in the Pinecone developer console at https://app.pinecone.io[39m
2026-03-03 17:44:06:446 [32minfo[39m: [32m[AI] Calling Groq API (Attempt 1, Model: llama-3.3-70b-versatile)...[39m
2026-03-03 17:44:08:448 [32minfo[39m: [32mUpdated structured memory for user 4009bace-ec0f-4b32-8668-336067ba3c7d[39m
2026-03-03 17:44:17:4417 [32minfo[39m: [32mUser disconnected: BSptbkCwOrwnm-rqAAAL[39m
2026-03-03 17:44:17:4417 [32minfo[39m: [32mUser disconnected: 9-e2kmLPDmu0jDMlAAAK[39m
2026-03-03 17:44:17:4417 [35mhttp[39m: [35mGET /api/users/me[39m
2026-03-03 17:44:17:4417 [35mhttp[39m: [35mGET /api/notifications/unread-count[39m
2026-03-03 17:44:17:4417 [35mhttp[39m: [35mGET /api/friends[39m
2026-03-03 17:44:17:4417 [35mhttp[39m: [35mGET /api/communities[39m
2026-03-03 17:44:17:4417 [35mhttp[39m: [35mGET /api/ai/history[39m
2026-03-03 17:44:17:4417 [32minfo[39m: [32mUser connected: 4009bace-ec0f-4b32-8668-336067ba3c7d (Q0G2mWmiRxBtfL3FAAAO)[39m
2026-03-03 17:44:17:4417 [32minfo[39m: [32mUser connected: 4009bace-ec0f-4b32-8668-336067ba3c7d (D5Pd-Zek7570hnsKAAAP)[39m
2026-03-03 17:44:17:4417 [35mhttp[39m: [35mGET /api/users/me[39m
2026-03-03 17:44:36:4436 [35mhttp[39m: [35mPOST /api/ai/chat[39m
2026-03-03 17:44:36:4436 [32minfo[39m: [32m[AI] Processing message for user 4009bace-ec0f-4b32-8668-336067ba3c7d, conversation d1f1e674-48e0-4d70-ad27-c54d77114e28[39m
2026-03-03 17:44:37:4437 [32minfo[39m: [32m[AI] Fetching context and memory...[39m
2026-03-03 17:44:37:4437 [31merror[39m: [31m[RAG] Failed to save memory to Pinecone: Must pass in at least 1 record to upsert.[39m
2026-03-03 17:44:37:4437 [32minfo[39m: [32m[AI] Context fetched for user 4009bace-ec0f-4b32-8668-336067ba3c7d[39m
2026-03-03 17:44:38:4438 [31merror[39m: [31m[RAG] Failed to search memories in Pinecone: The API key you provided was rejected while calling https://api.pinecone.io/indexes/nova-memory. Please check your configuration values and try again. You can find the configuration values for your project in the Pinecone developer console at https://app.pinecone.io[39m
2026-03-03 17:44:38:4438 [32minfo[39m: [32m[AI] Calling Groq API (Attempt 1, Model: llama-3.3-70b-versatile)...[39m
2026-03-03 17:44:40:4440 [32minfo[39m: [32mUpdated structured memory for user 4009bace-ec0f-4b32-8668-336067ba3c7d[39m
2026-03-03 17:45:38:4538 [32minfo[39m: [32mConnected to PostgreSQL database[39m
2026-03-03 17:45:38:4538 [32minfo[39m: [32mSoulLink Backend running in development mode on port 4000[39m
2026-03-03 17:45:38:4538 [32minfo[39m: [32mStarting AI Companion cron jobs...[39m
2026-03-03 17:45:39:4539 [32minfo[39m: [32mPresence Reset: Set 1 users to OFFLINE on startup[39m
2026-03-03 17:45:39:4539 [32minfo[39m: [32mUser connected: 4009bace-ec0f-4b32-8668-336067ba3c7d (Tb6GsUash92HgZHYAAAB)[39m
2026-03-03 17:45:40:4540 [32minfo[39m: [32mUser connected: 4009bace-ec0f-4b32-8668-336067ba3c7d (TT6Z-IZIOcPJNBrKAAAD)[39m
2026-03-03 17:46:11:4611 [32minfo[39m: [32mUser disconnected: Tb6GsUash92HgZHYAAAB[39m
2026-03-03 17:46:11:4611 [32minfo[39m: [32mUser disconnected: TT6Z-IZIOcPJNBrKAAAD[39m
2026-03-03 17:46:11:4611 [35mhttp[39m: [35mGET /api/users/me[39m
2026-03-03 17:46:11:4611 [35mhttp[39m: [35mGET /api/notifications/unread-count[39m
2026-03-03 17:46:11:4611 [35mhttp[39m: [35mGET /api/friends[39m
2026-03-03 17:46:11:4611 [35mhttp[39m: [35mGET /api/communities[39m
2026-03-03 17:46:11:4611 [35mhttp[39m: [35mGET /api/ai/history[39m
2026-03-03 17:46:12:4612 [35mhttp[39m: [35mGET /api/users/me[39m
2026-03-03 17:46:12:4612 [32minfo[39m: [32mUser connected: 4009bace-ec0f-4b32-8668-336067ba3c7d (0IXzsZPBCMhHcQszAAAG)[39m
2026-03-03 17:46:12:4612 [32minfo[39m: [32mUser connected: 4009bace-ec0f-4b32-8668-336067ba3c7d (9kWBqcQpnuhkrVuEAAAH)[39m
2026-03-03 17:46:21:4621 [35mhttp[39m: [35mPOST /api/ai/chat[39m
2026-03-03 17:46:22:4622 [32minfo[39m: [32m[AI] Processing message for user 4009bace-ec0f-4b32-8668-336067ba3c7d, conversation d1f1e674-48e0-4d70-ad27-c54d77114e28[39m
2026-03-03 17:46:22:4622 [32minfo[39m: [32m[AI] Fetching context and memory...[39m
2026-03-03 17:46:22:4622 [31merror[39m: [31m[RAG] Failed to save memory to Pinecone: Must pass in at least 1 record to upsert.[39m
2026-03-03 17:46:23:4623 [32minfo[39m: [32m[AI] Context fetched for user 4009bace-ec0f-4b32-8668-336067ba3c7d[39m
2026-03-03 17:46:23:4623 [31merror[39m: [31m[RAG] Failed to search memories in Pinecone: The API key you provided was rejected while calling https://api.pinecone.io/indexes/nova-memory. Please check your configuration values and try again. You can find the configuration values for your project in the Pinecone developer console at https://app.pinecone.io[39m
2026-03-03 17:46:23:4623 [32minfo[39m: [32m[AI] Calling Groq API (Attempt 1, Model: llama-3.3-70b-versatile)...[39m
2026-03-03 17:46:25:4625 [32minfo[39m: [32mUpdated structured memory for user 4009bace-ec0f-4b32-8668-336067ba3c7d[39m
2026-03-03 17:47:42:4742 [32minfo[39m: [32mConnected to PostgreSQL database[39m
2026-03-03 17:47:42:4742 [32minfo[39m: [32mSoulLink Backend running in development mode on port 4000[39m
2026-03-03 17:47:42:4742 [32minfo[39m: [32mStarting AI Companion cron jobs...[39m
2026-03-03 17:47:42:4742 [32minfo[39m: [32mPresence Reset: Set 1 users to OFFLINE on startup[39m
2026-03-03 17:47:43:4743 [32minfo[39m: [32mUser connected: 4009bace-ec0f-4b32-8668-336067ba3c7d (0ZZvqO1haWLvjrudAAAB)[39m
2026-03-03 17:47:44:4744 [32minfo[39m: [32mUser connected: 4009bace-ec0f-4b32-8668-336067ba3c7d (iZqBhP8vZmsoLhqCAAAD)[39m
2026-03-03 17:49:41:4941 [32minfo[39m: [32mUser disconnected: 0ZZvqO1haWLvjrudAAAB[39m
2026-03-03 17:49:41:4941 [32minfo[39m: [32mUser disconnected: iZqBhP8vZmsoLhqCAAAD[39m
2026-03-03 17:49:42:4942 [35mhttp[39m: [35mGET /api/users/me[39m
2026-03-03 17:49:42:4942 [35mhttp[39m: [35mGET /api/notifications/unread-count[39m
2026-03-03 17:49:42:4942 [35mhttp[39m: [35mGET /api/friends[39m
2026-03-03 17:49:42:4942 [35mhttp[39m: [35mGET /api/communities[39m
2026-03-03 17:49:42:4942 [35mhttp[39m: [35mGET /api/ai/history[39m
2026-03-03 17:49:42:4942 [35mhttp[39m: [35mGET /api/users/me[39m
2026-03-03 17:49:42:4942 [32minfo[39m: [32mUser connected: 4009bace-ec0f-4b32-8668-336067ba3c7d (XMw_1uB3taP6GZaxAAAH)[39m
2026-03-03 17:49:42:4942 [32minfo[39m: [32mUser connected: 4009bace-ec0f-4b32-8668-336067ba3c7d (94R2vX2K4_1rPzrGAAAG)[39m
2026-03-03 17:49:55:4955 [35mhttp[39m: [35mPOST /api/ai/chat[39m
2026-03-03 17:49:55:4955 [32minfo[39m: [32m[AI] Processing message for user 4009bace-ec0f-4b32-8668-336067ba3c7d, conversation d1f1e674-48e0-4d70-ad27-c54d77114e28[39m
2026-03-03 17:49:55:4955 [32minfo[39m: [32m[AI] Fetching context and memory...[39m
2026-03-03 17:49:56:4956 [31merror[39m: [31m[RAG] Failed to save memory to Pinecone: Must pass in at least 1 record to upsert.[39m
2026-03-03 17:49:56:4956 [32minfo[39m: [32m[AI] Context fetched for user 4009bace-ec0f-4b32-8668-336067ba3c7d[39m
2026-03-03 17:49:57:4957 [31merror[39m: [31m[RAG] Failed to search memories in Pinecone: The API key you provided was rejected while calling https://api.pinecone.io/indexes/nova-memory. Please check your configuration values and try again. You can find the configuration values for your project in the Pinecone developer console at https://app.pinecone.io[39m
2026-03-03 17:49:57:4957 [32minfo[39m: [32m[AI] Calling Groq API (Attempt 1, Model: llama-3.3-70b-versatile)...[39m
2026-03-03 17:49:58:4958 [32minfo[39m: [32mRecorded trust event long_conversation for 4009bace-ec0f-4b32-8668-336067ba3c7d (Trust: 6, Stage: NEW)[39m
2026-03-03 17:49:59:4959 [32minfo[39m: [32mUpdated structured memory for user 4009bace-ec0f-4b32-8668-336067ba3c7d[39m
2026-03-03 17:50:20:5020 [35mhttp[39m: [35mPOST /api/ai/investigate[39m
2026-03-03 17:50:20:5020 [32minfo[39m: [32m[AI] Processing message for user 4009bace-ec0f-4b32-8668-336067ba3c7d, conversation d1f1e674-48e0-4d70-ad27-c54d77114e28[39m
2026-03-03 17:50:20:5020 [32minfo[39m: [32m[AI] Fetching context and memory...[39m
2026-03-03 17:50:21:5021 [32minfo[39m: [32m[AI] Context fetched for user 4009bace-ec0f-4b32-8668-336067ba3c7d[39m
2026-03-03 17:50:21:5021 [32minfo[39m: [32m[AI] Calling Groq API (Attempt 1, Model: llama-3.1-8b-instant)...[39m
2026-03-03 17:50:21:5021 [32minfo[39m: [32mRecorded trust event long_conversation for 4009bace-ec0f-4b32-8668-336067ba3c7d (Trust: 9, Stage: NEW)[39m
2026-03-03 17:50:24:5024 [35mhttp[39m: [35mPOST /api/ai/chat[39m
2026-03-03 17:50:24:5024 [32minfo[39m: [32m[AI] Processing message for user 4009bace-ec0f-4b32-8668-336067ba3c7d, conversation d1f1e674-48e0-4d70-ad27-c54d77114e28[39m
2026-03-03 17:50:24:5024 [32minfo[39m: [32m[AI] Fetching context and memory...[39m
2026-03-03 17:50:24:5024 [31merror[39m: [31m[RAG] Failed to save memory to Pinecone: Must pass in at least 1 record to upsert.[39m
2026-03-03 17:50:25:5025 [32minfo[39m: [32m[AI] Context fetched for user 4009bace-ec0f-4b32-8668-336067ba3c7d[39m
2026-03-03 17:50:25:5025 [31merror[39m: [31m[RAG] Failed to search memories in Pinecone: The API key you provided was rejected while calling https://api.pinecone.io/indexes/nova-memory. Please check your configuration values and try again. You can find the configuration values for your project in the Pinecone developer console at https://app.pinecone.io[39m
2026-03-03 17:50:25:5025 [32minfo[39m: [32m[AI] Calling Groq API (Attempt 1, Model: llama-3.3-70b-versatile)...[39m
2026-03-03 17:50:27:5027 [32minfo[39m: [32mUpdated structured memory for user 4009bace-ec0f-4b32-8668-336067ba3c7d[39m
2026-03-03 17:50:48:5048 [35mhttp[39m: [35mPOST /api/ai/chat[39m
2026-03-03 17:50:48:5048 [32minfo[39m: [32m[AI] Processing message for user 4009bace-ec0f-4b32-8668-336067ba3c7d, conversation d1f1e674-48e0-4d70-ad27-c54d77114e28[39m
2026-03-03 17:50:48:5048 [32minfo[39m: [32m[AI] Fetching context and memory...[39m
2026-03-03 17:50:49:5049 [31merror[39m: [31m[RAG] Failed to save memory to Pinecone: Must pass in at least 1 record to upsert.[39m
2026-03-03 17:50:49:5049 [32minfo[39m: [32m[AI] Context fetched for user 4009bace-ec0f-4b32-8668-336067ba3c7d[39m
2026-03-03 17:50:49:5049 [31merror[39m: [31m[RAG] Failed to search memories in Pinecone: The API key you provided was rejected while calling https://api.pinecone.io/indexes/nova-memory. Please check your configuration values and try again. You can find the configuration values for your project in the Pinecone developer console at https://app.pinecone.io[39m
2026-03-03 17:50:49:5049 [32minfo[39m: [32m[AI] Calling Groq API (Attempt 1, Model: llama-3.3-70b-versatile)...[39m
2026-03-03 17:50:50:5050 [31merror[39m: [31m[AI] Groq API Error (429) on attempt 1:[39m
2026-03-03 17:50:50:5050 [33mwarn[39m: [33m[AI] Error 429 on llama-3.3-70b-versatile. Falling back to 8b model...[39m
2026-03-03 17:50:50:5050 [32minfo[39m: [32m[AI] Calling Groq API (Attempt 2, Model: llama-3.1-8b-instant)...[39m
2026-03-03 17:50:51:5051 [32minfo[39m: [32mUpdated structured memory for user 4009bace-ec0f-4b32-8668-336067ba3c7d[39m
2026-03-03 17:51:00:510 [35mhttp[39m: [35mPOST /api/ai/chat[39m
2026-03-03 17:51:01:511 [32minfo[39m: [32m[AI] Processing message for user 4009bace-ec0f-4b32-8668-336067ba3c7d, conversation d1f1e674-48e0-4d70-ad27-c54d77114e28[39m
2026-03-03 17:51:01:511 [32minfo[39m: [32m[AI] Fetching context and memory...[39m
2026-03-03 17:51:01:511 [31merror[39m: [31m[RAG] Failed to save memory to Pinecone: Must pass in at least 1 record to upsert.[39m
2026-03-03 17:51:01:511 [32minfo[39m: [32m[AI] Context fetched for user 4009bace-ec0f-4b32-8668-336067ba3c7d[39m
2026-03-03 17:51:02:512 [31merror[39m: [31m[RAG] Failed to search memories in Pinecone: The API key you provided was rejected while calling https://api.pinecone.io/indexes/nova-memory. Please check your configuration values and try again. You can find the configuration values for your project in the Pinecone developer console at https://app.pinecone.io[39m
2026-03-03 17:51:02:512 [32minfo[39m: [32m[AI] Calling Groq API (Attempt 1, Model: llama-3.3-70b-versatile)...[39m
2026-03-03 17:51:02:512 [31merror[39m: [31m[AI] Groq API Error (429) on attempt 1:[39m
2026-03-03 17:51:02:512 [33mwarn[39m: [33m[AI] Error 429 on llama-3.3-70b-versatile. Falling back to 8b model...[39m
2026-03-03 17:51:02:512 [32minfo[39m: [32m[AI] Calling Groq API (Attempt 2, Model: llama-3.1-8b-instant)...[39m
2026-03-03 17:51:03:513 [31merror[39m: [31mFact extraction failed: API error[39m
2026-03-03 17:51:18:5118 [35mhttp[39m: [35mPOST /api/ai/investigate[39m
2026-03-03 17:51:19:5119 [32minfo[39m: [32m[AI] Processing message for user 4009bace-ec0f-4b32-8668-336067ba3c7d, conversation d1f1e674-48e0-4d70-ad27-c54d77114e28[39m
2026-03-03 17:51:19:5119 [32minfo[39m: [32m[AI] Fetching context and memory...[39m
2026-03-03 17:51:20:5120 [32minfo[39m: [32m[AI] Context fetched for user 4009bace-ec0f-4b32-8668-336067ba3c7d[39m
2026-03-03 17:51:20:5120 [32minfo[39m: [32m[AI] Calling Groq API (Attempt 1, Model: llama-3.1-8b-instant)...[39m
2026-03-03 17:51:24:5124 [35mhttp[39m: [35mPOST /api/ai/chat[39m
2026-03-03 17:51:24:5124 [32minfo[39m: [32m[AI] Processing message for user 4009bace-ec0f-4b32-8668-336067ba3c7d, conversation d1f1e674-48e0-4d70-ad27-c54d77114e28[39m
2026-03-03 17:51:25:5125 [32minfo[39m: [32m[AI] Fetching context and memory...[39m
2026-03-03 17:51:25:5125 [35mhttp[39m: [35mPOST /api/ai/investigate[39m
2026-03-03 17:51:25:5125 [32minfo[39m: [32m[AI] Processing message for user 4009bace-ec0f-4b32-8668-336067ba3c7d, conversation d1f1e674-48e0-4d70-ad27-c54d77114e28[39m
2026-03-03 17:51:25:5125 [32minfo[39m: [32m[AI] Fetching context and memory...[39m
2026-03-03 17:51:25:5125 [31merror[39m: [31m[RAG] Failed to save memory to Pinecone: Must pass in at least 1 record to upsert.[39m
2026-03-03 17:51:25:5125 [32minfo[39m: [32m[AI] Context fetched for user 4009bace-ec0f-4b32-8668-336067ba3c7d[39m
2026-03-03 17:51:26:5126 [32minfo[39m: [32m[AI] Context fetched for user 4009bace-ec0f-4b32-8668-336067ba3c7d[39m
2026-03-03 17:51:26:5126 [31merror[39m: [31m[RAG] Failed to search memories in Pinecone: The API key you provided was rejected while calling https://api.pinecone.io/indexes/nova-memory. Please check your configuration values and try again. You can find the configuration values for your project in the Pinecone developer console at https://app.pinecone.io[39m
2026-03-03 17:51:26:5126 [32minfo[39m: [32m[AI] Calling Groq API (Attempt 1, Model: llama-3.3-70b-versatile)...[39m
2026-03-03 17:51:26:5126 [32minfo[39m: [32m[AI] Calling Groq API (Attempt 1, Model: llama-3.1-8b-instant)...[39m
2026-03-03 17:51:26:5126 [31merror[39m: [31m[AI] Groq API Error (429) on attempt 1:[39m
2026-03-03 17:51:26:5126 [33mwarn[39m: [33m[AI] Error 429 on llama-3.3-70b-versatile. Falling back to 8b model...[39m
2026-03-03 17:51:26:5126 [32minfo[39m: [32m[AI] Calling Groq API (Attempt 2, Model: llama-3.1-8b-instant)...[39m
2026-03-03 17:51:26:5126 [31merror[39m: [31m[AI] Groq API Error (429) on attempt 1:[39m
2026-03-03 17:51:26:5126 [33mwarn[39m: [33m[AI] Retrying on error 429. Waiting 1s...[39m
2026-03-03 17:51:26:5126 [31merror[39m: [31m[AI] Groq API Error (429) on attempt 2:[39m
2026-03-03 17:51:27:5127 [32minfo[39m: [32m[AI] Calling Groq API (Attempt 2, Model: llama-3.1-8b-instant)...[39m
2026-03-03 17:51:27:5127 [31merror[39m: [31m[AI] Groq API Error (429) on attempt 2:[39m
2026-03-03 17:51:38:5138 [35mhttp[39m: [35mPOST /api/ai/investigate[39m
2026-03-03 17:51:38:5138 [32minfo[39m: [32m[AI] Processing message for user 4009bace-ec0f-4b32-8668-336067ba3c7d, conversation d1f1e674-48e0-4d70-ad27-c54d77114e28[39m
2026-03-03 17:51:38:5138 [32minfo[39m: [32m[AI] Fetching context and memory...[39m
2026-03-03 17:51:39:5139 [32minfo[39m: [32m[AI] Context fetched for user 4009bace-ec0f-4b32-8668-336067ba3c7d[39m
2026-03-03 17:51:39:5139 [32minfo[39m: [32m[AI] Calling Groq API (Attempt 1, Model: llama-3.1-8b-instant)...[39m
2026-03-03 17:51:39:5139 [31merror[39m: [31m[AI] Groq API Error (429) on attempt 1:[39m
2026-03-03 17:51:39:5139 [33mwarn[39m: [33m[AI] Retrying on error 429. Waiting 1s...[39m
2026-03-03 17:51:40:5140 [32minfo[39m: [32m[AI] Calling Groq API (Attempt 2, Model: llama-3.1-8b-instant)...[39m
2026-03-03 17:51:40:5140 [31merror[39m: [31m[AI] Groq API Error (429) on attempt 2:[39m
2026-03-03 18:00:00:00 [32minfo[39m: [32mRunning background check for proactive Nova messages (daily check-in)...[39m
2026-03-03 18:15:26:1526 [32minfo[39m: [32mUser disconnected: 94R2vX2K4_1rPzrGAAAG[39m
2026-03-03 18:15:26:1526 [32minfo[39m: [32mUser disconnected: XMw_1uB3taP6GZaxAAAH[39m
2026-03-03 18:40:33:4033 [31merror[39m: [31mPresence Offline Error for 4009bace-ec0f-4b32-8668-336067ba3c7d: [39m
[31mInvalid `prisma.user.update()` invocation in[39m
[31mD:\pfe\pfe 0.3\soullink-backend\src\server.ts:103:39[39m

[31m  100 userSockets.delete(user.id);[39m
[31m  101 // Last connection closed: set offline[39m
[31m  102 try {[39m
[31m→ 103     await prisma.user.update([39m
[31mCan't reach database server at `ep-withered-salad-agxzvgfm-pooler.c-2.eu-central-1.aws.neon.tech:5432`[39m

[31mPlease make sure your database server is running at `ep-withered-salad-agxzvgfm-pooler.c-2.eu-central-1.aws.neon.tech:5432`.[39m
2026-03-03 18:40:38:4038 [31merror[39m: [31mSocket Auth: JWT verification failed for socket csSYUPR5d3IkwoYNAAAK. Error: jwt expired[39m
2026-03-03 18:40:38:4038 [31merror[39m: [31mSocket Auth: JWT verification failed for socket eKFt2YppxCV5m4awAAAL. Error: jwt expired[39m
2026-03-03 19:00:00:00 [32minfo[39m: [32mRunning background check for proactive Nova messages (daily check-in)...[39m
2026-03-04 00:00:00:00 [32minfo[39m: [32mRunning background check for proactive Nova messages (daily check-in)...[39m
2026-03-04 01:00:00:00 [32minfo[39m: [32mRunning background check for proactive Nova messages (daily check-in)...[39m
2026-03-04 01:00:06:06 [31merror[39m: [31mError in AI cron job: [39m
[31mInvalid `prisma.aIConversation.findMany()` invocation in[39m
[31mD:\pfe\pfe 0.3\soullink-backend\src\modules\ai-companion\ai.cron.ts:21:69[39m

[31m  18 // We want to find conversations where the LATEST message is older than 24 hours[39m
[31m  19 // This is a bit complex in Prisma, so let's find all conversations,[39m
[31m  20 // get their latest message, and see if it's old.[39m
[31m→ 21 const staledConversations = await prisma.aIConversation.findMany([39m
[31mCan't reach database server at `ep-withered-salad-agxzvgfm-pooler.c-2.eu-central-1.aws.neon.tech:5432`[39m

[31mPlease make sure your database server is running at `ep-withered-salad-agxzvgfm-pooler.c-2.eu-central-1.aws.neon.tech:5432`.[39m
2026-03-04 01:12:34:1234 [31merror[39m: [31mSocket Auth: JWT verification failed for socket _QpsbpFoOXtx-MBhAAAO. Error: jwt expired[39m
2026-03-04 01:12:34:1234 [35mhttp[39m: [35mGET /api/users/me[39m
2026-03-04 01:12:34:1234 [31merror[39m: [31mSocket Auth: JWT verification failed for socket Wzdc7CEXU02AaE7MAAAP. Error: jwt expired[39m
2026-03-04 01:12:34:1234 [35mhttp[39m: [35mGET /api/friends[39m
2026-03-04 01:12:34:1234 [35mhttp[39m: [35mGET /api/notifications/unread-count[39m
2026-03-04 01:12:34:1234 [35mhttp[39m: [35mGET /api/communities[39m
2026-03-04 01:12:34:1234 [35mhttp[39m: [35mGET /api/ai/history[39m
2026-03-04 01:12:34:1234 [35mhttp[39m: [35mGET /api/users/me[39m
2026-03-04 01:12:36:1236 [35mhttp[39m: [35mPOST /api/auth/login[39m
2026-03-04 01:12:38:1238 [35mhttp[39m: [35mGET /api/users/me[39m
2026-03-04 01:12:38:1238 [35mhttp[39m: [35mGET /api/notifications/unread-count[39m
2026-03-04 01:12:38:1238 [35mhttp[39m: [35mGET /api/friends[39m
2026-03-04 01:12:38:1238 [35mhttp[39m: [35mGET /api/communities[39m
2026-03-04 01:12:38:1238 [35mhttp[39m: [35mGET /api/ai/history[39m
2026-03-04 01:12:39:1239 [35mhttp[39m: [35mGET /api/users/me[39m
2026-03-04 01:12:39:1239 [32minfo[39m: [32mUser connected: 4009bace-ec0f-4b32-8668-336067ba3c7d (yKuw503hBiYQ_YXkAAAV)[39m
2026-03-04 01:12:39:1239 [32minfo[39m: [32mUser connected: 4009bace-ec0f-4b32-8668-336067ba3c7d (ybtH0JIdxllmXDh1AAAU)[39m
2026-03-04 01:12:39:1239 [32minfo[39m: [32mUser connected: 4009bace-ec0f-4b32-8668-336067ba3c7d (akb6Z-7ZaT-2uYQXAAAX)[39m
2026-03-04 01:12:39:1239 [32minfo[39m: [32mUser connected: 4009bace-ec0f-4b32-8668-336067ba3c7d (zITJARWi9YqiDpqaAAAW)[39m
2026-03-04 01:12:39:1239 [35mhttp[39m: [35mGET /api/notifications/unread-count[39m
2026-03-04 01:12:39:1239 [35mhttp[39m: [35mGET /api/communities[39m
2026-03-04 01:12:39:1239 [35mhttp[39m: [35mGET /api/users/me[39m
2026-03-04 01:12:39:1239 [35mhttp[39m: [35mGET /api/ai/history[39m
2026-03-04 01:12:40:1240 [35mhttp[39m: [35mGET /api/friends[39m
2026-03-04 01:12:40:1240 [35mhttp[39m: [35mGET /api/users/me[39m
2026-03-04 01:12:52:1252 [35mhttp[39m: [35mPOST /api/ai/chat[39m
2026-03-04 01:12:53:1253 [32minfo[39m: [32m[AI] Processing message for user 4009bace-ec0f-4b32-8668-336067ba3c7d, conversation d1f1e674-48e0-4d70-ad27-c54d77114e28[39m
2026-03-04 01:12:53:1253 [32minfo[39m: [32m[AI] Fetching context and memory...[39m
2026-03-04 01:12:54:1254 [32minfo[39m: [32m[AI] Context fetched for user 4009bace-ec0f-4b32-8668-336067ba3c7d[39m
2026-03-04 01:12:54:1254 [31merror[39m: [31m[RAG] Failed to save memory to Pinecone: Must pass in at least 1 record to upsert.[39m
2026-03-04 01:12:55:1255 [31merror[39m: [31m[RAG] Failed to search memories in Pinecone: The API key you provided was rejected while calling https://api.pinecone.io/indexes/nova-memory. Please check your configuration values and try again. You can find the configuration values for your project in the Pinecone developer console at https://app.pinecone.io[39m
2026-03-04 01:12:55:1255 [32minfo[39m: [32m[AI] Calling Groq API (Attempt 1, Model: llama-3.3-70b-versatile)...[39m
2026-03-04 01:12:56:1256 [32minfo[39m: [32mRecorded trust event emotional_moment for 4009bace-ec0f-4b32-8668-336067ba3c7d (Trust: 14, Stage: NEW)[39m
2026-03-04 01:12:57:1257 [32minfo[39m: [32mUpdated structured memory for user 4009bace-ec0f-4b32-8668-336067ba3c7d[39m
2026-03-04 01:13:08:138 [35mhttp[39m: [35mPOST /api/ai/chat[39m
2026-03-04 01:13:09:139 [32minfo[39m: [32m[AI] Processing message for user 4009bace-ec0f-4b32-8668-336067ba3c7d, conversation d1f1e674-48e0-4d70-ad27-c54d77114e28[39m
2026-03-04 01:13:09:139 [32minfo[39m: [32m[AI] Fetching context and memory...[39m
2026-03-04 01:13:09:139 [31merror[39m: [31m[RAG] Failed to save memory to Pinecone: Must pass in at least 1 record to upsert.[39m
2026-03-04 01:13:10:1310 [32minfo[39m: [32m[AI] Context fetched for user 4009bace-ec0f-4b32-8668-336067ba3c7d[39m
2026-03-04 01:13:10:1310 [31merror[39m: [31m[RAG] Failed to search memories in Pinecone: The API key you provided was rejected while calling https://api.pinecone.io/indexes/nova-memory. Please check your configuration values and try again. You can find the configuration values for your project in the Pinecone developer console at https://app.pinecone.io[39m
2026-03-04 01:13:10:1310 [32minfo[39m: [32m[AI] Calling Groq API (Attempt 1, Model: llama-3.3-70b-versatile)...[39m
2026-03-04 01:13:12:1312 [32minfo[39m: [32mRecorded trust event emotional_moment for 4009bace-ec0f-4b32-8668-336067ba3c7d (Trust: 19, Stage: NEW)[39m
2026-03-04 01:13:13:1313 [32minfo[39m: [32mUpdated structured memory for user 4009bace-ec0f-4b32-8668-336067ba3c7d[39m
2026-03-04 01:13:53:1353 [35mhttp[39m: [35mPOST /api/ai/chat[39m
2026-03-04 01:13:54:1354 [32minfo[39m: [32m[AI] Processing message for user 4009bace-ec0f-4b32-8668-336067ba3c7d, conversation d1f1e674-48e0-4d70-ad27-c54d77114e28[39m
2026-03-04 01:13:54:1354 [32minfo[39m: [32m[AI] Fetching context and memory...[39m
2026-03-04 01:13:54:1354 [31merror[39m: [31m[RAG] Failed to save memory to Pinecone: Must pass in at least 1 record to upsert.[39m
2026-03-04 01:13:55:1355 [32minfo[39m: [32m[AI] Context fetched for user 4009bace-ec0f-4b32-8668-336067ba3c7d[39m
2026-03-04 01:13:55:1355 [31merror[39m: [31m[RAG] Failed to search memories in Pinecone: The API key you provided was rejected while calling https://api.pinecone.io/indexes/nova-memory. Please check your configuration values and try again. You can find the configuration values for your project in the Pinecone developer console at https://app.pinecone.io[39m
2026-03-04 01:13:55:1355 [32minfo[39m: [32m[AI] Calling Groq API (Attempt 1, Model: llama-3.3-70b-versatile)...[39m
2026-03-04 01:13:57:1357 [32minfo[39m: [32mUpdated structured memory for user 4009bace-ec0f-4b32-8668-336067ba3c7d[39m
2026-03-04 01:14:25:1425 [35mhttp[39m: [35mPOST /api/ai/chat[39m
2026-03-04 01:14:26:1426 [32minfo[39m: [32m[AI] Processing message for user 4009bace-ec0f-4b32-8668-336067ba3c7d, conversation d1f1e674-48e0-4d70-ad27-c54d77114e28[39m
2026-03-04 01:14:26:1426 [32minfo[39m: [32m[AI] Fetching context and memory...[39m
2026-03-04 01:14:27:1427 [31merror[39m: [31m[RAG] Failed to save memory to Pinecone: Must pass in at least 1 record to upsert.[39m
2026-03-04 01:14:28:1428 [32minfo[39m: [32m[AI] Context fetched for user 4009bace-ec0f-4b32-8668-336067ba3c7d[39m
2026-03-04 01:14:29:1429 [31merror[39m: [31m[RAG] Failed to search memories in Pinecone: The API key you provided was rejected while calling https://api.pinecone.io/indexes/nova-memory. Please check your configuration values and try again. You can find the configuration values for your project in the Pinecone developer console at https://app.pinecone.io[39m
2026-03-04 01:14:29:1429 [32minfo[39m: [32m[AI] Calling Groq API (Attempt 1, Model: llama-3.3-70b-versatile)...[39m
2026-03-04 01:14:30:1430 [32minfo[39m: [32mUpdated structured memory for user 4009bace-ec0f-4b32-8668-336067ba3c7d[39m
2026-03-04 01:14:38:1438 [35mhttp[39m: [35mGET /api/ai/history[39m
2026-03-04 01:14:50:1450 [35mhttp[39m: [35mPOST /api/ai/chat[39m
2026-03-04 01:14:50:1450 [32minfo[39m: [32m[AI] Processing message for user 4009bace-ec0f-4b32-8668-336067ba3c7d, conversation d1f1e674-48e0-4d70-ad27-c54d77114e28[39m
2026-03-04 01:14:50:1450 [32minfo[39m: [32m[AI] Fetching context and memory...[39m
2026-03-04 01:14:50:1450 [31merror[39m: [31m[RAG] Failed to save memory to Pinecone: Must pass in at least 1 record to upsert.[39m
2026-03-04 01:14:51:1451 [32minfo[39m: [32m[AI] Context fetched for user 4009bace-ec0f-4b32-8668-336067ba3c7d[39m
2026-03-04 01:14:51:1451 [31merror[39m: [31m[RAG] Failed to search memories in Pinecone: The API key you provided was rejected while calling https://api.pinecone.io/indexes/nova-memory. Please check your configuration values and try again. You can find the configuration values for your project in the Pinecone developer console at https://app.pinecone.io[39m
2026-03-04 01:14:51:1451 [32minfo[39m: [32m[AI] Calling Groq API (Attempt 1, Model: llama-3.3-70b-versatile)...[39m
2026-03-04 01:14:53:1453 [32minfo[39m: [32mUpdated structured memory for user 4009bace-ec0f-4b32-8668-336067ba3c7d[39m
2026-03-04 01:15:05:155 [35mhttp[39m: [35mPOST /api/ai/chat[39m
2026-03-04 01:15:05:155 [32minfo[39m: [32m[AI] Processing message for user 4009bace-ec0f-4b32-8668-336067ba3c7d, conversation d1f1e674-48e0-4d70-ad27-c54d77114e28[39m
2026-03-04 01:15:05:155 [32minfo[39m: [32m[AI] Fetching context and memory...[39m
2026-03-04 01:15:06:156 [31merror[39m: [31m[RAG] Failed to save memory to Pinecone: Must pass in at least 1 record to upsert.[39m
2026-03-04 01:15:06:156 [32minfo[39m: [32m[AI] Context fetched for user 4009bace-ec0f-4b32-8668-336067ba3c7d[39m
2026-03-04 01:15:07:157 [31merror[39m: [31m[RAG] Failed to search memories in Pinecone: The API key you provided was rejected while calling https://api.pinecone.io/indexes/nova-memory. Please check your configuration values and try again. You can find the configuration values for your project in the Pinecone developer console at https://app.pinecone.io[39m
2026-03-04 01:15:07:157 [32minfo[39m: [32m[AI] Calling Groq API (Attempt 1, Model: llama-3.3-70b-versatile)...[39m
2026-03-04 01:15:09:159 [32minfo[39m: [32mUpdated structured memory for user 4009bace-ec0f-4b32-8668-336067ba3c7d[39m
2026-03-04 01:15:16:1516 [32minfo[39m: [32mUser disconnected: akb6Z-7ZaT-2uYQXAAAX[39m
2026-03-04 01:15:16:1516 [32minfo[39m: [32mUser disconnected: zITJARWi9YqiDpqaAAAW[39m
2026-03-04 01:15:16:1516 [32minfo[39m: [32mUser disconnected: yKuw503hBiYQ_YXkAAAV[39m
2026-03-04 01:15:16:1516 [32minfo[39m: [32mUser disconnected: ybtH0JIdxllmXDh1AAAU[39m
2026-03-04 01:15:16:1516 [35mhttp[39m: [35mGET /api/users/me[39m
2026-03-04 01:15:16:1516 [35mhttp[39m: [35mGET /api/notifications/unread-count[39m
2026-03-04 01:15:16:1516 [35mhttp[39m: [35mGET /api/friends[39m
2026-03-04 01:15:16:1516 [35mhttp[39m: [35mGET /api/communities[39m
2026-03-04 01:15:16:1516 [35mhttp[39m: [35mGET /api/ai/history[39m
2026-03-04 01:15:17:1517 [32minfo[39m: [32mUser connected: 4009bace-ec0f-4b32-8668-336067ba3c7d (Ya594INEGGyUS83jAAAa)[39m
2026-03-04 01:15:17:1517 [32minfo[39m: [32mUser connected: 4009bace-ec0f-4b32-8668-336067ba3c7d (ihqjKUfDGNin-9CiAAAb)[39m
2026-03-04 01:15:17:1517 [35mhttp[39m: [35mGET /api/users/me[39m
2026-03-04 01:15:26:1526 [35mhttp[39m: [35mPOST /api/ai/chat[39m
2026-03-04 01:15:26:1526 [32minfo[39m: [32m[AI] Processing message for user 4009bace-ec0f-4b32-8668-336067ba3c7d, conversation d1f1e674-48e0-4d70-ad27-c54d77114e28[39m
2026-03-04 01:15:26:1526 [32minfo[39m: [32m[AI] Fetching context and memory...[39m
2026-03-04 01:15:27:1527 [31merror[39m: [31m[RAG] Failed to save memory to Pinecone: Must pass in at least 1 record to upsert.[39m
2026-03-04 01:15:27:1527 [32minfo[39m: [32m[AI] Context fetched for user 4009bace-ec0f-4b32-8668-336067ba3c7d[39m
2026-03-04 01:15:28:1528 [31merror[39m: [31m[RAG] Failed to search memories in Pinecone: The API key you provided was rejected while calling https://api.pinecone.io/indexes/nova-memory. Please check your configuration values and try again. You can find the configuration values for your project in the Pinecone developer console at https://app.pinecone.io[39m
2026-03-04 01:15:28:1528 [32minfo[39m: [32m[AI] Calling Groq API (Attempt 1, Model: llama-3.3-70b-versatile)...[39m
2026-03-04 01:15:30:1530 [32minfo[39m: [32mUpdated structured memory for user 4009bace-ec0f-4b32-8668-336067ba3c7d[39m
2026-03-04 01:15:43:1543 [35mhttp[39m: [35mPOST /api/ai/chat[39m
2026-03-04 01:15:44:1544 [32minfo[39m: [32m[AI] Processing message for user 4009bace-ec0f-4b32-8668-336067ba3c7d, conversation d1f1e674-48e0-4d70-ad27-c54d77114e28[39m
2026-03-04 01:15:44:1544 [32minfo[39m: [32m[AI] Fetching context and memory...[39m
2026-03-04 01:15:45:1545 [31merror[39m: [31m[RAG] Failed to save memory to Pinecone: Must pass in at least 1 record to upsert.[39m
2026-03-04 01:15:45:1545 [32minfo[39m: [32m[AI] Context fetched for user 4009bace-ec0f-4b32-8668-336067ba3c7d[39m
2026-03-04 01:15:46:1546 [31merror[39m: [31m[RAG] Failed to search memories in Pinecone: The API key you provided was rejected while calling https://api.pinecone.io/indexes/nova-memory. Please check your configuration values and try again. You can find the configuration values for your project in the Pinecone developer console at https://app.pinecone.io[39m
2026-03-04 01:15:46:1546 [32minfo[39m: [32m[AI] Calling Groq API (Attempt 1, Model: llama-3.3-70b-versatile)...[39m
2026-03-04 01:15:48:1548 [32minfo[39m: [32mUpdated structured memory for user 4009bace-ec0f-4b32-8668-336067ba3c7d[39m
2026-03-04 01:18:19:1819 [35mhttp[39m: [35mPOST /api/ai/chat[39m
2026-03-04 01:18:20:1820 [32minfo[39m: [32m[AI] Processing message for user 4009bace-ec0f-4b32-8668-336067ba3c7d, conversation d1f1e674-48e0-4d70-ad27-c54d77114e28[39m
2026-03-04 01:18:20:1820 [32minfo[39m: [32m[AI] Fetching context and memory...[39m
2026-03-04 01:18:21:1821 [31merror[39m: [31m[RAG] Failed to save memory to Pinecone: Must pass in at least 1 record to upsert.[39m
2026-03-04 01:18:21:1821 [32minfo[39m: [32m[AI] Context fetched for user 4009bace-ec0f-4b32-8668-336067ba3c7d[39m
2026-03-04 01:18:22:1822 [31merror[39m: [31m[RAG] Failed to search memories in Pinecone: The API key you provided was rejected while calling https://api.pinecone.io/indexes/nova-memory. Please check your configuration values and try again. You can find the configuration values for your project in the Pinecone developer console at https://app.pinecone.io[39m
2026-03-04 01:18:22:1822 [32minfo[39m: [32m[AI] Calling Groq API (Attempt 1, Model: llama-3.3-70b-versatile)...[39m
2026-03-04 01:18:23:1823 [31merror[39m: [31mFact extraction failed: API error[39m
2026-03-04 01:18:30:1830 [35mhttp[39m: [35mPOST /api/ai/chat[39m
2026-03-04 01:18:30:1830 [32minfo[39m: [32m[AI] Processing message for user 4009bace-ec0f-4b32-8668-336067ba3c7d, conversation d1f1e674-48e0-4d70-ad27-c54d77114e28[39m
2026-03-04 01:18:30:1830 [32minfo[39m: [32m[AI] Fetching context and memory...[39m
2026-03-04 01:18:30:1830 [32minfo[39m: [32m[AI] Context fetched for user 4009bace-ec0f-4b32-8668-336067ba3c7d[39m
2026-03-04 01:18:30:1830 [31merror[39m: [31m[RAG] Failed to save memory to Pinecone: Must pass in at least 1 record to upsert.[39m
2026-03-04 01:18:31:1831 [31merror[39m: [31m[RAG] Failed to search memories in Pinecone: The API key you provided was rejected while calling https://api.pinecone.io/indexes/nova-memory. Please check your configuration values and try again. You can find the configuration values for your project in the Pinecone developer console at https://app.pinecone.io[39m
2026-03-04 01:18:31:1831 [32minfo[39m: [32m[AI] Calling Groq API (Attempt 1, Model: llama-3.3-70b-versatile)...[39m
2026-03-04 01:18:31:1831 [31merror[39m: [31m[AI] Groq API Error (429) on attempt 1:[39m
2026-03-04 01:18:31:1831 [33mwarn[39m: [33m[AI] Error 429 on llama-3.3-70b-versatile. Falling back to 8b model...[39m
2026-03-04 01:18:31:1831 [32minfo[39m: [32m[AI] Calling Groq API (Attempt 2, Model: llama-3.1-8b-instant)...[39m
2026-03-04 01:18:32:1832 [31merror[39m: [31mFact extraction failed: API error[39m
2026-03-04 01:18:48:1848 [35mhttp[39m: [35mPOST /api/ai/chat[39m
2026-03-04 01:18:49:1849 [32minfo[39m: [32m[AI] Processing message for user 4009bace-ec0f-4b32-8668-336067ba3c7d, conversation d1f1e674-48e0-4d70-ad27-c54d77114e28[39m
2026-03-04 01:18:49:1849 [32minfo[39m: [32m[AI] Fetching context and memory...[39m
2026-03-04 01:18:49:1849 [31merror[39m: [31m[RAG] Failed to save memory to Pinecone: Must pass in at least 1 record to upsert.[39m
2026-03-04 01:18:50:1850 [32minfo[39m: [32m[AI] Context fetched for user 4009bace-ec0f-4b32-8668-336067ba3c7d[39m
2026-03-04 01:18:50:1850 [31merror[39m: [31m[RAG] Failed to search memories in Pinecone: The API key you provided was rejected while calling https://api.pinecone.io/indexes/nova-memory. Please check your configuration values and try again. You can find the configuration values for your project in the Pinecone developer console at https://app.pinecone.io[39m
2026-03-04 01:18:50:1850 [32minfo[39m: [32m[AI] Calling Groq API (Attempt 1, Model: llama-3.3-70b-versatile)...[39m
2026-03-04 01:18:50:1850 [31merror[39m: [31m[AI] Groq API Error (429) on attempt 1:[39m
2026-03-04 01:18:50:1850 [33mwarn[39m: [33m[AI] Error 429 on llama-3.3-70b-versatile. Falling back to 8b model...[39m
2026-03-04 01:18:50:1850 [32minfo[39m: [32m[AI] Calling Groq API (Attempt 2, Model: llama-3.1-8b-instant)...[39m
2026-03-04 01:18:51:1851 [32minfo[39m: [32mRecorded trust event emotional_moment for 4009bace-ec0f-4b32-8668-336067ba3c7d (Trust: 24, Stage: FAMILIAR)[39m
2026-03-04 01:18:52:1852 [31merror[39m: [31mFact extraction failed: API error[39m
2026-03-04 01:22:51:2251 [32minfo[39m: [32mConnected to PostgreSQL database[39m
2026-03-04 01:22:51:2251 [32minfo[39m: [32mSoulLink Backend running in development mode on port 4000[39m
2026-03-04 01:22:51:2251 [32minfo[39m: [32mStarting AI Companion cron jobs...[39m
2026-03-04 01:22:57:2257 [32minfo[39m: [32mConnected to PostgreSQL database[39m
2026-03-04 01:22:57:2257 [32minfo[39m: [32mSoulLink Backend running in development mode on port 4000[39m
2026-03-04 01:22:57:2257 [32minfo[39m: [32mStarting AI Companion cron jobs...[39m
2026-03-04 01:22:58:2258 [32minfo[39m: [32mPresence Reset: Set 1 users to OFFLINE on startup[39m
2026-03-04 01:23:02:232 [32minfo[39m: [32mUser connected: 4009bace-ec0f-4b32-8668-336067ba3c7d (RbAGvR1WXV-Oag2DAAAC)[39m
2026-03-04 01:23:03:233 [32minfo[39m: [32mUser connected: 4009bace-ec0f-4b32-8668-336067ba3c7d (OiI0TiZCBCd_sjzGAAAD)[39m
2026-03-04 01:24:22:2422 [32minfo[39m: [32mUser disconnected: RbAGvR1WXV-Oag2DAAAC[39m
2026-03-04 01:24:22:2422 [32minfo[39m: [32mUser disconnected: OiI0TiZCBCd_sjzGAAAD[39m
2026-03-04 01:24:22:2422 [35mhttp[39m: [35mGET /api/users/me[39m
2026-03-04 01:24:22:2422 [35mhttp[39m: [35mGET /api/notifications/unread-count[39m
2026-03-04 01:24:22:2422 [35mhttp[39m: [35mGET /api/friends[39m
2026-03-04 01:24:22:2422 [35mhttp[39m: [35mGET /api/communities[39m
2026-03-04 01:24:22:2422 [35mhttp[39m: [35mGET /api/ai/history[39m
2026-03-04 01:24:22:2422 [32minfo[39m: [32mUser connected: 4009bace-ec0f-4b32-8668-336067ba3c7d (xseRe2Japyni5FwyAAAG)[39m
2026-03-04 01:24:23:2423 [35mhttp[39m: [35mGET /api/users/me[39m
2026-03-04 01:24:23:2423 [32minfo[39m: [32mUser connected: 4009bace-ec0f-4b32-8668-336067ba3c7d (dNgtKgkshG5itJhlAAAH)[39m
2026-03-04 01:24:29:2429 [35mhttp[39m: [35mPOST /api/ai/chat[39m
2026-03-04 01:24:29:2429 [32minfo[39m: [32m[AI] Processing message for user 4009bace-ec0f-4b32-8668-336067ba3c7d, conversation d1f1e674-48e0-4d70-ad27-c54d77114e28[39m
2026-03-04 01:24:30:2430 [32minfo[39m: [32m[AI] Fetching context and memory...[39m
2026-03-04 01:24:30:2430 [32minfo[39m: [32m[AI] Context fetched for user 4009bace-ec0f-4b32-8668-336067ba3c7d[39m
2026-03-04 01:24:30:2430 [31merror[39m: [31m[RAG] Failed to save memory to Pinecone: Must pass in at least 1 record to upsert.[39m
2026-03-04 01:24:31:2431 [31merror[39m: [31m[RAG] Failed to search memories in Pinecone: The API key you provided was rejected while calling https://api.pinecone.io/indexes/nova-memory. Please check your configuration values and try again. You can find the configuration values for your project in the Pinecone developer console at https://app.pinecone.io[39m
2026-03-04 01:24:31:2431 [32minfo[39m: [32m[AI] Calling Groq API (Attempt 1, Model: llama-3.3-70b-versatile)...[39m
2026-03-04 01:24:31:2431 [31merror[39m: [31m[AI] Groq API Error (429) on attempt 1:[39m
2026-03-04 01:24:31:2431 [33mwarn[39m: [33m[AI] Error 429 on llama-3.3-70b-versatile. Falling back to 8b model...[39m
2026-03-04 01:24:31:2431 [32minfo[39m: [32m[AI] Calling Groq API (Attempt 2, Model: llama-3.1-8b-instant)...[39m
2026-03-04 01:24:32:2432 [32minfo[39m: [32mUpdated structured memory for user 4009bace-ec0f-4b32-8668-336067ba3c7d[39m
2026-03-04 01:24:50:2450 [35mhttp[39m: [35mPOST /api/ai/chat[39m
2026-03-04 01:24:50:2450 [32minfo[39m: [32m[AI] Processing message for user 4009bace-ec0f-4b32-8668-336067ba3c7d, conversation d1f1e674-48e0-4d70-ad27-c54d77114e28[39m
2026-03-04 01:24:50:2450 [32minfo[39m: [32m[AI] Fetching context and memory...[39m
2026-03-04 01:24:50:2450 [31merror[39m: [31m[RAG] Failed to save memory to Pinecone: Must pass in at least 1 record to upsert.[39m
2026-03-04 01:24:51:2451 [32minfo[39m: [32m[AI] Context fetched for user 4009bace-ec0f-4b32-8668-336067ba3c7d[39m
2026-03-04 01:24:51:2451 [31merror[39m: [31m[RAG] Failed to search memories in Pinecone: The API key you provided was rejected while calling https://api.pinecone.io/indexes/nova-memory. Please check your configuration values and try again. You can find the configuration values for your project in the Pinecone developer console at https://app.pinecone.io[39m
2026-03-04 01:24:51:2451 [32minfo[39m: [32m[AI] Calling Groq API (Attempt 1, Model: llama-3.3-70b-versatile)...[39m
2026-03-04 01:24:51:2451 [31merror[39m: [31m[AI] Groq API Error (429) on attempt 1:[39m
2026-03-04 01:24:51:2451 [33mwarn[39m: [33m[AI] Error 429 on llama-3.3-70b-versatile. Falling back to 8b model...[39m
2026-03-04 01:24:51:2451 [32minfo[39m: [32m[AI] Calling Groq API (Attempt 2, Model: llama-3.1-8b-instant)...[39m
2026-03-04 01:24:52:2452 [31merror[39m: [31mFact extraction failed: API error[39m
2026-03-04 01:25:03:253 [32minfo[39m: [32mUser disconnected: xseRe2Japyni5FwyAAAG[39m
2026-03-04 01:25:03:253 [32minfo[39m: [32mUser disconnected: dNgtKgkshG5itJhlAAAH[39m
2026-03-04 01:25:04:254 [35mhttp[39m: [35mGET /api/users/me[39m
2026-03-04 01:25:04:254 [35mhttp[39m: [35mGET /api/notifications/unread-count[39m
2026-03-04 01:25:04:254 [35mhttp[39m: [35mGET /api/friends[39m
2026-03-04 01:25:04:254 [35mhttp[39m: [35mGET /api/communities[39m
2026-03-04 01:25:04:254 [35mhttp[39m: [35mGET /api/ai/history[39m
2026-03-04 01:25:04:254 [32minfo[39m: [32mUser connected: 4009bace-ec0f-4b32-8668-336067ba3c7d (sMt9JZrMrkBRxAcRAAAL)[39m
2026-03-04 01:25:04:254 [32minfo[39m: [32mUser connected: 4009bace-ec0f-4b32-8668-336067ba3c7d (TFQxWxBqiF-zl0VbAAAK)[39m
2026-03-04 01:25:04:254 [35mhttp[39m: [35mGET /api/users/me[39m
2026-03-04 01:25:29:2529 [35mhttp[39m: [35mPOST /api/ai/chat[39m
2026-03-04 01:25:29:2529 [32minfo[39m: [32m[AI] Processing message for user 4009bace-ec0f-4b32-8668-336067ba3c7d, conversation d1f1e674-48e0-4d70-ad27-c54d77114e28[39m
2026-03-04 01:25:29:2529 [32minfo[39m: [32m[AI] Fetching context and memory...[39m
2026-03-04 01:25:30:2530 [32minfo[39m: [32m[AI] Context fetched for user 4009bace-ec0f-4b32-8668-336067ba3c7d[39m
2026-03-04 01:25:30:2530 [31merror[39m: [31m[RAG] Failed to save memory to Pinecone: Must pass in at least 1 record to upsert.[39m
2026-03-04 01:25:30:2530 [31merror[39m: [31m[RAG] Failed to search memories in Pinecone: The API key you provided was rejected while calling https://api.pinecone.io/indexes/nova-memory. Please check your configuration values and try again. You can find the configuration values for your project in the Pinecone developer console at https://app.pinecone.io[39m
2026-03-04 01:25:30:2530 [32minfo[39m: [32m[AI] Calling Groq API (Attempt 1, Model: llama-3.3-70b-versatile)...[39m
2026-03-04 01:25:30:2530 [31merror[39m: [31m[AI] Groq API Error (429) on attempt 1:[39m
2026-03-04 01:25:30:2530 [33mwarn[39m: [33m[AI] Error 429 on llama-3.3-70b-versatile. Falling back to 8b model...[39m
2026-03-04 01:25:30:2530 [32minfo[39m: [32m[AI] Calling Groq API (Attempt 2, Model: llama-3.1-8b-instant)...[39m
2026-03-04 01:25:31:2531 [32minfo[39m: [32mRecorded trust event emotional_moment for 4009bace-ec0f-4b32-8668-336067ba3c7d (Trust: 29, Stage: FAMILIAR)[39m
2026-03-04 01:25:31:2531 [31merror[39m: [31mFact extraction failed: API error[39m
2026-03-04 01:25:49:2549 [35mhttp[39m: [35mPOST /api/ai/chat[39m
2026-03-04 01:25:49:2549 [32minfo[39m: [32m[AI] Processing message for user 4009bace-ec0f-4b32-8668-336067ba3c7d, conversation d1f1e674-48e0-4d70-ad27-c54d77114e28[39m
2026-03-04 01:25:49:2549 [32minfo[39m: [32m[AI] Fetching context and memory...[39m
2026-03-04 01:25:49:2549 [31merror[39m: [31m[RAG] Failed to save memory to Pinecone: Must pass in at least 1 record to upsert.[39m
2026-03-04 01:25:49:2549 [32minfo[39m: [32m[AI] Context fetched for user 4009bace-ec0f-4b32-8668-336067ba3c7d[39m
2026-03-04 01:25:50:2550 [31merror[39m: [31m[RAG] Failed to search memories in Pinecone: The API key you provided was rejected while calling https://api.pinecone.io/indexes/nova-memory. Please check your configuration values and try again. You can find the configuration values for your project in the Pinecone developer console at https://app.pinecone.io[39m
2026-03-04 01:25:50:2550 [32minfo[39m: [32m[AI] Calling Groq API (Attempt 1, Model: llama-3.3-70b-versatile)...[39m
2026-03-04 01:25:50:2550 [31merror[39m: [31m[AI] Groq API Error (429) on attempt 1:[39m
2026-03-04 01:25:50:2550 [33mwarn[39m: [33m[AI] Error 429 on llama-3.3-70b-versatile. Falling back to 8b model...[39m
2026-03-04 01:25:50:2550 [32minfo[39m: [32m[AI] Calling Groq API (Attempt 2, Model: llama-3.1-8b-instant)...[39m
2026-03-04 01:25:51:2551 [31merror[39m: [31mFact extraction failed: API error[39m
2026-03-04 01:26:09:269 [35mhttp[39m: [35mPOST /api/ai/chat[39m
2026-03-04 01:26:09:269 [32minfo[39m: [32m[AI] Processing message for user 4009bace-ec0f-4b32-8668-336067ba3c7d, conversation d1f1e674-48e0-4d70-ad27-c54d77114e28[39m
2026-03-04 01:26:09:269 [32minfo[39m: [32m[AI] Fetching context and memory...[39m
2026-03-04 01:26:09:269 [31merror[39m: [31m[RAG] Failed to save memory to Pinecone: Must pass in at least 1 record to upsert.[39m
2026-03-04 01:26:09:269 [32minfo[39m: [32m[AI] Context fetched for user 4009bace-ec0f-4b32-8668-336067ba3c7d[39m
2026-03-04 01:26:10:2610 [31merror[39m: [31m[RAG] Failed to search memories in Pinecone: The API key you provided was rejected while calling https://api.pinecone.io/indexes/nova-memory. Please check your configuration values and try again. You can find the configuration values for your project in the Pinecone developer console at https://app.pinecone.io[39m
2026-03-04 01:26:10:2610 [32minfo[39m: [32m[AI] Calling Groq API (Attempt 1, Model: llama-3.3-70b-versatile)...[39m
2026-03-04 01:26:10:2610 [31merror[39m: [31m[AI] Groq API Error (429) on attempt 1:[39m
2026-03-04 01:26:10:2610 [33mwarn[39m: [33m[AI] Error 429 on llama-3.3-70b-versatile. Falling back to 8b model...[39m
2026-03-04 01:26:10:2610 [32minfo[39m: [32m[AI] Calling Groq API (Attempt 2, Model: llama-3.1-8b-instant)...[39m
2026-03-04 01:26:11:2611 [31merror[39m: [31mFact extraction failed: API error[39m
2026-03-04 01:26:31:2631 [35mhttp[39m: [35mPOST /api/ai/investigate[39m
2026-03-04 01:26:31:2631 [32minfo[39m: [32m[AI] Processing message for user 4009bace-ec0f-4b32-8668-336067ba3c7d, conversation d1f1e674-48e0-4d70-ad27-c54d77114e28[39m
2026-03-04 01:26:31:2631 [32minfo[39m: [32m[AI] Fetching context and memory...[39m
2026-03-04 01:26:32:2632 [32minfo[39m: [32m[AI] Context fetched for user 4009bace-ec0f-4b32-8668-336067ba3c7d[39m
2026-03-04 01:26:32:2632 [32minfo[39m: [32m[AI] Calling Groq API (Attempt 1, Model: llama-3.1-8b-instant)...[39m
2026-03-04 01:26:49:2649 [35mhttp[39m: [35mPOST /api/ai/chat[39m
2026-03-04 01:26:50:2650 [32minfo[39m: [32m[AI] Processing message for user 4009bace-ec0f-4b32-8668-336067ba3c7d, conversation d1f1e674-48e0-4d70-ad27-c54d77114e28[39m
2026-03-04 01:26:50:2650 [32minfo[39m: [32m[AI] Fetching context and memory...[39m
2026-03-04 01:26:50:2650 [31merror[39m: [31m[RAG] Failed to save memory to Pinecone: Must pass in at least 1 record to upsert.[39m
2026-03-04 01:26:50:2650 [32minfo[39m: [32m[AI] Context fetched for user 4009bace-ec0f-4b32-8668-336067ba3c7d[39m
2026-03-04 01:26:51:2651 [31merror[39m: [31m[RAG] Failed to search memories in Pinecone: The API key you provided was rejected while calling https://api.pinecone.io/indexes/nova-memory. Please check your configuration values and try again. You can find the configuration values for your project in the Pinecone developer console at https://app.pinecone.io[39m
2026-03-04 01:26:51:2651 [32minfo[39m: [32m[AI] Calling Groq API (Attempt 1, Model: llama-3.3-70b-versatile)...[39m
2026-03-04 01:26:51:2651 [31merror[39m: [31m[AI] Groq API Error (429) on attempt 1:[39m
2026-03-04 01:26:51:2651 [33mwarn[39m: [33m[AI] Error 429 on llama-3.3-70b-versatile. Falling back to 8b model...[39m
2026-03-04 01:26:51:2651 [32minfo[39m: [32m[AI] Calling Groq API (Attempt 2, Model: llama-3.1-8b-instant)...[39m
2026-03-04 01:26:52:2652 [31merror[39m: [31mFact extraction failed: API error[39m
2026-03-04 01:27:34:2734 [32minfo[39m: [32mConnected to PostgreSQL database[39m
2026-03-04 01:27:34:2734 [32minfo[39m: [32mSoulLink Backend running in development mode on port 4000[39m
2026-03-04 01:27:34:2734 [32minfo[39m: [32mStarting AI Companion cron jobs...[39m
2026-03-04 01:27:34:2734 [32minfo[39m: [32mPresence Reset: Set 1 users to OFFLINE on startup[39m
2026-03-04 01:27:36:2736 [32minfo[39m: [32mUser connected: 4009bace-ec0f-4b32-8668-336067ba3c7d (EIMKlq-poIE5SH9MAAAC)[39m
2026-03-04 01:27:36:2736 [32minfo[39m: [32mUser connected: 4009bace-ec0f-4b32-8668-336067ba3c7d (NSgfZvX2QSRo0hIUAAAD)[39m
2026-03-04 01:27:55:2755 [32minfo[39m: [32mUser disconnected: EIMKlq-poIE5SH9MAAAC[39m
2026-03-04 01:27:55:2755 [32minfo[39m: [32mUser disconnected: NSgfZvX2QSRo0hIUAAAD[39m
2026-03-04 01:27:56:2756 [35mhttp[39m: [35mGET /api/users/me[39m
2026-03-04 01:27:56:2756 [35mhttp[39m: [35mGET /api/notifications/unread-count[39m
2026-03-04 01:27:56:2756 [35mhttp[39m: [35mGET /api/friends[39m
2026-03-04 01:27:56:2756 [35mhttp[39m: [35mGET /api/communities[39m
2026-03-04 01:27:56:2756 [35mhttp[39m: [35mGET /api/ai/history[39m
2026-03-04 01:27:56:2756 [35mhttp[39m: [35mGET /api/users/me[39m
2026-03-04 01:27:56:2756 [32minfo[39m: [32mUser connected: 4009bace-ec0f-4b32-8668-336067ba3c7d (NLMgvrwoUsdKtel4AAAH)[39m
2026-03-04 01:27:56:2756 [32minfo[39m: [32mUser connected: 4009bace-ec0f-4b32-8668-336067ba3c7d (lui2VQef6jb-yHKWAAAG)[39m
2026-03-04 01:28:04:284 [35mhttp[39m: [35mPOST /api/ai/chat[39m
2026-03-04 01:28:04:284 [32minfo[39m: [32m[AI] Processing message for user 4009bace-ec0f-4b32-8668-336067ba3c7d, conversation d1f1e674-48e0-4d70-ad27-c54d77114e28[39m
2026-03-04 01:28:04:284 [32minfo[39m: [32m[AI] Fetching context and memory...[39m
2026-03-04 01:28:05:285 [31merror[39m: [31m[RAG] Failed to save memory to Pinecone: Must pass in at least 1 record to upsert.[39m
2026-03-04 01:28:05:285 [32minfo[39m: [32m[AI] Context fetched for user 4009bace-ec0f-4b32-8668-336067ba3c7d[39m
2026-03-04 01:28:06:286 [31merror[39m: [31m[RAG] Failed to search memories in Pinecone: The API key you provided was rejected while calling https://api.pinecone.io/indexes/nova-memory. Please check your configuration values and try again. You can find the configuration values for your project in the Pinecone developer console at https://app.pinecone.io[39m
2026-03-04 01:28:06:286 [32minfo[39m: [32m[AI] Calling Groq API (Attempt 1, Model: llama-3.3-70b-versatile)...[39m
2026-03-04 01:28:06:286 [31merror[39m: [31m[AI] Groq API Error (429) on attempt 1:[39m
2026-03-04 01:28:06:286 [33mwarn[39m: [33m[AI] Error 429 on llama-3.3-70b-versatile. Falling back to 8b model...[39m
2026-03-04 01:28:06:286 [32minfo[39m: [32m[AI] Calling Groq API (Attempt 2, Model: llama-3.1-8b-instant)...[39m
2026-03-04 01:28:07:287 [31merror[39m: [31mFact extraction failed: API error[39m
2026-03-04 01:28:15:2815 [35mhttp[39m: [35mPOST /api/ai/chat[39m
2026-03-04 01:28:16:2816 [32minfo[39m: [32m[AI] Processing message for user 4009bace-ec0f-4b32-8668-336067ba3c7d, conversation d1f1e674-48e0-4d70-ad27-c54d77114e28[39m
2026-03-04 01:28:16:2816 [32minfo[39m: [32m[AI] Fetching context and memory...[39m
2026-03-04 01:28:16:2816 [31merror[39m: [31m[RAG] Failed to save memory to Pinecone: Must pass in at least 1 record to upsert.[39m
2026-03-04 01:28:16:2816 [32minfo[39m: [32m[AI] Context fetched for user 4009bace-ec0f-4b32-8668-336067ba3c7d[39m
2026-03-04 01:28:17:2817 [31merror[39m: [31m[RAG] Failed to search memories in Pinecone: The API key you provided was rejected while calling https://api.pinecone.io/indexes/nova-memory. Please check your configuration values and try again. You can find the configuration values for your project in the Pinecone developer console at https://app.pinecone.io[39m
2026-03-04 01:28:17:2817 [32minfo[39m: [32m[AI] Calling Groq API (Attempt 1, Model: llama-3.3-70b-versatile)...[39m
2026-03-04 01:28:17:2817 [31merror[39m: [31m[AI] Groq API Error (429) on attempt 1:[39m
2026-03-04 01:28:17:2817 [33mwarn[39m: [33m[AI] Error 429 on llama-3.3-70b-versatile. Falling back to 8b model...[39m
2026-03-04 01:28:17:2817 [32minfo[39m: [32m[AI] Calling Groq API (Attempt 2, Model: llama-3.1-8b-instant)...[39m
2026-03-04 01:28:18:2818 [31merror[39m: [31mFact extraction failed: API error[39m
2026-03-04 01:28:28:2828 [35mhttp[39m: [35mPOST /api/ai/chat[39m
2026-03-04 01:28:29:2829 [32minfo[39m: [32m[AI] Processing message for user 4009bace-ec0f-4b32-8668-336067ba3c7d, conversation d1f1e674-48e0-4d70-ad27-c54d77114e28[39m
2026-03-04 01:28:29:2829 [32minfo[39m: [32m[AI] Fetching context and memory...[39m
2026-03-04 01:28:29:2829 [31merror[39m: [31m[RAG] Failed to save memory to Pinecone: Must pass in at least 1 record to upsert.[39m
2026-03-04 01:28:29:2829 [32minfo[39m: [32m[AI] Context fetched for user 4009bace-ec0f-4b32-8668-336067ba3c7d[39m
2026-03-04 01:28:30:2830 [31merror[39m: [31m[RAG] Failed to search memories in Pinecone: The API key you provided was rejected while calling https://api.pinecone.io/indexes/nova-memory. Please check your configuration values and try again. You can find the configuration values for your project in the Pinecone developer console at https://app.pinecone.io[39m
2026-03-04 01:28:30:2830 [32minfo[39m: [32m[AI] Calling Groq API (Attempt 1, Model: llama-3.3-70b-versatile)...[39m
2026-03-04 01:28:30:2830 [31merror[39m: [31m[AI] Groq API Error (429) on attempt 1:[39m
2026-03-04 01:28:30:2830 [33mwarn[39m: [33m[AI] Error 429 on llama-3.3-70b-versatile. Falling back to 8b model...[39m
2026-03-04 01:28:30:2830 [32minfo[39m: [32m[AI] Calling Groq API (Attempt 2, Model: llama-3.1-8b-instant)...[39m
2026-03-04 01:28:31:2831 [31merror[39m: [31mFact extraction failed: API error[39m
2026-03-04 01:28:47:2847 [35mhttp[39m: [35mPOST /api/ai/chat[39m
2026-03-04 01:28:47:2847 [32minfo[39m: [32m[AI] Processing message for user 4009bace-ec0f-4b32-8668-336067ba3c7d, conversation d1f1e674-48e0-4d70-ad27-c54d77114e28[39m
2026-03-04 01:28:48:2848 [32minfo[39m: [32m[AI] Fetching context and memory...[39m
2026-03-04 01:28:48:2848 [31merror[39m: [31m[RAG] Failed to save memory to Pinecone: Must pass in at least 1 record to upsert.[39m
2026-03-04 01:28:48:2848 [32minfo[39m: [32m[AI] Context fetched for user 4009bace-ec0f-4b32-8668-336067ba3c7d[39m
2026-03-04 01:28:48:2848 [31merror[39m: [31m[RAG] Failed to search memories in Pinecone: The API key you provided was rejected while calling https://api.pinecone.io/indexes/nova-memory. Please check your configuration values and try again. You can find the configuration values for your project in the Pinecone developer console at https://app.pinecone.io[39m
2026-03-04 01:28:48:2848 [32minfo[39m: [32m[AI] Calling Groq API (Attempt 1, Model: llama-3.3-70b-versatile)...[39m
2026-03-04 01:28:49:2849 [31merror[39m: [31m[AI] Groq API Error (429) on attempt 1:[39m
2026-03-04 01:28:49:2849 [33mwarn[39m: [33m[AI] Error 429 on llama-3.3-70b-versatile. Falling back to 8b model...[39m
2026-03-04 01:28:49:2849 [32minfo[39m: [32m[AI] Calling Groq API (Attempt 2, Model: llama-3.1-8b-instant)...[39m
2026-03-04 01:28:49:2849 [31merror[39m: [31m[AI] Groq API Error (429) on attempt 2:[39m
2026-03-04 01:28:54:2854 [32minfo[39m: [32mUser disconnected: NLMgvrwoUsdKtel4AAAH[39m
2026-03-04 01:28:54:2854 [32minfo[39m: [32mUser disconnected: lui2VQef6jb-yHKWAAAG[39m
2026-03-04 01:28:54:2854 [35mhttp[39m: [35mGET /api/users/me[39m
2026-03-04 01:28:54:2854 [35mhttp[39m: [35mGET /api/notifications/unread-count[39m
2026-03-04 01:28:54:2854 [35mhttp[39m: [35mGET /api/friends[39m
2026-03-04 01:28:54:2854 [35mhttp[39m: [35mGET /api/communities[39m
2026-03-04 01:28:54:2854 [35mhttp[39m: [35mGET /api/ai/history[39m
2026-03-04 01:28:54:2854 [32minfo[39m: [32mUser connected: 4009bace-ec0f-4b32-8668-336067ba3c7d (V8rR_BfWIENYGRUOAAAK)[39m
2026-03-04 01:28:54:2854 [32minfo[39m: [32mUser connected: 4009bace-ec0f-4b32-8668-336067ba3c7d (KSFVdv7kpLeH4vrvAAAL)[39m
2026-03-04 01:28:55:2855 [35mhttp[39m: [35mGET /api/users/me[39m
2026-03-04 01:29:03:293 [35mhttp[39m: [35mPOST /api/ai/chat[39m
2026-03-04 01:29:04:294 [32minfo[39m: [32m[AI] Processing message for user 4009bace-ec0f-4b32-8668-336067ba3c7d, conversation d1f1e674-48e0-4d70-ad27-c54d77114e28[39m
2026-03-04 01:29:04:294 [32minfo[39m: [32m[AI] Fetching context and memory...[39m
2026-03-04 01:29:04:294 [31merror[39m: [31m[RAG] Failed to save memory to Pinecone: Must pass in at least 1 record to upsert.[39m
2026-03-04 01:29:04:294 [32minfo[39m: [32m[AI] Context fetched for user 4009bace-ec0f-4b32-8668-336067ba3c7d[39m
2026-03-04 01:29:05:295 [31merror[39m: [31m[RAG] Failed to search memories in Pinecone: The API key you provided was rejected while calling https://api.pinecone.io/indexes/nova-memory. Please check your configuration values and try again. You can find the configuration values for your project in the Pinecone developer console at https://app.pinecone.io[39m
2026-03-04 01:29:05:295 [32minfo[39m: [32m[AI] Calling Groq API (Attempt 1, Model: llama-3.3-70b-versatile)...[39m
2026-03-04 01:29:05:295 [31merror[39m: [31m[AI] Groq API Error (429) on attempt 1:[39m
2026-03-04 01:29:05:295 [33mwarn[39m: [33m[AI] Error 429 on llama-3.3-70b-versatile. Falling back to 8b model...[39m
2026-03-04 01:29:05:295 [32minfo[39m: [32m[AI] Calling Groq API (Attempt 2, Model: llama-3.1-8b-instant)...[39m
2026-03-04 01:29:06:296 [32minfo[39m: [32mRecorded trust event emotional_moment for 4009bace-ec0f-4b32-8668-336067ba3c7d (Trust: 34, Stage: FAMILIAR)[39m
2026-03-04 01:29:06:296 [31merror[39m: [31mFact extraction failed: API error[39m
2026-03-04 01:29:26:2926 [35mhttp[39m: [35mPOST /api/ai/investigate[39m
2026-03-04 01:29:27:2927 [32minfo[39m: [32m[AI] Processing message for user 4009bace-ec0f-4b32-8668-336067ba3c7d, conversation d1f1e674-48e0-4d70-ad27-c54d77114e28[39m
2026-03-04 01:29:27:2927 [32minfo[39m: [32m[AI] Fetching context and memory...[39m
2026-03-04 01:29:27:2927 [32minfo[39m: [32m[AI] Context fetched for user 4009bace-ec0f-4b32-8668-336067ba3c7d[39m
2026-03-04 01:29:27:2927 [32minfo[39m: [32m[AI] Calling Groq API (Attempt 1, Model: llama-3.1-8b-instant)...[39m
2026-03-04 01:29:33:2933 [35mhttp[39m: [35mPOST /api/ai/chat[39m
2026-03-04 01:29:34:2934 [32minfo[39m: [32m[AI] Processing message for user 4009bace-ec0f-4b32-8668-336067ba3c7d, conversation d1f1e674-48e0-4d70-ad27-c54d77114e28[39m
2026-03-04 01:29:34:2934 [32minfo[39m: [32m[AI] Fetching context and memory...[39m
2026-03-04 01:29:34:2934 [32minfo[39m: [32m[AI] Context fetched for user 4009bace-ec0f-4b32-8668-336067ba3c7d[39m
2026-03-04 01:29:34:2934 [31merror[39m: [31m[RAG] Failed to save memory to Pinecone: Must pass in at least 1 record to upsert.[39m
2026-03-04 01:29:35:2935 [31merror[39m: [31m[RAG] Failed to search memories in Pinecone: The API key you provided was rejected while calling https://api.pinecone.io/indexes/nova-memory. Please check your configuration values and try again. You can find the configuration values for your project in the Pinecone developer console at https://app.pinecone.io[39m
2026-03-04 01:29:35:2935 [32minfo[39m: [32m[AI] Calling Groq API (Attempt 1, Model: llama-3.3-70b-versatile)...[39m
2026-03-04 01:29:35:2935 [31merror[39m: [31m[AI] Groq API Error (429) on attempt 1:[39m
2026-03-04 01:29:35:2935 [33mwarn[39m: [33m[AI] Error 429 on llama-3.3-70b-versatile. Falling back to 8b model...[39m
2026-03-04 01:29:35:2935 [32minfo[39m: [32m[AI] Calling Groq API (Attempt 2, Model: llama-3.1-8b-instant)...[39m
2026-03-04 01:29:35:2935 [31merror[39m: [31m[AI] Groq API Error (429) on attempt 2:[39m
2026-03-04 01:29:45:2945 [35mhttp[39m: [35mPOST /api/ai/investigate[39m
2026-03-04 01:29:45:2945 [32minfo[39m: [32m[AI] Processing message for user 4009bace-ec0f-4b32-8668-336067ba3c7d, conversation d1f1e674-48e0-4d70-ad27-c54d77114e28[39m
2026-03-04 01:29:45:2945 [32minfo[39m: [32m[AI] Fetching context and memory...[39m
2026-03-04 01:29:46:2946 [32minfo[39m: [32m[AI] Context fetched for user 4009bace-ec0f-4b32-8668-336067ba3c7d[39m
2026-03-04 01:29:46:2946 [32minfo[39m: [32m[AI] Calling Groq API (Attempt 1, Model: llama-3.1-8b-instant)...[39m
2026-03-04 01:29:46:2946 [31merror[39m: [31m[AI] Groq API Error (429) on attempt 1:[39m
2026-03-04 01:29:46:2946 [33mwarn[39m: [33m[AI] Retrying on error 429. Waiting 1s...[39m
2026-03-04 01:29:47:2947 [32minfo[39m: [32m[AI] Calling Groq API (Attempt 2, Model: llama-3.1-8b-instant)...[39m
2026-03-04 01:29:47:2947 [31merror[39m: [31m[AI] Groq API Error (429) on attempt 2:[39m
2026-03-04 01:36:31:3631 [32minfo[39m: [32mUser disconnected: KSFVdv7kpLeH4vrvAAAL[39m
2026-03-04 01:36:31:3631 [32minfo[39m: [32mUser disconnected: V8rR_BfWIENYGRUOAAAK[39m
2026-03-04 01:36:32:3632 [35mhttp[39m: [35mGET /api/users/me[39m
2026-03-04 01:36:32:3632 [35mhttp[39m: [35mGET /api/notifications/unread-count[39m
2026-03-04 01:36:32:3632 [35mhttp[39m: [35mGET /api/friends[39m
2026-03-04 01:36:32:3632 [35mhttp[39m: [35mGET /api/communities[39m
2026-03-04 01:36:32:3632 [35mhttp[39m: [35mGET /api/ai/history[39m
2026-03-04 01:36:33:3633 [32minfo[39m: [32mUser connected: 4009bace-ec0f-4b32-8668-336067ba3c7d (rhPHsA_4AI1Sl-NoAAAO)[39m
2026-03-04 01:36:33:3633 [32minfo[39m: [32mUser connected: 4009bace-ec0f-4b32-8668-336067ba3c7d (p9ERbYc_sIYRrxhiAAAP)[39m
2026-03-04 01:36:34:3634 [35mhttp[39m: [35mGET /api/users/me[39m
2026-03-04 01:38:32:3832 [35mhttp[39m: [35mGET /api/ai/history[39m
2026-03-04 01:40:32:4032 [35mhttp[39m: [35mGET /api/ai/history[39m
2026-03-04 01:42:32:4232 [35mhttp[39m: [35mGET /api/ai/history[39m
2026-03-04 01:55:38:5538 [35mhttp[39m: [35mPOST /api/ai/investigate[39m
2026-03-04 01:55:40:5540 [32minfo[39m: [32m[AI] Processing message for user 4009bace-ec0f-4b32-8668-336067ba3c7d, conversation d1f1e674-48e0-4d70-ad27-c54d77114e28[39m
2026-03-04 01:55:40:5540 [32minfo[39m: [32m[AI] Fetching context and memory...[39m
2026-03-04 01:55:40:5540 [32minfo[39m: [32m[AI] Context fetched for user 4009bace-ec0f-4b32-8668-336067ba3c7d[39m
2026-03-04 01:55:40:5540 [32minfo[39m: [32m[AI] Calling Groq API (Attempt 1, Model: llama-3.1-8b-instant)...[39m
2026-03-04 01:56:23:5623 [32minfo[39m: [32mUser disconnected: p9ERbYc_sIYRrxhiAAAP[39m
2026-03-04 01:56:23:5623 [32minfo[39m: [32mUser disconnected: rhPHsA_4AI1Sl-NoAAAO[39m
2026-03-04 01:56:23:5623 [35mhttp[39m: [35mGET /api/users/me[39m
2026-03-04 01:56:23:5623 [35mhttp[39m: [35mGET /api/notifications/unread-count[39m
2026-03-04 01:56:23:5623 [35mhttp[39m: [35mGET /api/friends[39m
2026-03-04 01:56:23:5623 [35mhttp[39m: [35mGET /api/communities[39m
2026-03-04 01:56:23:5623 [35mhttp[39m: [35mGET /api/ai/history[39m
2026-03-04 01:56:24:5624 [32minfo[39m: [32mUser connected: 4009bace-ec0f-4b32-8668-336067ba3c7d (8zzoWpWkPw6IDUxvAAAT)[39m
2026-03-04 01:56:24:5624 [32minfo[39m: [32mUser connected: 4009bace-ec0f-4b32-8668-336067ba3c7d (gQrCVy4b71xYdVvGAAAS)[39m
2026-03-04 01:56:24:5624 [35mhttp[39m: [35mGET /api/users/me[39m
2026-03-04 01:58:09:589 [32minfo[39m: [32mUser disconnected: 8zzoWpWkPw6IDUxvAAAT[39m
2026-03-04 01:58:09:589 [32minfo[39m: [32mUser disconnected: gQrCVy4b71xYdVvGAAAS[39m
2026-03-04 01:58:09:589 [35mhttp[39m: [35mGET /api/users/me[39m
2026-03-04 01:58:09:589 [35mhttp[39m: [35mGET /api/notifications/unread-count[39m
2026-03-04 01:58:09:589 [35mhttp[39m: [35mGET /api/friends[39m
2026-03-04 01:58:09:589 [35mhttp[39m: [35mGET /api/communities[39m
2026-03-04 01:58:09:589 [35mhttp[39m: [35mGET /api/ai/history[39m
2026-03-04 01:58:09:589 [32minfo[39m: [32mUser connected: 4009bace-ec0f-4b32-8668-336067ba3c7d (X6GGzOCZ2ROOqlyMAAAX)[39m
2026-03-04 01:58:09:589 [32minfo[39m: [32mUser connected: 4009bace-ec0f-4b32-8668-336067ba3c7d (SeCKaTMEvbFkmrZlAAAW)[39m
2026-03-04 01:58:10:5810 [35mhttp[39m: [35mGET /api/users/me[39m
2026-03-04 02:00:00:00 [32minfo[39m: [32mRunning background check for proactive Nova messages (daily check-in)...[39m
2026-03-04 02:05:46:546 [32minfo[39m: [32mUser disconnected: X6GGzOCZ2ROOqlyMAAAX[39m
2026-03-04 02:05:46:546 [32minfo[39m: [32mUser disconnected: SeCKaTMEvbFkmrZlAAAW[39m
2026-03-04 02:07:11:711 [35mhttp[39m: [35mGET /api/users/me[39m
2026-03-04 02:07:11:711 [35mhttp[39m: [35mGET /api/notifications/unread-count[39m
2026-03-04 02:07:11:711 [35mhttp[39m: [35mGET /api/friends[39m
2026-03-04 02:07:11:711 [35mhttp[39m: [35mGET /api/communities[39m
2026-03-04 02:07:11:711 [35mhttp[39m: [35mGET /api/ai/history[39m
2026-03-04 02:07:12:712 [32minfo[39m: [32mUser connected: 4009bace-ec0f-4b32-8668-336067ba3c7d (9BTYlDL_hMSXLCr2AAAa)[39m
2026-03-04 02:07:12:712 [32minfo[39m: [32mUser connected: 4009bace-ec0f-4b32-8668-336067ba3c7d (mPlcKZ3KXi1vjkbXAAAb)[39m
2026-03-04 02:07:12:712 [35mhttp[39m: [35mGET /api/users/me[39m
2026-03-04 02:08:16:816 [32minfo[39m: [32mUser disconnected: mPlcKZ3KXi1vjkbXAAAb[39m
2026-03-04 02:08:16:816 [32minfo[39m: [32mUser disconnected: 9BTYlDL_hMSXLCr2AAAa[39m
2026-03-04 02:08:16:816 [35mhttp[39m: [35mGET /api/users/me[39m
2026-03-04 02:08:16:816 [35mhttp[39m: [35mGET /api/notifications/unread-count[39m
2026-03-04 02:08:16:816 [35mhttp[39m: [35mGET /api/friends[39m
2026-03-04 02:08:16:816 [35mhttp[39m: [35mGET /api/communities[39m
2026-03-04 02:08:16:816 [35mhttp[39m: [35mGET /api/ai/history[39m
2026-03-04 02:08:16:816 [32minfo[39m: [32mUser connected: 4009bace-ec0f-4b32-8668-336067ba3c7d (JA2FeqU3xBmpO3-FAAAe)[39m
2026-03-04 02:08:16:816 [32minfo[39m: [32mUser connected: 4009bace-ec0f-4b32-8668-336067ba3c7d (GxrHzIlPPFQYDwTIAAAf)[39m
2026-03-04 02:08:17:817 [35mhttp[39m: [35mGET /api/users/me[39m
2026-03-04 02:08:34:834 [32minfo[39m: [32mUser disconnected: GxrHzIlPPFQYDwTIAAAf[39m
2026-03-04 02:08:34:834 [32minfo[39m: [32mUser disconnected: JA2FeqU3xBmpO3-FAAAe[39m
2026-03-04 02:08:35:835 [35mhttp[39m: [35mGET /api/users/me[39m
2026-03-04 02:08:35:835 [35mhttp[39m: [35mGET /api/notifications/unread-count[39m
2026-03-04 02:08:35:835 [35mhttp[39m: [35mGET /api/friends[39m
2026-03-04 02:08:35:835 [35mhttp[39m: [35mGET /api/communities[39m
2026-03-04 02:08:35:835 [35mhttp[39m: [35mGET /api/ai/history[39m
2026-03-04 02:08:35:835 [32minfo[39m: [32mUser connected: 4009bace-ec0f-4b32-8668-336067ba3c7d (gTipjaeuTtZ3GsmjAAAi)[39m
2026-03-04 02:08:35:835 [32minfo[39m: [32mUser connected: 4009bace-ec0f-4b32-8668-336067ba3c7d (j-hSlZpRcXAmfx6iAAAj)[39m
2026-03-04 02:08:35:835 [35mhttp[39m: [35mGET /api/users/me[39m
2026-03-04 02:08:39:839 [35mhttp[39m: [35mGET /api/users/me[39m
2026-03-04 02:08:39:839 [35mhttp[39m: [35mGET /api/notifications/unread-count[39m
2026-03-04 02:08:39:839 [35mhttp[39m: [35mGET /api/friends[39m
2026-03-04 02:08:39:839 [35mhttp[39m: [35mGET /api/communities[39m
2026-03-04 02:08:39:839 [35mhttp[39m: [35mGET /api/ai/history[39m
2026-03-04 02:08:39:839 [35mhttp[39m: [35mGET /api/users/me[39m
2026-03-04 02:08:40:840 [32minfo[39m: [32mUser disconnected: j-hSlZpRcXAmfx6iAAAj[39m
2026-03-04 02:08:40:840 [32minfo[39m: [32mUser disconnected: gTipjaeuTtZ3GsmjAAAi[39m
2026-03-04 02:08:40:840 [35mhttp[39m: [35mGET /api/users/me[39m
2026-03-04 02:08:40:840 [35mhttp[39m: [35mGET /api/notifications/unread-count[39m
2026-03-04 02:08:40:840 [35mhttp[39m: [35mGET /api/friends[39m
2026-03-04 02:08:40:840 [35mhttp[39m: [35mGET /api/communities[39m
2026-03-04 02:08:40:840 [35mhttp[39m: [35mGET /api/ai/history[39m
2026-03-04 02:08:40:840 [32minfo[39m: [32mUser connected: 4009bace-ec0f-4b32-8668-336067ba3c7d (taZWXIlLFZDKrgdFAAAm)[39m
2026-03-04 02:08:40:840 [32minfo[39m: [32mUser connected: 4009bace-ec0f-4b32-8668-336067ba3c7d (BsQ16HUK8-s5-BReAAAn)[39m
2026-03-04 02:08:40:840 [35mhttp[39m: [35mGET /api/users/me[39m
2026-03-04 02:08:52:852 [32minfo[39m: [32mUser disconnected: BsQ16HUK8-s5-BReAAAn[39m
2026-03-04 02:08:52:852 [32minfo[39m: [32mUser disconnected: taZWXIlLFZDKrgdFAAAm[39m
2026-03-04 02:08:53:853 [35mhttp[39m: [35mGET /api/users/me[39m
2026-03-04 02:08:53:853 [35mhttp[39m: [35mGET /api/notifications/unread-count[39m
2026-03-04 02:08:53:853 [35mhttp[39m: [35mGET /api/friends[39m
2026-03-04 02:08:53:853 [35mhttp[39m: [35mGET /api/communities[39m
2026-03-04 02:08:53:853 [35mhttp[39m: [35mGET /api/ai/history[39m
2026-03-04 02:08:53:853 [32minfo[39m: [32mUser connected: 4009bace-ec0f-4b32-8668-336067ba3c7d (BRi6V932vTXcy201AAAq)[39m
2026-03-04 02:08:53:853 [32minfo[39m: [32mUser connected: 4009bace-ec0f-4b32-8668-336067ba3c7d (wEGH-C0v_N-5SzG7AAAr)[39m
2026-03-04 02:08:53:853 [35mhttp[39m: [35mGET /api/users/me[39m
2026-03-04 02:10:32:1032 [32minfo[39m: [32mUser disconnected: wEGH-C0v_N-5SzG7AAAr[39m
2026-03-04 02:10:32:1032 [32minfo[39m: [32mUser disconnected: BRi6V932vTXcy201AAAq[39m
2026-03-04 02:10:32:1032 [35mhttp[39m: [35mGET /api/users/me[39m
2026-03-04 02:10:32:1032 [35mhttp[39m: [35mGET /api/notifications/unread-count[39m
2026-03-04 02:10:32:1032 [35mhttp[39m: [35mGET /api/friends[39m
2026-03-04 02:10:32:1032 [35mhttp[39m: [35mGET /api/communities[39m
2026-03-04 02:10:32:1032 [35mhttp[39m: [35mGET /api/ai/history[39m
2026-03-04 02:10:32:1032 [32minfo[39m: [32mUser connected: 4009bace-ec0f-4b32-8668-336067ba3c7d (TyJ7ckZbHqkWgnPRAAAv)[39m
2026-03-04 02:10:32:1032 [32minfo[39m: [32mUser connected: 4009bace-ec0f-4b32-8668-336067ba3c7d (GPi6weFSE-EqF2pTAAAu)[39m
2026-03-04 02:10:32:1032 [35mhttp[39m: [35mGET /api/users/me[39m
2026-03-04 02:11:05:115 [32minfo[39m: [32mUser disconnected: TyJ7ckZbHqkWgnPRAAAv[39m
2026-03-04 02:11:05:115 [32minfo[39m: [32mUser disconnected: GPi6weFSE-EqF2pTAAAu[39m
2026-03-04 02:11:05:115 [35mhttp[39m: [35mGET /api/users/me[39m
2026-03-04 02:11:05:115 [35mhttp[39m: [35mGET /api/notifications/unread-count[39m
2026-03-04 02:11:05:115 [35mhttp[39m: [35mGET /api/friends[39m
2026-03-04 02:11:05:115 [35mhttp[39m: [35mGET /api/communities[39m
2026-03-04 02:11:05:115 [35mhttp[39m: [35mGET /api/ai/history[39m
2026-03-04 02:11:05:115 [32minfo[39m: [32mUser connected: 4009bace-ec0f-4b32-8668-336067ba3c7d (9-hsTYPMdLdnSpgPAAAy)[39m
2026-03-04 02:11:05:115 [35mhttp[39m: [35mGET /api/users/me[39m
2026-03-04 02:11:06:116 [32minfo[39m: [32mUser connected: 4009bace-ec0f-4b32-8668-336067ba3c7d (rKwjdAobRy5rvNzQAAAz)[39m
2026-03-04 02:12:03:123 [32minfo[39m: [32mUser disconnected: rKwjdAobRy5rvNzQAAAz[39m
2026-03-04 02:12:03:123 [32minfo[39m: [32mUser disconnected: 9-hsTYPMdLdnSpgPAAAy[39m
2026-03-04 02:12:04:124 [35mhttp[39m: [35mGET /api/users/me[39m
2026-03-04 02:12:04:124 [35mhttp[39m: [35mGET /api/notifications/unread-count[39m
2026-03-04 02:12:04:124 [35mhttp[39m: [35mGET /api/friends[39m
2026-03-04 02:12:04:124 [35mhttp[39m: [35mGET /api/communities[39m
2026-03-04 02:12:04:124 [35mhttp[39m: [35mGET /api/ai/history[39m
2026-03-04 02:12:04:124 [32minfo[39m: [32mUser connected: 4009bace-ec0f-4b32-8668-336067ba3c7d (riKy6l3abpqdsnblAAA2)[39m
2026-03-04 02:12:04:124 [32minfo[39m: [32mUser connected: 4009bace-ec0f-4b32-8668-336067ba3c7d (Pb6o22JxGXUfkx_8AAA3)[39m
2026-03-04 02:12:04:124 [35mhttp[39m: [35mGET /api/users/me[39m
2026-03-04 02:14:46:1446 [32minfo[39m: [32mUser disconnected: riKy6l3abpqdsnblAAA2[39m
2026-03-04 02:14:46:1446 [32minfo[39m: [32mUser disconnected: Pb6o22JxGXUfkx_8AAA3[39m
2026-03-04 02:14:46:1446 [35mhttp[39m: [35mGET /api/users/me[39m
2026-03-04 02:14:46:1446 [31merror[39m: [31mSocket Auth: JWT verification failed for socket HJ_JvJQM3DDg5Wk9AAA6. Error: jwt expired[39m
2026-03-04 02:14:46:1446 [35mhttp[39m: [35mGET /api/notifications/unread-count[39m
2026-03-04 02:14:46:1446 [35mhttp[39m: [35mGET /api/users/me[39m
2026-03-04 02:14:46:1446 [35mhttp[39m: [35mGET /api/friends[39m
2026-03-04 02:14:46:1446 [35mhttp[39m: [35mGET /api/communities[39m
2026-03-04 02:14:46:1446 [35mhttp[39m: [35mGET /api/ai/history[39m
2026-03-04 02:14:46:1446 [31merror[39m: [31mSocket Auth: JWT verification failed for socket RLLfgFRgYFYEdLpVAAA7. Error: jwt expired[39m
2026-03-04 02:14:48:1448 [35mhttp[39m: [35mPOST /api/auth/login[39m
2026-03-04 02:14:50:1450 [35mhttp[39m: [35mGET /api/users/me[39m
2026-03-04 02:14:50:1450 [35mhttp[39m: [35mGET /api/notifications/unread-count[39m
2026-03-04 02:14:50:1450 [35mhttp[39m: [35mGET /api/friends[39m
2026-03-04 02:14:50:1450 [35mhttp[39m: [35mGET /api/communities[39m
2026-03-04 02:14:50:1450 [35mhttp[39m: [35mGET /api/ai/history[39m
2026-03-04 02:14:50:1450 [35mhttp[39m: [35mGET /api/users/me[39m
2026-03-04 02:14:50:1450 [35mhttp[39m: [35mGET /api/users/me[39m
2026-03-04 02:14:50:1450 [32minfo[39m: [32mUser connected: 4009bace-ec0f-4b32-8668-336067ba3c7d (rNHKb8FZDnBilg3JAABA)[39m
2026-03-04 02:14:50:1450 [32minfo[39m: [32mUser connected: 4009bace-ec0f-4b32-8668-336067ba3c7d (r1v7xj8dmkWgmy80AABC)[39m
2026-03-04 02:14:50:1450 [32minfo[39m: [32mUser connected: 4009bace-ec0f-4b32-8668-336067ba3c7d (52sGigvDT9D4dGiTAABB)[39m
2026-03-04 02:14:50:1450 [32minfo[39m: [32mUser connected: 4009bace-ec0f-4b32-8668-336067ba3c7d (-F990Tt8gBDE9SaIAABD)[39m
2026-03-04 02:14:50:1450 [35mhttp[39m: [35mGET /api/users/me[39m
2026-03-04 02:14:50:1450 [35mhttp[39m: [35mGET /api/communities[39m
2026-03-04 02:14:50:1450 [35mhttp[39m: [35mGET /api/notifications/unread-count[39m
2026-03-04 02:14:51:1451 [35mhttp[39m: [35mGET /api/ai/history[39m
2026-03-04 02:14:51:1451 [35mhttp[39m: [35mGET /api/friends[39m
2026-03-04 02:15:49:1549 [32minfo[39m: [32mUser disconnected: -F990Tt8gBDE9SaIAABD[39m
2026-03-04 02:15:49:1549 [32minfo[39m: [32mUser disconnected: r1v7xj8dmkWgmy80AABC[39m
2026-03-04 02:15:49:1549 [32minfo[39m: [32mUser disconnected: 52sGigvDT9D4dGiTAABB[39m
2026-03-04 02:15:49:1549 [32minfo[39m: [32mUser disconnected: rNHKb8FZDnBilg3JAABA[39m
2026-03-04 02:15:50:1550 [35mhttp[39m: [35mGET /api/users/me[39m
2026-03-04 02:15:50:1550 [35mhttp[39m: [35mGET /api/notifications/unread-count[39m
2026-03-04 02:15:50:1550 [35mhttp[39m: [35mGET /api/friends[39m
2026-03-04 02:15:50:1550 [35mhttp[39m: [35mGET /api/communities[39m
2026-03-04 02:15:50:1550 [35mhttp[39m: [35mGET /api/ai/history[39m
2026-03-04 02:15:50:1550 [32minfo[39m: [32mUser connected: 4009bace-ec0f-4b32-8668-336067ba3c7d (qBTXO4gxAwTrc594AABG)[39m
2026-03-04 02:15:50:1550 [32minfo[39m: [32mUser connected: 4009bace-ec0f-4b32-8668-336067ba3c7d (9iQET0UKTexvq60CAABH)[39m
2026-03-04 02:15:50:1550 [35mhttp[39m: [35mGET /api/users/me[39m
2026-03-04 02:16:49:1649 [35mhttp[39m: [35mPOST /api/ai/investigate[39m
2026-03-04 02:16:49:1649 [32minfo[39m: [32m[AI] Processing message for user 4009bace-ec0f-4b32-8668-336067ba3c7d, conversation d1f1e674-48e0-4d70-ad27-c54d77114e28[39m
2026-03-04 02:16:49:1649 [32minfo[39m: [32m[AI] Fetching context and memory...[39m
2026-03-04 02:16:49:1649 [32minfo[39m: [32m[AI] Context fetched for user 4009bace-ec0f-4b32-8668-336067ba3c7d[39m
2026-03-04 02:16:50:1650 [32minfo[39m: [32m[AI] Calling Groq API (Attempt 1, Model: llama-3.1-8b-instant)...[39m
2026-03-04 02:19:04:194 [35mhttp[39m: [35mPOST /api/ai/investigate[39m
2026-03-04 02:19:04:194 [32minfo[39m: [32m[AI] Processing message for user 4009bace-ec0f-4b32-8668-336067ba3c7d, conversation d1f1e674-48e0-4d70-ad27-c54d77114e28[39m
2026-03-04 02:19:04:194 [32minfo[39m: [32m[AI] Fetching context and memory...[39m
2026-03-04 02:19:04:194 [32minfo[39m: [32m[AI] Context fetched for user 4009bace-ec0f-4b32-8668-336067ba3c7d[39m
2026-03-04 02:19:04:194 [32minfo[39m: [32m[AI] Calling Groq API (Attempt 1, Model: llama-3.1-8b-instant)...[39m
2026-03-04 02:22:13:2213 [32minfo[39m: [32mConnected to PostgreSQL database[39m
2026-03-04 02:22:13:2213 [32minfo[39m: [32mSoulLink Backend running in development mode on port 4000[39m
2026-03-04 02:22:13:2213 [32minfo[39m: [32mStarting AI Companion cron jobs...[39m
2026-03-04 02:22:13:2213 [32minfo[39m: [32mPresence Reset: Set 1 users to OFFLINE on startup[39m
2026-03-04 02:22:13:2213 [32minfo[39m: [32mUser connected: 4009bace-ec0f-4b32-8668-336067ba3c7d (udw12tJkef1GKUhfAAAD)[39m
2026-03-04 02:22:13:2213 [32minfo[39m: [32mUser connected: 4009bace-ec0f-4b32-8668-336067ba3c7d (M_C258Ah1J9p8LoFAAAC)[39m
2026-03-04 02:23:39:2339 [32minfo[39m: [32mUser disconnected: M_C258Ah1J9p8LoFAAAC[39m
2026-03-04 02:23:39:2339 [32minfo[39m: [32mUser disconnected: udw12tJkef1GKUhfAAAD[39m
2026-03-04 02:23:39:2339 [35mhttp[39m: [35mGET /api/users/me[39m
2026-03-04 02:23:39:2339 [35mhttp[39m: [35mGET /api/notifications/unread-count[39m
2026-03-04 02:23:39:2339 [35mhttp[39m: [35mGET /api/friends[39m
2026-03-04 02:23:39:2339 [35mhttp[39m: [35mGET /api/communities[39m
2026-03-04 02:23:39:2339 [35mhttp[39m: [35mGET /api/ai/history[39m
2026-03-04 02:23:39:2339 [32minfo[39m: [32mUser connected: 4009bace-ec0f-4b32-8668-336067ba3c7d (Rca9c2HJCx3j0bqkAAAG)[39m
2026-03-04 02:23:40:2340 [32minfo[39m: [32mUser connected: 4009bace-ec0f-4b32-8668-336067ba3c7d (CKcm8ixErCLiGLWKAAAH)[39m
2026-03-04 02:23:40:2340 [35mhttp[39m: [35mGET /api/users/me[39m
2026-03-04 02:24:39:2439 [35mhttp[39m: [35mPOST /api/ai/chat[39m
2026-03-04 02:24:40:2440 [32minfo[39m: [32m[AI] Processing message for user 4009bace-ec0f-4b32-8668-336067ba3c7d, conversation d1f1e674-48e0-4d70-ad27-c54d77114e28[39m
2026-03-04 02:24:40:2440 [32minfo[39m: [32m[AI] Fetching context and memory...[39m
2026-03-04 02:24:41:2441 [31merror[39m: [31m[RAG] Failed to save memory to Pinecone: Must pass in at least 1 record to upsert.[39m
2026-03-04 02:24:41:2441 [32minfo[39m: [32m[AI] Context fetched for user 4009bace-ec0f-4b32-8668-336067ba3c7d[39m
2026-03-04 02:24:42:2442 [31merror[39m: [31m[RAG] Failed to search memories in Pinecone: The API key you provided was rejected while calling https://api.pinecone.io/indexes/nova-memory. Please check your configuration values and try again. You can find the configuration values for your project in the Pinecone developer console at https://app.pinecone.io[39m
2026-03-04 02:24:42:2442 [32minfo[39m: [32m[AI] Calling Groq API (Attempt 1, Model: llama-3.3-70b-versatile)...[39m
2026-03-04 02:24:43:2443 [32minfo[39m: [32mUpdated structured memory for user 4009bace-ec0f-4b32-8668-336067ba3c7d[39m
2026-03-04 02:25:09:259 [35mhttp[39m: [35mPOST /api/ai/chat[39m
2026-03-04 02:25:10:2510 [32minfo[39m: [32m[AI] Processing message for user 4009bace-ec0f-4b32-8668-336067ba3c7d, conversation d1f1e674-48e0-4d70-ad27-c54d77114e28[39m
2026-03-04 02:25:10:2510 [32minfo[39m: [32m[AI] Fetching context and memory...[39m
2026-03-04 02:25:10:2510 [31merror[39m: [31m[RAG] Failed to save memory to Pinecone: Must pass in at least 1 record to upsert.[39m
2026-03-04 02:25:11:2511 [32minfo[39m: [32m[AI] Context fetched for user 4009bace-ec0f-4b32-8668-336067ba3c7d[39m
2026-03-04 02:25:11:2511 [31merror[39m: [31m[RAG] Failed to search memories in Pinecone: The API key you provided was rejected while calling https://api.pinecone.io/indexes/nova-memory. Please check your configuration values and try again. You can find the configuration values for your project in the Pinecone developer console at https://app.pinecone.io[39m
2026-03-04 02:25:11:2511 [32minfo[39m: [32m[AI] Calling Groq API (Attempt 1, Model: llama-3.3-70b-versatile)...[39m
2026-03-04 02:25:11:2511 [31merror[39m: [31m[AI] Groq API Error (429) on attempt 1:[39m
2026-03-04 02:25:11:2511 [33mwarn[39m: [33m[AI] Error 429 on llama-3.3-70b-versatile. Falling back to 8b model...[39m
2026-03-04 02:25:11:2511 [32minfo[39m: [32m[AI] Calling Groq API (Attempt 2, Model: llama-3.1-8b-instant)...[39m
2026-03-04 02:25:13:2513 [32minfo[39m: [32mUpdated structured memory for user 4009bace-ec0f-4b32-8668-336067ba3c7d[39m
2026-03-04 02:25:21:2521 [32minfo[39m: [32mUser disconnected: CKcm8ixErCLiGLWKAAAH[39m
2026-03-04 02:25:21:2521 [32minfo[39m: [32mUser disconnected: Rca9c2HJCx3j0bqkAAAG[39m
2026-03-04 02:25:21:2521 [35mhttp[39m: [35mGET /api/users/me[39m
2026-03-04 02:25:21:2521 [35mhttp[39m: [35mGET /api/notifications/unread-count[39m
2026-03-04 02:25:21:2521 [35mhttp[39m: [35mGET /api/friends[39m
2026-03-04 02:25:21:2521 [35mhttp[39m: [35mGET /api/communities[39m
2026-03-04 02:25:21:2521 [35mhttp[39m: [35mGET /api/ai/history[39m
2026-03-04 02:25:21:2521 [32minfo[39m: [32mUser connected: 4009bace-ec0f-4b32-8668-336067ba3c7d (AhovC5w6empnY1X_AAAK)[39m
2026-03-04 02:25:21:2521 [32minfo[39m: [32mUser connected: 4009bace-ec0f-4b32-8668-336067ba3c7d (6jZNSwZrj4MFIP9TAAAL)[39m
2026-03-04 02:25:22:2522 [35mhttp[39m: [35mGET /api/users/me[39m
2026-03-04 02:25:23:2523 [35mhttp[39m: [35mGET /api/users/me[39m
2026-03-04 02:25:23:2523 [35mhttp[39m: [35mGET /api/users/me[39m
2026-03-04 02:25:30:2530 [35mhttp[39m: [35mPOST /api/ai/chat[39m
2026-03-04 02:25:30:2530 [32minfo[39m: [32m[AI] Processing message for user 4009bace-ec0f-4b32-8668-336067ba3c7d, conversation d1f1e674-48e0-4d70-ad27-c54d77114e28[39m
2026-03-04 02:25:31:2531 [32minfo[39m: [32m[AI] Fetching context and memory...[39m
2026-03-04 02:25:31:2531 [31merror[39m: [31m[RAG] Failed to save memory to Pinecone: Must pass in at least 1 record to upsert.[39m
2026-03-04 02:25:31:2531 [32minfo[39m: [32m[AI] Context fetched for user 4009bace-ec0f-4b32-8668-336067ba3c7d[39m
2026-03-04 02:25:32:2532 [31merror[39m: [31m[RAG] Failed to search memories in Pinecone: The API key you provided was rejected while calling https://api.pinecone.io/indexes/nova-memory. Please check your configuration values and try again. You can find the configuration values for your project in the Pinecone developer console at https://app.pinecone.io[39m
2026-03-04 02:25:32:2532 [32minfo[39m: [32m[AI] Calling Groq API (Attempt 1, Model: llama-3.3-70b-versatile)...[39m
2026-03-04 02:25:32:2532 [31merror[39m: [31m[AI] Groq API Error (429) on attempt 1:[39m
2026-03-04 02:25:32:2532 [33mwarn[39m: [33m[AI] Error 429 on llama-3.3-70b-versatile. Falling back to 8b model...[39m
2026-03-04 02:25:32:2532 [32minfo[39m: [32m[AI] Calling Groq API (Attempt 2, Model: llama-3.1-8b-instant)...[39m
2026-03-04 02:25:33:2533 [31merror[39m: [31mFact extraction failed: API error[39m
2026-03-04 02:25:44:2544 [32minfo[39m: [32mUser disconnected: 6jZNSwZrj4MFIP9TAAAL[39m
2026-03-04 02:25:44:2544 [32minfo[39m: [32mUser disconnected: AhovC5w6empnY1X_AAAK[39m
2026-03-04 02:25:44:2544 [35mhttp[39m: [35mGET /api/users/me[39m
2026-03-04 02:25:44:2544 [35mhttp[39m: [35mGET /api/notifications/unread-count[39m
2026-03-04 02:25:44:2544 [35mhttp[39m: [35mGET /api/friends[39m
2026-03-04 02:25:44:2544 [35mhttp[39m: [35mGET /api/communities[39m
2026-03-04 02:25:44:2544 [35mhttp[39m: [35mGET /api/ai/history[39m
2026-03-04 02:25:45:2545 [32minfo[39m: [32mUser connected: 4009bace-ec0f-4b32-8668-336067ba3c7d (vo9liXZaOKlziY-RAAAO)[39m
2026-03-04 02:25:45:2545 [32minfo[39m: [32mUser connected: 4009bace-ec0f-4b32-8668-336067ba3c7d (GIfjqWQ58S79lHcHAAAP)[39m
2026-03-04 02:25:45:2545 [35mhttp[39m: [35mGET /api/users/me[39m
2026-03-04 02:25:46:2546 [35mhttp[39m: [35mGET /api/users/me[39m
2026-03-04 02:25:57:2557 [35mhttp[39m: [35mPOST /api/ai/chat[39m
2026-03-04 02:25:58:2558 [32minfo[39m: [32m[AI] Processing message for user 4009bace-ec0f-4b32-8668-336067ba3c7d, conversation d1f1e674-48e0-4d70-ad27-c54d77114e28[39m
2026-03-04 02:25:58:2558 [32minfo[39m: [32m[AI] Fetching context and memory...[39m
2026-03-04 02:25:58:2558 [31merror[39m: [31m[RAG] Failed to save memory to Pinecone: Must pass in at least 1 record to upsert.[39m
2026-03-04 02:25:59:2559 [32minfo[39m: [32m[AI] Context fetched for user 4009bace-ec0f-4b32-8668-336067ba3c7d[39m
2026-03-04 02:25:59:2559 [31merror[39m: [31m[RAG] Failed to search memories in Pinecone: The API key you provided was rejected while calling https://api.pinecone.io/indexes/nova-memory. Please check your configuration values and try again. You can find the configuration values for your project in the Pinecone developer console at https://app.pinecone.io[39m
2026-03-04 02:25:59:2559 [32minfo[39m: [32m[AI] Calling Groq API (Attempt 1, Model: llama-3.3-70b-versatile)...[39m
2026-03-04 02:26:00:260 [31merror[39m: [31m[AI] Groq API Error (429) on attempt 1:[39m
2026-03-04 02:26:00:260 [33mwarn[39m: [33m[AI] Error 429 on llama-3.3-70b-versatile. Falling back to 8b model...[39m
2026-03-04 02:26:00:260 [32minfo[39m: [32m[AI] Calling Groq API (Attempt 2, Model: llama-3.1-8b-instant)...[39m
2026-03-04 02:26:01:261 [31merror[39m: [31mFact extraction failed: API error[39m
2026-03-04 02:26:20:2620 [35mhttp[39m: [35mPOST /api/ai/chat[39m
2026-03-04 02:26:21:2621 [32minfo[39m: [32m[AI] Processing message for user 4009bace-ec0f-4b32-8668-336067ba3c7d, conversation d1f1e674-48e0-4d70-ad27-c54d77114e28[39m
2026-03-04 02:26:21:2621 [32minfo[39m: [32m[AI] Fetching context and memory...[39m
2026-03-04 02:26:21:2621 [31merror[39m: [31m[RAG] Failed to save memory to Pinecone: Must pass in at least 1 record to upsert.[39m
2026-03-04 02:26:21:2621 [32minfo[39m: [32m[AI] Context fetched for user 4009bace-ec0f-4b32-8668-336067ba3c7d[39m
2026-03-04 02:26:22:2622 [31merror[39m: [31m[RAG] Failed to search memories in Pinecone: The API key you provided was rejected while calling https://api.pinecone.io/indexes/nova-memory. Please check your configuration values and try again. You can find the configuration values for your project in the Pinecone developer console at https://app.pinecone.io[39m
2026-03-04 02:26:22:2622 [32minfo[39m: [32m[AI] Calling Groq API (Attempt 1, Model: llama-3.3-70b-versatile)...[39m
2026-03-04 02:26:22:2622 [31merror[39m: [31m[AI] Groq API Error (429) on attempt 1:[39m
2026-03-04 02:26:22:2622 [33mwarn[39m: [33m[AI] Error 429 on llama-3.3-70b-versatile. Falling back to 8b model...[39m
2026-03-04 02:26:22:2622 [32minfo[39m: [32m[AI] Calling Groq API (Attempt 2, Model: llama-3.1-8b-instant)...[39m
2026-03-04 02:26:23:2623 [31merror[39m: [31mFact extraction failed: API error[39m
2026-03-04 02:26:37:2637 [35mhttp[39m: [35mPOST /api/ai/investigate[39m
2026-03-04 02:26:37:2637 [32minfo[39m: [32m[AI] Processing message for user 4009bace-ec0f-4b32-8668-336067ba3c7d, conversation d1f1e674-48e0-4d70-ad27-c54d77114e28[39m
2026-03-04 02:26:37:2637 [32minfo[39m: [32m[AI] Fetching context and memory...[39m
2026-03-04 02:26:37:2637 [32minfo[39m: [32m[AI] Context fetched for user 4009bace-ec0f-4b32-8668-336067ba3c7d[39m
2026-03-04 02:26:37:2637 [32minfo[39m: [32m[AI] Calling Groq API (Attempt 1, Model: llama-3.1-8b-instant)...[39m
2026-03-04 02:26:55:2655 [35mhttp[39m: [35mPOST /api/ai/chat[39m
2026-03-04 02:26:55:2655 [32minfo[39m: [32m[AI] Processing message for user 4009bace-ec0f-4b32-8668-336067ba3c7d, conversation d1f1e674-48e0-4d70-ad27-c54d77114e28[39m
2026-03-04 02:26:55:2655 [32minfo[39m: [32m[AI] Fetching context and memory...[39m
2026-03-04 02:26:55:2655 [32minfo[39m: [32m[AI] Context fetched for user 4009bace-ec0f-4b32-8668-336067ba3c7d[39m
2026-03-04 02:26:55:2655 [31merror[39m: [31m[RAG] Failed to save memory to Pinecone: Must pass in at least 1 record to upsert.[39m
2026-03-04 02:26:56:2656 [31merror[39m: [31m[RAG] Failed to search memories in Pinecone: The API key you provided was rejected while calling https://api.pinecone.io/indexes/nova-memory. Please check your configuration values and try again. You can find the configuration values for your project in the Pinecone developer console at https://app.pinecone.io[39m
2026-03-04 02:26:56:2656 [32minfo[39m: [32m[AI] Calling Groq API (Attempt 1, Model: llama-3.3-70b-versatile)...[39m
2026-03-04 02:26:56:2656 [31merror[39m: [31m[AI] Groq API Error (429) on attempt 1:[39m
2026-03-04 02:26:56:2656 [33mwarn[39m: [33m[AI] Error 429 on llama-3.3-70b-versatile. Falling back to 8b model...[39m
2026-03-04 02:26:56:2656 [32minfo[39m: [32m[AI] Calling Groq API (Attempt 2, Model: llama-3.1-8b-instant)...[39m
2026-03-04 02:26:56:2656 [31merror[39m: [31m[AI] Groq API Error (429) on attempt 2:[39m
2026-03-04 02:27:05:275 [35mhttp[39m: [35mPOST /api/ai/investigate[39m
2026-03-04 02:27:06:276 [32minfo[39m: [32m[AI] Processing message for user 4009bace-ec0f-4b32-8668-336067ba3c7d, conversation d1f1e674-48e0-4d70-ad27-c54d77114e28[39m
2026-03-04 02:27:06:276 [32minfo[39m: [32m[AI] Fetching context and memory...[39m
2026-03-04 02:27:06:276 [32minfo[39m: [32m[AI] Context fetched for user 4009bace-ec0f-4b32-8668-336067ba3c7d[39m
2026-03-04 02:27:06:276 [32minfo[39m: [32m[AI] Calling Groq API (Attempt 1, Model: llama-3.1-8b-instant)...[39m
2026-03-04 02:27:18:2718 [32minfo[39m: [32mUser disconnected: GIfjqWQ58S79lHcHAAAP[39m
2026-03-04 02:27:18:2718 [32minfo[39m: [32mUser disconnected: vo9liXZaOKlziY-RAAAO[39m
2026-03-04 02:27:18:2718 [35mhttp[39m: [35mGET /api/users/me[39m
2026-03-04 02:27:18:2718 [35mhttp[39m: [35mGET /api/notifications/unread-count[39m
2026-03-04 02:27:18:2718 [35mhttp[39m: [35mGET /api/friends[39m
2026-03-04 02:27:18:2718 [35mhttp[39m: [35mGET /api/communities[39m
2026-03-04 02:27:18:2718 [35mhttp[39m: [35mGET /api/ai/history[39m
2026-03-04 02:27:19:2719 [32minfo[39m: [32mUser connected: 4009bace-ec0f-4b32-8668-336067ba3c7d (DeGRPHeEMzYdI8bbAAAS)[39m
2026-03-04 02:27:19:2719 [32minfo[39m: [32mUser connected: 4009bace-ec0f-4b32-8668-336067ba3c7d (kqBrAeH7yCMIMiKLAAAT)[39m
2026-03-04 02:27:20:2720 [35mhttp[39m: [35mGET /api/users/me[39m
2026-03-04 02:27:20:2720 [35mhttp[39m: [35mGET /api/users/me[39m
2026-03-04 02:27:33:2733 [35mhttp[39m: [35mPOST /api/ai/chat[39m
2026-03-04 02:27:33:2733 [32minfo[39m: [32m[AI] Processing message for user 4009bace-ec0f-4b32-8668-336067ba3c7d, conversation d1f1e674-48e0-4d70-ad27-c54d77114e28[39m
2026-03-04 02:27:33:2733 [32minfo[39m: [32m[AI] Fetching context and memory...[39m
2026-03-04 02:27:34:2734 [31merror[39m: [31m[RAG] Failed to save memory to Pinecone: Must pass in at least 1 record to upsert.[39m
2026-03-04 02:27:34:2734 [32minfo[39m: [32m[AI] Context fetched for user 4009bace-ec0f-4b32-8668-336067ba3c7d[39m
2026-03-04 02:27:35:2735 [31merror[39m: [31m[RAG] Failed to search memories in Pinecone: The API key you provided was rejected while calling https://api.pinecone.io/indexes/nova-memory. Please check your configuration values and try again. You can find the configuration values for your project in the Pinecone developer console at https://app.pinecone.io[39m
2026-03-04 02:27:35:2735 [32minfo[39m: [32m[AI] Calling Groq API (Attempt 1, Model: llama-3.3-70b-versatile)...[39m
2026-03-04 02:27:35:2735 [31merror[39m: [31m[AI] Groq API Error (429) on attempt 1:[39m
2026-03-04 02:27:35:2735 [33mwarn[39m: [33m[AI] Error 429 on llama-3.3-70b-versatile. Falling back to 8b model...[39m
2026-03-04 02:27:35:2735 [32minfo[39m: [32m[AI] Calling Groq API (Attempt 2, Model: llama-3.1-8b-instant)...[39m
2026-03-04 02:27:36:2736 [31merror[39m: [31mFact extraction failed: API error[39m
2026-03-04 02:28:37:2837 [32minfo[39m: [32mConnected to PostgreSQL database[39m
2026-03-04 02:28:37:2837 [32minfo[39m: [32mSoulLink Backend running in development mode on port 4000[39m
2026-03-04 02:28:37:2837 [32minfo[39m: [32mStarting AI Companion cron jobs...[39m
2026-03-04 02:28:37:2837 [32minfo[39m: [32mPresence Reset: Set 1 users to OFFLINE on startup[39m
2026-03-04 02:28:37:2837 [32minfo[39m: [32mUser connected: 4009bace-ec0f-4b32-8668-336067ba3c7d (NHRfB0IgH8BmKN5xAAAC)[39m
2026-03-04 02:28:37:2837 [32minfo[39m: [32mUser connected: 4009bace-ec0f-4b32-8668-336067ba3c7d (2SEgJdP9bO9f3AewAAAD)[39m
2026-03-04 02:29:14:2914 [32minfo[39m: [32mUser disconnected: NHRfB0IgH8BmKN5xAAAC[39m
2026-03-04 02:29:14:2914 [32minfo[39m: [32mUser disconnected: 2SEgJdP9bO9f3AewAAAD[39m
2026-03-04 02:29:14:2914 [35mhttp[39m: [35mGET /api/users/me[39m
2026-03-04 02:29:14:2914 [35mhttp[39m: [35mGET /api/notifications/unread-count[39m
2026-03-04 02:29:14:2914 [35mhttp[39m: [35mGET /api/friends[39m
2026-03-04 02:29:14:2914 [35mhttp[39m: [35mGET /api/communities[39m
2026-03-04 02:29:14:2914 [35mhttp[39m: [35mGET /api/ai/history[39m
2026-03-04 02:29:14:2914 [32minfo[39m: [32mUser connected: 4009bace-ec0f-4b32-8668-336067ba3c7d (FLdYqPfQv1qhFsguAAAG)[39m
2026-03-04 02:29:15:2915 [35mhttp[39m: [35mGET /api/users/me[39m
2026-03-04 02:29:15:2915 [32minfo[39m: [32mUser connected: 4009bace-ec0f-4b32-8668-336067ba3c7d (8VLB4UbMt4O6_IcNAAAH)[39m
2026-03-04 02:29:15:2915 [35mhttp[39m: [35mGET /api/users/me[39m
2026-03-04 02:29:37:2937 [35mhttp[39m: [35mPOST /api/ai/chat[39m
2026-03-04 02:29:37:2937 [32minfo[39m: [32m[AI] Processing message for user 4009bace-ec0f-4b32-8668-336067ba3c7d, conversation d1f1e674-48e0-4d70-ad27-c54d77114e28[39m
2026-03-04 02:29:37:2937 [32minfo[39m: [32m[AI] Fetching context and memory...[39m
2026-03-04 02:29:38:2938 [31merror[39m: [31m[RAG] Failed to save memory to Pinecone: Must pass in at least 1 record to upsert.[39m
2026-03-04 02:29:38:2938 [32minfo[39m: [32m[AI] Context fetched for user 4009bace-ec0f-4b32-8668-336067ba3c7d[39m
2026-03-04 02:29:39:2939 [31merror[39m: [31m[RAG] Failed to search memories in Pinecone: The API key you provided was rejected while calling https://api.pinecone.io/indexes/nova-memory. Please check your configuration values and try again. You can find the configuration values for your project in the Pinecone developer console at https://app.pinecone.io[39m
2026-03-04 02:29:39:2939 [32minfo[39m: [32m[AI] Calling Groq API (Attempt 1, Model: llama-3.3-70b-versatile)...[39m
2026-03-04 02:29:39:2939 [31merror[39m: [31m[AI] Groq API Error (429) on attempt 1:[39m
2026-03-04 02:29:39:2939 [33mwarn[39m: [33m[AI] Error 429 on llama-3.3-70b-versatile. Falling back to 8b model...[39m
2026-03-04 02:29:39:2939 [32minfo[39m: [32m[AI] Calling Groq API (Attempt 2, Model: llama-3.1-8b-instant)...[39m
2026-03-04 02:29:40:2940 [31merror[39m: [31mFact extraction failed: API error[39m
2026-03-04 02:29:55:2955 [35mhttp[39m: [35mPOST /api/ai/chat[39m
2026-03-04 02:29:55:2955 [32minfo[39m: [32m[AI] Processing message for user 4009bace-ec0f-4b32-8668-336067ba3c7d, conversation d1f1e674-48e0-4d70-ad27-c54d77114e28[39m
2026-03-04 02:29:55:2955 [32minfo[39m: [32m[AI] Fetching context and memory...[39m
2026-03-04 02:29:56:2956 [32minfo[39m: [32m[AI] Context fetched for user 4009bace-ec0f-4b32-8668-336067ba3c7d[39m
2026-03-04 02:29:56:2956 [31merror[39m: [31m[RAG] Failed to search memories in Pinecone: The API key you provided was rejected while calling https://api.pinecone.io/indexes/nova-memory. Please check your configuration values and try again. You can find the configuration values for your project in the Pinecone developer console at https://app.pinecone.io[39m
2026-03-04 02:29:56:2956 [32minfo[39m: [32m[AI] Calling Groq API (Attempt 1, Model: llama-3.3-70b-versatile)...[39m
2026-03-04 02:29:56:2956 [31merror[39m: [31m[AI] Groq API Error (429) on attempt 1:[39m
2026-03-04 02:29:56:2956 [33mwarn[39m: [33m[AI] Error 429 on llama-3.3-70b-versatile. Falling back to 8b model...[39m
2026-03-04 02:29:56:2956 [32minfo[39m: [32m[AI] Calling Groq API (Attempt 2, Model: llama-3.1-8b-instant)...[39m
2026-03-04 02:29:57:2957 [31merror[39m: [31mFact extraction failed: API error[39m
2026-03-04 02:29:58:2958 [31merror[39m: [31m[RAG] Failed to save memory to Pinecone: Must pass in at least 1 record to upsert.[39m
2026-03-04 02:30:08:308 [35mhttp[39m: [35mPOST /api/ai/investigate[39m
2026-03-04 02:30:08:308 [32minfo[39m: [32m[AI] Processing message for user 4009bace-ec0f-4b32-8668-336067ba3c7d, conversation d1f1e674-48e0-4d70-ad27-c54d77114e28[39m
2026-03-04 02:30:08:308 [32minfo[39m: [32m[AI] Fetching context and memory...[39m
2026-03-04 02:30:08:308 [32minfo[39m: [32m[AI] Context fetched for user 4009bace-ec0f-4b32-8668-336067ba3c7d[39m
2026-03-04 02:30:08:308 [32minfo[39m: [32m[AI] Calling Groq API (Attempt 1, Model: llama-3.1-8b-instant)...[39m
2026-03-04 03:00:00:00 [32minfo[39m: [32mRunning background check for proactive Nova messages (daily check-in)...[39m
2026-03-04 03:11:50:1150 [32minfo[39m: [32mConnected to PostgreSQL database[39m
2026-03-04 03:11:50:1150 [32minfo[39m: [32mSoulLink Backend running in development mode on port 4000[39m
2026-03-04 03:11:50:1150 [32minfo[39m: [32mStarting AI Companion cron jobs...[39m
2026-03-04 03:11:50:1150 [32minfo[39m: [32mPresence Reset: Set 1 users to OFFLINE on startup[39m
2026-03-04 03:11:50:1150 [32minfo[39m: [32mUser connected: 4009bace-ec0f-4b32-8668-336067ba3c7d (yU_Sq3wBuV_OcjYzAAAB)[39m
2026-03-04 03:11:51:1151 [32minfo[39m: [32mUser connected: 4009bace-ec0f-4b32-8668-336067ba3c7d (4pV_O8mE0Qq_YWg1AAAD)[39m
2026-03-04 03:11:58:1158 [32minfo[39m: [32mConnected to PostgreSQL database[39m
2026-03-04 03:11:58:1158 [32minfo[39m: [32mSoulLink Backend running in development mode on port 4000[39m
2026-03-04 03:11:58:1158 [32minfo[39m: [32mStarting AI Companion cron jobs...[39m
2026-03-04 03:11:58:1158 [32minfo[39m: [32mPresence Reset: Set 1 users to OFFLINE on startup[39m
2026-03-04 03:12:00:120 [32minfo[39m: [32mUser connected: 4009bace-ec0f-4b32-8668-336067ba3c7d (aSJTYH1B2Sq2oZkNAAAC)[39m
2026-03-04 03:12:00:120 [32minfo[39m: [32mUser connected: 4009bace-ec0f-4b32-8668-336067ba3c7d (qthVrLY9t-YZueXZAAAD)[39m
2026-03-04 03:14:15:1415 [32minfo[39m: [32mConnected to PostgreSQL database[39m
2026-03-04 03:14:15:1415 [32minfo[39m: [32mSoulLink Backend running in development mode on port 4000[39m
2026-03-04 03:14:15:1415 [32minfo[39m: [32mStarting AI Companion cron jobs...[39m
2026-03-04 03:14:16:1416 [32minfo[39m: [32mPresence Reset: Set 1 users to OFFLINE on startup[39m
2026-03-04 03:14:17:1417 [32minfo[39m: [32mUser connected: 4009bace-ec0f-4b32-8668-336067ba3c7d (-LQdTcExxj1F8GeKAAAC)[39m
2026-03-04 03:14:17:1417 [32minfo[39m: [32mUser connected: 4009bace-ec0f-4b32-8668-336067ba3c7d (oNaFfTa03RyDezRSAAAD)[39m
2026-03-04 03:18:02:182 [32minfo[39m: [32mConnected to PostgreSQL database[39m
2026-03-04 03:18:02:182 [32minfo[39m: [32mSoulLink Backend running in development mode on port 4000[39m
2026-03-04 03:18:02:182 [32minfo[39m: [32mStarting AI Companion cron jobs...[39m
2026-03-04 03:18:03:183 [31merror[39m: [31mSocket Auth: JWT verification failed for socket BHilw_wS6pX62MpGAAAC. Error: jwt expired[39m
2026-03-04 03:18:03:183 [31merror[39m: [31mSocket Auth: JWT verification failed for socket kmNSxrtcY9IH8uhfAAAD. Error: jwt expired[39m
2026-03-04 03:18:03:183 [32minfo[39m: [32mPresence Reset: Set 1 users to OFFLINE on startup[39m
2026-03-04 03:18:23:1823 [32minfo[39m: [32mConnected to PostgreSQL database[39m
2026-03-04 03:18:23:1823 [32minfo[39m: [32mSoulLink Backend running in development mode on port 4000[39m
2026-03-04 03:18:23:1823 [32minfo[39m: [32mStarting AI Companion cron jobs...[39m
2026-03-04 03:18:24:1824 [32minfo[39m: [32mPresence Reset: Set 0 users to OFFLINE on startup[39m
2026-03-04 03:18:38:1838 [32minfo[39m: [32mConnected to PostgreSQL database[39m
2026-03-04 03:18:38:1838 [32minfo[39m: [32mSoulLink Backend running in development mode on port 4000[39m
2026-03-04 03:18:38:1838 [32minfo[39m: [32mStarting AI Companion cron jobs...[39m
2026-03-04 03:18:38:1838 [32minfo[39m: [32mPresence Reset: Set 0 users to OFFLINE on startup[39m
2026-03-04 03:19:19:1919 [32minfo[39m: [32mConnected to PostgreSQL database[39m
2026-03-04 03:19:19:1919 [32minfo[39m: [32mSoulLink Backend running in development mode on port 4000[39m
2026-03-04 03:19:19:1919 [32minfo[39m: [32mStarting AI Companion cron jobs...[39m
2026-03-04 03:19:19:1919 [32minfo[39m: [32mPresence Reset: Set 0 users to OFFLINE on startup[39m
2026-03-04 03:26:58:2658 [35mhttp[39m: [35mPOST /api/auth/register[39m
2026-03-04 03:28:23:2823 [35mhttp[39m: [35mPOST /api/auth/register[39m
2026-03-04 03:28:25:2825 [31merror[39m: [31mFailed to send SMS via Sendmator: Sendmator Error: {"statusCode":404,"timestamp":"2026-03-04T02:28:25.295Z","path":"/v1/messages/send","method":"POST","error":"Not Found","message":"Cannot POST /v1/messages/send"}[39m
2026-03-04 03:30:59:3059 [32minfo[39m: [32mConnected to PostgreSQL database[39m
2026-03-04 03:30:59:3059 [32minfo[39m: [32mSoulLink Backend running in development mode on port 4000[39m
2026-03-04 03:30:59:3059 [32minfo[39m: [32mStarting AI Companion cron jobs...[39m
2026-03-04 03:30:59:3059 [32minfo[39m: [32mPresence Reset: Set 0 users to OFFLINE on startup[39m
2026-03-04 03:35:51:3551 [32minfo[39m: [32mConnected to PostgreSQL database[39m
2026-03-04 03:35:51:3551 [32minfo[39m: [32mSoulLink Backend running in development mode on port 4000[39m
2026-03-04 03:35:51:3551 [32minfo[39m: [32mStarting AI Companion cron jobs...[39m
2026-03-04 03:35:51:3551 [32minfo[39m: [32mPresence Reset: Set 0 users to OFFLINE on startup[39m
2026-03-04 03:45:18:4518 [32minfo[39m: [32mConnected to PostgreSQL database[39m
2026-03-04 03:45:18:4518 [32minfo[39m: [32mSoulLink Backend running in development mode on port 4000[39m
2026-03-04 03:45:18:4518 [32minfo[39m: [32mStarting AI Companion cron jobs...[39m
2026-03-04 03:45:18:4518 [32minfo[39m: [32mPresence Reset: Set 0 users to OFFLINE on startup[39m
2026-03-04 03:47:09:479 [35mhttp[39m: [35mPOST /api/auth/register[39m
2026-03-04 03:48:13:4813 [35mhttp[39m: [35mPOST /api/auth/register[39m
2026-03-04 03:48:16:4816 [31merror[39m: [31mSendmator Exact Error: {"statusCode":400,"timestamp":"2026-03-04T02:48:15.649Z","path":"/api/v1/messages/send","method":"POST","error":"Bad Request","message":["property recipients should not exist","property channels should not exist","property message should not exist","recipient_type should not be empty","recipient_type must be one of the following values: contact, tag, all, segment, direct_email, direct_sms, direct_whatsapp"]}[39m
2026-03-04 03:48:16:4816 [31merror[39m: [31mFailed to send SMS via Sendmator: Sendmator API failed: 400 - {"statusCode":400,"timestamp":"2026-03-04T02:48:15.649Z","path":"/api/v1/messages/send","method":"POST","error":"Bad Request","message":["property recipients should not exist","property channels should not exist","property message should not exist","recipient_type should not be empty","recipient_type must be one of the following values: contact, tag, all, segment, direct_email, direct_sms, direct_whatsapp"]}[39m
2026-03-04 04:00:00:00 [32minfo[39m: [32mRunning background check for proactive Nova messages (daily check-in)...[39m
2026-03-04 04:02:50:250 [32minfo[39m: [32mConnected to PostgreSQL database[39m
2026-03-04 04:02:50:250 [32minfo[39m: [32mSoulLink Backend running in development mode on port 4000[39m
2026-03-04 04:02:50:250 [32minfo[39m: [32mStarting AI Companion cron jobs...[39m
2026-03-04 04:02:50:250 [32minfo[39m: [32mPresence Reset: Set 0 users to OFFLINE on startup[39m
2026-03-04 04:07:49:749 [35mhttp[39m: [35mGET /api/ai/history[39m
2026-03-04 04:09:23:923 [35mhttp[39m: [35mPOST /api/auth/register[39m
2026-03-04 04:09:50:950 [35mhttp[39m: [35mPOST /api/auth/register[39m
2026-03-04 04:09:53:953 [32minfo[39m: [32mSMS sent successfully via Sendmator to +21656604049[39m
2026-03-04 04:35:13:3513 [32minfo[39m: [32mConnected to PostgreSQL database[39m
2026-03-04 04:35:13:3513 [32minfo[39m: [32mSoulLink Backend running in development mode on port 4000[39m
2026-03-04 04:35:13:3513 [32minfo[39m: [32mStarting AI Companion cron jobs...[39m
2026-03-04 04:35:14:3514 [32minfo[39m: [32mPresence Reset: Set 0 users to OFFLINE on startup[39m
2026-03-05 00:24:18:2418 [32minfo[39m: [32mConnected to PostgreSQL database[39m
2026-03-05 00:24:18:2418 [32minfo[39m: [32mSoulLink Backend running in development mode on port 4000[39m
2026-03-05 00:24:18:2418 [32minfo[39m: [32mStarting AI Companion cron jobs...[39m
2026-03-05 00:24:18:2418 [32minfo[39m: [32mPresence Reset: Set 0 users to OFFLINE on startup[39m
2026-03-05 00:25:49:2549 [35mhttp[39m: [35mPOST /api/auth/login[39m
2026-03-05 00:25:56:2556 [35mhttp[39m: [35mPOST /api/auth/login[39m
2026-03-05 00:25:57:2557 [35mhttp[39m: [35mGET /api/users/me[39m
2026-03-05 00:25:57:2557 [35mhttp[39m: [35mGET /api/notifications/unread-count[39m
2026-03-05 00:25:57:2557 [35mhttp[39m: [35mGET /api/friends[39m
2026-03-05 00:25:57:2557 [35mhttp[39m: [35mGET /api/communities[39m
2026-03-05 00:25:57:2557 [35mhttp[39m: [35mGET /api/ai/history[39m
2026-03-05 00:25:58:2558 [35mhttp[39m: [35mGET /api/users/me[39m
2026-03-05 00:25:58:2558 [32minfo[39m: [32mUser connected: 4009bace-ec0f-4b32-8668-336067ba3c7d (qJTByeV9MeDnegarAAAE)[39m
2026-03-05 00:25:58:2558 [32minfo[39m: [32mUser connected: 4009bace-ec0f-4b32-8668-336067ba3c7d (ylYB5PrQO9WlD-w5AAAG)[39m
2026-03-05 00:25:58:2558 [32minfo[39m: [32mUser connected: 4009bace-ec0f-4b32-8668-336067ba3c7d (mcO42xOP10ycJWI6AAAH)[39m
2026-03-05 00:25:58:2558 [32minfo[39m: [32mUser connected: 4009bace-ec0f-4b32-8668-336067ba3c7d (J8087A6AxJMyQPMEAAAF)[39m
2026-03-05 00:25:58:2558 [35mhttp[39m: [35mGET /api/users/me[39m
2026-03-05 00:25:58:2558 [35mhttp[39m: [35mGET /api/communities[39m
2026-03-05 00:25:59:2559 [35mhttp[39m: [35mGET /api/notifications/unread-count[39m
2026-03-05 00:25:59:2559 [35mhttp[39m: [35mGET /api/ai/history[39m
2026-03-05 00:25:59:2559 [35mhttp[39m: [35mGET /api/users/me[39m
2026-03-05 00:25:59:2559 [35mhttp[39m: [35mGET /api/friends[39m
2026-03-05 00:26:24:2624 [35mhttp[39m: [35mPOST /api/ai/chat[39m
2026-03-05 00:26:24:2624 [32minfo[39m: [32m[AI] Processing message for user 4009bace-ec0f-4b32-8668-336067ba3c7d, conversation d1f1e674-48e0-4d70-ad27-c54d77114e28[39m
2026-03-05 00:26:24:2624 [32minfo[39m: [32m[AI] Fetching context and memory...[39m
2026-03-05 00:26:25:2625 [32minfo[39m: [32m[AI] Context fetched for user 4009bace-ec0f-4b32-8668-336067ba3c7d[39m
2026-03-05 00:26:25:2625 [31merror[39m: [31m[RAG] Failed to save memory to Pinecone: Must pass in at least 1 record to upsert.[39m
2026-03-05 00:26:28:2628 [31merror[39m: [31m[RAG] Failed to search memories in Pinecone: The API key you provided was rejected while calling https://api.pinecone.io/indexes/nova-memory. Please check your configuration values and try again. You can find the configuration values for your project in the Pinecone developer console at https://app.pinecone.io[39m
2026-03-05 00:26:28:2628 [32minfo[39m: [32m[AI] Calling Groq API (Attempt 1, Model: llama-3.3-70b-versatile)...[39m
2026-03-05 00:26:30:2630 [32minfo[39m: [32mUpdated structured memory for user 4009bace-ec0f-4b32-8668-336067ba3c7d[39m
2026-03-05 00:26:30:2630 [32minfo[39m: [32mUpdated conversation summary for d1f1e674-48e0-4d70-ad27-c54d77114e28[39m
2026-03-05 00:26:36:2636 [35mhttp[39m: [35mPOST /api/ai/chat[39m
2026-03-05 00:26:37:2637 [32minfo[39m: [32m[AI] Processing message for user 4009bace-ec0f-4b32-8668-336067ba3c7d, conversation d1f1e674-48e0-4d70-ad27-c54d77114e28[39m
2026-03-05 00:26:37:2637 [32minfo[39m: [32m[AI] Fetching context and memory...[39m
2026-03-05 00:26:37:2637 [31merror[39m: [31m[RAG] Failed to save memory to Pinecone: Must pass in at least 1 record to upsert.[39m
2026-03-05 00:26:37:2637 [32minfo[39m: [32m[AI] Context fetched for user 4009bace-ec0f-4b32-8668-336067ba3c7d[39m
2026-03-05 00:26:38:2638 [31merror[39m: [31m[RAG] Failed to search memories in Pinecone: The API key you provided was rejected while calling https://api.pinecone.io/indexes/nova-memory. Please check your configuration values and try again. You can find the configuration values for your project in the Pinecone developer console at https://app.pinecone.io[39m
2026-03-05 00:26:38:2638 [32minfo[39m: [32m[AI] Calling Groq API (Attempt 1, Model: llama-3.3-70b-versatile)...[39m
2026-03-05 00:26:40:2640 [32minfo[39m: [32mUpdated structured memory for user 4009bace-ec0f-4b32-8668-336067ba3c7d[39m
2026-03-05 00:33:44:3344 [35mhttp[39m: [35mGET /api/users/me[39m
2026-03-05 00:33:44:3344 [35mhttp[39m: [35mGET /api/notifications/unread-count[39m
2026-03-05 00:33:44:3344 [35mhttp[39m: [35mGET /api/friends[39m
2026-03-05 00:33:44:3344 [35mhttp[39m: [35mGET /api/communities[39m
2026-03-05 00:33:44:3344 [35mhttp[39m: [35mGET /api/ai/history[39m
2026-03-05 00:33:46:3346 [35mhttp[39m: [35mGET /api/users/me[39m
2026-03-05 00:33:49:3349 [35mhttp[39m: [35mGET /api/users/me[39m
2026-03-05 00:33:49:3349 [35mhttp[39m: [35mGET /api/notifications/unread-count[39m
2026-03-05 00:33:49:3349 [35mhttp[39m: [35mGET /api/friends[39m
2026-03-05 00:33:49:3349 [35mhttp[39m: [35mGET /api/communities[39m
2026-03-05 00:33:49:3349 [35mhttp[39m: [35mGET /api/ai/history[39m
2026-03-05 00:33:50:3350 [35mhttp[39m: [35mGET /api/notifications/unread-count[39m
2026-03-05 00:33:50:3350 [35mhttp[39m: [35mGET /api/users/me[39m
2026-03-05 00:33:50:3350 [35mhttp[39m: [35mGET /api/communities[39m
2026-03-05 00:33:51:3351 [35mhttp[39m: [35mGET /api/ai/history[39m
2026-03-05 00:33:51:3351 [35mhttp[39m: [35mGET /api/friends[39m
2026-03-05 00:33:51:3351 [35mhttp[39m: [35mGET /api/users/me[39m
2026-03-05 00:33:51:3351 [35mhttp[39m: [35mGET /api/users/me[39m
2026-03-05 00:37:49:3749 [35mhttp[39m: [35mGET /api/ai/history[39m
2026-03-05 00:38:08:388 [35mhttp[39m: [35mPOST /api/ai/investigate[39m
2026-03-05 00:38:09:389 [32minfo[39m: [32m[AI] Processing message for user 4009bace-ec0f-4b32-8668-336067ba3c7d, conversation d1f1e674-48e0-4d70-ad27-c54d77114e28[39m
2026-03-05 00:38:09:389 [32minfo[39m: [32m[AI] Fetching context and memory...[39m
2026-03-05 00:38:09:389 [32minfo[39m: [32m[AI] Context fetched for user 4009bace-ec0f-4b32-8668-336067ba3c7d[39m
2026-03-05 00:38:09:389 [32minfo[39m: [32m[AI] Calling Groq API (Attempt 1, Model: llama-3.1-8b-instant)...[39m
2026-03-05 00:38:19:3819 [35mhttp[39m: [35mPOST /api/ai/investigate[39m
2026-03-05 00:38:19:3819 [32minfo[39m: [32m[AI] Processing message for user 4009bace-ec0f-4b32-8668-336067ba3c7d, conversation d1f1e674-48e0-4d70-ad27-c54d77114e28[39m
2026-03-05 00:38:19:3819 [32minfo[39m: [32m[AI] Fetching context and memory...[39m
2026-03-05 00:38:20:3820 [32minfo[39m: [32m[AI] Context fetched for user 4009bace-ec0f-4b32-8668-336067ba3c7d[39m
2026-03-05 00:38:20:3820 [32minfo[39m: [32m[AI] Calling Groq API (Attempt 1, Model: llama-3.1-8b-instant)...[39m
2026-03-05 00:39:50:3950 [35mhttp[39m: [35mGET /api/ai/history[39m
2026-03-05 00:40:17:4017 [35mhttp[39m: [35mGET /api/users/me[39m
2026-03-05 00:40:17:4017 [35mhttp[39m: [35mGET /api/notifications/unread-count[39m
2026-03-05 00:40:17:4017 [35mhttp[39m: [35mGET /api/friends[39m
2026-03-05 00:40:17:4017 [35mhttp[39m: [35mGET /api/communities[39m
2026-03-05 00:40:17:4017 [35mhttp[39m: [35mGET /api/ai/history[39m
2026-03-05 00:40:17:4017 [35mhttp[39m: [35mGET /api/notifications/unread-count[39m
2026-03-05 00:40:17:4017 [35mhttp[39m: [35mGET /api/users/me[39m
2026-03-05 00:40:17:4017 [35mhttp[39m: [35mGET /api/notifications/unread-count[39m
2026-03-05 00:40:18:4018 [35mhttp[39m: [35mGET /api/users/me[39m
2026-03-05 00:40:18:4018 [35mhttp[39m: [35mGET /api/communities[39m
2026-03-05 00:40:18:4018 [35mhttp[39m: [35mGET /api/users/me[39m
2026-03-05 00:40:18:4018 [35mhttp[39m: [35mGET /api/friends[39m
2026-03-05 00:40:18:4018 [35mhttp[39m: [35mGET /api/ai/history[39m
2026-03-05 00:40:18:4018 [35mhttp[39m: [35mGET /api/communities[39m
2026-03-05 00:40:18:4018 [35mhttp[39m: [35mGET /api/users/me[39m
2026-03-05 00:40:18:4018 [35mhttp[39m: [35mGET /api/friends[39m
2026-03-05 00:40:18:4018 [35mhttp[39m: [35mGET /api/ai/history[39m
2026-03-05 00:40:18:4018 [35mhttp[39m: [35mGET /api/users/me[39m
2026-03-05 00:54:28:5428 [35mhttp[39m: [35mGET /api/users/me[39m
2026-03-05 00:54:28:5428 [35mhttp[39m: [35mGET /api/notifications/unread-count[39m
2026-03-05 00:54:28:5428 [35mhttp[39m: [35mGET /api/friends[39m
2026-03-05 00:54:28:5428 [35mhttp[39m: [35mGET /api/communities[39m
2026-03-05 00:54:28:5428 [35mhttp[39m: [35mGET /api/ai/history[39m
2026-03-05 00:54:31:5431 [35mhttp[39m: [35mGET /api/users/me[39m
2026-03-05 00:55:09:559 [35mhttp[39m: [35mGET /api/users/me[39m
2026-03-05 00:55:09:559 [35mhttp[39m: [35mGET /api/notifications/unread-count[39m
2026-03-05 00:55:09:559 [35mhttp[39m: [35mGET /api/friends[39m
2026-03-05 00:55:09:559 [35mhttp[39m: [35mGET /api/communities[39m
2026-03-05 00:55:09:559 [35mhttp[39m: [35mGET /api/ai/history[39m
2026-03-05 00:55:11:5511 [35mhttp[39m: [35mGET /api/communities[39m
2026-03-05 00:55:11:5511 [35mhttp[39m: [35mGET /api/notifications/unread-count[39m
2026-03-05 00:55:11:5511 [35mhttp[39m: [35mGET /api/users/me[39m
2026-03-05 00:55:11:5511 [35mhttp[39m: [35mGET /api/ai/history[39m
2026-03-05 00:55:11:5511 [35mhttp[39m: [35mGET /api/friends[39m
2026-03-05 00:55:11:5511 [35mhttp[39m: [35mGET /api/users/me[39m
2026-03-05 00:55:12:5512 [35mhttp[39m: [35mGET /api/users/me[39m
2026-03-05 00:58:47:5847 [32minfo[39m: [32mUser disconnected: mcO42xOP10ycJWI6AAAH[39m
2026-03-05 00:58:47:5847 [32minfo[39m: [32mUser disconnected: ylYB5PrQO9WlD-w5AAAG[39m
2026-03-05 00:58:47:5847 [32minfo[39m: [32mUser disconnected: J8087A6AxJMyQPMEAAAF[39m
2026-03-05 00:58:47:5847 [32minfo[39m: [32mUser disconnected: qJTByeV9MeDnegarAAAE[39m
2026-03-05 00:58:56:5856 [35mhttp[39m: [35mGET /api/users/me[39m
2026-03-05 00:58:56:5856 [35mhttp[39m: [35mGET /api/notifications/unread-count[39m
2026-03-05 00:58:56:5856 [35mhttp[39m: [35mGET /api/friends[39m
2026-03-05 00:58:56:5856 [35mhttp[39m: [35mGET /api/communities[39m
2026-03-05 00:58:56:5856 [35mhttp[39m: [35mGET /api/ai/history[39m
2026-03-05 00:58:56:5856 [32minfo[39m: [32mUser connected: 4009bace-ec0f-4b32-8668-336067ba3c7d (ZKWIjtTmch7z6c2LAAAK)[39m
2026-03-05 00:58:57:5857 [32minfo[39m: [32mUser connected: 4009bace-ec0f-4b32-8668-336067ba3c7d (-MQKa7GykVfl6fB1AAAL)[39m
2026-03-05 00:58:57:5857 [35mhttp[39m: [35mGET /api/users/me[39m
2026-03-05 01:00:00:00 [32minfo[39m: [32mRunning background check for proactive Nova messages (daily check-in)...[39m
2026-03-05 01:00:56:056 [35mhttp[39m: [35mGET /api/ai/history[39m
2026-03-05 01:01:18:118 [35mhttp[39m: [35mPOST /api/ai/investigate[39m
2026-03-05 01:01:19:119 [32minfo[39m: [32m[AI] Processing message for user 4009bace-ec0f-4b32-8668-336067ba3c7d, conversation d1f1e674-48e0-4d70-ad27-c54d77114e28[39m
2026-03-05 01:01:19:119 [32minfo[39m: [32m[AI] Fetching context and memory...[39m
2026-03-05 01:01:20:120 [32minfo[39m: [32m[AI] Context fetched for user 4009bace-ec0f-4b32-8668-336067ba3c7d[39m
2026-03-05 01:01:20:120 [32minfo[39m: [32m[AI] Calling Groq API (Attempt 1, Model: llama-3.1-8b-instant)...[39m
2026-03-05 01:03:40:340 [35mhttp[39m: [35mPOST /api/ai/investigate[39m
2026-03-05 01:03:41:341 [32minfo[39m: [32m[AI] Processing message for user 4009bace-ec0f-4b32-8668-336067ba3c7d, conversation d1f1e674-48e0-4d70-ad27-c54d77114e28[39m
2026-03-05 01:03:41:341 [32minfo[39m: [32m[AI] Fetching context and memory...[39m
2026-03-05 01:03:41:341 [32minfo[39m: [32m[AI] Context fetched for user 4009bace-ec0f-4b32-8668-336067ba3c7d[39m
2026-03-05 01:03:41:341 [32minfo[39m: [32m[AI] Calling Groq API (Attempt 1, Model: llama-3.1-8b-instant)...[39m
2026-03-05 01:04:56:456 [35mhttp[39m: [35mGET /api/ai/history[39m
2026-03-05 01:07:54:754 [35mhttp[39m: [35mGET /api/users/me[39m
2026-03-05 01:07:54:754 [35mhttp[39m: [35mGET /api/notifications/unread-count[39m
2026-03-05 01:07:54:754 [35mhttp[39m: [35mGET /api/friends[39m
2026-03-05 01:07:54:754 [35mhttp[39m: [35mGET /api/communities[39m
2026-03-05 01:07:54:754 [35mhttp[39m: [35mGET /api/ai/history[39m
2026-03-05 01:07:55:755 [35mhttp[39m: [35mGET /api/users/me[39m
2026-03-05 01:07:55:755 [32minfo[39m: [32mUser disconnected: ZKWIjtTmch7z6c2LAAAK[39m
2026-03-05 01:07:55:755 [32minfo[39m: [32mUser disconnected: -MQKa7GykVfl6fB1AAAL[39m
2026-03-05 01:07:56:756 [35mhttp[39m: [35mGET /api/users/me[39m
2026-03-05 01:07:56:756 [35mhttp[39m: [35mGET /api/communities[39m
2026-03-05 01:07:56:756 [35mhttp[39m: [35mGET /api/notifications/unread-count[39m
2026-03-05 01:07:56:756 [35mhttp[39m: [35mGET /api/friends[39m
2026-03-05 01:07:56:756 [35mhttp[39m: [35mGET /api/ai/history[39m
2026-03-05 01:07:56:756 [32minfo[39m: [32mUser connected: 4009bace-ec0f-4b32-8668-336067ba3c7d (Bhgic6x2U0Ro5nWRAAAO)[39m
2026-03-05 01:07:56:756 [35mhttp[39m: [35mGET /api/users/me[39m
2026-03-05 01:07:57:757 [32minfo[39m: [32mUser connected: 4009bace-ec0f-4b32-8668-336067ba3c7d (WHKYW5rqj5rr2pg7AAAP)[39m
2026-03-05 01:22:03:223 [32minfo[39m: [32mUser disconnected: WHKYW5rqj5rr2pg7AAAP[39m
2026-03-05 01:22:03:223 [32minfo[39m: [32mUser disconnected: Bhgic6x2U0Ro5nWRAAAO[39m
2026-03-05 01:22:04:224 [35mhttp[39m: [35mGET /api/users/me[39m
2026-03-05 01:22:04:224 [35mhttp[39m: [35mGET /api/notifications/unread-count[39m
2026-03-05 01:22:04:224 [35mhttp[39m: [35mGET /api/friends[39m
2026-03-05 01:22:04:224 [35mhttp[39m: [35mGET /api/communities[39m
2026-03-05 01:22:04:224 [35mhttp[39m: [35mGET /api/ai/history[39m
2026-03-05 01:22:04:224 [32minfo[39m: [32mUser connected: 4009bace-ec0f-4b32-8668-336067ba3c7d (NbEUi1NflXnbNao5AAAS)[39m
2026-03-05 01:22:04:224 [32minfo[39m: [32mUser connected: 4009bace-ec0f-4b32-8668-336067ba3c7d (FSChtQRCHkhD4WD5AAAT)[39m
2026-03-05 01:22:05:225 [35mhttp[39m: [35mGET /api/users/me[39m
2026-03-05 01:22:31:2231 [35mhttp[39m: [35mPOST /api/ai/chat[39m
2026-03-05 01:22:32:2232 [32minfo[39m: [32m[AI] Processing message for user 4009bace-ec0f-4b32-8668-336067ba3c7d, conversation d1f1e674-48e0-4d70-ad27-c54d77114e28[39m
2026-03-05 01:22:32:2232 [32minfo[39m: [32m[AI] Fetching context and memory...[39m
2026-03-05 01:22:32:2232 [32minfo[39m: [32m[AI] Context fetched for user 4009bace-ec0f-4b32-8668-336067ba3c7d[39m
2026-03-05 01:22:32:2232 [31merror[39m: [31m[RAG] Failed to save memory to Pinecone: Must pass in at least 1 record to upsert.[39m
2026-03-05 01:22:33:2233 [31merror[39m: [31m[RAG] Failed to search memories in Pinecone: The API key you provided was rejected while calling https://api.pinecone.io/indexes/nova-memory. Please check your configuration values and try again. You can find the configuration values for your project in the Pinecone developer console at https://app.pinecone.io[39m
2026-03-05 01:22:33:2233 [32minfo[39m: [32m[AI] Calling Groq API (Attempt 1, Model: llama-3.3-70b-versatile)...[39m
2026-03-05 01:22:35:2235 [32minfo[39m: [32mUpdated structured memory for user 4009bace-ec0f-4b32-8668-336067ba3c7d[39m
2026-03-05 01:22:48:2248 [35mhttp[39m: [35mGET /api/users/me[39m
2026-03-05 01:22:49:2249 [35mhttp[39m: [35mGET /api/users/me[39m
2026-03-05 01:24:01:241 [32minfo[39m: [32mUser disconnected: FSChtQRCHkhD4WD5AAAT[39m
2026-03-05 01:24:01:241 [32minfo[39m: [32mUser disconnected: NbEUi1NflXnbNao5AAAS[39m
2026-03-05 01:24:02:242 [35mhttp[39m: [35mGET /api/users/me[39m
2026-03-05 01:24:02:242 [35mhttp[39m: [35mGET /api/notifications/unread-count[39m
2026-03-05 01:24:02:242 [35mhttp[39m: [35mGET /api/friends[39m
2026-03-05 01:24:02:242 [35mhttp[39m: [35mGET /api/communities[39m
2026-03-05 01:24:02:242 [35mhttp[39m: [35mGET /api/ai/history[39m
2026-03-05 01:24:02:242 [32minfo[39m: [32mUser connected: 4009bace-ec0f-4b32-8668-336067ba3c7d (QaWVf3PakOxTMNZzAAAW)[39m
2026-03-05 01:24:02:242 [32minfo[39m: [32mUser connected: 4009bace-ec0f-4b32-8668-336067ba3c7d (g4b8jyAljgL-JuaQAAAX)[39m
2026-03-05 01:24:02:242 [35mhttp[39m: [35mGET /api/users/me[39m
2026-03-05 01:24:03:243 [35mhttp[39m: [35mGET /api/users/me[39m
2026-03-05 01:24:19:2419 [35mhttp[39m: [35mGET /api/notifications[39m
2026-03-05 01:24:20:2420 [35mhttp[39m: [35mGET /api/notifications[39m
2026-03-05 01:29:05:295 [35mhttp[39m: [35mPOST /api/ai/investigate[39m
2026-03-05 01:29:05:295 [32minfo[39m: [32mUser disconnected: g4b8jyAljgL-JuaQAAAX[39m
2026-03-05 01:29:05:295 [32minfo[39m: [32mUser disconnected: QaWVf3PakOxTMNZzAAAW[39m
2026-03-05 01:29:08:298 [35mhttp[39m: [35mPOST /api/auth/login[39m
2026-03-05 01:29:09:299 [35mhttp[39m: [35mGET /api/users/me[39m
2026-03-05 01:29:09:299 [35mhttp[39m: [35mGET /api/notifications/unread-count[39m
2026-03-05 01:29:09:299 [35mhttp[39m: [35mGET /api/friends[39m
2026-03-05 01:29:09:299 [35mhttp[39m: [35mGET /api/communities[39m
2026-03-05 01:29:09:299 [35mhttp[39m: [35mGET /api/ai/history[39m
2026-03-05 01:29:10:2910 [35mhttp[39m: [35mGET /api/users/me[39m
2026-03-05 01:29:10:2910 [32minfo[39m: [32mUser connected: 4009bace-ec0f-4b32-8668-336067ba3c7d (oWqPT1eniOPGFY7UAAAc)[39m
2026-03-05 01:29:10:2910 [32minfo[39m: [32mUser connected: 4009bace-ec0f-4b32-8668-336067ba3c7d (7AIA3FsSkcREPZpsAAAf)[39m
2026-03-05 01:29:10:2910 [32minfo[39m: [32mUser connected: 4009bace-ec0f-4b32-8668-336067ba3c7d (wBVz7DIi6DBuqRBtAAAe)[39m
2026-03-05 01:29:10:2910 [32minfo[39m: [32mUser connected: 4009bace-ec0f-4b32-8668-336067ba3c7d (5O33jq-YR7v81UrJAAAd)[39m
2026-03-05 01:29:10:2910 [35mhttp[39m: [35mGET /api/users/me[39m
2026-03-05 01:29:10:2910 [35mhttp[39m: [35mGET /api/communities[39m
2026-03-05 01:29:10:2910 [35mhttp[39m: [35mGET /api/notifications/unread-count[39m
2026-03-05 01:29:10:2910 [35mhttp[39m: [35mGET /api/ai/history[39m
2026-03-05 01:29:10:2910 [35mhttp[39m: [35mGET /api/friends[39m
2026-03-05 01:29:10:2910 [35mhttp[39m: [35mGET /api/users/me[39m
2026-03-05 01:29:47:2947 [35mhttp[39m: [35mGET /api/friends/pending[39m
2026-03-05 01:29:47:2947 [35mhttp[39m: [35mGET /api/friends/sent[39m
2026-03-05 01:29:47:2947 [35mhttp[39m: [35mGET /api/friends[39m
2026-03-05 01:29:48:2948 [35mhttp[39m: [35mGET /api/friends/sent[39m
2026-03-05 01:29:48:2948 [35mhttp[39m: [35mGET /api/friends/pending[39m
2026-03-05 01:29:48:2948 [35mhttp[39m: [35mGET /api/friends[39m
2026-03-05 01:29:52:2952 [35mhttp[39m: [35mGET /api/chat/dm/df34766c-e637-4fb9-a7c0-e76b595fd159[39m
2026-03-05 01:29:52:2952 [35mhttp[39m: [35mGET /api/chat/dm/df34766c-e637-4fb9-a7c0-e76b595fd159[39m
2026-03-05 01:29:52:2952 [35mhttp[39m: [35mGET /api/friends[39m
2026-03-05 01:29:53:2953 [35mhttp[39m: [35mGET /api/friends[39m
2026-03-05 01:29:53:2953 [35mhttp[39m: [35mPATCH /api/chat/dm/df34766c-e637-4fb9-a7c0-e76b595fd159/read[39m
2026-03-05 01:29:53:2953 [35mhttp[39m: [35mPATCH /api/chat/dm/df34766c-e637-4fb9-a7c0-e76b595fd159/read[39m
2026-03-05 01:31:08:318 [35mhttp[39m: [35mPOST /api/ai/investigate[39m
2026-03-05 01:31:08:318 [32minfo[39m: [32m[AI] Processing message for user 4009bace-ec0f-4b32-8668-336067ba3c7d, conversation d1f1e674-48e0-4d70-ad27-c54d77114e28[39m
2026-03-05 01:31:08:318 [32minfo[39m: [32m[AI] Fetching context and memory...[39m
2026-03-05 01:31:09:319 [35mhttp[39m: [35mGET /api/ai/history[39m
2026-03-05 01:31:09:319 [32minfo[39m: [32m[AI] Context fetched for user 4009bace-ec0f-4b32-8668-336067ba3c7d[39m
2026-03-05 01:31:10:3110 [32minfo[39m: [32m[AI] Calling Groq API (Attempt 1, Model: llama-3.1-8b-instant)...[39m
2026-03-05 01:37:31:3731 [35mhttp[39m: [35mGET /api/users/me[39m
2026-03-05 01:37:31:3731 [35mhttp[39m: [35mGET /api/notifications/unread-count[39m
2026-03-05 01:37:31:3731 [35mhttp[39m: [35mGET /api/friends[39m
2026-03-05 01:37:31:3731 [35mhttp[39m: [35mGET /api/communities[39m
2026-03-05 01:37:31:3731 [35mhttp[39m: [35mGET /api/ai/history[39m
2026-03-05 01:37:31:3731 [35mhttp[39m: [35mGET /api/chat/dm/df34766c-e637-4fb9-a7c0-e76b595fd159[39m
2026-03-05 01:37:33:3733 [35mhttp[39m: [35mGET /api/users/me[39m
2026-03-05 01:37:35:3735 [35mhttp[39m: [35mGET /api/friends[39m
2026-03-05 01:37:36:3736 [35mhttp[39m: [35mPATCH /api/chat/dm/df34766c-e637-4fb9-a7c0-e76b595fd159/read[39m
2026-03-05 01:38:30:3830 [35mhttp[39m: [35mGET /api/users/me[39m
2026-03-05 01:38:30:3830 [35mhttp[39m: [35mGET /api/notifications/unread-count[39m
2026-03-05 01:38:30:3830 [35mhttp[39m: [35mGET /api/friends[39m
2026-03-05 01:38:30:3830 [35mhttp[39m: [35mGET /api/communities[39m
2026-03-05 01:38:30:3830 [35mhttp[39m: [35mGET /api/ai/history[39m
2026-03-05 01:38:30:3830 [35mhttp[39m: [35mGET /api/chat/dm/df34766c-e637-4fb9-a7c0-e76b595fd159[39m
2026-03-05 01:38:30:3830 [35mhttp[39m: [35mGET /api/communities[39m
2026-03-05 01:38:30:3830 [35mhttp[39m: [35mGET /api/users/me[39m
2026-03-05 01:38:30:3830 [35mhttp[39m: [35mGET /api/notifications/unread-count[39m
2026-03-05 01:38:30:3830 [35mhttp[39m: [35mGET /api/friends[39m
2026-03-05 01:38:30:3830 [35mhttp[39m: [35mGET /api/chat/dm/df34766c-e637-4fb9-a7c0-e76b595fd159[39m
2026-03-05 01:38:30:3830 [35mhttp[39m: [35mGET /api/users/me[39m
2026-03-05 01:38:30:3830 [35mhttp[39m: [35mGET /api/ai/history[39m
2026-03-05 01:38:31:3831 [35mhttp[39m: [35mGET /api/friends[39m
2026-03-05 01:38:31:3831 [35mhttp[39m: [35mGET /api/users/me[39m
2026-03-05 01:38:31:3831 [35mhttp[39m: [35mGET /api/friends[39m
2026-03-05 01:38:31:3831 [35mhttp[39m: [35mPATCH /api/chat/dm/df34766c-e637-4fb9-a7c0-e76b595fd159/read[39m
2026-03-05 01:38:33:3833 [35mhttp[39m: [35mPATCH /api/chat/dm/df34766c-e637-4fb9-a7c0-e76b595fd159/read[39m
2026-03-05 01:38:37:3837 [35mhttp[39m: [35mGET /api/users/me[39m
2026-03-05 01:38:37:3837 [35mhttp[39m: [35mGET /api/notifications/unread-count[39m
2026-03-05 01:38:37:3837 [35mhttp[39m: [35mGET /api/friends[39m
2026-03-05 01:38:37:3837 [35mhttp[39m: [35mGET /api/communities[39m
2026-03-05 01:38:37:3837 [35mhttp[39m: [35mGET /api/ai/history[39m
2026-03-05 01:38:37:3837 [35mhttp[39m: [35mGET /api/chat/dm/df34766c-e637-4fb9-a7c0-e76b595fd159[39m
2026-03-05 01:38:37:3837 [35mhttp[39m: [35mGET /api/notifications/unread-count[39m
2026-03-05 01:38:37:3837 [35mhttp[39m: [35mGET /api/chat/dm/df34766c-e637-4fb9-a7c0-e76b595fd159[39m
2026-03-05 01:38:37:3837 [35mhttp[39m: [35mGET /api/communities[39m
2026-03-05 01:38:37:3837 [35mhttp[39m: [35mGET /api/users/me[39m
2026-03-05 01:38:37:3837 [35mhttp[39m: [35mGET /api/ai/history[39m
2026-03-05 01:38:37:3837 [35mhttp[39m: [35mGET /api/friends[39m
2026-03-05 01:38:37:3837 [35mhttp[39m: [35mGET /api/users/me[39m
2026-03-05 01:38:38:3838 [35mhttp[39m: [35mGET /api/friends[39m
2026-03-05 01:38:38:3838 [35mhttp[39m: [35mGET /api/users/me[39m
2026-03-05 01:38:38:3838 [35mhttp[39m: [35mGET /api/friends[39m
2026-03-05 01:38:38:3838 [35mhttp[39m: [35mPATCH /api/chat/dm/df34766c-e637-4fb9-a7c0-e76b595fd159/read[39m
2026-03-05 01:38:40:3840 [35mhttp[39m: [35mPATCH /api/chat/dm/df34766c-e637-4fb9-a7c0-e76b595fd159/read[39m
2026-03-05 01:42:03:423 [35mhttp[39m: [35mGET /api/users/me[39m
2026-03-05 01:42:03:423 [35mhttp[39m: [35mGET /api/notifications/unread-count[39m
2026-03-05 01:42:03:423 [35mhttp[39m: [35mGET /api/friends[39m
2026-03-05 01:42:03:423 [35mhttp[39m: [35mGET /api/communities[39m
2026-03-05 01:42:03:423 [35mhttp[39m: [35mGET /api/ai/history[39m
2026-03-05 01:42:03:423 [35mhttp[39m: [35mGET /api/chat/dm/df34766c-e637-4fb9-a7c0-e76b595fd159[39m
2026-03-05 01:42:03:423 [35mhttp[39m: [35mGET /api/users/me[39m
2026-03-05 01:42:04:424 [35mhttp[39m: [35mGET /api/friends[39m
2026-03-05 01:42:04:424 [35mhttp[39m: [35mPATCH /api/chat/dm/df34766c-e637-4fb9-a7c0-e76b595fd159/read[39m
2026-03-05 01:42:41:4241 [35mhttp[39m: [35mGET /api/friends[39m
2026-03-05 01:43:24:4324 [35mhttp[39m: [35mGET /api/users/me[39m
2026-03-05 01:43:24:4324 [35mhttp[39m: [35mGET /api/ai/history[39m
2026-03-05 01:43:47:4347 [35mhttp[39m: [35mGET /api/communities[39m
2026-03-05 01:44:14:4414 [35mhttp[39m: [35mGET /api/communities[39m
2026-03-05 01:44:14:4414 [35mhttp[39m: [35mGET /api/communities[39m
2026-03-05 01:45:24:4524 [35mhttp[39m: [35mGET /api/ai/history[39m
2026-03-05 01:45:25:4525 [35mhttp[39m: [35mGET /api/chat/dm/9fc52438-1033-4c1d-a268-afdf061751cc[39m
2026-03-05 01:45:25:4525 [35mhttp[39m: [35mGET /api/chat/dm/9fc52438-1033-4c1d-a268-afdf061751cc[39m
2026-03-05 01:45:25:4525 [35mhttp[39m: [35mGET /api/friends[39m
2026-03-05 01:45:25:4525 [35mhttp[39m: [35mGET /api/friends[39m
2026-03-05 01:45:25:4525 [35mhttp[39m: [35mPATCH /api/chat/dm/9fc52438-1033-4c1d-a268-afdf061751cc/read[39m
2026-03-05 01:45:25:4525 [35mhttp[39m: [35mPATCH /api/chat/dm/9fc52438-1033-4c1d-a268-afdf061751cc/read[39m
2026-03-05 01:46:14:4614 [35mhttp[39m: [35mGET /api/communities/discover[39m
2026-03-05 01:46:14:4614 [35mhttp[39m: [35mGET /api/communities/discover[39m
2026-03-05 01:46:15:4615 [35mhttp[39m: [35mPOST /api/ai/investigate[39m
2026-03-05 01:46:15:4615 [32minfo[39m: [32m[AI] Processing message for user 4009bace-ec0f-4b32-8668-336067ba3c7d, conversation d1f1e674-48e0-4d70-ad27-c54d77114e28[39m
2026-03-05 01:46:15:4615 [32minfo[39m: [32m[AI] Fetching context and memory...[39m
2026-03-05 01:46:16:4616 [32minfo[39m: [32m[AI] Context fetched for user 4009bace-ec0f-4b32-8668-336067ba3c7d[39m
2026-03-05 01:46:16:4616 [32minfo[39m: [32m[AI] Calling Groq API (Attempt 1, Model: llama-3.1-8b-instant)...[39m
2026-03-05 01:46:19:4619 [35mhttp[39m: [35mGET /api/friends[39m
2026-03-05 01:46:19:4619 [35mhttp[39m: [35mGET /api/friends/pending[39m
2026-03-05 01:46:19:4619 [35mhttp[39m: [35mGET /api/friends/sent[39m
2026-03-05 01:46:19:4619 [35mhttp[39m: [35mGET /api/friends/pending[39m
2026-03-05 01:46:20:4620 [35mhttp[39m: [35mGET /api/friends/sent[39m
2026-03-05 01:46:20:4620 [35mhttp[39m: [35mGET /api/friends[39m
2026-03-05 01:47:19:4719 [35mhttp[39m: [35mGET /api/chat/dm/df34766c-e637-4fb9-a7c0-e76b595fd159[39m
2026-03-05 01:47:19:4719 [35mhttp[39m: [35mGET /api/chat/dm/df34766c-e637-4fb9-a7c0-e76b595fd159[39m
2026-03-05 01:47:19:4719 [35mhttp[39m: [35mGET /api/friends[39m
2026-03-05 01:47:20:4720 [35mhttp[39m: [35mGET /api/friends[39m
2026-03-05 01:47:20:4720 [35mhttp[39m: [35mPATCH /api/chat/dm/df34766c-e637-4fb9-a7c0-e76b595fd159/read[39m
2026-03-05 01:47:20:4720 [35mhttp[39m: [35mPATCH /api/chat/dm/df34766c-e637-4fb9-a7c0-e76b595fd159/read[39m
2026-03-05 01:56:16:5616 [35mhttp[39m: [35mGET /api/chat/dm/9fc52438-1033-4c1d-a268-afdf061751cc[39m
2026-03-05 01:56:18:5618 [35mhttp[39m: [35mGET /api/chat/dm/9fc52438-1033-4c1d-a268-afdf061751cc[39m
2026-03-05 01:56:18:5618 [35mhttp[39m: [35mGET /api/friends[39m
2026-03-05 01:56:19:5619 [35mhttp[39m: [35mGET /api/friends[39m
2026-03-05 01:56:19:5619 [35mhttp[39m: [35mPATCH /api/chat/dm/9fc52438-1033-4c1d-a268-afdf061751cc/read[39m
2026-03-05 01:56:19:5619 [35mhttp[39m: [35mPATCH /api/chat/dm/9fc52438-1033-4c1d-a268-afdf061751cc/read[39m
2026-03-05 01:56:23:5623 [35mhttp[39m: [35mPOST /api/chat/dm/9fc52438-1033-4c1d-a268-afdf061751cc[39m
2026-03-05 01:56:27:5627 [35mhttp[39m: [35mPOST /api/chat/dm/9fc52438-1033-4c1d-a268-afdf061751cc[39m
2026-03-05 01:56:46:5646 [35mhttp[39m: [35mGET /api/soulgames[39m
2026-03-05 01:56:47:5647 [35mhttp[39m: [35mGET /api/soulgames[39m
2026-03-05 01:57:00:570 [35mhttp[39m: [35mPOST /api/ai/chat[39m
2026-03-05 01:57:00:570 [32minfo[39m: [32m[AI] Processing message for user 4009bace-ec0f-4b32-8668-336067ba3c7d, conversation d1f1e674-48e0-4d70-ad27-c54d77114e28[39m
2026-03-05 01:57:00:570 [32minfo[39m: [32m[AI] Fetching context and memory...[39m
2026-03-05 01:57:01:571 [31merror[39m: [31m[RAG] Failed to save memory to Pinecone: Must pass in at least 1 record to upsert.[39m
2026-03-05 01:57:02:572 [32minfo[39m: [32m[AI] Context fetched for user 4009bace-ec0f-4b32-8668-336067ba3c7d[39m
2026-03-05 01:57:02:572 [31merror[39m: [31m[RAG] Failed to search memories in Pinecone: The API key you provided was rejected while calling https://api.pinecone.io/indexes/nova-memory. Please check your configuration values and try again. You can find the configuration values for your project in the Pinecone developer console at https://app.pinecone.io[39m
2026-03-05 01:57:02:572 [32minfo[39m: [32m[AI] Calling Groq API (Attempt 1, Model: llama-3.3-70b-versatile)...[39m
2026-03-05 01:57:03:573 [32minfo[39m: [32mUpdated structured memory for user 4009bace-ec0f-4b32-8668-336067ba3c7d[39m
2026-03-05 01:57:22:5722 [35mhttp[39m: [35mPOST /api/auth/login[39m
2026-03-05 01:57:23:5723 [35mhttp[39m: [35mGET /api/users/me[39m
2026-03-05 01:57:23:5723 [35mhttp[39m: [35mGET /api/notifications/unread-count[39m
2026-03-05 01:57:23:5723 [35mhttp[39m: [35mGET /api/friends[39m
2026-03-05 01:57:23:5723 [35mhttp[39m: [35mGET /api/communities[39m
2026-03-05 01:57:23:5723 [35mhttp[39m: [35mGET /api/ai/history[39m
2026-03-05 01:57:24:5724 [35mhttp[39m: [35mGET /api/notifications/unread-count[39m
2026-03-05 01:57:24:5724 [35mhttp[39m: [35mGET /api/communities[39m
2026-03-05 01:57:24:5724 [35mhttp[39m: [35mGET /api/users/me[39m
2026-03-05 01:57:24:5724 [35mhttp[39m: [35mGET /api/ai/history[39m
2026-03-05 01:57:24:5724 [35mhttp[39m: [35mGET /api/friends[39m
2026-03-05 01:57:24:5724 [35mhttp[39m: [35mGET /api/users/me[39m
2026-03-05 01:57:24:5724 [35mhttp[39m: [35mGET /api/users/me[39m
2026-03-05 01:57:47:5747 [35mhttp[39m: [35mPOST /api/ai/investigate[39m
2026-03-05 01:57:48:5748 [32minfo[39m: [32m[AI] Processing message for user 4009bace-ec0f-4b32-8668-336067ba3c7d, conversation d1f1e674-48e0-4d70-ad27-c54d77114e28[39m
2026-03-05 01:57:48:5748 [32minfo[39m: [32m[AI] Fetching context and memory...[39m
2026-03-05 01:57:48:5748 [32minfo[39m: [32m[AI] Context fetched for user 4009bace-ec0f-4b32-8668-336067ba3c7d[39m
2026-03-05 01:57:48:5748 [32minfo[39m: [32m[AI] Calling Groq API (Attempt 1, Model: llama-3.1-8b-instant)...[39m
2026-03-05 01:58:00:580 [35mhttp[39m: [35mPOST /api/ai/chat[39m
2026-03-05 01:58:01:581 [32minfo[39m: [32m[AI] Processing message for user 4009bace-ec0f-4b32-8668-336067ba3c7d, conversation d1f1e674-48e0-4d70-ad27-c54d77114e28[39m
2026-03-05 01:58:01:581 [32minfo[39m: [32m[AI] Fetching context and memory...[39m
2026-03-05 01:58:01:581 [31merror[39m: [31m[RAG] Failed to save memory to Pinecone: Must pass in at least 1 record to upsert.[39m
2026-03-05 01:58:01:581 [32minfo[39m: [32m[AI] Context fetched for user 4009bace-ec0f-4b32-8668-336067ba3c7d[39m
2026-03-05 01:58:02:582 [31merror[39m: [31m[RAG] Failed to search memories in Pinecone: The API key you provided was rejected while calling https://api.pinecone.io/indexes/nova-memory. Please check your configuration values and try again. You can find the configuration values for your project in the Pinecone developer console at https://app.pinecone.io[39m
2026-03-05 01:58:02:582 [32minfo[39m: [32m[AI] Calling Groq API (Attempt 1, Model: llama-3.3-70b-versatile)...[39m
2026-03-05 01:58:03:583 [32minfo[39m: [32mUpdated structured memory for user 4009bace-ec0f-4b32-8668-336067ba3c7d[39m
2026-03-05 01:58:36:5836 [35mhttp[39m: [35mPOST /api/ai/chat[39m
2026-03-05 01:58:36:5836 [32minfo[39m: [32m[AI] Processing message for user 4009bace-ec0f-4b32-8668-336067ba3c7d, conversation d1f1e674-48e0-4d70-ad27-c54d77114e28[39m
2026-03-05 01:58:36:5836 [32minfo[39m: [32m[AI] Fetching context and memory...[39m
2026-03-05 01:58:36:5836 [31merror[39m: [31m[RAG] Failed to save memory to Pinecone: Must pass in at least 1 record to upsert.[39m
2026-03-05 01:58:37:5837 [32minfo[39m: [32m[AI] Context fetched for user 4009bace-ec0f-4b32-8668-336067ba3c7d[39m
2026-03-05 01:58:37:5837 [31merror[39m: [31m[RAG] Failed to search memories in Pinecone: The API key you provided was rejected while calling https://api.pinecone.io/indexes/nova-memory. Please check your configuration values and try again. You can find the configuration values for your project in the Pinecone developer console at https://app.pinecone.io[39m
2026-03-05 01:58:37:5837 [32minfo[39m: [32m[AI] Calling Groq API (Attempt 1, Model: llama-3.3-70b-versatile)...[39m
2026-03-05 01:58:39:5839 [32minfo[39m: [32mRecorded trust event long_conversation for 4009bace-ec0f-4b32-8668-336067ba3c7d (Trust: 37, Stage: FAMILIAR)[39m
2026-03-05 01:58:39:5839 [32minfo[39m: [32mUpdated structured memory for user 4009bace-ec0f-4b32-8668-336067ba3c7d[39m
2026-03-05 02:00:00:00 [32minfo[39m: [32mRunning background check for proactive Nova messages (daily check-in)...[39m
2026-03-05 02:01:23:123 [35mhttp[39m: [35mGET /api/ai/history[39m
2026-03-05 02:03:23:323 [35mhttp[39m: [35mGET /api/ai/history[39m
2026-03-05 02:05:23:523 [35mhttp[39m: [35mGET /api/ai/history[39m
2026-03-05 02:13:17:1317 [32minfo[39m: [32mConnected to PostgreSQL database[39m
2026-03-05 02:13:17:1317 [32minfo[39m: [32mSoulLink Backend running in development mode on port 4000[39m
2026-03-05 02:13:17:1317 [32minfo[39m: [32mStarting AI Companion cron jobs...[39m
2026-03-05 02:13:17:1317 [32minfo[39m: [32mPresence Reset: Set 1 users to OFFLINE on startup[39m
2026-03-05 02:13:18:1318 [32minfo[39m: [32mUser connected: 4009bace-ec0f-4b32-8668-336067ba3c7d (ORaqT8bA0Ld4bef8AAAB)[39m
2026-03-05 02:13:18:1318 [32minfo[39m: [32mUser connected: 4009bace-ec0f-4b32-8668-336067ba3c7d (C0w6SSFnlqYn57DrAAAE)[39m
2026-03-05 02:13:19:1319 [32minfo[39m: [32mUser connected: 4009bace-ec0f-4b32-8668-336067ba3c7d (C35uUWmIt7Jiw39JAAAF)[39m
2026-03-05 02:13:19:1319 [32minfo[39m: [32mUser connected: 4009bace-ec0f-4b32-8668-336067ba3c7d (3TtoFhQN5S7xDxXLAAAH)[39m
2026-03-05 02:13:34:1334 [32minfo[39m: [32mConnected to PostgreSQL database[39m
2026-03-05 02:13:34:1334 [32minfo[39m: [32mSoulLink Backend running in development mode on port 4000[39m
2026-03-05 02:13:34:1334 [32minfo[39m: [32mStarting AI Companion cron jobs...[39m
2026-03-05 02:13:35:1335 [32minfo[39m: [32mPresence Reset: Set 0 users to OFFLINE on startup[39m
2026-03-05 02:13:37:1337 [33mwarn[39m: [33mSocket Auth: User not found for token. Socket viLhIwYgfqYnrTnFAAAD[39m
2026-03-05 02:13:38:1338 [33mwarn[39m: [33mSocket Auth: User not found for token. Socket dBggwD4Q0GADBuKlAAAH[39m
2026-03-05 02:13:39:1339 [33mwarn[39m: [33mSocket Auth: User not found for token. Socket g-gS5GGzLWH8997PAAAE[39m
2026-03-05 02:13:39:1339 [33mwarn[39m: [33mSocket Auth: User not found for token. Socket G4xEC2Wf_GmiMsyJAAAF[39m
2026-03-05 02:17:10:1710 [35mhttp[39m: [35mGET /api/users/me[39m
2026-03-05 02:17:10:1710 [35mhttp[39m: [35mGET /api/notifications/unread-count[39m
2026-03-05 02:17:10:1710 [35mhttp[39m: [35mGET /api/friends[39m
2026-03-05 02:17:10:1710 [35mhttp[39m: [35mGET /api/communities[39m
2026-03-05 02:17:10:1710 [35mhttp[39m: [35mGET /api/ai/history[39m
2026-03-05 02:17:10:1710 [33mwarn[39m: [33mSocket Auth: User not found for token. Socket 783m140ySyhNGKycAAAK[39m
2026-03-05 02:17:10:1710 [33mwarn[39m: [33mSocket Auth: User not found for token. Socket dukL_EMXSU2cPOy-AAAL[39m
2026-03-05 02:17:11:1711 [35mhttp[39m: [35mGET /api/users/me[39m
2026-03-05 02:36:13:3613 [32minfo[39m: [32mConnected to PostgreSQL database[39m
2026-03-05 02:36:13:3613 [32minfo[39m: [32mSoulLink Backend running in development mode on port 4000[39m
2026-03-05 02:36:13:3613 [32minfo[39m: [32mStarting AI Companion cron jobs...[39m
2026-03-05 02:36:13:3613 [32minfo[39m: [32mPresence Reset: Set 0 users to OFFLINE on startup[39m
2026-03-05 02:42:18:4218 [32minfo[39m: [32mConnected to PostgreSQL database[39m
2026-03-05 02:48:00:480 [32minfo[39m: [32mConnected to PostgreSQL database[39m
2026-03-05 02:48:00:480 [32minfo[39m: [32mSoulLink Backend running in development mode on port 4000[39m
2026-03-05 02:48:00:480 [32minfo[39m: [32mStarting AI Companion cron jobs...[39m
2026-03-05 02:48:01:481 [32minfo[39m: [32mPresence Reset: Set 0 users to OFFLINE on startup[39m
2026-03-05 02:50:13:5013 [32minfo[39m: [32mConnected to PostgreSQL database[39m
2026-03-05 03:00:00:00 [32minfo[39m: [32mRunning background check for proactive Nova messages (daily check-in)...[39m
2026-03-05 03:03:26:326 [35mhttp[39m: [35mPOST /api/auth/login[39m
2026-03-05 03:14:12:1412 [35mhttp[39m: [35mPOST /api/ai/investigate[39m
2026-03-05 03:14:43:1443 [35mhttp[39m: [35mPOST /api/ai/investigate[39m
2026-03-05 03:16:12:1612 [35mhttp[39m: [35mPOST /api/ai/investigate[39m
2026-03-05 03:17:57:1757 [35mhttp[39m: [35mPOST /api/ai/investigate[39m
2026-03-05 03:20:47:2047 [35mhttp[39m: [35mPOST /api/auth/login[39m
2026-03-05 03:20:58:2058 [35mhttp[39m: [35mPOST /api/auth/login[39m
2026-03-05 03:21:07:217 [35mhttp[39m: [35mPOST /api/auth/login[39m
2026-03-05 03:21:23:2123 [35mhttp[39m: [35mPOST /api/auth/login[39m
2026-03-05 03:34:46:3446 [35mhttp[39m: [35mPOST /api/auth/register[39m
2026-03-05 03:35:15:3515 [35mhttp[39m: [35mPOST /api/auth/register[39m
2026-03-05 03:37:00:370 [35mhttp[39m: [35mPOST /api/auth/register[39m
2026-03-05 03:38:00:380 [35mhttp[39m: [35mPOST /api/auth/register[39m
2026-03-05 03:38:04:384 [32minfo[39m: [32mVerification email sent to lordanorda9@gmail.com: <03cfe8c0-9578-9394-45ee-fe573beb0f38@gmail.com>[39m
2026-03-05 03:39:54:3954 [35mhttp[39m: [35mPOST /api/auth/verify-email[39m
2026-03-05 03:40:02:402 [35mhttp[39m: [35mPOST /api/auth/login[39m
2026-03-05 03:40:19:4019 [35mhttp[39m: [35mGET /api/friends[39m
2026-03-05 03:40:19:4019 [35mhttp[39m: [35mGET /api/users/me[39m
2026-03-05 03:40:19:4019 [35mhttp[39m: [35mGET /api/notifications/unread-count[39m
2026-03-05 03:40:19:4019 [35mhttp[39m: [35mGET /api/communities[39m
2026-03-05 03:40:19:4019 [35mhttp[39m: [35mGET /api/ai/history[39m
2026-03-05 03:40:19:4019 [32minfo[39m: [32mUser connected: 77c36d4c-491c-41a2-a97a-8963e916364b (oOTFYsQ5ODOIH3pkAAAE)[39m
2026-03-05 03:40:20:4020 [35mhttp[39m: [35mGET /api/ai/history[39m
2026-03-05 03:40:20:4020 [32minfo[39m: [32mUser connected: 77c36d4c-491c-41a2-a97a-8963e916364b (414q4WjWlOtzzp_9AAAF)[39m
2026-03-05 03:40:20:4020 [35mhttp[39m: [35mGET /api/communities[39m
2026-03-05 03:40:20:4020 [35mhttp[39m: [35mGET /api/notifications/unread-count[39m
2026-03-05 03:40:20:4020 [32minfo[39m: [32mUser connected: 77c36d4c-491c-41a2-a97a-8963e916364b (L7usIjCURQHP6Bx_AAAH)[39m
2026-03-05 03:40:20:4020 [32minfo[39m: [32mUser connected: 77c36d4c-491c-41a2-a97a-8963e916364b (HEZp8FgSxSHU9-zAAAAG)[39m
2026-03-05 03:40:20:4020 [35mhttp[39m: [35mGET /api/users/me[39m
2026-03-05 03:40:20:4020 [35mhttp[39m: [35mGET /api/friends[39m
2026-03-05 03:40:20:4020 [35mhttp[39m: [35mGET /api/users/me[39m
2026-03-05 03:40:20:4020 [35mhttp[39m: [35mGET /api/users/me[39m
2026-03-05 03:40:30:4030 [35mhttp[39m: [35mGET /api/users/me[39m
2026-03-05 03:40:31:4031 [35mhttp[39m: [35mGET /api/users/me[39m
2026-03-05 03:40:39:4039 [35mhttp[39m: [35mPOST /api/users/me/avatar[39m
2026-03-05 03:40:53:4053 [35mhttp[39m: [35mPATCH /api/users/me[39m
2026-03-05 03:41:01:411 [32minfo[39m: [32mUser disconnected: oOTFYsQ5ODOIH3pkAAAE[39m
2026-03-05 03:41:01:411 [32minfo[39m: [32mUser disconnected: L7usIjCURQHP6Bx_AAAH[39m
2026-03-05 03:41:01:411 [32minfo[39m: [32mUser disconnected: HEZp8FgSxSHU9-zAAAAG[39m
2026-03-05 03:41:01:411 [32minfo[39m: [32mUser disconnected: 414q4WjWlOtzzp_9AAAF[39m
2026-03-05 03:41:02:412 [35mhttp[39m: [35mGET /api/users/me[39m
2026-03-05 03:41:02:412 [35mhttp[39m: [35mGET /api/notifications/unread-count[39m
2026-03-05 03:41:02:412 [35mhttp[39m: [35mGET /api/friends[39m
2026-03-05 03:41:02:412 [35mhttp[39m: [35mGET /api/communities[39m
2026-03-05 03:41:02:412 [35mhttp[39m: [35mGET /api/ai/history[39m
2026-03-05 03:41:02:412 [32minfo[39m: [32mUser connected: 77c36d4c-491c-41a2-a97a-8963e916364b (8IPghXandeM29cteAAAK)[39m
2026-03-05 03:41:02:412 [32minfo[39m: [32mUser connected: 77c36d4c-491c-41a2-a97a-8963e916364b (CrecAcyd_Ehpq11aAAAL)[39m
2026-03-05 03:41:02:412 [35mhttp[39m: [35mGET /api/users/me[39m
2026-03-05 03:41:02:412 [35mhttp[39m: [35mGET /api/users/me[39m
2026-03-05 03:41:06:416 [35mhttp[39m: [35mPOST /api/ai/chat[39m
2026-03-05 03:41:07:417 [32minfo[39m: [32mCreated new AIConversation for user 77c36d4c-491c-41a2-a97a-8963e916364b[39m
2026-03-05 03:41:07:417 [32minfo[39m: [32m[AI] Processing message for user 77c36d4c-491c-41a2-a97a-8963e916364b, conversation 76d1b371-5e02-4ddd-ae10-386b94115638[39m
2026-03-05 03:41:07:417 [32minfo[39m: [32m[AI] Fetching context and memory...[39m
2026-03-05 03:41:07:417 [32minfo[39m: [32m[AI] Context fetched for user 77c36d4c-491c-41a2-a97a-8963e916364b[39m
2026-03-05 03:41:08:418 [31merror[39m: [31m[RAG] Failed to save memory to Pinecone: Must pass in at least 1 record to upsert.[39m
2026-03-05 03:41:09:419 [31merror[39m: [31m[RAG] Failed to search memories in Pinecone: The API key you provided was rejected while calling https://api.pinecone.io/indexes/nova-memory. Please check your configuration values and try again. You can find the configuration values for your project in the Pinecone developer console at https://app.pinecone.io[39m
2026-03-05 03:41:09:419 [32minfo[39m: [32m[AI] Calling Groq API (Attempt 1, Model: llama-3.3-70b-versatile)...[39m
2026-03-05 03:41:10:4110 [32minfo[39m: [32mUpdated structured memory for user 77c36d4c-491c-41a2-a97a-8963e916364b[39m
2026-03-05 03:41:25:4125 [35mhttp[39m: [35mPOST /api/ai/chat[39m
2026-03-05 03:41:25:4125 [32minfo[39m: [32m[AI] Processing message for user 77c36d4c-491c-41a2-a97a-8963e916364b, conversation 76d1b371-5e02-4ddd-ae10-386b94115638[39m
2026-03-05 03:41:25:4125 [32minfo[39m: [32m[AI] Fetching context and memory...[39m
2026-03-05 03:41:25:4125 [32minfo[39m: [32m[AI] Context fetched for user 77c36d4c-491c-41a2-a97a-8963e916364b[39m
2026-03-05 03:41:26:4126 [31merror[39m: [31m[RAG] Failed to save memory to Pinecone: Must pass in at least 1 record to upsert.[39m
2026-03-05 03:41:26:4126 [31merror[39m: [31m[RAG] Failed to search memories in Pinecone: The API key you provided was rejected while calling https://api.pinecone.io/indexes/nova-memory. Please check your configuration values and try again. You can find the configuration values for your project in the Pinecone developer console at https://app.pinecone.io[39m
2026-03-05 03:41:26:4126 [32minfo[39m: [32m[AI] Calling Groq API (Attempt 1, Model: llama-3.3-70b-versatile)...[39m
2026-03-05 03:41:27:4127 [32minfo[39m: [32mUpdated structured memory for user 77c36d4c-491c-41a2-a97a-8963e916364b[39m
2026-03-05 03:41:38:4138 [35mhttp[39m: [35mGET /api/soulgames[39m
2026-03-05 03:41:38:4138 [35mhttp[39m: [35mGET /api/soulgames[39m
2026-03-05 03:55:23:5523 [35mhttp[39m: [35mGET /api/ai/history[39m
2026-03-05 03:55:29:5529 [35mhttp[39m: [35mGET /api/soulgames[39m
2026-03-05 03:55:29:5529 [35mhttp[39m: [35mGET /api/soulgames[39m
2026-03-05 03:55:46:5546 [35mhttp[39m: [35mGET /api/soulgames/3f35e606-5e9d-42cd-8e02-a9227f44fec6[39m
2026-03-05 03:55:46:5546 [35mhttp[39m: [35mGET /api/soulgames/3f35e606-5e9d-42cd-8e02-a9227f44fec6[39m
2026-03-05 03:55:46:5546 [35mhttp[39m: [35mPOST /api/soulgames/3f35e606-5e9d-42cd-8e02-a9227f44fec6/track-view[39m
2026-03-05 03:55:47:5547 [35mhttp[39m: [35mPOST /api/soulgames/3f35e606-5e9d-42cd-8e02-a9227f44fec6/track-view[39m
2026-03-05 03:55:48:5548 [35mhttp[39m: [35mPOST /api/soulgames/3f35e606-5e9d-42cd-8e02-a9227f44fec6/respond[39m
2026-03-05 03:55:49:5549 [35mhttp[39m: [35mPOST /api/ai/game-comment[39m
2026-03-05 03:55:49:5549 [35mhttp[39m: [35mPOST /api/soulgames/3f35e606-5e9d-42cd-8e02-a9227f44fec6/track-view[39m
2026-03-05 03:55:49:5549 [35mhttp[39m: [35mPOST /api/soulgames/3f35e606-5e9d-42cd-8e02-a9227f44fec6/track-view[39m
2026-03-05 03:55:50:5550 [32minfo[39m: [32m[AI] Saved game comment for user 77c36d4c-491c-41a2-a97a-8963e916364b to conversation history[39m
2026-03-05 03:55:53:5553 [35mhttp[39m: [35mPOST /api/soulgames/3f35e606-5e9d-42cd-8e02-a9227f44fec6/respond[39m
2026-03-05 03:55:54:5554 [35mhttp[39m: [35mPOST /api/ai/game-comment[39m
2026-03-05 03:55:54:5554 [35mhttp[39m: [35mPOST /api/soulgames/3f35e606-5e9d-42cd-8e02-a9227f44fec6/track-view[39m
2026-03-05 03:55:54:5554 [32minfo[39m: [32m[AI] Saved game comment for user 77c36d4c-491c-41a2-a97a-8963e916364b to conversation history[39m
2026-03-05 03:55:54:5554 [35mhttp[39m: [35mPOST /api/soulgames/3f35e606-5e9d-42cd-8e02-a9227f44fec6/track-view[39m
2026-03-05 03:55:58:5558 [35mhttp[39m: [35mPOST /api/soulgames/3f35e606-5e9d-42cd-8e02-a9227f44fec6/respond[39m
2026-03-05 03:55:59:5559 [35mhttp[39m: [35mPOST /api/ai/game-comment[39m
2026-03-05 03:55:59:5559 [35mhttp[39m: [35mPOST /api/soulgames/3f35e606-5e9d-42cd-8e02-a9227f44fec6/track-view[39m
2026-03-05 03:55:59:5559 [32minfo[39m: [32m[AI] Saved game comment for user 77c36d4c-491c-41a2-a97a-8963e916364b to conversation history[39m
2026-03-05 03:56:00:560 [35mhttp[39m: [35mPOST /api/soulgames/3f35e606-5e9d-42cd-8e02-a9227f44fec6/track-view[39m
2026-03-05 03:56:09:569 [35mhttp[39m: [35mPOST /api/soulgames/3f35e606-5e9d-42cd-8e02-a9227f44fec6/respond[39m
2026-03-05 03:56:10:5610 [35mhttp[39m: [35mPOST /api/ai/game-comment[39m
2026-03-05 03:56:10:5610 [35mhttp[39m: [35mPOST /api/soulgames/3f35e606-5e9d-42cd-8e02-a9227f44fec6/track-view[39m
2026-03-05 03:56:10:5610 [32minfo[39m: [32m[AI] Saved game comment for user 77c36d4c-491c-41a2-a97a-8963e916364b to conversation history[39m
2026-03-05 03:56:10:5610 [35mhttp[39m: [35mPOST /api/soulgames/3f35e606-5e9d-42cd-8e02-a9227f44fec6/track-view[39m
2026-03-05 03:56:19:5619 [35mhttp[39m: [35mPOST /api/soulgames/3f35e606-5e9d-42cd-8e02-a9227f44fec6/respond[39m
2026-03-05 03:56:19:5619 [35mhttp[39m: [35mPOST /api/ai/game-comment[39m
2026-03-05 03:56:19:5619 [35mhttp[39m: [35mPOST /api/soulgames/3f35e606-5e9d-42cd-8e02-a9227f44fec6/track-view[39m
2026-03-05 03:56:20:5620 [32minfo[39m: [32m[AI] Saved game comment for user 77c36d4c-491c-41a2-a97a-8963e916364b to conversation history[39m
2026-03-05 03:56:20:5620 [35mhttp[39m: [35mPOST /api/soulgames/3f35e606-5e9d-42cd-8e02-a9227f44fec6/track-view[39m
2026-03-05 03:56:27:5627 [35mhttp[39m: [35mPOST /api/soulgames/3f35e606-5e9d-42cd-8e02-a9227f44fec6/respond[39m
2026-03-05 03:56:27:5627 [35mhttp[39m: [35mPOST /api/ai/game-comment[39m
2026-03-05 03:56:27:5627 [35mhttp[39m: [35mPOST /api/soulgames/3f35e606-5e9d-42cd-8e02-a9227f44fec6/track-view[39m
2026-03-05 03:56:28:5628 [32minfo[39m: [32m[AI] Saved game comment for user 77c36d4c-491c-41a2-a97a-8963e916364b to conversation history[39m
2026-03-05 03:56:28:5628 [35mhttp[39m: [35mPOST /api/soulgames/3f35e606-5e9d-42cd-8e02-a9227f44fec6/track-view[39m
2026-03-05 03:56:36:5636 [35mhttp[39m: [35mPOST /api/soulgames/3f35e606-5e9d-42cd-8e02-a9227f44fec6/respond[39m
2026-03-05 03:56:36:5636 [35mhttp[39m: [35mPOST /api/ai/game-comment[39m
2026-03-05 03:56:36:5636 [35mhttp[39m: [35mPOST /api/soulgames/3f35e606-5e9d-42cd-8e02-a9227f44fec6/track-view[39m
2026-03-05 03:56:37:5637 [32minfo[39m: [32m[AI] Saved game comment for user 77c36d4c-491c-41a2-a97a-8963e916364b to conversation history[39m
2026-03-05 03:56:37:5637 [35mhttp[39m: [35mPOST /api/soulgames/3f35e606-5e9d-42cd-8e02-a9227f44fec6/track-view[39m
2026-03-05 03:56:46:5646 [35mhttp[39m: [35mPOST /api/soulgames/3f35e606-5e9d-42cd-8e02-a9227f44fec6/respond[39m
2026-03-05 03:56:46:5646 [35mhttp[39m: [35mPOST /api/ai/game-comment[39m
2026-03-05 03:56:46:5646 [35mhttp[39m: [35mPOST /api/soulgames/3f35e606-5e9d-42cd-8e02-a9227f44fec6/track-view[39m
2026-03-05 03:56:47:5647 [32minfo[39m: [32m[AI] Saved game comment for user 77c36d4c-491c-41a2-a97a-8963e916364b to conversation history[39m
2026-03-05 03:56:47:5647 [35mhttp[39m: [35mPOST /api/soulgames/3f35e606-5e9d-42cd-8e02-a9227f44fec6/track-view[39m
2026-03-05 03:56:55:5655 [35mhttp[39m: [35mPOST /api/ai/chat[39m
2026-03-05 03:56:55:5655 [32minfo[39m: [32m[AI] Processing message for user 77c36d4c-491c-41a2-a97a-8963e916364b, conversation 76d1b371-5e02-4ddd-ae10-386b94115638[39m
2026-03-05 03:56:55:5655 [32minfo[39m: [32m[AI] Fetching context and memory...[39m
2026-03-05 03:56:55:5655 [31merror[39m: [31m[RAG] Failed to save memory to Pinecone: Must pass in at least 1 record to upsert.[39m
2026-03-05 03:56:56:5656 [32minfo[39m: [32m[AI] Context fetched for user 77c36d4c-491c-41a2-a97a-8963e916364b[39m
2026-03-05 03:56:57:5657 [31merror[39m: [31m[RAG] Failed to search memories in Pinecone: The API key you provided was rejected while calling https://api.pinecone.io/indexes/nova-memory. Please check your configuration values and try again. You can find the configuration values for your project in the Pinecone developer console at https://app.pinecone.io[39m
2026-03-05 03:56:57:5657 [32minfo[39m: [32m[AI] Calling Groq API (Attempt 1, Model: llama-3.3-70b-versatile)...[39m
2026-03-05 03:56:58:5658 [32minfo[39m: [32mUpdated structured memory for user 77c36d4c-491c-41a2-a97a-8963e916364b[39m
2026-03-05 03:57:02:572 [35mhttp[39m: [35mGET /api/ai/history[39m
2026-03-05 03:57:10:5710 [35mhttp[39m: [35mPOST /api/ai/chat[39m
2026-03-05 03:57:10:5710 [32minfo[39m: [32m[AI] Processing message for user 77c36d4c-491c-41a2-a97a-8963e916364b, conversation 76d1b371-5e02-4ddd-ae10-386b94115638[39m
2026-03-05 03:57:10:5710 [32minfo[39m: [32m[AI] Fetching context and memory...[39m
2026-03-05 03:57:10:5710 [31merror[39m: [31m[RAG] Failed to save memory to Pinecone: Must pass in at least 1 record to upsert.[39m
2026-03-05 03:57:10:5710 [32minfo[39m: [32m[AI] Context fetched for user 77c36d4c-491c-41a2-a97a-8963e916364b[39m
2026-03-05 03:57:11:5711 [31merror[39m: [31m[RAG] Failed to search memories in Pinecone: The API key you provided was rejected while calling https://api.pinecone.io/indexes/nova-memory. Please check your configuration values and try again. You can find the configuration values for your project in the Pinecone developer console at https://app.pinecone.io[39m
2026-03-05 03:57:11:5711 [32minfo[39m: [32m[AI] Calling Groq API (Attempt 1, Model: llama-3.3-70b-versatile)...[39m
2026-03-05 03:57:12:5712 [32minfo[39m: [32mUpdated structured memory for user 77c36d4c-491c-41a2-a97a-8963e916364b[39m
2026-03-05 03:57:20:5720 [35mhttp[39m: [35mPOST /api/soulgames/3f35e606-5e9d-42cd-8e02-a9227f44fec6/respond[39m
2026-03-05 03:57:21:5721 [35mhttp[39m: [35mPOST /api/ai/game-comment[39m
2026-03-05 03:57:21:5721 [35mhttp[39m: [35mPOST /api/soulgames/3f35e606-5e9d-42cd-8e02-a9227f44fec6/track-view[39m
2026-03-05 03:57:22:5722 [32minfo[39m: [32m[AI] Saved game comment for user 77c36d4c-491c-41a2-a97a-8963e916364b to conversation history[39m
2026-03-05 03:57:22:5722 [35mhttp[39m: [35mPOST /api/soulgames/3f35e606-5e9d-42cd-8e02-a9227f44fec6/track-view[39m
2026-03-05 03:57:29:5729 [35mhttp[39m: [35mPOST /api/ai/chat[39m
2026-03-05 03:57:29:5729 [32minfo[39m: [32m[AI] Processing message for user 77c36d4c-491c-41a2-a97a-8963e916364b, conversation 76d1b371-5e02-4ddd-ae10-386b94115638[39m
2026-03-05 03:57:29:5729 [32minfo[39m: [32m[AI] Fetching context and memory...[39m
2026-03-05 03:57:29:5729 [31merror[39m: [31m[RAG] Failed to save memory to Pinecone: Must pass in at least 1 record to upsert.[39m
2026-03-05 03:57:30:5730 [32minfo[39m: [32m[AI] Context fetched for user 77c36d4c-491c-41a2-a97a-8963e916364b[39m
2026-03-05 03:57:30:5730 [31merror[39m: [31m[RAG] Failed to search memories in Pinecone: The API key you provided was rejected while calling https://api.pinecone.io/indexes/nova-memory. Please check your configuration values and try again. You can find the configuration values for your project in the Pinecone developer console at https://app.pinecone.io[39m
2026-03-05 03:57:30:5730 [32minfo[39m: [32m[AI] Calling Groq API (Attempt 1, Model: llama-3.3-70b-versatile)...[39m
2026-03-05 03:57:32:5732 [32minfo[39m: [32mUpdated structured memory for user 77c36d4c-491c-41a2-a97a-8963e916364b[39m
2026-03-05 03:57:56:5756 [35mhttp[39m: [35mPOST /api/ai/chat[39m
2026-03-05 03:57:57:5757 [32minfo[39m: [32m[AI] Processing message for user 77c36d4c-491c-41a2-a97a-8963e916364b, conversation 76d1b371-5e02-4ddd-ae10-386b94115638[39m
2026-03-05 03:57:57:5757 [32minfo[39m: [32m[AI] Fetching context and memory...[39m
2026-03-05 03:57:57:5757 [31merror[39m: [31m[RAG] Failed to save memory to Pinecone: Must pass in at least 1 record to upsert.[39m
2026-03-05 03:57:57:5757 [32minfo[39m: [32m[AI] Context fetched for user 77c36d4c-491c-41a2-a97a-8963e916364b[39m
2026-03-05 03:57:58:5758 [31merror[39m: [31m[RAG] Failed to search memories in Pinecone: The API key you provided was rejected while calling https://api.pinecone.io/indexes/nova-memory. Please check your configuration values and try again. You can find the configuration values for your project in the Pinecone developer console at https://app.pinecone.io[39m
2026-03-05 03:57:58:5758 [32minfo[39m: [32m[AI] Calling Groq API (Attempt 1, Model: llama-3.3-70b-versatile)...[39m
2026-03-05 03:57:59:5759 [32minfo[39m: [32mUpdated structured memory for user 77c36d4c-491c-41a2-a97a-8963e916364b[39m
2026-03-05 03:58:35:5835 [35mhttp[39m: [35mPOST /api/ai/chat[39m
2026-03-05 03:58:36:5836 [32minfo[39m: [32m[AI] Processing message for user 77c36d4c-491c-41a2-a97a-8963e916364b, conversation 76d1b371-5e02-4ddd-ae10-386b94115638[39m
2026-03-05 03:58:36:5836 [32minfo[39m: [32m[AI] Fetching context and memory...[39m
2026-03-05 03:58:36:5836 [31merror[39m: [31m[RAG] Failed to save memory to Pinecone: Must pass in at least 1 record to upsert.[39m
2026-03-05 03:58:37:5837 [32minfo[39m: [32m[AI] Context fetched for user 77c36d4c-491c-41a2-a97a-8963e916364b[39m
2026-03-05 03:58:37:5837 [31merror[39m: [31m[RAG] Failed to search memories in Pinecone: The API key you provided was rejected while calling https://api.pinecone.io/indexes/nova-memory. Please check your configuration values and try again. You can find the configuration values for your project in the Pinecone developer console at https://app.pinecone.io[39m
2026-03-05 03:58:37:5837 [32minfo[39m: [32m[AI] Calling Groq API (Attempt 1, Model: llama-3.3-70b-versatile)...[39m
2026-03-05 03:58:39:5839 [32minfo[39m: [32mUpdated structured memory for user 77c36d4c-491c-41a2-a97a-8963e916364b[39m
2026-03-05 03:58:46:5846 [35mhttp[39m: [35mPOST /api/soulgames/3f35e606-5e9d-42cd-8e02-a9227f44fec6/respond[39m
2026-03-05 03:58:47:5847 [35mhttp[39m: [35mPOST /api/ai/game-comment[39m
2026-03-05 03:58:47:5847 [35mhttp[39m: [35mPOST /api/soulgames/3f35e606-5e9d-42cd-8e02-a9227f44fec6/track-view[39m
2026-03-05 03:58:47:5847 [32minfo[39m: [32m[AI] Saved game comment for user 77c36d4c-491c-41a2-a97a-8963e916364b to conversation history[39m
2026-03-05 03:58:47:5847 [35mhttp[39m: [35mPOST /api/soulgames/3f35e606-5e9d-42cd-8e02-a9227f44fec6/track-view[39m
2026-03-05 03:58:50:5850 [35mhttp[39m: [35mPOST /api/soulgames/3f35e606-5e9d-42cd-8e02-a9227f44fec6/respond[39m
2026-03-05 03:58:51:5851 [35mhttp[39m: [35mPOST /api/ai/game-comment[39m
2026-03-05 03:58:51:5851 [35mhttp[39m: [35mPOST /api/soulgames/3f35e606-5e9d-42cd-8e02-a9227f44fec6/track-view[39m
2026-03-05 03:58:51:5851 [32minfo[39m: [32m[AI] Saved game comment for user 77c36d4c-491c-41a2-a97a-8963e916364b to conversation history[39m
2026-03-05 03:58:51:5851 [35mhttp[39m: [35mPOST /api/soulgames/3f35e606-5e9d-42cd-8e02-a9227f44fec6/track-view[39m
2026-03-05 03:59:02:592 [35mhttp[39m: [35mGET /api/ai/history[39m
2026-03-05 03:59:02:592 [35mhttp[39m: [35mPOST /api/ai/chat[39m
2026-03-05 03:59:02:592 [32minfo[39m: [32m[AI] Processing message for user 77c36d4c-491c-41a2-a97a-8963e916364b, conversation 76d1b371-5e02-4ddd-ae10-386b94115638[39m
2026-03-05 03:59:03:593 [32minfo[39m: [32m[AI] Fetching context and memory...[39m
2026-03-05 03:59:03:593 [31merror[39m: [31m[RAG] Failed to save memory to Pinecone: Must pass in at least 1 record to upsert.[39m
2026-03-05 03:59:03:593 [32minfo[39m: [32m[AI] Context fetched for user 77c36d4c-491c-41a2-a97a-8963e916364b[39m
2026-03-05 03:59:03:593 [31merror[39m: [31m[RAG] Failed to search memories in Pinecone: The API key you provided was rejected while calling https://api.pinecone.io/indexes/nova-memory. Please check your configuration values and try again. You can find the configuration values for your project in the Pinecone developer console at https://app.pinecone.io[39m
2026-03-05 03:59:03:593 [32minfo[39m: [32m[AI] Calling Groq API (Attempt 1, Model: llama-3.3-70b-versatile)...[39m
2026-03-05 03:59:05:595 [32minfo[39m: [32mUpdated structured memory for user 77c36d4c-491c-41a2-a97a-8963e916364b[39m
2026-03-05 03:59:32:5932 [35mhttp[39m: [35mPOST /api/ai/chat[39m
2026-03-05 03:59:32:5932 [32minfo[39m: [32m[AI] Processing message for user 77c36d4c-491c-41a2-a97a-8963e916364b, conversation 76d1b371-5e02-4ddd-ae10-386b94115638[39m
2026-03-05 03:59:32:5932 [32minfo[39m: [32m[AI] Fetching context and memory...[39m
2026-03-05 03:59:32:5932 [31merror[39m: [31m[RAG] Failed to save memory to Pinecone: Must pass in at least 1 record to upsert.[39m
2026-03-05 03:59:33:5933 [32minfo[39m: [32m[AI] Context fetched for user 77c36d4c-491c-41a2-a97a-8963e916364b[39m
2026-03-05 03:59:34:5934 [31merror[39m: [31m[RAG] Failed to search memories in Pinecone: The API key you provided was rejected while calling https://api.pinecone.io/indexes/nova-memory. Please check your configuration values and try again. You can find the configuration values for your project in the Pinecone developer console at https://app.pinecone.io[39m
2026-03-05 03:59:34:5934 [32minfo[39m: [32m[AI] Calling Groq API (Attempt 1, Model: llama-3.3-70b-versatile)...[39m
2026-03-05 03:59:35:5935 [32minfo[39m: [32mUpdated structured memory for user 77c36d4c-491c-41a2-a97a-8963e916364b[39m
2026-03-05 03:59:45:5945 [35mhttp[39m: [35mPOST /api/soulgames/3f35e606-5e9d-42cd-8e02-a9227f44fec6/respond[39m
2026-03-05 03:59:46:5946 [35mhttp[39m: [35mPOST /api/ai/game-comment[39m
2026-03-05 03:59:46:5946 [35mhttp[39m: [35mPOST /api/soulgames/3f35e606-5e9d-42cd-8e02-a9227f44fec6/track-view[39m
2026-03-05 03:59:46:5946 [32minfo[39m: [32m[AI] Saved game comment for user 77c36d4c-491c-41a2-a97a-8963e916364b to conversation history[39m
2026-03-05 03:59:46:5946 [35mhttp[39m: [35mPOST /api/soulgames/3f35e606-5e9d-42cd-8e02-a9227f44fec6/track-view[39m
2026-03-05 03:59:48:5948 [35mhttp[39m: [35mPOST /api/soulgames/3f35e606-5e9d-42cd-8e02-a9227f44fec6/respond[39m
2026-03-05 03:59:48:5948 [35mhttp[39m: [35mPOST /api/ai/game-comment[39m
2026-03-05 03:59:48:5948 [35mhttp[39m: [35mPOST /api/soulgames/3f35e606-5e9d-42cd-8e02-a9227f44fec6/track-view[39m
2026-03-05 03:59:49:5949 [32minfo[39m: [32m[AI] Saved game comment for user 77c36d4c-491c-41a2-a97a-8963e916364b to conversation history[39m
2026-03-05 03:59:49:5949 [35mhttp[39m: [35mPOST /api/soulgames/3f35e606-5e9d-42cd-8e02-a9227f44fec6/track-view[39m
2026-03-05 03:59:51:5951 [35mhttp[39m: [35mPOST /api/soulgames/3f35e606-5e9d-42cd-8e02-a9227f44fec6/respond[39m
2026-03-05 03:59:51:5951 [35mhttp[39m: [35mPOST /api/ai/game-comment[39m
2026-03-05 03:59:51:5951 [35mhttp[39m: [35mPOST /api/soulgames/3f35e606-5e9d-42cd-8e02-a9227f44fec6/track-view[39m
2026-03-05 03:59:52:5952 [32minfo[39m: [32m[AI] Saved game comment for user 77c36d4c-491c-41a2-a97a-8963e916364b to conversation history[39m
2026-03-05 03:59:52:5952 [35mhttp[39m: [35mPOST /api/soulgames/3f35e606-5e9d-42cd-8e02-a9227f44fec6/track-view[39m
2026-03-05 03:59:54:5954 [35mhttp[39m: [35mPOST /api/soulgames/3f35e606-5e9d-42cd-8e02-a9227f44fec6/respond[39m
2026-03-05 03:59:54:5954 [35mhttp[39m: [35mPOST /api/ai/game-comment[39m
2026-03-05 03:59:54:5954 [35mhttp[39m: [35mPOST /api/soulgames/3f35e606-5e9d-42cd-8e02-a9227f44fec6/track-view[39m
2026-03-05 03:59:55:5955 [32minfo[39m: [32m[AI] Saved game comment for user 77c36d4c-491c-41a2-a97a-8963e916364b to conversation history[39m
2026-03-05 03:59:55:5955 [35mhttp[39m: [35mPOST /api/soulgames/3f35e606-5e9d-42cd-8e02-a9227f44fec6/track-view[39m
2026-03-05 03:59:57:5957 [35mhttp[39m: [35mPOST /api/soulgames/3f35e606-5e9d-42cd-8e02-a9227f44fec6/respond[39m
2026-03-05 03:59:57:5957 [35mhttp[39m: [35mPOST /api/ai/game-comment[39m
2026-03-05 03:59:57:5957 [35mhttp[39m: [35mPOST /api/soulgames/3f35e606-5e9d-42cd-8e02-a9227f44fec6/track-view[39m
2026-03-05 03:59:58:5958 [32minfo[39m: [32m[AI] Saved game comment for user 77c36d4c-491c-41a2-a97a-8963e916364b to conversation history[39m
2026-03-05 03:59:58:5958 [35mhttp[39m: [35mPOST /api/soulgames/3f35e606-5e9d-42cd-8e02-a9227f44fec6/track-view[39m
2026-03-05 03:59:59:5959 [35mhttp[39m: [35mPOST /api/soulgames/3f35e606-5e9d-42cd-8e02-a9227f44fec6/respond[39m
2026-03-05 04:00:00:00 [35mhttp[39m: [35mPOST /api/ai/game-comment[39m
2026-03-05 04:00:00:00 [35mhttp[39m: [35mPOST /api/soulgames/3f35e606-5e9d-42cd-8e02-a9227f44fec6/track-view[39m
2026-03-05 04:00:00:00 [32minfo[39m: [32mRunning background check for proactive Nova messages (daily check-in)...[39m
2026-03-05 04:00:00:00 [32minfo[39m: [32m[AI] Saved game comment for user 77c36d4c-491c-41a2-a97a-8963e916364b to conversation history[39m
2026-03-05 04:00:00:00 [35mhttp[39m: [35mPOST /api/soulgames/3f35e606-5e9d-42cd-8e02-a9227f44fec6/track-view[39m
2026-03-05 04:00:02:02 [35mhttp[39m: [35mPOST /api/soulgames/3f35e606-5e9d-42cd-8e02-a9227f44fec6/respond[39m
2026-03-05 04:00:02:02 [35mhttp[39m: [35mPOST /api/ai/game-comment[39m
2026-03-05 04:00:02:02 [35mhttp[39m: [35mPOST /api/soulgames/3f35e606-5e9d-42cd-8e02-a9227f44fec6/track-view[39m
2026-03-05 04:00:03:03 [35mhttp[39m: [35mPOST /api/soulgames/3f35e606-5e9d-42cd-8e02-a9227f44fec6/track-view[39m
2026-03-05 04:00:04:04 [32minfo[39m: [32m[AI] Saved game comment for user 77c36d4c-491c-41a2-a97a-8963e916364b to conversation history[39m
2026-03-05 04:00:05:05 [35mhttp[39m: [35mPOST /api/soulgames/3f35e606-5e9d-42cd-8e02-a9227f44fec6/respond[39m
2026-03-05 04:00:06:06 [35mhttp[39m: [35mPOST /api/ai/game-comment[39m
2026-03-05 04:00:06:06 [35mhttp[39m: [35mPOST /api/soulgames/3f35e606-5e9d-42cd-8e02-a9227f44fec6/track-view[39m
2026-03-05 04:00:06:06 [32minfo[39m: [32m[AI] Saved game comment for user 77c36d4c-491c-41a2-a97a-8963e916364b to conversation history[39m
2026-03-05 04:00:06:06 [35mhttp[39m: [35mPOST /api/soulgames/3f35e606-5e9d-42cd-8e02-a9227f44fec6/track-view[39m
2026-03-05 04:00:08:08 [35mhttp[39m: [35mPOST /api/soulgames/3f35e606-5e9d-42cd-8e02-a9227f44fec6/respond[39m
2026-03-05 04:00:09:09 [35mhttp[39m: [35mPOST /api/ai/game-comment[39m
2026-03-05 04:00:09:09 [35mhttp[39m: [35mPOST /api/soulgames/3f35e606-5e9d-42cd-8e02-a9227f44fec6/track-view[39m
2026-03-05 04:00:09:09 [32minfo[39m: [32m[AI] Saved game comment for user 77c36d4c-491c-41a2-a97a-8963e916364b to conversation history[39m
2026-03-05 04:00:10:010 [35mhttp[39m: [35mPOST /api/soulgames/3f35e606-5e9d-42cd-8e02-a9227f44fec6/complete[39m
2026-03-05 04:00:12:012 [32minfo[39m: [32m[AI] Context fetched for user 77c36d4c-491c-41a2-a97a-8963e916364b[39m
2026-03-05 04:00:12:012 [32minfo[39m: [32mGenerated proactive message for user 77c36d4c-491c-41a2-a97a-8963e916364b context game_completed[39m
2026-03-05 04:00:15:015 [35mhttp[39m: [35mGET /api/soulgames/personality[39m
2026-03-05 04:00:16:016 [35mhttp[39m: [35mGET /api/soulgames/personality[39m
2026-03-05 04:00:19:019 [35mhttp[39m: [35mGET /api/soulgames[39m
2026-03-05 04:00:20:020 [35mhttp[39m: [35mGET /api/soulgames[39m
2026-03-05 04:00:27:027 [35mhttp[39m: [35mPOST /api/ai/chat[39m
2026-03-05 04:00:27:027 [32minfo[39m: [32m[AI] Processing message for user 77c36d4c-491c-41a2-a97a-8963e916364b, conversation 76d1b371-5e02-4ddd-ae10-386b94115638[39m
2026-03-05 04:00:27:027 [32minfo[39m: [32m[AI] Fetching context and memory...[39m
2026-03-05 04:00:27:027 [31merror[39m: [31m[RAG] Failed to save memory to Pinecone: Must pass in at least 1 record to upsert.[39m
2026-03-05 04:00:28:028 [32minfo[39m: [32m[AI] Context fetched for user 77c36d4c-491c-41a2-a97a-8963e916364b[39m
2026-03-05 04:00:29:029 [31merror[39m: [31m[RAG] Failed to search memories in Pinecone: The API key you provided was rejected while calling https://api.pinecone.io/indexes/nova-memory. Please check your configuration values and try again. You can find the configuration values for your project in the Pinecone developer console at https://app.pinecone.io[39m
2026-03-05 04:00:29:029 [32minfo[39m: [32m[AI] Calling Groq API (Attempt 1, Model: llama-3.3-70b-versatile)...[39m
2026-03-05 04:00:30:030 [32minfo[39m: [32mUpdated structured memory for user 77c36d4c-491c-41a2-a97a-8963e916364b[39m
2026-03-05 04:00:35:035 [35mhttp[39m: [35mPOST /api/ai/chat[39m
2026-03-05 04:00:35:035 [32minfo[39m: [32m[AI] Processing message for user 77c36d4c-491c-41a2-a97a-8963e916364b, conversation 76d1b371-5e02-4ddd-ae10-386b94115638[39m
2026-03-05 04:00:35:035 [32minfo[39m: [32m[AI] Fetching context and memory...[39m
2026-03-05 04:00:36:036 [31merror[39m: [31m[RAG] Failed to save memory to Pinecone: Must pass in at least 1 record to upsert.[39m
2026-03-05 04:00:36:036 [32minfo[39m: [32m[AI] Context fetched for user 77c36d4c-491c-41a2-a97a-8963e916364b[39m
2026-03-05 04:00:36:036 [31merror[39m: [31m[RAG] Failed to search memories in Pinecone: The API key you provided was rejected while calling https://api.pinecone.io/indexes/nova-memory. Please check your configuration values and try again. You can find the configuration values for your project in the Pinecone developer console at https://app.pinecone.io[39m
2026-03-05 04:00:36:036 [32minfo[39m: [32m[AI] Calling Groq API (Attempt 1, Model: llama-3.3-70b-versatile)...[39m
2026-03-05 04:00:37:037 [32minfo[39m: [32mRecorded trust event emotional_moment for 77c36d4c-491c-41a2-a97a-8963e916364b (Trust: 5, Stage: NEW)[39m
2026-03-05 04:00:38:038 [32minfo[39m: [32mUpdated structured memory for user 77c36d4c-491c-41a2-a97a-8963e916364b[39m
2026-03-05 04:00:52:052 [35mhttp[39m: [35mPOST /api/ai/chat[39m
2026-03-05 04:00:52:052 [32minfo[39m: [32m[AI] Processing message for user 77c36d4c-491c-41a2-a97a-8963e916364b, conversation 76d1b371-5e02-4ddd-ae10-386b94115638[39m
2026-03-05 04:00:52:052 [32minfo[39m: [32m[AI] Fetching context and memory...[39m
2026-03-05 04:00:53:053 [31merror[39m: [31m[RAG] Failed to save memory to Pinecone: Must pass in at least 1 record to upsert.[39m
2026-03-05 04:00:53:053 [32minfo[39m: [32m[AI] Context fetched for user 77c36d4c-491c-41a2-a97a-8963e916364b[39m
2026-03-05 04:00:54:054 [31merror[39m: [31m[RAG] Failed to search memories in Pinecone: The API key you provided was rejected while calling https://api.pinecone.io/indexes/nova-memory. Please check your configuration values and try again. You can find the configuration values for your project in the Pinecone developer console at https://app.pinecone.io[39m
2026-03-05 04:00:54:054 [32minfo[39m: [32m[AI] Calling Groq API (Attempt 1, Model: llama-3.3-70b-versatile)...[39m
2026-03-05 04:00:54:054 [32minfo[39m: [32mRecorded trust event emotional_moment for 77c36d4c-491c-41a2-a97a-8963e916364b (Trust: 10, Stage: NEW)[39m
2026-03-05 04:00:55:055 [32minfo[39m: [32mUpdated structured memory for user 77c36d4c-491c-41a2-a97a-8963e916364b[39m
2026-03-05 04:01:00:10 [35mhttp[39m: [35mPOST /api/ai/chat[39m
2026-03-05 04:01:00:10 [32minfo[39m: [32m[AI] Processing message for user 77c36d4c-491c-41a2-a97a-8963e916364b, conversation 76d1b371-5e02-4ddd-ae10-386b94115638[39m
2026-03-05 04:01:00:10 [32minfo[39m: [32m[AI] Fetching context and memory...[39m
2026-03-05 04:01:00:10 [31merror[39m: [31m[RAG] Failed to save memory to Pinecone: Must pass in at least 1 record to upsert.[39m
2026-03-05 04:01:00:10 [32minfo[39m: [32m[AI] Context fetched for user 77c36d4c-491c-41a2-a97a-8963e916364b[39m
2026-03-05 04:01:01:11 [31merror[39m: [31m[RAG] Failed to search memories in Pinecone: The API key you provided was rejected while calling https://api.pinecone.io/indexes/nova-memory. Please check your configuration values and try again. You can find the configuration values for your project in the Pinecone developer console at https://app.pinecone.io[39m
2026-03-05 04:01:01:11 [32minfo[39m: [32m[AI] Calling Groq API (Attempt 1, Model: llama-3.3-70b-versatile)...[39m
2026-03-05 04:01:02:12 [35mhttp[39m: [35mGET /api/ai/history[39m
2026-03-05 04:01:02:12 [32minfo[39m: [32mRecorded trust event insult for 77c36d4c-491c-41a2-a97a-8963e916364b (Trust: 0, Stage: NEW)[39m
2026-03-05 04:01:02:12 [32minfo[39m: [32mUpdated structured memory for user 77c36d4c-491c-41a2-a97a-8963e916364b[39m
2026-03-05 04:01:08:18 [35mhttp[39m: [35mPOST /api/ai/chat[39m
2026-03-05 04:01:08:18 [32minfo[39m: [32m[AI] Processing message for user 77c36d4c-491c-41a2-a97a-8963e916364b, conversation 76d1b371-5e02-4ddd-ae10-386b94115638[39m
2026-03-05 04:01:08:18 [32minfo[39m: [32m[AI] Fetching context and memory...[39m
2026-03-05 04:01:08:18 [31merror[39m: [31m[RAG] Failed to save memory to Pinecone: Must pass in at least 1 record to upsert.[39m
2026-03-05 04:01:09:19 [32minfo[39m: [32m[AI] Context fetched for user 77c36d4c-491c-41a2-a97a-8963e916364b[39m
2026-03-05 04:01:09:19 [31merror[39m: [31m[RAG] Failed to search memories in Pinecone: The API key you provided was rejected while calling https://api.pinecone.io/indexes/nova-memory. Please check your configuration values and try again. You can find the configuration values for your project in the Pinecone developer console at https://app.pinecone.io[39m
2026-03-05 04:01:09:19 [32minfo[39m: [32m[AI] Calling Groq API (Attempt 1, Model: llama-3.3-70b-versatile)...[39m
2026-03-05 04:01:10:110 [32minfo[39m: [32mRecorded trust event insult for 77c36d4c-491c-41a2-a97a-8963e916364b (Trust: 0, Stage: NEW)[39m
2026-03-05 04:01:10:110 [32minfo[39m: [32mUpdated structured memory for user 77c36d4c-491c-41a2-a97a-8963e916364b[39m
2026-03-05 04:01:16:116 [35mhttp[39m: [35mPOST /api/ai/chat[39m
2026-03-05 04:01:16:116 [32minfo[39m: [32m[AI] Processing message for user 77c36d4c-491c-41a2-a97a-8963e916364b, conversation 76d1b371-5e02-4ddd-ae10-386b94115638[39m
2026-03-05 04:01:16:116 [32minfo[39m: [32m[AI] Fetching context and memory...[39m
2026-03-05 04:01:17:117 [31merror[39m: [31m[RAG] Failed to save memory to Pinecone: Must pass in at least 1 record to upsert.[39m
2026-03-05 04:01:17:117 [32minfo[39m: [32m[AI] Context fetched for user 77c36d4c-491c-41a2-a97a-8963e916364b[39m
2026-03-05 04:01:17:117 [31merror[39m: [31m[RAG] Failed to search memories in Pinecone: The API key you provided was rejected while calling https://api.pinecone.io/indexes/nova-memory. Please check your configuration values and try again. You can find the configuration values for your project in the Pinecone developer console at https://app.pinecone.io[39m
2026-03-05 04:01:17:117 [32minfo[39m: [32m[AI] Calling Groq API (Attempt 1, Model: llama-3.3-70b-versatile)...[39m
2026-03-05 04:01:18:118 [32minfo[39m: [32mRecorded trust event emotional_moment for 77c36d4c-491c-41a2-a97a-8963e916364b (Trust: 5, Stage: NEW)[39m
2026-03-05 04:01:19:119 [32minfo[39m: [32mUpdated structured memory for user 77c36d4c-491c-41a2-a97a-8963e916364b[39m
2026-03-05 04:01:31:131 [35mhttp[39m: [35mPOST /api/ai/chat[39m
2026-03-05 04:01:31:131 [32minfo[39m: [32m[AI] Processing message for user 77c36d4c-491c-41a2-a97a-8963e916364b, conversation 76d1b371-5e02-4ddd-ae10-386b94115638[39m
2026-03-05 04:01:31:131 [32minfo[39m: [32m[AI] Fetching context and memory...[39m
2026-03-05 04:01:32:132 [31merror[39m: [31m[RAG] Failed to save memory to Pinecone: Must pass in at least 1 record to upsert.[39m
2026-03-05 04:01:32:132 [32minfo[39m: [32m[AI] Context fetched for user 77c36d4c-491c-41a2-a97a-8963e916364b[39m
2026-03-05 04:01:32:132 [31merror[39m: [31m[RAG] Failed to search memories in Pinecone: The API key you provided was rejected while calling https://api.pinecone.io/indexes/nova-memory. Please check your configuration values and try again. You can find the configuration values for your project in the Pinecone developer console at https://app.pinecone.io[39m
2026-03-05 04:01:32:132 [32minfo[39m: [32m[AI] Calling Groq API (Attempt 1, Model: llama-3.3-70b-versatile)...[39m
2026-03-05 04:01:33:133 [32minfo[39m: [32mRecorded trust event emotional_moment for 77c36d4c-491c-41a2-a97a-8963e916364b (Trust: 10, Stage: NEW)[39m
2026-03-05 04:01:34:134 [32minfo[39m: [32mUpdated structured memory for user 77c36d4c-491c-41a2-a97a-8963e916364b[39m
2026-03-05 04:01:44:144 [35mhttp[39m: [35mPOST /api/ai/chat[39m
2026-03-05 04:01:44:144 [32minfo[39m: [32m[AI] Processing message for user 77c36d4c-491c-41a2-a97a-8963e916364b, conversation 76d1b371-5e02-4ddd-ae10-386b94115638[39m
2026-03-05 04:01:44:144 [32minfo[39m: [32m[AI] Fetching context and memory...[39m
2026-03-05 04:01:45:145 [31merror[39m: [31m[RAG] Failed to save memory to Pinecone: Must pass in at least 1 record to upsert.[39m
2026-03-05 04:01:45:145 [32minfo[39m: [32m[AI] Context fetched for user 77c36d4c-491c-41a2-a97a-8963e916364b[39m
2026-03-05 04:01:45:145 [31merror[39m: [31m[RAG] Failed to search memories in Pinecone: The API key you provided was rejected while calling https://api.pinecone.io/indexes/nova-memory. Please check your configuration values and try again. You can find the configuration values for your project in the Pinecone developer console at https://app.pinecone.io[39m
2026-03-05 04:01:45:145 [32minfo[39m: [32m[AI] Calling Groq API (Attempt 1, Model: llama-3.3-70b-versatile)...[39m
2026-03-05 04:01:47:147 [32minfo[39m: [32mUpdated structured memory for user 77c36d4c-491c-41a2-a97a-8963e916364b[39m
2026-03-05 04:01:55:155 [35mhttp[39m: [35mPOST /api/ai/chat[39m
2026-03-05 04:01:55:155 [32minfo[39m: [32m[AI] Processing message for user 77c36d4c-491c-41a2-a97a-8963e916364b, conversation 76d1b371-5e02-4ddd-ae10-386b94115638[39m
2026-03-05 04:01:55:155 [32minfo[39m: [32m[AI] Fetching context and memory...[39m
2026-03-05 04:01:56:156 [31merror[39m: [31m[RAG] Failed to save memory to Pinecone: Must pass in at least 1 record to upsert.[39m
2026-03-05 04:01:56:156 [32minfo[39m: [32m[AI] Context fetched for user 77c36d4c-491c-41a2-a97a-8963e916364b[39m
2026-03-05 04:01:57:157 [31merror[39m: [31m[RAG] Failed to search memories in Pinecone: The API key you provided was rejected while calling https://api.pinecone.io/indexes/nova-memory. Please check your configuration values and try again. You can find the configuration values for your project in the Pinecone developer console at https://app.pinecone.io[39m
2026-03-05 04:01:57:157 [32minfo[39m: [32m[AI] Calling Groq API (Attempt 1, Model: llama-3.3-70b-versatile)...[39m
2026-03-05 04:01:58:158 [32minfo[39m: [32mRecorded trust event insult for 77c36d4c-491c-41a2-a97a-8963e916364b (Trust: 0, Stage: NEW)[39m
2026-03-05 04:01:59:159 [32minfo[39m: [32mUpdated structured memory for user 77c36d4c-491c-41a2-a97a-8963e916364b[39m
2026-03-05 04:02:35:235 [35mhttp[39m: [35mPOST /api/ai/chat[39m
2026-03-05 04:02:36:236 [32minfo[39m: [32m[AI] Processing message for user 77c36d4c-491c-41a2-a97a-8963e916364b, conversation 76d1b371-5e02-4ddd-ae10-386b94115638[39m
2026-03-05 04:02:36:236 [32minfo[39m: [32m[AI] Fetching context and memory...[39m
2026-03-05 04:02:36:236 [31merror[39m: [31m[RAG] Failed to save memory to Pinecone: Must pass in at least 1 record to upsert.[39m
2026-03-05 04:02:38:238 [32minfo[39m: [32m[AI] Context fetched for user 77c36d4c-491c-41a2-a97a-8963e916364b[39m
2026-03-05 04:02:39:239 [31merror[39m: [31m[RAG] Failed to search memories in Pinecone: The API key you provided was rejected while calling https://api.pinecone.io/indexes/nova-memory. Please check your configuration values and try again. You can find the configuration values for your project in the Pinecone developer console at https://app.pinecone.io[39m
2026-03-05 04:02:39:239 [32minfo[39m: [32m[AI] Calling Groq API (Attempt 1, Model: llama-3.3-70b-versatile)...[39m
2026-03-05 04:02:40:240 [32minfo[39m: [32mRecorded trust event insult for 77c36d4c-491c-41a2-a97a-8963e916364b (Trust: 0, Stage: NEW)[39m
2026-03-05 04:02:40:240 [32minfo[39m: [32mUpdated structured memory for user 77c36d4c-491c-41a2-a97a-8963e916364b[39m
2026-03-05 04:03:02:32 [35mhttp[39m: [35mGET /api/ai/history[39m
2026-03-05 04:03:02:32 [35mhttp[39m: [35mPOST /api/ai/chat[39m
2026-03-05 04:03:02:32 [32minfo[39m: [32m[AI] Processing message for user 77c36d4c-491c-41a2-a97a-8963e916364b, conversation 76d1b371-5e02-4ddd-ae10-386b94115638[39m
2026-03-05 04:03:02:32 [32minfo[39m: [32m[AI] Fetching context and memory...[39m
2026-03-05 04:03:03:33 [31merror[39m: [31m[RAG] Failed to save memory to Pinecone: Must pass in at least 1 record to upsert.[39m
2026-03-05 04:03:03:33 [32minfo[39m: [32m[AI] Context fetched for user 77c36d4c-491c-41a2-a97a-8963e916364b[39m
2026-03-05 04:03:03:33 [31merror[39m: [31m[RAG] Failed to search memories in Pinecone: The API key you provided was rejected while calling https://api.pinecone.io/indexes/nova-memory. Please check your configuration values and try again. You can find the configuration values for your project in the Pinecone developer console at https://app.pinecone.io[39m
2026-03-05 04:03:03:33 [32minfo[39m: [32m[AI] Calling Groq API (Attempt 1, Model: llama-3.3-70b-versatile)...[39m
2026-03-05 04:03:05:35 [32minfo[39m: [32mUpdated structured memory for user 77c36d4c-491c-41a2-a97a-8963e916364b[39m
2026-03-05 04:29:06:296 [35mhttp[39m: [35mGET /api/ai/history[39m
2026-03-05 05:00:00:00 [32minfo[39m: [32mRunning background check for proactive Nova messages (daily check-in)...[39m
2026-03-05 05:28:51:2851 [35mhttp[39m: [35mPOST /api/auth/login[39m
2026-03-05 05:31:45:3145 [35mhttp[39m: [35mPOST /api/auth/login[39m
2026-03-05 05:31:49:3149 [35mhttp[39m: [35mGET /api/users/me[39m
2026-03-05 05:31:49:3149 [35mhttp[39m: [35mGET /api/notifications/unread-count[39m
2026-03-05 05:31:49:3149 [35mhttp[39m: [35mGET /api/friends[39m
2026-03-05 05:31:49:3149 [35mhttp[39m: [35mGET /api/communities[39m
2026-03-05 05:31:49:3149 [35mhttp[39m: [35mGET /api/ai/history[39m
2026-03-05 05:31:49:3149 [32minfo[39m: [32mUser connected: 77c36d4c-491c-41a2-a97a-8963e916364b (ht_FQ3KOK5jN5SG0AAAQ)[39m
2026-03-05 05:31:49:3149 [32minfo[39m: [32mUser connected: 77c36d4c-491c-41a2-a97a-8963e916364b (U_ydv01_f45M8dMZAAAR)[39m
2026-03-05 05:31:49:3149 [32minfo[39m: [32mUser connected: 77c36d4c-491c-41a2-a97a-8963e916364b (x-bzn-csp1vfdn9qAAAT)[39m
2026-03-05 05:31:49:3149 [35mhttp[39m: [35mGET /api/users/me[39m
2026-03-05 05:31:49:3149 [32minfo[39m: [32mUser connected: 77c36d4c-491c-41a2-a97a-8963e916364b (x8-s3XtS0cS93_r5AAAS)[39m
2026-03-05 05:31:50:3150 [35mhttp[39m: [35mGET /api/friends[39m
2026-03-05 05:31:50:3150 [35mhttp[39m: [35mGET /api/notifications/unread-count[39m
2026-03-05 05:31:50:3150 [35mhttp[39m: [35mGET /api/communities[39m
2026-03-05 05:31:50:3150 [35mhttp[39m: [35mGET /api/ai/history[39m
2026-03-05 05:31:50:3150 [35mhttp[39m: [35mGET /api/users/me[39m
2026-03-05 05:31:50:3150 [35mhttp[39m: [35mGET /api/users/me[39m
2026-03-05 05:31:55:3155 [35mhttp[39m: [35mGET /api/users/me[39m
2026-03-05 05:31:55:3155 [35mhttp[39m: [35mGET /api/users/me[39m
2026-03-05 05:32:06:326 [35mhttp[39m: [35mPOST /api/auth/login[39m
2026-03-05 05:32:09:329 [35mhttp[39m: [35mGET /api/users/me[39m
2026-03-05 05:32:09:329 [35mhttp[39m: [35mGET /api/notifications/unread-count[39m
2026-03-05 05:32:09:329 [35mhttp[39m: [35mGET /api/friends[39m
2026-03-05 05:32:09:329 [35mhttp[39m: [35mGET /api/communities[39m
2026-03-05 05:32:09:329 [35mhttp[39m: [35mGET /api/ai/history[39m
2026-03-05 05:32:10:3210 [35mhttp[39m: [35mGET /api/friends[39m
2026-03-05 05:32:10:3210 [35mhttp[39m: [35mGET /api/notifications/unread-count[39m
2026-03-05 05:32:10:3210 [35mhttp[39m: [35mGET /api/communities[39m
2026-03-05 05:32:10:3210 [35mhttp[39m: [35mGET /api/users/me[39m
2026-03-05 05:32:10:3210 [35mhttp[39m: [35mGET /api/ai/history[39m
2026-03-05 05:32:10:3210 [35mhttp[39m: [35mGET /api/users/me[39m
2026-03-05 05:32:10:3210 [35mhttp[39m: [35mGET /api/users/me[39m
2026-03-05 05:38:32:3832 [32minfo[39m: [32mUser disconnected: ht_FQ3KOK5jN5SG0AAAQ[39m
2026-03-05 05:38:32:3832 [32minfo[39m: [32mUser disconnected: x-bzn-csp1vfdn9qAAAT[39m
2026-03-05 05:38:32:3832 [32minfo[39m: [32mUser disconnected: x8-s3XtS0cS93_r5AAAS[39m
2026-03-05 05:38:32:3832 [32minfo[39m: [32mUser disconnected: U_ydv01_f45M8dMZAAAR[39m
2026-03-05 05:38:36:3836 [35mhttp[39m: [35mPOST /api/auth/login[39m
2026-03-05 05:38:40:3840 [35mhttp[39m: [35mGET /api/users/me[39m
2026-03-05 05:38:40:3840 [35mhttp[39m: [35mGET /api/notifications/unread-count[39m
2026-03-05 05:38:40:3840 [35mhttp[39m: [35mGET /api/friends[39m
2026-03-05 05:38:40:3840 [35mhttp[39m: [35mGET /api/communities[39m
2026-03-05 05:38:40:3840 [35mhttp[39m: [35mGET /api/ai/history[39m
2026-03-05 05:38:40:3840 [35mhttp[39m: [35mGET /api/users/me[39m
2026-03-05 05:38:40:3840 [32minfo[39m: [32mUser connected: 77c36d4c-491c-41a2-a97a-8963e916364b (f3I3r8WzvmpirDUaAAAY)[39m
2026-03-05 05:38:40:3840 [32minfo[39m: [32mUser connected: 77c36d4c-491c-41a2-a97a-8963e916364b (Uo5r9G3vYW_A_YKmAAAb)[39m
2026-03-05 05:38:40:3840 [32minfo[39m: [32mUser connected: 77c36d4c-491c-41a2-a97a-8963e916364b (TqGj_f2zXsN4uIyEAAAZ)[39m
2026-03-05 05:38:40:3840 [32minfo[39m: [32mUser connected: 77c36d4c-491c-41a2-a97a-8963e916364b (rKbyyYWhBqK40NrbAAAa)[39m
2026-03-05 05:38:40:3840 [35mhttp[39m: [35mGET /api/notifications/unread-count[39m
2026-03-05 05:38:40:3840 [35mhttp[39m: [35mGET /api/friends[39m
2026-03-05 05:38:40:3840 [35mhttp[39m: [35mGET /api/communities[39m
2026-03-05 05:38:41:3841 [35mhttp[39m: [35mGET /api/users/me[39m
2026-03-05 05:38:41:3841 [35mhttp[39m: [35mGET /api/ai/history[39m
2026-03-05 05:38:41:3841 [35mhttp[39m: [35mGET /api/users/me[39m
2026-03-05 05:38:45:3845 [35mhttp[39m: [35mGET /api/users/me[39m
2026-03-05 05:38:45:3845 [35mhttp[39m: [35mGET /api/users/me[39m
2026-03-05 05:38:54:3854 [35mhttp[39m: [35mPOST /api/auth/login[39m
2026-03-05 05:38:57:3857 [35mhttp[39m: [35mGET /api/users/me[39m
2026-03-05 05:38:57:3857 [35mhttp[39m: [35mGET /api/notifications/unread-count[39m
2026-03-05 05:38:57:3857 [35mhttp[39m: [35mGET /api/friends[39m
2026-03-05 05:38:57:3857 [35mhttp[39m: [35mGET /api/communities[39m
2026-03-05 05:38:57:3857 [35mhttp[39m: [35mGET /api/ai/history[39m
2026-03-05 05:38:57:3857 [35mhttp[39m: [35mGET /api/communities[39m
2026-03-05 05:38:57:3857 [35mhttp[39m: [35mGET /api/users/me[39m
2026-03-05 05:38:57:3857 [35mhttp[39m: [35mGET /api/notifications/unread-count[39m
2026-03-05 05:38:57:3857 [35mhttp[39m: [35mGET /api/friends[39m
2026-03-05 05:38:57:3857 [35mhttp[39m: [35mGET /api/ai/history[39m
2026-03-05 05:38:57:3857 [35mhttp[39m: [35mGET /api/users/me[39m
2026-03-05 05:38:57:3857 [35mhttp[39m: [35mGET /api/users/me[39m
2026-03-05 06:00:00:00 [32minfo[39m: [32mRunning background check for proactive Nova messages (daily check-in)...[39m
2026-03-05 15:00:22:022 [32minfo[39m: [32mConnected to PostgreSQL database[39m
2026-03-05 15:00:22:022 [32minfo[39m: [32mSoulLink Backend running in development mode on port 4000[39m
2026-03-05 15:00:22:022 [32minfo[39m: [32mStarting AI Companion cron jobs...[39m
2026-03-05 15:00:24:024 [32minfo[39m: [32mPresence Reset: Set 1 users to OFFLINE on startup[39m
2026-03-05 15:03:57:357 [35mhttp[39m: [35mPOST /api/auth/login[39m
2026-03-05 15:04:07:47 [35mhttp[39m: [35mGET /api/users/me[39m
2026-03-05 15:04:07:47 [35mhttp[39m: [35mGET /api/friends[39m
2026-03-05 15:04:07:47 [35mhttp[39m: [35mGET /api/communities[39m
2026-03-05 15:04:07:47 [35mhttp[39m: [35mGET /api/ai/history[39m
2026-03-05 15:04:07:47 [35mhttp[39m: [35mGET /api/notifications/unread-count[39m
2026-03-05 15:04:08:48 [32minfo[39m: [32mUser connected: 77c36d4c-491c-41a2-a97a-8963e916364b (URFWCta1kwffFP17AAAG)[39m
2026-03-05 15:04:08:48 [32minfo[39m: [32mUser connected: 77c36d4c-491c-41a2-a97a-8963e916364b (S8-MHlgaLaTY5IJlAAAE)[39m
2026-03-05 15:04:08:48 [32minfo[39m: [32mUser connected: 77c36d4c-491c-41a2-a97a-8963e916364b (pkhiOGJOufQEe83eAAAF)[39m
2026-03-05 15:04:08:48 [32minfo[39m: [32mUser connected: 77c36d4c-491c-41a2-a97a-8963e916364b (uPdMfjuwbbZBKRJOAAAH)[39m
2026-03-05 15:04:09:49 [35mhttp[39m: [35mGET /api/communities[39m
2026-03-05 15:04:09:49 [35mhttp[39m: [35mGET /api/users/me[39m
2026-03-05 15:04:09:49 [35mhttp[39m: [35mGET /api/friends[39m
2026-03-05 15:04:09:49 [35mhttp[39m: [35mGET /api/notifications/unread-count[39m
2026-03-05 15:04:09:49 [35mhttp[39m: [35mGET /api/ai/history[39m
2026-03-05 15:04:10:410 [35mhttp[39m: [35mGET /api/users/me[39m
2026-03-05 15:04:10:410 [35mhttp[39m: [35mGET /api/users/me[39m
2026-03-05 15:04:27:427 [35mhttp[39m: [35mGET /api/friends[39m
2026-03-05 15:04:27:427 [35mhttp[39m: [35mGET /api/friends/pending[39m
2026-03-05 15:04:27:427 [35mhttp[39m: [35mGET /api/friends/sent[39m
2026-03-05 15:04:28:428 [35mhttp[39m: [35mGET /api/friends[39m
2026-03-05 15:04:28:428 [35mhttp[39m: [35mGET /api/friends/pending[39m
2026-03-05 15:04:28:428 [35mhttp[39m: [35mGET /api/friends/sent[39m
2026-03-05 15:04:34:434 [35mhttp[39m: [35mGET /api/users/me[39m
2026-03-05 15:04:35:435 [35mhttp[39m: [35mGET /api/users/me[39m
2026-03-05 15:04:39:439 [35mhttp[39m: [35mGET /api/notifications[39m
2026-03-05 15:04:39:439 [35mhttp[39m: [35mGET /api/notifications[39m
2026-03-05 15:16:16:1616 [32minfo[39m: [32mUser disconnected: S8-MHlgaLaTY5IJlAAAE[39m
2026-03-05 15:16:16:1616 [32minfo[39m: [32mUser disconnected: uPdMfjuwbbZBKRJOAAAH[39m
2026-03-05 15:16:16:1616 [32minfo[39m: [32mUser disconnected: URFWCta1kwffFP17AAAG[39m
2026-03-05 15:16:16:1616 [32minfo[39m: [32mUser disconnected: pkhiOGJOufQEe83eAAAF[39m
2026-03-05 23:49:37:4937 [32minfo[39m: [32mConnected to PostgreSQL database[39m
2026-03-05 23:49:37:4937 [32minfo[39m: [32mSoulLink Backend running in development mode on port 4000[39m
2026-03-05 23:49:37:4937 [32minfo[39m: [32mStarting AI Companion cron jobs...[39m
2026-03-05 23:49:37:4937 [32minfo[39m: [32mPresence Reset: Set 0 users to OFFLINE on startup[39m
2026-03-06 00:00:00:00 [32minfo[39m: [32mRunning background check for proactive Nova messages (daily check-in)...[39m
2026-03-06 00:03:48:348 [35mhttp[39m: [35mPOST /api/auth/login[39m
2026-03-06 00:03:55:355 [35mhttp[39m: [35mGET /api/users/me[39m
2026-03-06 00:03:55:355 [35mhttp[39m: [35mGET /api/notifications/unread-count[39m
2026-03-06 00:03:55:355 [35mhttp[39m: [35mGET /api/friends[39m
2026-03-06 00:03:55:355 [35mhttp[39m: [35mGET /api/communities[39m
2026-03-06 00:03:55:355 [35mhttp[39m: [35mGET /api/ai/history[39m
2026-03-06 00:03:55:355 [32minfo[39m: [32mUser connected: 77c36d4c-491c-41a2-a97a-8963e916364b (HgRiUO6zsPN5nXqLAAAE)[39m
2026-03-06 00:03:55:355 [32minfo[39m: [32mUser connected: 77c36d4c-491c-41a2-a97a-8963e916364b (5Q9ceAB3XnlRHHh2AAAF)[39m
2026-03-06 00:03:55:355 [32minfo[39m: [32mUser connected: 77c36d4c-491c-41a2-a97a-8963e916364b (8x1v_xZiNS_s_Dw_AAAH)[39m
2026-03-06 00:03:55:355 [32minfo[39m: [32mUser connected: 77c36d4c-491c-41a2-a97a-8963e916364b (QO98wtSIChpl0FSPAAAG)[39m
2026-03-06 00:03:56:356 [35mhttp[39m: [35mGET /api/friends[39m
2026-03-06 00:03:56:356 [35mhttp[39m: [35mGET /api/ai/history[39m
2026-03-06 00:03:56:356 [35mhttp[39m: [35mGET /api/notifications/unread-count[39m
2026-03-06 00:03:56:356 [35mhttp[39m: [35mGET /api/communities[39m
2026-03-06 00:03:57:357 [35mhttp[39m: [35mGET /api/users/me[39m
2026-03-06 00:03:57:357 [35mhttp[39m: [35mGET /api/users/me[39m
2026-03-06 00:03:57:357 [35mhttp[39m: [35mGET /api/users/me[39m
2026-03-06 00:04:01:41 [35mhttp[39m: [35mPOST /api/ai/chat[39m
2026-03-06 00:04:02:42 [32minfo[39m: [32m[AI] Processing message for user 77c36d4c-491c-41a2-a97a-8963e916364b, conversation 76d1b371-5e02-4ddd-ae10-386b94115638[39m
2026-03-06 00:04:02:42 [32minfo[39m: [32m[AI] Fetching context and memory...[39m
2026-03-06 00:04:02:42 [31merror[39m: [31m[RAG] Failed to save memory to Pinecone: Must pass in at least 1 record to upsert.[39m
2026-03-06 00:04:03:43 [32minfo[39m: [32m[AI] Context fetched for user 77c36d4c-491c-41a2-a97a-8963e916364b[39m
2026-03-06 00:04:03:43 [31merror[39m: [31m[RAG] Failed to search memories in Pinecone: The API key you provided was rejected while calling https://api.pinecone.io/indexes/nova-memory. Please check your configuration values and try again. You can find the configuration values for your project in the Pinecone developer console at https://app.pinecone.io[39m
2026-03-06 00:04:03:43 [32minfo[39m: [32m[AI] Calling Groq API (Attempt 1, Model: llama-3.3-70b-versatile)...[39m
2026-03-06 00:04:05:45 [32minfo[39m: [32mUpdated structured memory for user 77c36d4c-491c-41a2-a97a-8963e916364b[39m
2026-03-06 00:04:20:420 [35mhttp[39m: [35mGET /api/friends[39m
2026-03-06 00:04:20:420 [35mhttp[39m: [35mGET /api/friends/pending[39m
2026-03-06 00:04:20:420 [35mhttp[39m: [35mGET /api/friends/sent[39m
2026-03-06 00:04:20:420 [35mhttp[39m: [35mGET /api/friends/sent[39m
2026-03-06 00:04:20:420 [35mhttp[39m: [35mGET /api/friends/pending[39m
2026-03-06 00:04:20:420 [35mhttp[39m: [35mGET /api/friends[39m
2026-03-06 00:04:25:425 [35mhttp[39m: [35mGET /api/soulgames[39m
2026-03-06 00:04:26:426 [35mhttp[39m: [35mGET /api/soulgames[39m
2026-03-06 00:06:08:68 [35mhttp[39m: [35mGET /api/users/me[39m
2026-03-06 00:06:08:68 [35mhttp[39m: [35mGET /api/users/me[39m
2026-03-06 00:06:28:628 [32minfo[39m: [32mUser disconnected: HgRiUO6zsPN5nXqLAAAE[39m
2026-03-06 00:06:29:629 [32minfo[39m: [32mUser disconnected: 8x1v_xZiNS_s_Dw_AAAH[39m
2026-03-06 00:06:29:629 [32minfo[39m: [32mUser disconnected: QO98wtSIChpl0FSPAAAG[39m
2026-03-06 00:06:29:629 [32minfo[39m: [32mUser disconnected: 5Q9ceAB3XnlRHHh2AAAF[39m
2026-03-06 00:12:36:1236 [32minfo[39m: [32mConnected to PostgreSQL database[39m
2026-03-06 00:12:36:1236 [32minfo[39m: [32mSoulLink Backend running in development mode on port 4000[39m
2026-03-06 00:12:36:1236 [32minfo[39m: [32mStarting AI Companion cron jobs...[39m
2026-03-06 00:12:37:1237 [32minfo[39m: [32mPresence Reset: Set 0 users to OFFLINE on startup[39m
2026-03-06 00:49:38:4938 [35mhttp[39m: [35mPOST /api/auth/login[39m
2026-03-06 00:49:45:4945 [35mhttp[39m: [35mGET /api/users/me[39m
2026-03-06 00:49:45:4945 [35mhttp[39m: [35mGET /api/notifications/unread-count[39m
2026-03-06 00:49:46:4946 [35mhttp[39m: [35mGET /api/friends[39m
2026-03-06 00:49:46:4946 [35mhttp[39m: [35mGET /api/communities[39m
2026-03-06 00:49:46:4946 [35mhttp[39m: [35mGET /api/ai/history[39m
2026-03-06 00:49:46:4946 [32minfo[39m: [32mUser connected: 77c36d4c-491c-41a2-a97a-8963e916364b (mbgzi0dJtmAWm-_mAAAE)[39m
2026-03-06 00:49:46:4946 [32minfo[39m: [32mUser connected: 77c36d4c-491c-41a2-a97a-8963e916364b (14zf8U8XiT560H4hAAAG)[39m
2026-03-06 00:49:46:4946 [32minfo[39m: [32mUser connected: 77c36d4c-491c-41a2-a97a-8963e916364b (fpK1pwVKnhjwE7FmAAAH)[39m
2026-03-06 00:49:46:4946 [32minfo[39m: [32mUser connected: 77c36d4c-491c-41a2-a97a-8963e916364b (FbKdTHh8CS-pYDDbAAAF)[39m
2026-03-06 00:49:46:4946 [35mhttp[39m: [35mGET /api/users/me[39m
2026-03-06 00:49:47:4947 [35mhttp[39m: [35mGET /api/friends[39m
2026-03-06 00:49:47:4947 [35mhttp[39m: [35mGET /api/communities[39m
2026-03-06 00:49:47:4947 [35mhttp[39m: [35mGET /api/notifications/unread-count[39m
2026-03-06 00:49:47:4947 [35mhttp[39m: [35mGET /api/users/me[39m
2026-03-06 00:49:47:4947 [35mhttp[39m: [35mGET /api/ai/history[39m
2026-03-06 00:49:47:4947 [35mhttp[39m: [35mGET /api/users/me[39m
2026-03-06 00:49:57:4957 [35mhttp[39m: [35mPOST /api/ai/investigate[39m
2026-03-06 00:49:57:4957 [32minfo[39m: [32m[AI] Processing message for user 77c36d4c-491c-41a2-a97a-8963e916364b, conversation 76d1b371-5e02-4ddd-ae10-386b94115638[39m
2026-03-06 00:49:57:4957 [32minfo[39m: [32m[AI] Fetching context and memory...[39m
2026-03-06 00:49:58:4958 [32minfo[39m: [32m[AI] Context fetched for user 77c36d4c-491c-41a2-a97a-8963e916364b[39m
2026-03-06 00:49:59:4959 [32minfo[39m: [32m[AI] Calling Groq API (Attempt 1, Model: llama-3.1-8b-instant)...[39m
2026-03-06 01:00:00:00 [32minfo[39m: [32mRunning background check for proactive Nova messages (daily check-in)...[39m
2026-03-06 01:03:43:343 [32minfo[39m: [32mUser disconnected: mbgzi0dJtmAWm-_mAAAE[39m
2026-03-06 01:03:43:343 [32minfo[39m: [32mUser disconnected: fpK1pwVKnhjwE7FmAAAH[39m
2026-03-06 01:03:43:343 [32minfo[39m: [32mUser disconnected: 14zf8U8XiT560H4hAAAG[39m
2026-03-06 01:03:43:343 [32minfo[39m: [32mUser disconnected: FbKdTHh8CS-pYDDbAAAF[39m
2026-03-06 01:03:45:345 [35mhttp[39m: [35mGET /api/users/me[39m
2026-03-06 01:03:45:345 [35mhttp[39m: [35mGET /api/notifications/unread-count[39m
2026-03-06 01:03:45:345 [35mhttp[39m: [35mGET /api/friends[39m
2026-03-06 01:03:45:345 [35mhttp[39m: [35mGET /api/communities[39m
2026-03-06 01:03:45:345 [35mhttp[39m: [35mGET /api/ai/history[39m
2026-03-06 01:03:45:345 [32minfo[39m: [32mUser connected: 77c36d4c-491c-41a2-a97a-8963e916364b (7lWN2vUGPZSFW5QrAAAK)[39m
2026-03-06 01:03:45:345 [32minfo[39m: [32mUser connected: 77c36d4c-491c-41a2-a97a-8963e916364b (m4OwXy_2lj73mr23AAAL)[39m
2026-03-06 01:03:46:346 [35mhttp[39m: [35mGET /api/users/me[39m
2026-03-06 01:04:32:432 [32minfo[39m: [32mUser disconnected: m4OwXy_2lj73mr23AAAL[39m
2026-03-06 01:04:32:432 [32minfo[39m: [32mUser disconnected: 7lWN2vUGPZSFW5QrAAAK[39m
2026-03-06 01:04:33:433 [35mhttp[39m: [35mGET /api/users/me[39m
2026-03-06 01:04:33:433 [35mhttp[39m: [35mGET /api/notifications/unread-count[39m
2026-03-06 01:04:33:433 [35mhttp[39m: [35mGET /api/friends[39m
2026-03-06 01:04:33:433 [35mhttp[39m: [35mGET /api/communities[39m
2026-03-06 01:04:33:433 [35mhttp[39m: [35mGET /api/ai/history[39m
2026-03-06 01:04:33:433 [32minfo[39m: [32mUser connected: 77c36d4c-491c-41a2-a97a-8963e916364b (-T4RxSJv9wLFglmWAAAP)[39m
2026-03-06 01:04:33:433 [32minfo[39m: [32mUser connected: 77c36d4c-491c-41a2-a97a-8963e916364b (J7jP1AePzgVycO8OAAAO)[39m
2026-03-06 01:04:33:433 [35mhttp[39m: [35mGET /api/users/me[39m
2026-03-06 01:05:20:520 [32minfo[39m: [32mUser disconnected: -T4RxSJv9wLFglmWAAAP[39m
2026-03-06 01:05:20:520 [32minfo[39m: [32mUser disconnected: J7jP1AePzgVycO8OAAAO[39m
2026-03-06 01:05:20:520 [35mhttp[39m: [35mGET /api/users/me[39m
2026-03-06 01:05:20:520 [35mhttp[39m: [35mGET /api/notifications/unread-count[39m
2026-03-06 01:05:20:520 [35mhttp[39m: [35mGET /api/friends[39m
2026-03-06 01:05:20:520 [35mhttp[39m: [35mGET /api/communities[39m
2026-03-06 01:05:20:520 [35mhttp[39m: [35mGET /api/ai/history[39m
2026-03-06 01:05:20:520 [32minfo[39m: [32mUser connected: 77c36d4c-491c-41a2-a97a-8963e916364b (1vfkmaqrfTPg7nBYAAAT)[39m
2026-03-06 01:05:20:520 [32minfo[39m: [32mUser connected: 77c36d4c-491c-41a2-a97a-8963e916364b (mvG5wTPL2yyXFkUvAAAS)[39m
2026-03-06 01:05:20:520 [35mhttp[39m: [35mGET /api/users/me[39m
2026-03-06 01:05:43:543 [35mhttp[39m: [35mPOST /api/ai/chat[39m
2026-03-06 01:05:44:544 [32minfo[39m: [32m[AI] Processing message for user 77c36d4c-491c-41a2-a97a-8963e916364b, conversation 76d1b371-5e02-4ddd-ae10-386b94115638[39m
2026-03-06 01:05:44:544 [32minfo[39m: [32m[AI] Fetching context and memory...[39m
2026-03-06 01:05:44:544 [32minfo[39m: [32m[AI] Context fetched for user 77c36d4c-491c-41a2-a97a-8963e916364b[39m
2026-03-06 01:05:44:544 [31merror[39m: [31m[RAG] Failed to save memory to Pinecone: Must pass in at least 1 record to upsert.[39m
2026-03-06 01:05:45:545 [31merror[39m: [31m[RAG] Failed to search memories in Pinecone: The API key you provided was rejected while calling https://api.pinecone.io/indexes/nova-memory. Please check your configuration values and try again. You can find the configuration values for your project in the Pinecone developer console at https://app.pinecone.io[39m
2026-03-06 01:05:45:545 [32minfo[39m: [32m[AI] Calling Groq API (Attempt 1, Model: llama-3.3-70b-versatile)...[39m
2026-03-06 01:05:46:546 [32minfo[39m: [32mUpdated structured memory for user 77c36d4c-491c-41a2-a97a-8963e916364b[39m
2026-03-06 01:05:58:558 [35mhttp[39m: [35mPOST /api/ai/chat[39m
2026-03-06 01:05:58:558 [32minfo[39m: [32m[AI] Processing message for user 77c36d4c-491c-41a2-a97a-8963e916364b, conversation 76d1b371-5e02-4ddd-ae10-386b94115638[39m
2026-03-06 01:05:58:558 [32minfo[39m: [32m[AI] Fetching context and memory...[39m
2026-03-06 01:05:59:559 [31merror[39m: [31m[RAG] Failed to save memory to Pinecone: Must pass in at least 1 record to upsert.[39m
2026-03-06 01:05:59:559 [32minfo[39m: [32m[AI] Context fetched for user 77c36d4c-491c-41a2-a97a-8963e916364b[39m
2026-03-06 01:05:59:559 [31merror[39m: [31m[RAG] Failed to search memories in Pinecone: The API key you provided was rejected while calling https://api.pinecone.io/indexes/nova-memory. Please check your configuration values and try again. You can find the configuration values for your project in the Pinecone developer console at https://app.pinecone.io[39m
2026-03-06 01:05:59:559 [32minfo[39m: [32m[AI] Calling Groq API (Attempt 1, Model: llama-3.3-70b-versatile)...[39m
2026-03-06 01:06:00:60 [32minfo[39m: [32mUpdated structured memory for user 77c36d4c-491c-41a2-a97a-8963e916364b[39m
2026-03-06 01:06:26:626 [32minfo[39m: [32mUser disconnected: 1vfkmaqrfTPg7nBYAAAT[39m
2026-03-06 01:06:26:626 [32minfo[39m: [32mUser disconnected: mvG5wTPL2yyXFkUvAAAS[39m
2026-03-06 01:06:26:626 [35mhttp[39m: [35mGET /api/users/me[39m
2026-03-06 01:06:26:626 [35mhttp[39m: [35mGET /api/notifications/unread-count[39m
2026-03-06 01:06:26:626 [35mhttp[39m: [35mGET /api/friends[39m
2026-03-06 01:06:26:626 [35mhttp[39m: [35mGET /api/communities[39m
2026-03-06 01:06:26:626 [35mhttp[39m: [35mGET /api/ai/history[39m
2026-03-06 01:06:27:627 [32minfo[39m: [32mUser connected: 77c36d4c-491c-41a2-a97a-8963e916364b (cAJ3gU0W1nly0e7tAAAW)[39m
2026-03-06 01:06:27:627 [32minfo[39m: [32mUser connected: 77c36d4c-491c-41a2-a97a-8963e916364b (muhMBj2b0aA1jjwHAAAX)[39m
2026-03-06 01:06:27:627 [35mhttp[39m: [35mGET /api/users/me[39m
2026-03-06 01:43:03:433 [32minfo[39m: [32mUser disconnected: muhMBj2b0aA1jjwHAAAX[39m
2026-03-06 01:43:03:433 [32minfo[39m: [32mUser disconnected: cAJ3gU0W1nly0e7tAAAW[39m
2026-03-06 01:44:23:4423 [35mhttp[39m: [35mGET /api/users/me[39m
2026-03-06 01:44:23:4423 [35mhttp[39m: [35mGET /api/notifications/unread-count[39m
2026-03-06 01:44:23:4423 [35mhttp[39m: [35mGET /api/friends[39m
2026-03-06 01:44:23:4423 [35mhttp[39m: [35mGET /api/communities[39m
2026-03-06 01:44:23:4423 [35mhttp[39m: [35mGET /api/ai/history[39m
2026-03-06 01:44:24:4424 [32minfo[39m: [32mUser connected: 77c36d4c-491c-41a2-a97a-8963e916364b (GlcCsHQEdBt-lKJYAAAa)[39m
2026-03-06 01:44:24:4424 [32minfo[39m: [32mUser connected: 77c36d4c-491c-41a2-a97a-8963e916364b (qHfuqnH1OQJgTKhQAAAb)[39m
2026-03-06 01:44:24:4424 [35mhttp[39m: [35mGET /api/users/me[39m
2026-03-06 01:44:33:4433 [35mhttp[39m: [35mPOST /api/ai/investigate[39m
2026-03-06 01:44:33:4433 [32minfo[39m: [32m[AI] Processing message for user 77c36d4c-491c-41a2-a97a-8963e916364b, conversation 76d1b371-5e02-4ddd-ae10-386b94115638[39m
2026-03-06 01:44:33:4433 [32minfo[39m: [32m[AI] Fetching context and memory...[39m
2026-03-06 01:44:33:4433 [32minfo[39m: [32m[AI] Context fetched for user 77c36d4c-491c-41a2-a97a-8963e916364b[39m
2026-03-06 01:44:33:4433 [32minfo[39m: [32m[AI] Calling Groq API (Attempt 1, Model: llama-3.1-8b-instant)...[39m
2026-03-06 01:45:14:4514 [32minfo[39m: [32mUser disconnected: qHfuqnH1OQJgTKhQAAAb[39m
2026-03-06 01:45:14:4514 [32minfo[39m: [32mUser disconnected: GlcCsHQEdBt-lKJYAAAa[39m
2026-03-06 01:45:17:4517 [35mhttp[39m: [35mPOST /api/auth/login[39m
2026-03-06 01:45:21:4521 [35mhttp[39m: [35mGET /api/users/me[39m
2026-03-06 01:45:21:4521 [35mhttp[39m: [35mGET /api/notifications/unread-count[39m
2026-03-06 01:45:21:4521 [35mhttp[39m: [35mGET /api/friends[39m
2026-03-06 01:45:21:4521 [35mhttp[39m: [35mGET /api/communities[39m
2026-03-06 01:45:21:4521 [35mhttp[39m: [35mGET /api/ai/history[39m
2026-03-06 01:45:21:4521 [32minfo[39m: [32mUser connected: 77c36d4c-491c-41a2-a97a-8963e916364b (UPEHXSfOlgvHuZn2AAAj)[39m
2026-03-06 01:45:21:4521 [32minfo[39m: [32mUser connected: 77c36d4c-491c-41a2-a97a-8963e916364b (yZFqnO4SPlKA77XlAAAh)[39m
2026-03-06 01:45:21:4521 [32minfo[39m: [32mUser connected: 77c36d4c-491c-41a2-a97a-8963e916364b (Yx3oPTtbb-V5R2XaAAAi)[39m
2026-03-06 01:45:21:4521 [32minfo[39m: [32mUser connected: 77c36d4c-491c-41a2-a97a-8963e916364b (1UC0SFdG_MKRZSBnAAAg)[39m
2026-03-06 01:45:21:4521 [35mhttp[39m: [35mGET /api/friends[39m
2026-03-06 01:45:21:4521 [35mhttp[39m: [35mGET /api/communities[39m
2026-03-06 01:45:21:4521 [35mhttp[39m: [35mGET /api/notifications/unread-count[39m
2026-03-06 01:45:21:4521 [35mhttp[39m: [35mGET /api/users/me[39m
2026-03-06 01:45:21:4521 [35mhttp[39m: [35mGET /api/ai/history[39m
2026-03-06 01:45:21:4521 [35mhttp[39m: [35mGET /api/users/me[39m
2026-03-06 01:45:22:4522 [35mhttp[39m: [35mGET /api/users/me[39m
2026-03-06 01:56:04:564 [32minfo[39m: [32mUser disconnected: 1UC0SFdG_MKRZSBnAAAg[39m
2026-03-06 01:56:04:564 [32minfo[39m: [32mUser disconnected: UPEHXSfOlgvHuZn2AAAj[39m
2026-03-06 01:56:04:564 [32minfo[39m: [32mUser disconnected: Yx3oPTtbb-V5R2XaAAAi[39m
2026-03-06 01:56:04:564 [32minfo[39m: [32mUser disconnected: yZFqnO4SPlKA77XlAAAh[39m
2026-03-06 02:00:00:00 [32minfo[39m: [32mRunning background check for proactive Nova messages (daily check-in)...[39m
2026-03-06 02:29:41:2941 [35mhttp[39m: [35mPOST /api/auth/login[39m
2026-03-06 02:29:46:2946 [35mhttp[39m: [35mGET /api/users/me[39m
2026-03-06 02:29:46:2946 [35mhttp[39m: [35mGET /api/notifications/unread-count[39m
2026-03-06 02:29:46:2946 [35mhttp[39m: [35mGET /api/friends[39m
2026-03-06 02:29:46:2946 [35mhttp[39m: [35mGET /api/communities[39m
2026-03-06 02:29:46:2946 [35mhttp[39m: [35mGET /api/ai/history[39m
2026-03-06 02:29:46:2946 [35mhttp[39m: [35mGET /api/users/me[39m
2026-03-06 02:29:46:2946 [32minfo[39m: [32mUser connected: 77c36d4c-491c-41a2-a97a-8963e916364b (968WYD_QqD8xM1xcAAAr)[39m
2026-03-06 02:29:46:2946 [32minfo[39m: [32mUser connected: 77c36d4c-491c-41a2-a97a-8963e916364b (sVRXwglHQ2gIWEyOAAAp)[39m
2026-03-06 02:29:46:2946 [32minfo[39m: [32mUser connected: 77c36d4c-491c-41a2-a97a-8963e916364b (BULS96cXYTRzt_kuAAAo)[39m
2026-03-06 02:29:46:2946 [32minfo[39m: [32mUser connected: 77c36d4c-491c-41a2-a97a-8963e916364b (SY73rnhg74MeS6mfAAAq)[39m
2026-03-06 02:29:47:2947 [35mhttp[39m: [35mGET /api/friends[39m
2026-03-06 02:29:47:2947 [35mhttp[39m: [35mGET /api/communities[39m
2026-03-06 02:29:47:2947 [35mhttp[39m: [35mGET /api/notifications/unread-count[39m
2026-03-06 02:29:47:2947 [35mhttp[39m: [35mGET /api/users/me[39m
2026-03-06 02:29:47:2947 [35mhttp[39m: [35mGET /api/ai/history[39m
2026-03-06 02:29:47:2947 [35mhttp[39m: [35mGET /api/users/me[39m
2026-03-06 02:30:34:3034 [32minfo[39m: [32mUser disconnected: BULS96cXYTRzt_kuAAAo[39m
2026-03-06 02:30:34:3034 [32minfo[39m: [32mUser disconnected: 968WYD_QqD8xM1xcAAAr[39m
2026-03-06 02:30:34:3034 [32minfo[39m: [32mUser disconnected: SY73rnhg74MeS6mfAAAq[39m
2026-03-06 02:30:34:3034 [32minfo[39m: [32mUser disconnected: sVRXwglHQ2gIWEyOAAAp[39m
2026-03-06 02:30:35:3035 [35mhttp[39m: [35mGET /api/users/me[39m
2026-03-06 02:30:35:3035 [35mhttp[39m: [35mGET /api/notifications/unread-count[39m
2026-03-06 02:30:35:3035 [35mhttp[39m: [35mGET /api/friends[39m
2026-03-06 02:30:35:3035 [35mhttp[39m: [35mGET /api/communities[39m
2026-03-06 02:30:35:3035 [35mhttp[39m: [35mGET /api/ai/history[39m
2026-03-06 02:30:35:3035 [32minfo[39m: [32mUser connected: 77c36d4c-491c-41a2-a97a-8963e916364b (CuV0EqeqC6caTUpAAAAu)[39m
2026-03-06 02:30:36:3036 [32minfo[39m: [32mUser connected: 77c36d4c-491c-41a2-a97a-8963e916364b (ikPKolb9RdDQy5TPAAAv)[39m
2026-03-06 02:30:36:3036 [35mhttp[39m: [35mGET /api/users/me[39m
2026-03-06 02:45:26:4526 [32minfo[39m: [32mUser disconnected: ikPKolb9RdDQy5TPAAAv[39m
2026-03-06 02:45:26:4526 [32minfo[39m: [32mUser disconnected: CuV0EqeqC6caTUpAAAAu[39m
2026-03-06 03:00:00:00 [32minfo[39m: [32mRunning background check for proactive Nova messages (daily check-in)...[39m
2026-03-06 03:13:45:1345 [35mhttp[39m: [35mPOST /api/auth/login[39m
2026-03-06 03:13:50:1350 [35mhttp[39m: [35mGET /api/users/me[39m
2026-03-06 03:13:50:1350 [35mhttp[39m: [35mGET /api/notifications/unread-count[39m
2026-03-06 03:13:51:1351 [35mhttp[39m: [35mGET /api/friends[39m
2026-03-06 03:13:51:1351 [35mhttp[39m: [35mGET /api/communities[39m
2026-03-06 03:13:51:1351 [35mhttp[39m: [35mGET /api/ai/history[39m
2026-03-06 03:13:51:1351 [32minfo[39m: [32mUser connected: 77c36d4c-491c-41a2-a97a-8963e916364b (XSEfvdMpi4_Kny1XAAA0)[39m
2026-03-06 03:13:51:1351 [32minfo[39m: [32mUser connected: 77c36d4c-491c-41a2-a97a-8963e916364b (rNagE4_9DehSVfgYAAA1)[39m
2026-03-06 03:13:51:1351 [32minfo[39m: [32mUser connected: 77c36d4c-491c-41a2-a97a-8963e916364b (nhQzr0SG5FrSy0poAAA3)[39m
2026-03-06 03:13:51:1351 [32minfo[39m: [32mUser connected: 77c36d4c-491c-41a2-a97a-8963e916364b (beMbt0kq0Hc8-CMMAAA2)[39m
2026-03-06 03:13:51:1351 [35mhttp[39m: [35mGET /api/users/me[39m
2026-03-06 03:13:52:1352 [35mhttp[39m: [35mGET /api/friends[39m
2026-03-06 03:13:52:1352 [35mhttp[39m: [35mGET /api/communities[39m
2026-03-06 03:13:52:1352 [35mhttp[39m: [35mGET /api/notifications/unread-count[39m
2026-03-06 03:13:52:1352 [35mhttp[39m: [35mGET /api/users/me[39m
2026-03-06 03:13:52:1352 [35mhttp[39m: [35mGET /api/ai/history[39m
2026-03-06 03:13:52:1352 [35mhttp[39m: [35mGET /api/users/me[39m
2026-03-06 03:25:39:2539 [35mhttp[39m: [35mPOST /api/auth/login[39m
2026-03-06 03:25:54:2554 [35mhttp[39m: [35mPOST /api/auth/login[39m
2026-03-06 03:25:57:2557 [35mhttp[39m: [35mGET /api/users/me[39m
2026-03-06 03:25:57:2557 [35mhttp[39m: [35mGET /api/notifications/unread-count[39m
2026-03-06 03:25:57:2557 [35mhttp[39m: [35mGET /api/friends[39m
2026-03-06 03:25:57:2557 [35mhttp[39m: [35mGET /api/communities[39m
2026-03-06 03:25:57:2557 [35mhttp[39m: [35mGET /api/ai/history[39m
2026-03-06 03:25:57:2557 [35mhttp[39m: [35mGET /api/users/me[39m
2026-03-06 03:25:58:2558 [35mhttp[39m: [35mGET /api/notifications/unread-count[39m
2026-03-06 03:25:58:2558 [35mhttp[39m: [35mGET /api/communities[39m
2026-03-06 03:25:58:2558 [35mhttp[39m: [35mGET /api/friends[39m
2026-03-06 03:25:58:2558 [35mhttp[39m: [35mGET /api/users/me[39m
2026-03-06 03:25:58:2558 [35mhttp[39m: [35mGET /api/ai/history[39m
2026-03-06 03:25:58:2558 [35mhttp[39m: [35mGET /api/users/me[39m
2026-03-06 04:00:00:00 [32minfo[39m: [32mRunning background check for proactive Nova messages (daily check-in)...[39m
2026-03-06 04:19:52:1952 [32minfo[39m: [32mUser disconnected: nhQzr0SG5FrSy0poAAA3[39m
2026-03-06 04:19:52:1952 [32minfo[39m: [32mUser disconnected: beMbt0kq0Hc8-CMMAAA2[39m
2026-03-06 04:19:52:1952 [32minfo[39m: [32mUser disconnected: rNagE4_9DehSVfgYAAA1[39m
2026-03-06 04:19:52:1952 [32minfo[39m: [32mUser disconnected: XSEfvdMpi4_Kny1XAAA0[39m
2026-03-06 05:00:00:00 [32minfo[39m: [32mRunning background check for proactive Nova messages (daily check-in)...[39m
2026-03-10 02:14:34:1434 [32minfo[39m: [32mConnected to PostgreSQL database[39m
2026-03-10 02:14:34:1434 [32minfo[39m: [32mSoulLink Backend running in development mode on port 4000[39m
2026-03-10 02:14:34:1434 [32minfo[39m: [32mStarting AI Companion cron jobs...[39m
2026-03-10 02:14:35:1435 [32minfo[39m: [32mPresence Reset: Set 0 users to OFFLINE on startup[39m
2026-03-10 02:16:49:1649 [32minfo[39m: [32mConnected to PostgreSQL database[39m
2026-03-10 02:17:25:1725 [32minfo[39m: [32mConnected to PostgreSQL database[39m
2026-03-10 02:17:25:1725 [32minfo[39m: [32mSoulLink Backend running in development mode on port 4000[39m
2026-03-10 02:17:25:1725 [32minfo[39m: [32mStarting AI Companion cron jobs...[39m
2026-03-10 02:17:25:1725 [32minfo[39m: [32mPresence Reset: Set 0 users to OFFLINE on startup[39m
2026-03-10 02:19:39:1939 [35mhttp[39m: [35mPOST /api/auth/login[39m
2026-03-10 02:20:03:203 [35mhttp[39m: [35mPOST /api/auth/login[39m
2026-03-10 02:20:14:2014 [35mhttp[39m: [35mGET /api/users/me[39m
2026-03-10 02:20:14:2014 [35mhttp[39m: [35mGET /api/notifications/unread-count[39m
2026-03-10 02:20:14:2014 [35mhttp[39m: [35mGET /api/friends[39m
2026-03-10 02:20:14:2014 [35mhttp[39m: [35mGET /api/communities[39m
2026-03-10 02:20:14:2014 [35mhttp[39m: [35mGET /api/ai/history[39m
2026-03-10 02:20:15:2015 [35mhttp[39m: [35mGET /api/users/me[39m
2026-03-10 02:20:15:2015 [32minfo[39m: [32mUser connected: 77c36d4c-491c-41a2-a97a-8963e916364b (4mhRqnjeq4I948bjAAAH)[39m
2026-03-10 02:20:15:2015 [32minfo[39m: [32mUser connected: 77c36d4c-491c-41a2-a97a-8963e916364b (LNvMjYB9pMB58QOZAAAE)[39m
2026-03-10 02:20:15:2015 [32minfo[39m: [32mUser connected: 77c36d4c-491c-41a2-a97a-8963e916364b (QLdlaXBGdDcfCsZDAAAG)[39m
2026-03-10 02:20:15:2015 [32minfo[39m: [32mUser connected: 77c36d4c-491c-41a2-a97a-8963e916364b (WRacpDFGHOYhYhtIAAAF)[39m
2026-03-10 02:20:15:2015 [35mhttp[39m: [35mGET /api/communities[39m
2026-03-10 02:20:15:2015 [35mhttp[39m: [35mGET /api/notifications/unread-count[39m
2026-03-10 02:20:15:2015 [35mhttp[39m: [35mGET /api/friends[39m
2026-03-10 02:20:15:2015 [35mhttp[39m: [35mGET /api/users/me[39m
2026-03-10 02:20:15:2015 [35mhttp[39m: [35mGET /api/ai/history[39m
2026-03-10 02:20:15:2015 [35mhttp[39m: [35mGET /api/users/me[39m
2026-03-10 02:20:23:2023 [35mhttp[39m: [35mPOST /api/ai/chat[39m
2026-03-10 02:20:23:2023 [32minfo[39m: [32m[AI] Processing message for user 77c36d4c-491c-41a2-a97a-8963e916364b, conversation 76d1b371-5e02-4ddd-ae10-386b94115638[39m
2026-03-10 02:20:23:2023 [32minfo[39m: [32m[AI] Fetching context and memory...[39m
2026-03-10 02:20:24:2024 [32minfo[39m: [32m[AI] Context fetched for user 77c36d4c-491c-41a2-a97a-8963e916364b[39m
2026-03-10 02:20:24:2024 [31merror[39m: [31m[RAG] Failed to save memory to Pinecone: Must pass in at least 1 record to upsert.[39m
2026-03-10 02:20:24:2024 [31merror[39m: [31m[RAG] Failed to search memories in Pinecone: The API key you provided was rejected while calling https://api.pinecone.io/indexes/nova-memory. Please check your configuration values and try again. You can find the configuration values for your project in the Pinecone developer console at https://app.pinecone.io[39m
2026-03-10 02:20:24:2024 [32minfo[39m: [32m[AI] Calling Groq API (Attempt 1, Model: llama-3.3-70b-versatile)...[39m
2026-03-10 02:20:26:2026 [32minfo[39m: [32mUpdated structured memory for user 77c36d4c-491c-41a2-a97a-8963e916364b[39m
2026-03-10 02:21:15:2115 [35mhttp[39m: [35mPOST /api/ai/investigate[39m
2026-03-10 02:21:15:2115 [32minfo[39m: [32m[AI] Processing message for user 77c36d4c-491c-41a2-a97a-8963e916364b, conversation 76d1b371-5e02-4ddd-ae10-386b94115638[39m
2026-03-10 02:21:15:2115 [32minfo[39m: [32m[AI] Fetching context and memory...[39m
2026-03-10 02:21:16:2116 [32minfo[39m: [32m[AI] Context fetched for user 77c36d4c-491c-41a2-a97a-8963e916364b[39m
2026-03-10 02:21:16:2116 [32minfo[39m: [32m[AI] Calling Groq API (Attempt 1, Model: llama-3.1-8b-instant)...[39m
2026-03-10 03:00:00:00 [32minfo[39m: [32mRunning background check for proactive Nova messages (daily check-in)...[39m
2026-03-10 04:00:00:00 [32minfo[39m: [32mRunning background check for proactive Nova messages (daily check-in)...[39m
2026-03-10 04:24:40:2440 [32minfo[39m: [32mUser disconnected: LNvMjYB9pMB58QOZAAAE[39m
2026-03-10 04:24:40:2440 [32minfo[39m: [32mUser disconnected: 4mhRqnjeq4I948bjAAAH[39m
2026-03-10 04:24:40:2440 [32minfo[39m: [32mUser disconnected: QLdlaXBGdDcfCsZDAAAG[39m
2026-03-10 04:24:40:2440 [32minfo[39m: [32mUser disconnected: WRacpDFGHOYhYhtIAAAF[39m
2026-03-10 05:00:00:00 [32minfo[39m: [32mRunning background check for proactive Nova messages (daily check-in)...[39m
2026-03-10 06:00:00:00 [32minfo[39m: [32mRunning background check for proactive Nova messages (daily check-in)...[39m
2026-03-10 07:00:00:00 [32minfo[39m: [32mRunning background check for proactive Nova messages (daily check-in)...[39m
2026-03-10 08:00:00:00 [32minfo[39m: [32mRunning background check for proactive Nova messages (daily check-in)...[39m
2026-03-10 09:00:00:00 [32minfo[39m: [32mRunning background check for proactive Nova messages (daily check-in)...[39m
