2026-02-12 01:22:22:2222 [31merror[39m: [31m[Unhandled Error] PrismaClientValidationError: [39m
[31mInvalid `tx.user.create()` invocation in[39m
[31mD:\pfe\pfe t7cha0.3\soullink-backend\src\modules\auth\auth.service.ts:25:40[39m

[31m  22 const passwordHash = await hashPassword(password);[39m
[31m  23 [39m
[31m  24 return await prisma.$transaction(async (tx: any) => {[39m
[31m→ 25     const user = await tx.user.create({[39m
[31m           data: {[39m
[31m             email: "mohamedaziz.hadhri@esen.tn",[39m
[31m             phone: "mohamedaziz.hadhri@esen.tn",[39m
[31m             passwordHash: "$2a$12$j15lXThr6cRSTlhIQ4v09efvbJjBy7eDN9cJAek3x.KV/vWVKDkHS",[39m
[31m             displayName: "lordaziz",[39m
[31m             handle: "azizhadhri",[39m
[31m             dateOfBirth: "2003-04-22",[39m
[31m                          ~~~~~~~~~~~~[39m
[31m             faceDescriptor: [[39m
[31m               -0.07607901841402054,[39m
[31m               0.08632584661245346,[39m
[31m               0.06845914572477341,[39m
[31m               -0.016534671187400818,[39m
[31m               -0.19694338738918304,[39m
[31m               0.014840450137853622,[39m
[31m               -0.029617037624120712,[39m
[31m               0.0020376425236463547,[39m
[31m               0.11990337818861008,[39m
[31m               -0.07964331656694412,[39m
[31m               0.19457584619522095,[39m
[31m               0.046033985912799835,[39m
[31m               -0.25440555810928345,[39m
[31m               -0.055170077830553055,[39m
[31m               0.046566419303417206,[39m
[31m               0.11643677949905396,[39m
[31m               -0.09762047976255417,[39m
[31m               -0.10343895107507706,[39m
[31m               -0.13451041281223297,[39m
[31m               -0.13024990260601044,[39m
[31m               -0.04308942332863808,[39m
[31m               0.0262241680175066,[39m
[31m               -0.040676288306713104,[39m
[31m               -0.003565168473869562,[39m
[31m               -0.15325650572776794,[39m
[31m               -0.26553693413734436,[39m
[31m               -0.09183650463819504,[39m
[31m               -0.0689246878027916,[39m
[31m               0.08679953217506409,[39m
[31m               -0.0775575190782547,[39m
[31m               0.011646391823887825,[39m
[31m               -0.0032840585336089134,[39m
[31m               -0.1364571452140808,[39m
[31m               -0.05722364783287048,[39m
[31m               0.024680884554982185,[39m
[31m               0.04362425208091736,[39m
[31m               -0.05842196196317673,[39m
[31m               -0.05897925794124603,[39m
[31m               0.15226536989212036,[39m
[31m               -0.08395075052976608,[39m
[31m               -0.15203389525413513,[39m
[31m               -0.0129574378952384,[39m
[31m               0.04702717810869217,[39m
[31m               0.24174286425113678,[39m
[31m               0.17661361396312714,[39m
[31m               -0.002560725435614586,[39m
[31m               0.04519391059875488,[39m
[31m               -0.04540030658245087,[39m
[31m               0.1312950700521469,[39m
[31m               -0.24674995243549347,[39m
[31m               0.03288671746850014,[39m
[31m               0.15382768213748932,[39m
[31m               0.10434409230947495,[39m
[31m               0.0973895788192749,[39m
[31m               0.08117850869894028,[39m
[31m               -0.1391904056072235,[39m
[31m               0.026798976585268974,[39m
[31m               0.2116982638835907,[39m
[31m               -0.1532226949930191,[39m
[31m               0.05914716050028801,[39m
[31m               0.004081921651959419,[39m
[31m               -0.06676408648490906,[39m
[31m               -0.10842114686965942,[39m
[31m               -0.12056155502796173,[39m
[31m               0.17510037124156952,[39m
[31m               0.04517912119626999,[39m
[31m               -0.12049176543951035,[39m
[31m               -0.19156241416931152,[39m
[31m               0.15277406573295593,[39m
[31m               -0.16772060096263885,[39m
[31m               -0.039008039981126785,[39m
[31m               0.11073656380176544,[39m
[31m               -0.1280573606491089,[39m
[31m               -0.18104590475559235,[39m
[31m               -0.29318180680274963,[39m
[31m               0.10826973617076874,[39m
[31m               0.4091883599758148,[39m
[31m               0.20812448859214783,[39m
[31m               -0.19103030860424042,[39m
[31m               0.024310443550348282,[39m
[31m               -0.03167926147580147,[39m
[31m               -0.0032096770592033863,[39m
[31m               0.028175223618745804,[39m
[31m               0.02847784012556076,[39m
[31m               -0.07936851680278778,[39m
[31m               -0.06488680094480515,[39m
[31m               -0.09648794680833817,[39m
[31m               0.061512384563684464,[39m
[31m               0.1788650006055832,[39m
[31m               -0.07055635750293732,[39m
[31m               0.03867905214428902,[39m
[31m               0.17871521413326263,[39m
[31m               0.062190521508455276,[39m
[31m               0.038001060485839844,[39m
[31m               -0.009972704574465752,[39m
[31m               0.050242312252521515,[39m
[31m               -0.09738670289516449,[39m
[31m               -0.016589058563113213,[39m
[31m               -0.08367280662059784,[39m
[31m               0.01689770631492138,[39m
[31m               0.13559582829475403,[39m
[31m               -0.1260930895805359,[39m
[31m               0.04582607001066208,[39m
[31m               0.08434943854808807,[39m
[31m               -0.14361457526683807,[39m
[31m               0.21427224576473236,[39m
[31m               0.004219681955873966,[39m
[31m               0.022462235763669014,[39m
[31m               0.011819799430668354,[39m
[31m               0.012938032858073711,[39m
[31m               -0.08753402531147003,[39m
[31m               -0.01806575246155262,[39m
[31m               0.2298642098903656,[39m
[31m               -0.232083261013031,[39m
[31m               0.21195468306541443,[39m
[31m               0.19407299160957336,[39m
[31m               -0.02582862786948681,[39m
[31m               0.13182713091373444,[39m
[31m               0.07926297932863235,[39m
[31m               0.0996246188879013,[39m
[31m               -0.05066767707467079,[39m
[31m               -0.03377917408943176,[39m
[31m               -0.13806134462356567,[39m
[31m               -0.08831214904785156,[39m
[31m               0.016781125217676163,[39m
[31m               -0.12387903034687042,[39m
[31m               0.010754365473985672,[39m
[31m               0.026468567550182343[39m
[31m             ],[39m
[31m             status: "PENDING_VERIFICATION"[39m
[31m           }[39m
[31m         })[39m

[31mInvalid value for argument `dateOfBirth`: premature end of input. Expected ISO-8601 DateTime.[39m
[31m    at wn (D:\pfe\pfe t7cha0.3\soullink-backend\node_modules\@prisma\client\runtime\library.js:29:1363)[39m
[31m    at $n.handleRequestError (D:\pfe\pfe t7cha0.3\soullink-backend\node_modules\@prisma\client\runtime\library.js:121:6958)[39m
[31m    at $n.handleAndLogRequestError (D:\pfe\pfe t7cha0.3\soullink-backend\node_modules\@prisma\client\runtime\library.js:121:6623)[39m
[31m    at $n.request (D:\pfe\pfe t7cha0.3\soullink-backend\node_modules\@prisma\client\runtime\library.js:121:6307)[39m
[31m    at async l (D:\pfe\pfe t7cha0.3\soullink-backend\node_modules\@prisma\client\runtime\library.js:130:9633)[39m
[31m    at async <anonymous> (D:\pfe\pfe t7cha0.3\soullink-backend\src\modules\auth\auth.service.ts:25:26)[39m
[31m    at async Proxy._transactionWithCallback (D:\pfe\pfe t7cha0.3\soullink-backend\node_modules\@prisma\client\runtime\library.js:130:8000)[39m
[31m    at async AuthService.register (D:\pfe\pfe t7cha0.3\soullink-backend\src\modules\auth\auth.service.ts:24:16)[39m
[31m    at async register (D:\pfe\pfe t7cha0.3\soullink-backend\src\modules\auth\auth.controller.ts:13:26)[39m
2026-02-12 01:48:24:4824 [31merror[39m: [31m[Unhandled Error] PrismaClientValidationError: [39m
[31mInvalid `tx.user.create()` invocation in[39m
[31mD:\pfe\pfe t7cha0.3\soullink-backend\src\modules\auth\auth.service.ts:26:40[39m

[31m  23 const passwordHash = await hashPassword(password);[39m
[31m  24 [39m
[31m  25 return await prisma.$transaction(async (tx: any) => {[39m
[31m→ 26     const user = await tx.user.create({[39m
[31m           data: {[39m
[31m             email: "mohamedaziz.hadhri@esen.tn",[39m
[31m             phone: "mohamedaziz.hadhri@esen.tn",[39m
[31m             passwordHash: "$2a$12$CsNfCkOWepDOCO0PNbdt9usKWn0bGWMgJ5hyDOms6q684S5boAXdK",[39m
[31m             displayName: "lordaziz",[39m
[31m             handle: "azizhadhri",[39m
[31m             dateOfBirth: "2003-04-22",[39m
[31m                          ~~~~~~~~~~~~[39m
[31m             faceDescriptor: [[39m
[31m               -0.15772876143455505,[39m
[31m               0.06240643933415413,[39m
[31m               0.06848792731761932,[39m
[31m               0.03233066201210022,[39m
[31m               0.0463053435087204,[39m
[31m               -0.12289497256278992,[39m
[31m               0.06982539594173431,[39m
[31m               -0.0822712704539299,[39m
[31m               0.1905238777399063,[39m
[31m               -0.044549375772476196,[39m
[31m               0.2440975308418274,[39m
[31m               -0.029189415276050568,[39m
[31m               -0.1746453493833542,[39m
[31m               -0.12931112945079803,[39m
[31m               0.027933254837989807,[39m
[31m               0.07556206732988358,[39m
[31m               -0.16792577505111694,[39m
[31m               -0.08656350523233414,[39m
[31m               -0.06608617305755615,[39m
[31m               -0.12033842504024506,[39m
[31m               0.06217316538095474,[39m
[31m               -0.007168580312281847,[39m
[31m               0.11684760451316833,[39m
[31m               0.09659828990697861,[39m
[31m               -0.12916195392608643,[39m
[31m               -0.35133063793182373,[39m
[31m               -0.05484800785779953,[39m
[31m               -0.21978607773780823,[39m
[31m               0.124448761343956,[39m
[31m               -0.07400808483362198,[39m
[31m               0.017760159447789192,[39m
[31m               -0.01788681373000145,[39m
[31m               -0.2122432142496109,[39m
[31m               -0.055077262222766876,[39m
[31m               -0.0554024875164032,[39m
[31m               0.01621570810675621,[39m
[31m               -0.002002332592383027,[39m
[31m               -0.000711098313331604,[39m
[31m               0.20742963254451752,[39m
[31m               -0.02806500717997551,[39m
[31m               -0.10607711225748062,[39m
[31m               -0.055638231337070465,[39m
[31m               -0.034899111837148666,[39m
[31m               0.23301547765731812,[39m
[31m               0.1505257785320282,[39m
[31m               0.03102332167327404,[39m
[31m               0.0672813206911087,[39m
[31m               -0.01593545638024807,[39m
[31m               0.045571524649858475,[39m
[31m               -0.2095872014760971,[39m
[31m               0.04019240662455559,[39m
[31m               0.11980806291103363,[39m
[31m               0.06898630410432816,[39m
[31m               0.034372832626104355,[39m
[31m               0.12132610380649567,[39m
[31m               -0.13515794277191162,[39m
[31m               0.016605110839009285,[39m
[31m               0.042802657932043076,[39m
[31m               -0.1854861080646515,[39m
[31m               0.1418011635541916,[39m
[31m               0.041839275509119034,[39m
[31m               0.01342390663921833,[39m
[31m               -0.009549742564558983,[39m
[31m               0.0607488714158535,[39m
[31m               0.20158372819423676,[39m
[31m               0.002347893314436078,[39m
[31m               -0.11380376666784286,[39m
[31m               -0.054634541273117065,[39m
[31m               0.11778489500284195,[39m
[31m               -0.20278194546699524,[39m
[31m               0.03662402927875519,[39m
[31m               0.10055679082870483,[39m
[31m               -0.05350925400853157,[39m
[31m               -0.21729083359241486,[39m
[31m               -0.24846667051315308,[39m
[31m               0.06316070258617401,[39m
[31m               0.4200352430343628,[39m
[31m               0.1512579321861267,[39m
[31m               -0.12427821755409241,[39m
[31m               0.08557617664337158,[39m
[31m               -0.1669819951057434,[39m
[31m               -0.055600374937057495,[39m
[31m               0.06079326570034027,[39m
[31m               0.03764088451862335,[39m
[31m               -0.10057452321052551,[39m
[31m               0.0733264610171318,[39m
[31m               -0.13950204849243164,[39m
[31m               0.044306203722953796,[39m
[31m               0.08145035058259964,[39m
[31m               0.06088731810450554,[39m
[31m               -0.019408635795116425,[39m
[31m               0.2630533277988434,[39m
[31m               -0.05156811699271202,[39m
[31m               0.030658703297376633,[39m
[31m               0.0039033107459545135,[39m
[31m               0.0067238276824355125,[39m
[31m               -0.10688955336809158,[39m
[31m               0.011875132098793983,[39m
[31m               -0.023608168587088585,[39m
[31m               0.0041700080037117004,[39m
[31m               0.039746541529893875,[39m
[31m               -0.09006956219673157,[39m
[31m               0.011139702051877975,[39m
[31m               0.005010693334043026,[39m
[31m               -0.20575158298015594,[39m
[31m               0.12361805886030197,[39m
[31m               -0.02537568286061287,[39m
[31m               0.0036424128338694572,[39m
[31m               -0.03666030615568161,[39m
[31m               0.07945834845304489,[39m
[31m               -0.12250727415084839,[39m
[31m               -0.00818568654358387,[39m
[31m               0.10319685935974121,[39m
[31m               -0.28816866874694824,[39m
[31m               0.17762798070907593,[39m
[31m               0.20589697360992432,[39m
[31m               0.027872566133737564,[39m
[31m               0.1767091155052185,[39m
[31m               0.018179748207330704,[39m
[31m               0.014539502561092377,[39m
[31m               0.014849092811346054,[39m
[31m               -0.00845722109079361,[39m
[31m               -0.12031237035989761,[39m
[31m               -0.023368244990706444,[39m
[31m               -0.016211852431297302,[39m
[31m               -0.06402254104614258,[39m
[31m               0.041583411395549774,[39m
[31m               0.046811528503894806[39m
[31m             ],[39m
[31m             status: "PENDING_VERIFICATION"[39m
[31m           }[39m
[31m         })[39m

[31mInvalid value for argument `dateOfBirth`: premature end of input. Expected ISO-8601 DateTime.[39m
[31m    at wn (D:\pfe\pfe t7cha0.3\soullink-backend\node_modules\@prisma\client\runtime\library.js:29:1363)[39m
[31m    at $n.handleRequestError (D:\pfe\pfe t7cha0.3\soullink-backend\node_modules\@prisma\client\runtime\library.js:121:6958)[39m
[31m    at $n.handleAndLogRequestError (D:\pfe\pfe t7cha0.3\soullink-backend\node_modules\@prisma\client\runtime\library.js:121:6623)[39m
[31m    at $n.request (D:\pfe\pfe t7cha0.3\soullink-backend\node_modules\@prisma\client\runtime\library.js:121:6307)[39m
[31m    at async l (D:\pfe\pfe t7cha0.3\soullink-backend\node_modules\@prisma\client\runtime\library.js:130:9633)[39m
[31m    at async <anonymous> (D:\pfe\pfe t7cha0.3\soullink-backend\src\modules\auth\auth.service.ts:26:26)[39m
[31m    at async Proxy._transactionWithCallback (D:\pfe\pfe t7cha0.3\soullink-backend\node_modules\@prisma\client\runtime\library.js:130:8000)[39m
[31m    at async AuthService.register (D:\pfe\pfe t7cha0.3\soullink-backend\src\modules\auth\auth.service.ts:25:16)[39m
[31m    at async register (D:\pfe\pfe t7cha0.3\soullink-backend\src\modules\auth\auth.controller.ts:13:57)[39m
2026-02-12 01:57:14:5714 [31merror[39m: [31m[Unhandled Error] PrismaClientValidationError: [39m
[31mInvalid `tx.user.create()` invocation in[39m
[31mD:\pfe\pfe t7cha0.3\soullink-backend\src\modules\auth\auth.service.ts:26:40[39m

[31m  23 const passwordHash = await hashPassword(password);[39m
[31m  24 [39m
[31m  25 return await prisma.$transaction(async (tx: any) => {[39m
[31m→ 26     const user = await tx.user.create({[39m
[31m           data: {[39m
[31m             email: "mohamedaziz.hadhri@esen.tn",[39m
[31m             phone: "mohamedaziz.hadhri@esen.tn",[39m
[31m             passwordHash: "$2a$12$g/dvZK.1z8dWqcHaeBzLY.a3Gzsbff.B2soCHNRUi4vovgUf40S7C",[39m
[31m             displayName: "lordaziz",[39m
[31m             handle: "azizhadhri",[39m
[31m             dateOfBirth: "2003-04-22",[39m
[31m                          ~~~~~~~~~~~~[39m
[31m             faceDescriptor: [[39m
[31m               -0.15796616673469543,[39m
[31m               0.06585382670164108,[39m
[31m               0.016166653484106064,[39m
[31m               0.03255705535411835,[39m
[31m               0.03340153396129608,[39m
[31m               -0.13324345648288727,[39m
[31m               0.08497383445501328,[39m
[31m               -0.09366336464881897,[39m
[31m               0.20115222036838531,[39m
[31m               -0.03505929186940193,[39m
[31m               0.2271818220615387,[39m
[31m               -0.025027990341186523,[39m
[31m               -0.1722465455532074,[39m
[31m               -0.11981305480003357,[39m
[31m               0.022816944867372513,[39m
[31m               0.06879562139511108,[39m
[31m               -0.1664753407239914,[39m
[31m               -0.10055791586637497,[39m
[31m               -0.0628100335597992,[39m
[31m               -0.09524711966514587,[39m
[31m               0.09166528284549713,[39m
[31m               -0.01928136684000492,[39m
[31m               0.07910393178462982,[39m
[31m               0.14967870712280273,[39m
[31m               -0.15669935941696167,[39m
[31m               -0.33537307381629944,[39m
[31m               -0.10700836777687073,[39m
[31m               -0.20156650245189667,[39m
[31m               0.08493069559335709,[39m
[31m               -0.08866400271654129,[39m
[31m               -0.0011223722249269485,[39m
[31m               0.014279655180871487,[39m
[31m               -0.17244189977645874,[39m
[31m               -0.06657075881958008,[39m
[31m               -0.040137987583875656,[39m
[31m               -0.024445872753858566,[39m
[31m               0.03317883238196373,[39m
[31m               -0.012034932151436806,[39m
[31m               0.2237723469734192,[39m
[31m               -0.027862802147865295,[39m
[31m               -0.12306834757328033,[39m
[31m               -0.07781428098678589,[39m
[31m               0.037481725215911865,[39m
[31m               0.26570048928260803,[39m
[31m               0.15525704622268677,[39m
[31m               0.01130931917577982,[39m
[31m               0.06107547506690025,[39m
[31m               -0.014560852199792862,[39m
[31m               0.07993431389331818,[39m
[31m               -0.1803966462612152,[39m
[31m               0.042180463671684265,[39m
[31m               0.12870410084724426,[39m
[31m               0.10296707600355148,[39m
[31m               0.06973562389612198,[39m
[31m               0.11777042597532272,[39m
[31m               -0.09912970662117004,[39m
[31m               -0.011109994724392891,[39m
[31m               0.041997846215963364,[39m
[31m               -0.20864135026931763,[39m
[31m               0.12341894209384918,[39m
[31m               0.03824346885085106,[39m
[31m               -0.0024002622812986374,[39m
[31m               -0.030637815594673157,[39m
[31m               0.004593918565660715,[39m
[31m               0.19839996099472046,[39m
[31m               0.038795292377471924,[39m
[31m               -0.1290871948003769,[39m
[31m               -0.06256422400474548,[39m
[31m               0.153123140335083,[39m
[31m               -0.22646287083625793,[39m
[31m               0.0092568788677454,[39m
[31m               0.07088487595319748,[39m
[31m               -0.06383327394723892,[39m
[31m               -0.22357916831970215,[39m
[31m               -0.2411418855190277,[39m
[31m               0.07873312383890152,[39m
[31m               0.4022061228752136,[39m
[31m               0.1624763458967209,[39m
[31m               -0.1280844509601593,[39m
[31m               0.09535826742649078,[39m
[31m               -0.14978282153606415,[39m
[31m               -0.08770609647035599,[39m
[31m               0.03245595470070839,[39m
[31m               0.04769083112478256,[39m
[31m               -0.10015464574098587,[39m
[31m               0.08624609559774399,[39m
[31m               -0.10445322096347809,[39m
[31m               0.06094304844737053,[39m
[31m               0.11338138580322266,[39m
[31m               0.06294135749340057,[39m
[31m               0.018171917647123337,[39m
[31m               0.264699250459671,[39m
[31m               -0.02846437878906727,[39m
[31m               -0.005582495592534542,[39m
[31m               0.0437321811914444,[39m
[31m               0.05729955807328224,[39m
[31m               -0.10671185702085495,[39m
[31m               0.019239559769630432,[39m
[31m               -0.03752435743808746,[39m
[31m               0.06653501093387604,[39m
[31m               0.03161345794796944,[39m
[31m               -0.1180717721581459,[39m
[31m               0.032540224492549896,[39m
[31m               0.003675730898976326,[39m
[31m               -0.1826494187116623,[39m
[31m               0.12364472448825836,[39m
[31m               0.002144778613001108,[39m
[31m               -0.012422037310898304,[39m
[31m               -0.05553693696856499,[39m
[31m               0.09000104665756226,[39m
[31m               -0.1482296586036682,[39m
[31m               -0.053573012351989746,[39m
[31m               0.08575436472892761,[39m
[31m               -0.286946564912796,[39m
[31m               0.15349900722503662,[39m
[31m               0.1360682100057602,[39m
[31m               0.00655057467520237,[39m
[31m               0.17468594014644623,[39m
[31m               -0.03756881505250931,[39m
[31m               0.08622079342603683,[39m
[31m               0.0031122155487537384,[39m
[31m               -0.025884198024868965,[39m
[31m               -0.0778680369257927,[39m
[31m               -0.03308679908514023,[39m
[31m               0.03779418021440506,[39m
[31m               -0.05657053366303444,[39m
[31m               0.02958895079791546,[39m
[31m               0.03347819298505783[39m
[31m             ],[39m
[31m             status: "PENDING_VERIFICATION"[39m
[31m           }[39m
[31m         })[39m

[31mInvalid value for argument `dateOfBirth`: premature end of input. Expected ISO-8601 DateTime.[39m
[31m    at wn (D:\pfe\pfe t7cha0.3\soullink-backend\node_modules\@prisma\client\runtime\library.js:29:1363)[39m
[31m    at $n.handleRequestError (D:\pfe\pfe t7cha0.3\soullink-backend\node_modules\@prisma\client\runtime\library.js:121:6958)[39m
[31m    at $n.handleAndLogRequestError (D:\pfe\pfe t7cha0.3\soullink-backend\node_modules\@prisma\client\runtime\library.js:121:6623)[39m
[31m    at $n.request (D:\pfe\pfe t7cha0.3\soullink-backend\node_modules\@prisma\client\runtime\library.js:121:6307)[39m
[31m    at async l (D:\pfe\pfe t7cha0.3\soullink-backend\node_modules\@prisma\client\runtime\library.js:130:9633)[39m
[31m    at async <anonymous> (D:\pfe\pfe t7cha0.3\soullink-backend\src\modules\auth\auth.service.ts:26:26)[39m
[31m    at async Proxy._transactionWithCallback (D:\pfe\pfe t7cha0.3\soullink-backend\node_modules\@prisma\client\runtime\library.js:130:8000)[39m
[31m    at async AuthService.register (D:\pfe\pfe t7cha0.3\soullink-backend\src\modules\auth\auth.service.ts:25:16)[39m
[31m    at async register (D:\pfe\pfe t7cha0.3\soullink-backend\src\modules\auth\auth.controller.ts:14:57)[39m
2026-02-12 02:01:19:119 [31merror[39m: [31m[Unhandled Error] PrismaClientValidationError: [39m
[31mInvalid `tx.user.create()` invocation in[39m
[31mD:\pfe\pfe t7cha0.3\soullink-backend\src\modules\auth\auth.service.ts:26:40[39m

[31m  23 const passwordHash = await hashPassword(password);[39m
[31m  24 [39m
[31m  25 return await prisma.$transaction(async (tx: any) => {[39m
[31m→ 26     const user = await tx.user.create({[39m
[31m           data: {[39m
[31m             email: "mohamedaziz.hadhri@esen.tn",[39m
[31m             phone: "216+56604049",[39m
[31m             passwordHash: "$2a$12$uXPOnHZcJ3fbgJFjvWm21.TiNI3Ary.zoLsFgHkKdAYJusdb7yqle",[39m
[31m             displayName: "lordaziz",[39m
[31m             handle: "azizhadhri",[39m
[31m             dateOfBirth: "2003-04-22",[39m
[31m                          ~~~~~~~~~~~~[39m
[31m             faceDescriptor: [[39m
[31m               -0.14461740851402283,[39m
[31m               0.07039520144462585,[39m
[31m               0.026838719844818115,[39m
[31m               0.001258287811651826,[39m
[31m               0.029143882915377617,[39m
[31m               -0.09235724061727524,[39m
[31m               0.08664366602897644,[39m
[31m               -0.046584129333496094,[39m
[31m               0.2024517059326172,[39m
[31m               -0.05673903599381447,[39m
[31m               0.22641359269618988,[39m
[31m               0.0001927511766552925,[39m
[31m               -0.1767914742231369,[39m
[31m               -0.13082538545131683,[39m
[31m               0.04666345193982124,[39m
[31m               0.06123635172843933,[39m
[31m               -0.1375630646944046,[39m
[31m               -0.08217394351959229,[39m
[31m               -0.08457843214273453,[39m
[31m               -0.09748004376888275,[39m
[31m               0.07508672773838043,[39m
[31m               -0.010650761425495148,[39m
[31m               0.058075737208127975,[39m
[31m               0.13917730748653412,[39m
[31m               -0.1390850991010666,[39m
[31m               -0.3266437351703644,[39m
[31m               -0.07265640050172806,[39m
[31m               -0.2218134105205536,[39m
[31m               0.05070433393120766,[39m
[31m               -0.12238182872533798,[39m
[31m               -0.008927615359425545,[39m
[31m               0.015692919492721558,[39m
[31m               -0.19495272636413574,[39m
[31m               -0.071533203125,[39m
[31m               -0.07854855060577393,[39m
[31m               -0.034757666289806366,[39m
[31m               0.027257593348622322,[39m
[31m               -0.01316104270517826,[39m
[31m               0.19442811608314514,[39m
[31m               -0.01279253326356411,[39m
[31m               -0.10835790634155273,[39m
[31m               -0.05870341882109642,[39m
[31m               0.01570891961455345,[39m
[31m               0.23365236818790436,[39m
[31m               0.17710883915424347,[39m
[31m               -0.017797118052840233,[39m
[31m               0.07533761113882065,[39m
[31m               0.0040384214371442795,[39m
[31m               0.07681391388177872,[39m
[31m               -0.19171108305454254,[39m
[31m               0.06081389635801315,[39m
[31m               0.08758129179477692,[39m
[31m               0.12181040644645691,[39m
[31m               0.06334033608436584,[39m
[31m               0.1329086273908615,[39m
[31m               -0.1252671331167221,[39m
[31m               -0.02937253564596176,[39m
[31m               0.040015809237957,[39m
[31m               -0.15893973410129547,[39m
[31m               0.14064373075962067,[39m
[31m               0.017925050109624863,[39m
[31m               -0.012529062107205391,[39m
[31m               -0.06357741355895996,[39m
[31m               0.02161112241446972,[39m
[31m               0.19333995878696442,[39m
[31m               0.02440723031759262,[39m
[31m               -0.11777473241090775,[39m
[31m               -0.07505781948566437,[39m
[31m               0.14984625577926636,[39m
[31m               -0.16888201236724854,[39m
[31m               0.003200449515134096,[39m
[31m               0.1028677225112915,[39m
[31m               -0.06703784316778183,[39m
[31m               -0.2041548639535904,[39m
[31m               -0.21219153702259064,[39m
[31m               0.12312981486320496,[39m
[31m               0.3933996558189392,[39m
[31m               0.1763613373041153,[39m
[31m               -0.1576380878686905,[39m
[31m               0.08527109026908875,[39m
[31m               -0.21111473441123962,[39m
[31m               -0.0785209909081459,[39m
[31m               0.01180392038077116,[39m
[31m               0.02907787449657917,[39m
[31m               -0.058078840374946594,[39m
[31m               0.047019656747579575,[39m
[31m               -0.10313065350055695,[39m
[31m               0.07892170548439026,[39m
[31m               0.09880203753709793,[39m
[31m               0.07200323045253754,[39m
[31m               -0.005426742136478424,[39m
[31m               0.2523815929889679,[39m
[31m               -0.039457861334085464,[39m
[31m               -0.015536503866314888,[39m
[31m               0.003662201575934887,[39m
[31m               0.03363263979554176,[39m
[31m               -0.11178596317768097,[39m
[31m               0.02734198234975338,[39m
[31m               -0.026260849088430405,[39m
[31m               0.017941540107131004,[39m
[31m               0.06875576078891754,[39m
[31m               -0.11549652367830276,[39m
[31m               -0.0044687422923743725,[39m
[31m               0.012739107944071293,[39m
[31m               -0.2135179340839386,[39m
[31m               0.13076743483543396,[39m
[31m               -0.006498762406408787,[39m
[31m               -0.0026506222784519196,[39m
[31m               -0.025559615343809128,[39m
[31m               0.07879269868135452,[39m
[31m               -0.13291895389556885,[39m
[31m               0.005671835504472256,[39m
[31m               0.0844380334019661,[39m
[31m               -0.2904563844203949,[39m
[31m               0.16718432307243347,[39m
[31m               0.12407229840755463,[39m
[31m               0.010245501063764095,[39m
[31m               0.17487354576587677,[39m
[31m               -0.013363403268158436,[39m
[31m               0.06468010693788528,[39m
[31m               0.029900802299380302,[39m
[31m               -0.05438288301229477,[39m
[31m               -0.11891278624534607,[39m
[31m               -0.04636217653751373,[39m
[31m               0.05435457080602646,[39m
[31m               -0.019163362681865692,[39m
[31m               0.0366889126598835,[39m
[31m               0.04125853255391121[39m
[31m             ],[39m
[31m             status: "PENDING_VERIFICATION"[39m
[31m           }[39m
[31m         })[39m

[31mInvalid value for argument `dateOfBirth`: premature end of input. Expected ISO-8601 DateTime.[39m
[31m    at wn (D:\pfe\pfe t7cha0.3\soullink-backend\node_modules\@prisma\client\runtime\library.js:29:1363)[39m
[31m    at $n.handleRequestError (D:\pfe\pfe t7cha0.3\soullink-backend\node_modules\@prisma\client\runtime\library.js:121:6958)[39m
[31m    at $n.handleAndLogRequestError (D:\pfe\pfe t7cha0.3\soullink-backend\node_modules\@prisma\client\runtime\library.js:121:6623)[39m
[31m    at $n.request (D:\pfe\pfe t7cha0.3\soullink-backend\node_modules\@prisma\client\runtime\library.js:121:6307)[39m
[31m    at async l (D:\pfe\pfe t7cha0.3\soullink-backend\node_modules\@prisma\client\runtime\library.js:130:9633)[39m
[31m    at async <anonymous> (D:\pfe\pfe t7cha0.3\soullink-backend\src\modules\auth\auth.service.ts:26:26)[39m
[31m    at async Proxy._transactionWithCallback (D:\pfe\pfe t7cha0.3\soullink-backend\node_modules\@prisma\client\runtime\library.js:130:8000)[39m
[31m    at async AuthService.register (D:\pfe\pfe t7cha0.3\soullink-backend\src\modules\auth\auth.service.ts:25:16)[39m
[31m    at async register (D:\pfe\pfe t7cha0.3\soullink-backend\src\modules\auth\auth.controller.ts:14:57)[39m
2026-02-12 10:55:11:5511 [31merror[39m: [31m[Unhandled Error] TokenExpiredError: jwt expired[39m
[31m    at D:\pfe\pfe t7cha0.3\soullink-backend\node_modules\jsonwebtoken\verify.js:190:21[39m
[31m    at getSecret (D:\pfe\pfe t7cha0.3\soullink-backend\node_modules\jsonwebtoken\verify.js:97:14)[39m
[31m    at module.exports [as verify] (D:\pfe\pfe t7cha0.3\soullink-backend\node_modules\jsonwebtoken\verify.js:101:10)[39m
[31m    at verifyAccessToken (D:\pfe\pfe t7cha0.3\soullink-backend\src\shared\utils\jwt.ts:17:16)[39m
[31m    at protect (D:\pfe\pfe t7cha0.3\soullink-backend\src\middleware\auth.ts:24:25)[39m
[31m    at Layer.handle [as handle_request] (D:\pfe\pfe t7cha0.3\soullink-backend\node_modules\express\lib\router\layer.js:95:5)[39m
[31m    at next (D:\pfe\pfe t7cha0.3\soullink-backend\node_modules\express\lib\router\route.js:149:13)[39m
[31m    at Route.dispatch (D:\pfe\pfe t7cha0.3\soullink-backend\node_modules\express\lib\router\route.js:119:3)[39m
[31m    at Layer.handle [as handle_request] (D:\pfe\pfe t7cha0.3\soullink-backend\node_modules\express\lib\router\layer.js:95:5)[39m
[31m    at D:\pfe\pfe t7cha0.3\soullink-backend\node_modules\express\lib\router\index.js:284:15[39m
2026-02-12 11:02:12:212 [31merror[39m: [31mGroq API Error:[39m
2026-02-12 11:02:12:212 [31merror[39m: [31mError in AI Service: AI service error: Not Found[39m
2026-02-12 11:02:12:212 [31merror[39m: [31m[Unhandled Error] Error: AI service error: Not Found[39m
[31m    at AIService.generateResponse (D:\pfe\pfe t7cha0.3\soullink-backend\src\modules\ai-companion\ai.service.ts:107:19)[39m
[31m    at process.processTicksAndRejections (node:internal/process/task_queues:103:5)[39m
[31m    at async chatWithNova (D:\pfe\pfe t7cha0.3\soullink-backend\src\modules\ai-companion\ai.controller.ts:9:24)[39m
2026-02-12 11:10:19:1019 [31merror[39m: [31m[Unhandled Error] undefined[39m
2026-02-12 11:44:30:4430 [31merror[39m: [31m[Unhandled Error] undefined[39m
2026-02-14 17:08:15:815 [31merror[39m: [31mSocket Auth: Invalid token for socket z6oSBMklnd1jbdtbAAAb. Error: [39m
[31mInvalid `prisma.user.findUnique()` invocation in[39m
[31mD:\pfe\pfe t7cha0.3\soullink-backend\src\server.ts:33:40[39m

[31m  30 }[39m
[31m  31 [39m
[31m  32 const decoded = verifyAccessToken(token);[39m
[31m→ 33 const user = await prisma.user.findUnique([39m
[31mTimed out fetching a new connection from the connection pool. More info: http://pris.ly/d/connection-pool (Current connection pool timeout: 10, connection limit: 17)[39m
2026-02-14 17:25:06:256 [31merror[39m: [31m[Unhandled Error] Status: 500 - Detail: TypeError: Cannot read properties of undefined (reading 'id')[39m
[31m    at respondRequest (D:\pfe\pfe t7cha0.3\soullink-backend\src\modules\friends\friends.controller.ts:70:93)[39m
[31m    at Layer.handle [as handle_request] (D:\pfe\pfe t7cha0.3\soullink-backend\node_modules\express\lib\router\layer.js:95:5)[39m
[31m    at next (D:\pfe\pfe t7cha0.3\soullink-backend\node_modules\express\lib\router\route.js:149:13)[39m
[31m    at <anonymous> (D:\pfe\pfe t7cha0.3\soullink-backend\src\middleware\validate.ts:17:16)[39m
2026-02-15 15:59:52:5952 [31merror[39m: [31mSocket Auth: Invalid token for socket UeVjB-rgon_IHqX7AAAm. Error: [39m
[31mInvalid `prisma.user.findUnique()` invocation in[39m
[31mD:\pfe\pfe t7cha0.3\soullink-backend\src\server.ts:33:40[39m

[31m  30 }[39m
[31m  31 [39m
[31m  32 const decoded = verifyAccessToken(token);[39m
[31m→ 33 const user = await prisma.user.findUnique([39m
[31mCan't reach database server at `ep-withered-salad-agxzvgfm-pooler.c-2.eu-central-1.aws.neon.tech:5432`[39m

[31mPlease make sure your database server is running at `ep-withered-salad-agxzvgfm-pooler.c-2.eu-central-1.aws.neon.tech:5432`.[39m
2026-02-15 15:59:52:5952 [31merror[39m: [31mSocket Auth: Invalid token for socket TCZlN9Yi2nQfttEJAAAn. Error: [39m
[31mInvalid `prisma.user.findUnique()` invocation in[39m
[31mD:\pfe\pfe t7cha0.3\soullink-backend\src\server.ts:33:40[39m

[31m  30 }[39m
[31m  31 [39m
[31m  32 const decoded = verifyAccessToken(token);[39m
[31m→ 33 const user = await prisma.user.findUnique([39m
[31mCan't reach database server at `ep-withered-salad-agxzvgfm-pooler.c-2.eu-central-1.aws.neon.tech:5432`[39m

[31mPlease make sure your database server is running at `ep-withered-salad-agxzvgfm-pooler.c-2.eu-central-1.aws.neon.tech:5432`.[39m
2026-02-15 16:00:10:010 [31merror[39m: [31mSocket Auth: Invalid token for socket qsAGcUab08aJ795XAAAr. Error: [39m
[31mInvalid `prisma.user.findUnique()` invocation in[39m
[31mD:\pfe\pfe t7cha0.3\soullink-backend\src\server.ts:33:40[39m

[31m  30 }[39m
[31m  31 [39m
[31m  32 const decoded = verifyAccessToken(token);[39m
[31m→ 33 const user = await prisma.user.findUnique([39m
[31mCan't reach database server at `ep-withered-salad-agxzvgfm-pooler.c-2.eu-central-1.aws.neon.tech:5432`[39m

[31mPlease make sure your database server is running at `ep-withered-salad-agxzvgfm-pooler.c-2.eu-central-1.aws.neon.tech:5432`.[39m
2026-02-15 16:05:28:528 [31merror[39m: [31m[Unhandled Error] Status: 500 - Detail: PrismaClientKnownRequestError: [39m
[31mInvalid `prisma.user.findUnique()` invocation in[39m
[31mD:\pfe\pfe t7cha0.3\soullink-backend\src\middleware\auth.ts:30:40[39m

[31m  27 [39m
[31m  28 const decoded = verifyAccessToken(token);[39m
[31m  29 [39m
[31m→ 30 const user = await prisma.user.findUnique([39m
[31mCan't reach database server at `ep-withered-salad-agxzvgfm-pooler.c-2.eu-central-1.aws.neon.tech:5432`[39m

[31mPlease make sure your database server is running at `ep-withered-salad-agxzvgfm-pooler.c-2.eu-central-1.aws.neon.tech:5432`.[39m
[31m    at $n.handleRequestError (D:\pfe\pfe t7cha0.3\soullink-backend\node_modules\@prisma\client\runtime\library.js:121:7315)[39m
[31m    at $n.handleAndLogRequestError (D:\pfe\pfe t7cha0.3\soullink-backend\node_modules\@prisma\client\runtime\library.js:121:6623)[39m
[31m    at $n.request (D:\pfe\pfe t7cha0.3\soullink-backend\node_modules\@prisma\client\runtime\library.js:121:6307)[39m
[31m    at async l (D:\pfe\pfe t7cha0.3\soullink-backend\node_modules\@prisma\client\runtime\library.js:130:9633)[39m
[31m    at async protect (D:\pfe\pfe t7cha0.3\soullink-backend\src\middleware\auth.ts:30:22)[39m
2026-02-15 16:05:54:554 [31merror[39m: [31mPresence Offline Error for b3977015-d664-444d-a2dd-c33b10545f44: [39m
[31mInvalid `prisma.user.update()` invocation in[39m
[31mD:\pfe\pfe t7cha0.3\soullink-backend\src\server.ts:90:39[39m

[31m  87 userSockets.delete(user.id);[39m
[31m  88 // Last connection closed: set offline[39m
[31m  89 try {[39m
[31m→ 90     await prisma.user.update([39m
[31mCan't reach database server at `ep-withered-salad-agxzvgfm-pooler.c-2.eu-central-1.aws.neon.tech:5432`[39m

[31mPlease make sure your database server is running at `ep-withered-salad-agxzvgfm-pooler.c-2.eu-central-1.aws.neon.tech:5432`.[39m
2026-02-15 16:05:54:554 [31merror[39m: [31m[Unhandled Error] Status: 500 - Detail: PrismaClientKnownRequestError: [39m
[31mInvalid `prisma.user.findUnique()` invocation in[39m
[31mD:\pfe\pfe t7cha0.3\soullink-backend\src\middleware\auth.ts:30:40[39m

[31m  27 [39m
[31m  28 const decoded = verifyAccessToken(token);[39m
[31m  29 [39m
[31m→ 30 const user = await prisma.user.findUnique([39m
[31mCan't reach database server at `ep-withered-salad-agxzvgfm-pooler.c-2.eu-central-1.aws.neon.tech:5432`[39m

[31mPlease make sure your database server is running at `ep-withered-salad-agxzvgfm-pooler.c-2.eu-central-1.aws.neon.tech:5432`.[39m
[31m    at $n.handleRequestError (D:\pfe\pfe t7cha0.3\soullink-backend\node_modules\@prisma\client\runtime\library.js:121:7315)[39m
[31m    at $n.handleAndLogRequestError (D:\pfe\pfe t7cha0.3\soullink-backend\node_modules\@prisma\client\runtime\library.js:121:6623)[39m
[31m    at $n.request (D:\pfe\pfe t7cha0.3\soullink-backend\node_modules\@prisma\client\runtime\library.js:121:6307)[39m
[31m    at async l (D:\pfe\pfe t7cha0.3\soullink-backend\node_modules\@prisma\client\runtime\library.js:130:9633)[39m
[31m    at async protect (D:\pfe\pfe t7cha0.3\soullink-backend\src\middleware\auth.ts:30:22)[39m
2026-02-15 16:05:54:554 [31merror[39m: [31mSocket Auth: Invalid token for socket JM6BsY6iERgfrf3dAABR. Error: [39m
[31mInvalid `prisma.user.findUnique()` invocation in[39m
[31mD:\pfe\pfe t7cha0.3\soullink-backend\src\server.ts:33:40[39m

[31m  30 }[39m
[31m  31 [39m
[31m  32 const decoded = verifyAccessToken(token);[39m
[31m→ 33 const user = await prisma.user.findUnique([39m
[31mCan't reach database server at `ep-withered-salad-agxzvgfm-pooler.c-2.eu-central-1.aws.neon.tech:5432`[39m

[31mPlease make sure your database server is running at `ep-withered-salad-agxzvgfm-pooler.c-2.eu-central-1.aws.neon.tech:5432`.[39m
2026-02-15 16:14:34:1434 [31merror[39m: [31m[Unhandled Error] Status: 500 - Detail: PrismaClientKnownRequestError: [39m
[31mInvalid `prisma.user.findUnique()` invocation in[39m
[31mD:\pfe\pfe t7cha0.3\soullink-backend\src\middleware\auth.ts:30:40[39m

[31m  27 [39m
[31m  28 const decoded = verifyAccessToken(token);[39m
[31m  29 [39m
[31m→ 30 const user = await prisma.user.findUnique([39m
[31mCan't reach database server at `ep-withered-salad-agxzvgfm-pooler.c-2.eu-central-1.aws.neon.tech:5432`[39m

[31mPlease make sure your database server is running at `ep-withered-salad-agxzvgfm-pooler.c-2.eu-central-1.aws.neon.tech:5432`.[39m
[31m    at $n.handleRequestError (D:\pfe\pfe t7cha0.3\soullink-backend\node_modules\@prisma\client\runtime\library.js:121:7315)[39m
[31m    at $n.handleAndLogRequestError (D:\pfe\pfe t7cha0.3\soullink-backend\node_modules\@prisma\client\runtime\library.js:121:6623)[39m
[31m    at $n.request (D:\pfe\pfe t7cha0.3\soullink-backend\node_modules\@prisma\client\runtime\library.js:121:6307)[39m
[31m    at async l (D:\pfe\pfe t7cha0.3\soullink-backend\node_modules\@prisma\client\runtime\library.js:130:9633)[39m
[31m    at async protect (D:\pfe\pfe t7cha0.3\soullink-backend\src\middleware\auth.ts:30:22)[39m
2026-02-16 01:45:50:4550 [31merror[39m: [31mFailed to send DM from b3977015-d664-444d-a2dd-c33b10545f44 to 1e6789fa-52f2-4f26-9e7b-a804c6485009: [39m
[31mInvalid `prisma.directMessage.create()` invocation in[39m
[31mD:\pfe\pfe t7cha0.3\soullink-backend\src\modules\chat\chat.service.ts:9:56[39m

[31m  6 export class ChatService {[39m
[31m  7     async sendDirectMessage(senderId: string, receiverId: string, content: string, type: string = 'TEXT') {[39m
[31m  8         try {[39m
[31m→ 9             const message = await prisma.directMessage.create({[39m
[31m                  data: {[39m
[31m                    senderId: "b3977015-d664-444d-a2dd-c33b10545f44",[39m
[31m                    receiverId: "1e6789fa-52f2-4f26-9e7b-a804c6485009",[39m
[31m                    content: "https://res.cloudinary.com/dkyavazql/video/upload/v1771202748/soullink/uploads/gsbyevb2ogdnqad74ce9.mp4",[39m
[31m                    type: "VIDEO"[39m
[31m                          ~~~~~~~[39m
[31m                  }[39m
[31m                })[39m

[31mInvalid value for argument `type`. Expected MessageType.[39m
2026-02-16 01:45:50:4550 [31merror[39m: [31m[Unhandled Error] Status: 500 - Detail: PrismaClientValidationError: [39m
[31mInvalid `prisma.directMessage.create()` invocation in[39m
[31mD:\pfe\pfe t7cha0.3\soullink-backend\src\modules\chat\chat.service.ts:9:56[39m

[31m  6 export class ChatService {[39m
[31m  7     async sendDirectMessage(senderId: string, receiverId: string, content: string, type: string = 'TEXT') {[39m
[31m  8         try {[39m
[31m→ 9             const message = await prisma.directMessage.create({[39m
[31m                  data: {[39m
[31m                    senderId: "b3977015-d664-444d-a2dd-c33b10545f44",[39m
[31m                    receiverId: "1e6789fa-52f2-4f26-9e7b-a804c6485009",[39m
[31m                    content: "https://res.cloudinary.com/dkyavazql/video/upload/v1771202748/soullink/uploads/gsbyevb2ogdnqad74ce9.mp4",[39m
[31m                    type: "VIDEO"[39m
[31m                          ~~~~~~~[39m
[31m                  }[39m
[31m                })[39m

[31mInvalid value for argument `type`. Expected MessageType.[39m
[31m    at wn (D:\pfe\pfe t7cha0.3\soullink-backend\node_modules\@prisma\client\runtime\library.js:29:1363)[39m
[31m    at $n.handleRequestError (D:\pfe\pfe t7cha0.3\soullink-backend\node_modules\@prisma\client\runtime\library.js:121:6958)[39m
[31m    at $n.handleAndLogRequestError (D:\pfe\pfe t7cha0.3\soullink-backend\node_modules\@prisma\client\runtime\library.js:121:6623)[39m
[31m    at $n.request (D:\pfe\pfe t7cha0.3\soullink-backend\node_modules\@prisma\client\runtime\library.js:121:6307)[39m
[31m    at async l (D:\pfe\pfe t7cha0.3\soullink-backend\node_modules\@prisma\client\runtime\library.js:130:9633)[39m
[31m    at async ChatService.sendDirectMessage (D:\pfe\pfe t7cha0.3\soullink-backend\src\modules\chat\chat.service.ts:9:29)[39m
[31m    at async sendMessage (D:\pfe\pfe t7cha0.3\soullink-backend\src\modules\chat\chat.controller.ts:27:29)[39m
2026-02-18 13:24:54:2454 [31merror[39m: [31mSocket Auth: JWT verification failed for socket cuaiuY2LqG29xw1xAAAc. Error: jwt expired[39m
2026-02-18 13:24:54:2454 [31merror[39m: [31mSocket Auth: JWT verification failed for socket _wf6mx2eOPPvfKOsAAAd. Error: jwt expired[39m
2026-02-18 13:24:54:2454 [31merror[39m: [31mSocket Auth: JWT verification failed for socket aSHV8VXrDh8ftbBQAAAe. Error: jwt expired[39m
2026-02-18 13:24:54:2454 [31merror[39m: [31mSocket Auth: JWT verification failed for socket i0Q3tx4hbPQy0zIuAAAf. Error: jwt expired[39m
2026-02-18 13:24:55:2455 [31merror[39m: [31mPresence Offline Error for 4009bace-ec0f-4b32-8668-336067ba3c7d: [39m
[31mInvalid `prisma.user.update()` invocation in[39m
[31mD:\pfe\pfe 0.3\soullink-backend\src\server.ts:103:39[39m

[31m  100 userSockets.delete(user.id);[39m
[31m  101 // Last connection closed: set offline[39m
[31m  102 try {[39m
[31m→ 103     await prisma.user.update([39m
[31mServer has closed the connection.[39m
2026-02-19 02:16:22:1622 [31merror[39m: [31mSocket Auth: JWT verification failed for socket VEbv5jg6VRmIXzMXAAAi. Error: jwt expired[39m
2026-02-19 02:16:22:1622 [31merror[39m: [31mSocket Auth: JWT verification failed for socket 6D30YHxRWxZuZPaxAAAj. Error: jwt expired[39m
2026-02-28 15:33:35:3335 [31merror[39m: [31mPresence Offline Error for 4009bace-ec0f-4b32-8668-336067ba3c7d: [39m
[31mInvalid `prisma.user.update()` invocation in[39m
[31mD:\pfe\pfe 0.3\soullink-backend\src\server.ts:103:39[39m

[31m  100 userSockets.delete(user.id);[39m
[31m  101 // Last connection closed: set offline[39m
[31m  102 try {[39m
[31m→ 103     await prisma.user.update([39m
[31mCan't reach database server at `ep-withered-salad-agxzvgfm-pooler.c-2.eu-central-1.aws.neon.tech:5432`[39m

[31mPlease make sure your database server is running at `ep-withered-salad-agxzvgfm-pooler.c-2.eu-central-1.aws.neon.tech:5432`.[39m
2026-02-28 15:33:38:3338 [31merror[39m: [31mSocket Auth: JWT verification failed for socket jH9rW6sTSfcbukonAAAO. Error: jwt expired[39m
2026-02-28 15:33:38:3338 [31merror[39m: [31mSocket Auth: JWT verification failed for socket 2r5flSBYpUaD3ERsAAAP. Error: jwt expired[39m
2026-02-28 15:37:42:3742 [31merror[39m: [31mSocket Auth: JWT verification failed for socket rsSjS0IKaTMXWed1AAAS. Error: jwt expired[39m
2026-02-28 15:37:42:3742 [31merror[39m: [31mSocket Auth: JWT verification failed for socket PVgjzZoE1nRC1wxrAAAT. Error: jwt expired[39m
2026-02-28 18:05:26:526 [31merror[39m: [31mSocket Auth: JWT verification failed for socket EgbDjoFBzJpMdbzyAAAG. Error: jwt expired[39m
2026-02-28 18:05:26:526 [31merror[39m: [31mSocket Auth: JWT verification failed for socket aK-3Wli-q8u-0sYhAAAH. Error: jwt expired[39m
2026-02-28 18:07:26:726 [31merror[39m: [31mSocket Auth: JWT verification failed for socket 3A4PUnj4m5_E9P4HAAAK. Error: jwt expired[39m
2026-02-28 18:07:26:726 [31merror[39m: [31mSocket Auth: JWT verification failed for socket u3f-fz-EMTAYioazAAAL. Error: jwt expired[39m
2026-02-28 18:09:16:916 [31merror[39m: [31m[Unhandled Error] Status: 500 - Detail: PrismaClientValidationError: [39m
[31mInvalid `prisma.gameResponse.create()` invocation in[39m
[31mD:\pfe\pfe 0.3\soullink-backend\src\modules\soulgames\soulgames.service.ts:135:42[39m

[31m  132     });[39m
[31m  133 }[39m
[31m  134 [39m
[31m→ 135 return await prisma.gameResponse.create({[39m
[31m        data: {[39m
[31m          userId: "4009bace-ec0f-4b32-8668-336067ba3c7d",[39m
[31m          gameId: "bde8543d-0a45-48f5-9aab-1bfd52804685",[39m
[31m          sceneId: "d3a76b01-e45a-49ac-88af-e20d8e6380b2",[39m
[31m          choiceId: "e9845ad1-27fa-4c6a-842d-b16f5d5a0636",[39m
[31m          responseTimeMs: 1642,[39m
[31m          ~~~~~~~~~~~~~~[39m
[31m          emotionalNote: undefined,[39m
[31m      ?   id?: String,[39m
[31m      ?   createdAt?: DateTime[39m
[31m        }[39m
[31m      })[39m

[31mUnknown argument `responseTimeMs`. Available options are marked with ?.[39m
[31m    at wn (D:\pfe\pfe 0.3\soullink-backend\node_modules\@prisma\client\runtime\library.js:29:1363)[39m
[31m    at $n.handleRequestError (D:\pfe\pfe 0.3\soullink-backend\node_modules\@prisma\client\runtime\library.js:121:6958)[39m
[31m    at $n.handleAndLogRequestError (D:\pfe\pfe 0.3\soullink-backend\node_modules\@prisma\client\runtime\library.js:121:6623)[39m
[31m    at $n.request (D:\pfe\pfe 0.3\soullink-backend\node_modules\@prisma\client\runtime\library.js:121:6307)[39m
[31m    at async l (D:\pfe\pfe 0.3\soullink-backend\node_modules\@prisma\client\runtime\library.js:130:9633)[39m
[31m    at async SoulGamesService.submitResponse (D:\pfe\pfe 0.3\soullink-backend\src\modules\soulgames\soulgames.service.ts:135:16)[39m
[31m    at async submitResponse (D:\pfe\pfe 0.3\soullink-backend\src\modules\soulgames\soulgames.controller.ts:41:30)[39m
2026-02-28 18:09:59:959 [31merror[39m: [31m[Unhandled Error] Status: 500 - Detail: PrismaClientValidationError: [39m
[31mInvalid `prisma.gameResponse.create()` invocation in[39m
[31mD:\pfe\pfe 0.3\soullink-backend\src\modules\soulgames\soulgames.service.ts:135:42[39m

[31m  132     });[39m
[31m  133 }[39m
[31m  134 [39m
[31m→ 135 return await prisma.gameResponse.create({[39m
[31m        data: {[39m
[31m          userId: "4009bace-ec0f-4b32-8668-336067ba3c7d",[39m
[31m          gameId: "bde8543d-0a45-48f5-9aab-1bfd52804685",[39m
[31m          sceneId: "ac636a40-3289-441c-9e11-92b90222e76c",[39m
[31m          choiceId: "2f6ffcf8-92ab-4ca5-8de8-1fb77bd49f27",[39m
[31m          responseTimeMs: 1904,[39m
[31m          ~~~~~~~~~~~~~~[39m
[31m          emotionalNote: undefined,[39m
[31m      ?   id?: String,[39m
[31m      ?   createdAt?: DateTime[39m
[31m        }[39m
[31m      })[39m

[31mUnknown argument `responseTimeMs`. Available options are marked with ?.[39m
[31m    at wn (D:\pfe\pfe 0.3\soullink-backend\node_modules\@prisma\client\runtime\library.js:29:1363)[39m
[31m    at $n.handleRequestError (D:\pfe\pfe 0.3\soullink-backend\node_modules\@prisma\client\runtime\library.js:121:6958)[39m
[31m    at $n.handleAndLogRequestError (D:\pfe\pfe 0.3\soullink-backend\node_modules\@prisma\client\runtime\library.js:121:6623)[39m
[31m    at $n.request (D:\pfe\pfe 0.3\soullink-backend\node_modules\@prisma\client\runtime\library.js:121:6307)[39m
[31m    at async l (D:\pfe\pfe 0.3\soullink-backend\node_modules\@prisma\client\runtime\library.js:130:9633)[39m
[31m    at async SoulGamesService.submitResponse (D:\pfe\pfe 0.3\soullink-backend\src\modules\soulgames\soulgames.service.ts:135:16)[39m
[31m    at async submitResponse (D:\pfe\pfe 0.3\soullink-backend\src\modules\soulgames\soulgames.controller.ts:41:30)[39m
2026-02-28 18:10:02:102 [31merror[39m: [31m[Unhandled Error] Status: 500 - Detail: PrismaClientValidationError: [39m
[31mInvalid `prisma.gameResponse.create()` invocation in[39m
[31mD:\pfe\pfe 0.3\soullink-backend\src\modules\soulgames\soulgames.service.ts:135:42[39m

[31m  132     });[39m
[31m  133 }[39m
[31m  134 [39m
[31m→ 135 return await prisma.gameResponse.create({[39m
[31m        data: {[39m
[31m          userId: "4009bace-ec0f-4b32-8668-336067ba3c7d",[39m
[31m          gameId: "bde8543d-0a45-48f5-9aab-1bfd52804685",[39m
[31m          sceneId: "96f22d9f-7428-4cc0-b8db-47dff54c29bf",[39m
[31m          choiceId: "8c1a0322-6750-42e9-93bd-57a7fcbc51d6",[39m
[31m          responseTimeMs: 1450,[39m
[31m          ~~~~~~~~~~~~~~[39m
[31m          emotionalNote: undefined,[39m
[31m      ?   id?: String,[39m
[31m      ?   createdAt?: DateTime[39m
[31m        }[39m
[31m      })[39m

[31mUnknown argument `responseTimeMs`. Available options are marked with ?.[39m
[31m    at wn (D:\pfe\pfe 0.3\soullink-backend\node_modules\@prisma\client\runtime\library.js:29:1363)[39m
[31m    at $n.handleRequestError (D:\pfe\pfe 0.3\soullink-backend\node_modules\@prisma\client\runtime\library.js:121:6958)[39m
[31m    at $n.handleAndLogRequestError (D:\pfe\pfe 0.3\soullink-backend\node_modules\@prisma\client\runtime\library.js:121:6623)[39m
[31m    at $n.request (D:\pfe\pfe 0.3\soullink-backend\node_modules\@prisma\client\runtime\library.js:121:6307)[39m
[31m    at async l (D:\pfe\pfe 0.3\soullink-backend\node_modules\@prisma\client\runtime\library.js:130:9633)[39m
[31m    at async SoulGamesService.submitResponse (D:\pfe\pfe 0.3\soullink-backend\src\modules\soulgames\soulgames.service.ts:135:16)[39m
[31m    at async submitResponse (D:\pfe\pfe 0.3\soullink-backend\src\modules\soulgames\soulgames.controller.ts:41:30)[39m
2026-02-28 18:10:08:108 [31merror[39m: [31m[Unhandled Error] Status: 500 - Detail: PrismaClientValidationError: [39m
[31mInvalid `prisma.gameResponse.create()` invocation in[39m
[31mD:\pfe\pfe 0.3\soullink-backend\src\modules\soulgames\soulgames.service.ts:135:42[39m

[31m  132     });[39m
[31m  133 }[39m
[31m  134 [39m
[31m→ 135 return await prisma.gameResponse.create({[39m
[31m        data: {[39m
[31m          userId: "4009bace-ec0f-4b32-8668-336067ba3c7d",[39m
[31m          gameId: "bde8543d-0a45-48f5-9aab-1bfd52804685",[39m
[31m          sceneId: "fd02b5fd-9c08-40eb-87d9-24a62e977820",[39m
[31m          choiceId: "ffd13eb2-2c8d-47e3-9df8-fef3c23e8072",[39m
[31m          responseTimeMs: 1695,[39m
[31m          ~~~~~~~~~~~~~~[39m
[31m          emotionalNote: undefined,[39m
[31m      ?   id?: String,[39m
[31m      ?   createdAt?: DateTime[39m
[31m        }[39m
[31m      })[39m

[31mUnknown argument `responseTimeMs`. Available options are marked with ?.[39m
[31m    at wn (D:\pfe\pfe 0.3\soullink-backend\node_modules\@prisma\client\runtime\library.js:29:1363)[39m
[31m    at $n.handleRequestError (D:\pfe\pfe 0.3\soullink-backend\node_modules\@prisma\client\runtime\library.js:121:6958)[39m
[31m    at $n.handleAndLogRequestError (D:\pfe\pfe 0.3\soullink-backend\node_modules\@prisma\client\runtime\library.js:121:6623)[39m
[31m    at $n.request (D:\pfe\pfe 0.3\soullink-backend\node_modules\@prisma\client\runtime\library.js:121:6307)[39m
[31m    at async l (D:\pfe\pfe 0.3\soullink-backend\node_modules\@prisma\client\runtime\library.js:130:9633)[39m
[31m    at async SoulGamesService.submitResponse (D:\pfe\pfe 0.3\soullink-backend\src\modules\soulgames\soulgames.service.ts:135:16)[39m
[31m    at async submitResponse (D:\pfe\pfe 0.3\soullink-backend\src\modules\soulgames\soulgames.controller.ts:41:30)[39m
2026-02-28 19:07:45:745 [31merror[39m: [31mSocket Auth: JWT verification failed for socket MnWSAvnLwbtuTVEUAAAE. Error: jwt expired[39m
2026-02-28 19:07:45:745 [31merror[39m: [31mSocket Auth: JWT verification failed for socket pN0ujkcCoL-YW8zpAAAF. Error: jwt expired[39m
2026-02-28 19:07:45:745 [31merror[39m: [31mSocket Auth: JWT verification failed for socket _2WAfBdOFATBuGdVAAAG. Error: jwt expired[39m
2026-02-28 19:07:45:745 [31merror[39m: [31mSocket Auth: JWT verification failed for socket RG9rg5Y7QrVigKnbAAAH. Error: jwt expired[39m
2026-03-01 01:08:03:83 [31merror[39m: [31m[Unhandled Error] Status: 500 - Detail: PrismaClientKnownRequestError: [39m
[31mInvalid `prisma.soulGameProgress.upsert()` invocation in[39m
[31mD:\pfe\pfe 0.3\soullink-backend\src\modules\soulgames\soulgames.service.ts:85:46[39m

[31m  82  * Track which scene the user is currently viewing[39m
[31m  83  */[39m
[31m  84 async trackSceneView(userId: string, gameId: string, sceneId: string) {[39m
[31m→ 85     return await prisma.soulGameProgress.upsert([39m
[31mThe column `currentSceneId` does not exist in the current database.[39m
[31m    at $n.handleRequestError (D:\pfe\pfe 0.3\soullink-backend\node_modules\@prisma\client\runtime\library.js:121:7315)[39m
[31m    at $n.handleAndLogRequestError (D:\pfe\pfe 0.3\soullink-backend\node_modules\@prisma\client\runtime\library.js:121:6623)[39m
[31m    at $n.request (D:\pfe\pfe 0.3\soullink-backend\node_modules\@prisma\client\runtime\library.js:121:6307)[39m
[31m    at async l (D:\pfe\pfe 0.3\soullink-backend\node_modules\@prisma\client\runtime\library.js:130:9633)[39m
[31m    at async SoulGamesService.trackSceneView (D:\pfe\pfe 0.3\soullink-backend\src\modules\soulgames\soulgames.service.ts:85:16)[39m
[31m    at async trackSceneView (D:\pfe\pfe 0.3\soullink-backend\src\modules\soulgames\soulgames.controller.ts:70:13)[39m
2026-03-01 01:08:15:815 [31merror[39m: [31mError in AI Service: [39m
[31mInvalid `prisma.soulGameProgress.findFirst()` invocation in[39m
[31mD:\pfe\pfe 0.3\soullink-backend\src\modules\ai-companion\ai.service.ts:211:37[39m

[31m  208     select: { createdAt: true, content: true },[39m
[31m  209 }),[39m
[31m  210 // Detect current viewed scene (not yet answered)[39m
[31m→ 211 prisma.soulGameProgress.findFirst([39m
[31mThe column `SoulGameProgress.currentSceneId` does not exist in the current database.[39m
2026-03-01 01:08:15:815 [31merror[39m: [31m[Unhandled Error] Status: 500 - Detail: Error: [39m
[31mInvalid `prisma.soulGameProgress.findFirst()` invocation in[39m
[31mD:\pfe\pfe 0.3\soullink-backend\src\modules\ai-companion\ai.service.ts:211:37[39m

[31m  208     select: { createdAt: true, content: true },[39m
[31m  209 }),[39m
[31m  210 // Detect current viewed scene (not yet answered)[39m
[31m→ 211 prisma.soulGameProgress.findFirst([39m
[31mThe column `SoulGameProgress.currentSceneId` does not exist in the current database.[39m
[31m    at AIService.generateResponse (D:\pfe\pfe 0.3\soullink-backend\src\modules\ai-companion\ai.service.ts:598:19)[39m
[31m    at async chatWithNova (D:\pfe\pfe 0.3\soullink-backend\src\modules\ai-companion\ai.controller.ts:19:24)[39m
2026-03-01 01:08:22:822 [31merror[39m: [31m[Unhandled Error] Status: 500 - Detail: PrismaClientKnownRequestError: [39m
[31mInvalid `prisma.soulGameProgress.upsert()` invocation in[39m
[31mD:\pfe\pfe 0.3\soullink-backend\src\modules\soulgames\soulgames.service.ts:85:46[39m

[31m  82  * Track which scene the user is currently viewing[39m
[31m  83  */[39m
[31m  84 async trackSceneView(userId: string, gameId: string, sceneId: string) {[39m
[31m→ 85     return await prisma.soulGameProgress.upsert([39m
[31mThe column `currentSceneId` does not exist in the current database.[39m
[31m    at $n.handleRequestError (D:\pfe\pfe 0.3\soullink-backend\node_modules\@prisma\client\runtime\library.js:121:7315)[39m
[31m    at $n.handleAndLogRequestError (D:\pfe\pfe 0.3\soullink-backend\node_modules\@prisma\client\runtime\library.js:121:6623)[39m
[31m    at $n.request (D:\pfe\pfe 0.3\soullink-backend\node_modules\@prisma\client\runtime\library.js:121:6307)[39m
[31m    at async l (D:\pfe\pfe 0.3\soullink-backend\node_modules\@prisma\client\runtime\library.js:130:9633)[39m
[31m    at async SoulGamesService.trackSceneView (D:\pfe\pfe 0.3\soullink-backend\src\modules\soulgames\soulgames.service.ts:85:16)[39m
[31m    at async trackSceneView (D:\pfe\pfe 0.3\soullink-backend\src\modules\soulgames\soulgames.controller.ts:70:13)[39m
2026-03-01 01:08:23:823 [31merror[39m: [31m[Unhandled Error] Status: 500 - Detail: PrismaClientKnownRequestError: [39m
[31mInvalid `prisma.soulGameProgress.upsert()` invocation in[39m
[31mD:\pfe\pfe 0.3\soullink-backend\src\modules\soulgames\soulgames.service.ts:85:46[39m

[31m  82  * Track which scene the user is currently viewing[39m
[31m  83  */[39m
[31m  84 async trackSceneView(userId: string, gameId: string, sceneId: string) {[39m
[31m→ 85     return await prisma.soulGameProgress.upsert([39m
[31mThe column `currentSceneId` does not exist in the current database.[39m
[31m    at $n.handleRequestError (D:\pfe\pfe 0.3\soullink-backend\node_modules\@prisma\client\runtime\library.js:121:7315)[39m
[31m    at $n.handleAndLogRequestError (D:\pfe\pfe 0.3\soullink-backend\node_modules\@prisma\client\runtime\library.js:121:6623)[39m
[31m    at $n.request (D:\pfe\pfe 0.3\soullink-backend\node_modules\@prisma\client\runtime\library.js:121:6307)[39m
[31m    at async l (D:\pfe\pfe 0.3\soullink-backend\node_modules\@prisma\client\runtime\library.js:130:9633)[39m
[31m    at async SoulGamesService.trackSceneView (D:\pfe\pfe 0.3\soullink-backend\src\modules\soulgames\soulgames.service.ts:85:16)[39m
[31m    at async trackSceneView (D:\pfe\pfe 0.3\soullink-backend\src\modules\soulgames\soulgames.controller.ts:70:13)[39m
2026-03-01 01:08:26:826 [31merror[39m: [31m[Unhandled Error] Status: 500 - Detail: PrismaClientKnownRequestError: [39m
[31mInvalid `prisma.soulGameProgress.upsert()` invocation in[39m
[31mD:\pfe\pfe 0.3\soullink-backend\src\modules\soulgames\soulgames.service.ts:85:46[39m

[31m  82  * Track which scene the user is currently viewing[39m
[31m  83  */[39m
[31m  84 async trackSceneView(userId: string, gameId: string, sceneId: string) {[39m
[31m→ 85     return await prisma.soulGameProgress.upsert([39m
[31mThe column `currentSceneId` does not exist in the current database.[39m
[31m    at $n.handleRequestError (D:\pfe\pfe 0.3\soullink-backend\node_modules\@prisma\client\runtime\library.js:121:7315)[39m
[31m    at $n.handleAndLogRequestError (D:\pfe\pfe 0.3\soullink-backend\node_modules\@prisma\client\runtime\library.js:121:6623)[39m
[31m    at $n.request (D:\pfe\pfe 0.3\soullink-backend\node_modules\@prisma\client\runtime\library.js:121:6307)[39m
[31m    at async l (D:\pfe\pfe 0.3\soullink-backend\node_modules\@prisma\client\runtime\library.js:130:9633)[39m
[31m    at async SoulGamesService.trackSceneView (D:\pfe\pfe 0.3\soullink-backend\src\modules\soulgames\soulgames.service.ts:85:16)[39m
[31m    at async trackSceneView (D:\pfe\pfe 0.3\soullink-backend\src\modules\soulgames\soulgames.controller.ts:70:13)[39m
2026-03-01 01:08:32:832 [31merror[39m: [31m[Unhandled Error] Status: 500 - Detail: PrismaClientKnownRequestError: [39m
[31mInvalid `prisma.soulGameProgress.upsert()` invocation in[39m
[31mD:\pfe\pfe 0.3\soullink-backend\src\modules\soulgames\soulgames.service.ts:85:46[39m

[31m  82  * Track which scene the user is currently viewing[39m
[31m  83  */[39m
[31m  84 async trackSceneView(userId: string, gameId: string, sceneId: string) {[39m
[31m→ 85     return await prisma.soulGameProgress.upsert([39m
[31mThe column `currentSceneId` does not exist in the current database.[39m
[31m    at $n.handleRequestError (D:\pfe\pfe 0.3\soullink-backend\node_modules\@prisma\client\runtime\library.js:121:7315)[39m
[31m    at $n.handleAndLogRequestError (D:\pfe\pfe 0.3\soullink-backend\node_modules\@prisma\client\runtime\library.js:121:6623)[39m
[31m    at $n.request (D:\pfe\pfe 0.3\soullink-backend\node_modules\@prisma\client\runtime\library.js:121:6307)[39m
[31m    at async l (D:\pfe\pfe 0.3\soullink-backend\node_modules\@prisma\client\runtime\library.js:130:9633)[39m
[31m    at async SoulGamesService.trackSceneView (D:\pfe\pfe 0.3\soullink-backend\src\modules\soulgames\soulgames.service.ts:85:16)[39m
[31m    at async trackSceneView (D:\pfe\pfe 0.3\soullink-backend\src\modules\soulgames\soulgames.controller.ts:70:13)[39m
2026-03-01 01:08:32:832 [31merror[39m: [31m[Unhandled Error] Status: 500 - Detail: PrismaClientKnownRequestError: [39m
[31mInvalid `prisma.soulGameProgress.upsert()` invocation in[39m
[31mD:\pfe\pfe 0.3\soullink-backend\src\modules\soulgames\soulgames.service.ts:85:46[39m

[31m  82  * Track which scene the user is currently viewing[39m
[31m  83  */[39m
[31m  84 async trackSceneView(userId: string, gameId: string, sceneId: string) {[39m
[31m→ 85     return await prisma.soulGameProgress.upsert([39m
[31mThe column `currentSceneId` does not exist in the current database.[39m
[31m    at $n.handleRequestError (D:\pfe\pfe 0.3\soullink-backend\node_modules\@prisma\client\runtime\library.js:121:7315)[39m
[31m    at $n.handleAndLogRequestError (D:\pfe\pfe 0.3\soullink-backend\node_modules\@prisma\client\runtime\library.js:121:6623)[39m
[31m    at $n.request (D:\pfe\pfe 0.3\soullink-backend\node_modules\@prisma\client\runtime\library.js:121:6307)[39m
[31m    at async l (D:\pfe\pfe 0.3\soullink-backend\node_modules\@prisma\client\runtime\library.js:130:9633)[39m
[31m    at async SoulGamesService.trackSceneView (D:\pfe\pfe 0.3\soullink-backend\src\modules\soulgames\soulgames.service.ts:85:16)[39m
[31m    at async trackSceneView (D:\pfe\pfe 0.3\soullink-backend\src\modules\soulgames\soulgames.controller.ts:70:13)[39m
2026-03-01 01:08:35:835 [31merror[39m: [31m[Unhandled Error] Status: 500 - Detail: PrismaClientKnownRequestError: [39m
[31mInvalid `prisma.soulGameProgress.upsert()` invocation in[39m
[31mD:\pfe\pfe 0.3\soullink-backend\src\modules\soulgames\soulgames.service.ts:85:46[39m

[31m  82  * Track which scene the user is currently viewing[39m
[31m  83  */[39m
[31m  84 async trackSceneView(userId: string, gameId: string, sceneId: string) {[39m
[31m→ 85     return await prisma.soulGameProgress.upsert([39m
[31mThe column `currentSceneId` does not exist in the current database.[39m
[31m    at $n.handleRequestError (D:\pfe\pfe 0.3\soullink-backend\node_modules\@prisma\client\runtime\library.js:121:7315)[39m
[31m    at $n.handleAndLogRequestError (D:\pfe\pfe 0.3\soullink-backend\node_modules\@prisma\client\runtime\library.js:121:6623)[39m
[31m    at $n.request (D:\pfe\pfe 0.3\soullink-backend\node_modules\@prisma\client\runtime\library.js:121:6307)[39m
[31m    at async l (D:\pfe\pfe 0.3\soullink-backend\node_modules\@prisma\client\runtime\library.js:130:9633)[39m
[31m    at async SoulGamesService.trackSceneView (D:\pfe\pfe 0.3\soullink-backend\src\modules\soulgames\soulgames.service.ts:85:16)[39m
[31m    at async trackSceneView (D:\pfe\pfe 0.3\soullink-backend\src\modules\soulgames\soulgames.controller.ts:70:13)[39m
2026-03-01 01:08:35:835 [31merror[39m: [31m[Unhandled Error] Status: 500 - Detail: PrismaClientKnownRequestError: [39m
[31mInvalid `prisma.soulGameProgress.upsert()` invocation in[39m
[31mD:\pfe\pfe 0.3\soullink-backend\src\modules\soulgames\soulgames.service.ts:85:46[39m

[31m  82  * Track which scene the user is currently viewing[39m
[31m  83  */[39m
[31m  84 async trackSceneView(userId: string, gameId: string, sceneId: string) {[39m
[31m→ 85     return await prisma.soulGameProgress.upsert([39m
[31mThe column `currentSceneId` does not exist in the current database.[39m
[31m    at $n.handleRequestError (D:\pfe\pfe 0.3\soullink-backend\node_modules\@prisma\client\runtime\library.js:121:7315)[39m
[31m    at $n.handleAndLogRequestError (D:\pfe\pfe 0.3\soullink-backend\node_modules\@prisma\client\runtime\library.js:121:6623)[39m
[31m    at $n.request (D:\pfe\pfe 0.3\soullink-backend\node_modules\@prisma\client\runtime\library.js:121:6307)[39m
[31m    at async l (D:\pfe\pfe 0.3\soullink-backend\node_modules\@prisma\client\runtime\library.js:130:9633)[39m
[31m    at async SoulGamesService.trackSceneView (D:\pfe\pfe 0.3\soullink-backend\src\modules\soulgames\soulgames.service.ts:85:16)[39m
[31m    at async trackSceneView (D:\pfe\pfe 0.3\soullink-backend\src\modules\soulgames\soulgames.controller.ts:70:13)[39m
2026-03-01 01:08:38:838 [31merror[39m: [31m[Unhandled Error] Status: 500 - Detail: PrismaClientKnownRequestError: [39m
[31mInvalid `prisma.soulGameProgress.upsert()` invocation in[39m
[31mD:\pfe\pfe 0.3\soullink-backend\src\modules\soulgames\soulgames.service.ts:85:46[39m

[31m  82  * Track which scene the user is currently viewing[39m
[31m  83  */[39m
[31m  84 async trackSceneView(userId: string, gameId: string, sceneId: string) {[39m
[31m→ 85     return await prisma.soulGameProgress.upsert([39m
[31mThe column `currentSceneId` does not exist in the current database.[39m
[31m    at $n.handleRequestError (D:\pfe\pfe 0.3\soullink-backend\node_modules\@prisma\client\runtime\library.js:121:7315)[39m
[31m    at $n.handleAndLogRequestError (D:\pfe\pfe 0.3\soullink-backend\node_modules\@prisma\client\runtime\library.js:121:6623)[39m
[31m    at $n.request (D:\pfe\pfe 0.3\soullink-backend\node_modules\@prisma\client\runtime\library.js:121:6307)[39m
[31m    at async l (D:\pfe\pfe 0.3\soullink-backend\node_modules\@prisma\client\runtime\library.js:130:9633)[39m
[31m    at async SoulGamesService.trackSceneView (D:\pfe\pfe 0.3\soullink-backend\src\modules\soulgames\soulgames.service.ts:85:16)[39m
[31m    at async trackSceneView (D:\pfe\pfe 0.3\soullink-backend\src\modules\soulgames\soulgames.controller.ts:70:13)[39m
2026-03-01 01:08:39:839 [31merror[39m: [31m[Unhandled Error] Status: 500 - Detail: PrismaClientKnownRequestError: [39m
[31mInvalid `prisma.soulGameProgress.upsert()` invocation in[39m
[31mD:\pfe\pfe 0.3\soullink-backend\src\modules\soulgames\soulgames.service.ts:85:46[39m

[31m  82  * Track which scene the user is currently viewing[39m
[31m  83  */[39m
[31m  84 async trackSceneView(userId: string, gameId: string, sceneId: string) {[39m
[31m→ 85     return await prisma.soulGameProgress.upsert([39m
[31mThe column `currentSceneId` does not exist in the current database.[39m
[31m    at $n.handleRequestError (D:\pfe\pfe 0.3\soullink-backend\node_modules\@prisma\client\runtime\library.js:121:7315)[39m
[31m    at $n.handleAndLogRequestError (D:\pfe\pfe 0.3\soullink-backend\node_modules\@prisma\client\runtime\library.js:121:6623)[39m
[31m    at $n.request (D:\pfe\pfe 0.3\soullink-backend\node_modules\@prisma\client\runtime\library.js:121:6307)[39m
[31m    at async l (D:\pfe\pfe 0.3\soullink-backend\node_modules\@prisma\client\runtime\library.js:130:9633)[39m
[31m    at async SoulGamesService.trackSceneView (D:\pfe\pfe 0.3\soullink-backend\src\modules\soulgames\soulgames.service.ts:85:16)[39m
[31m    at async trackSceneView (D:\pfe\pfe 0.3\soullink-backend\src\modules\soulgames\soulgames.controller.ts:70:13)[39m
2026-03-01 01:08:42:842 [31merror[39m: [31m[Unhandled Error] Status: 500 - Detail: PrismaClientKnownRequestError: [39m
[31mInvalid `prisma.soulGameProgress.upsert()` invocation in[39m
[31mD:\pfe\pfe 0.3\soullink-backend\src\modules\soulgames\soulgames.service.ts:85:46[39m

[31m  82  * Track which scene the user is currently viewing[39m
[31m  83  */[39m
[31m  84 async trackSceneView(userId: string, gameId: string, sceneId: string) {[39m
[31m→ 85     return await prisma.soulGameProgress.upsert([39m
[31mThe column `currentSceneId` does not exist in the current database.[39m
[31m    at $n.handleRequestError (D:\pfe\pfe 0.3\soullink-backend\node_modules\@prisma\client\runtime\library.js:121:7315)[39m
[31m    at $n.handleAndLogRequestError (D:\pfe\pfe 0.3\soullink-backend\node_modules\@prisma\client\runtime\library.js:121:6623)[39m
[31m    at $n.request (D:\pfe\pfe 0.3\soullink-backend\node_modules\@prisma\client\runtime\library.js:121:6307)[39m
[31m    at async l (D:\pfe\pfe 0.3\soullink-backend\node_modules\@prisma\client\runtime\library.js:130:9633)[39m
[31m    at async SoulGamesService.trackSceneView (D:\pfe\pfe 0.3\soullink-backend\src\modules\soulgames\soulgames.service.ts:85:16)[39m
[31m    at async trackSceneView (D:\pfe\pfe 0.3\soullink-backend\src\modules\soulgames\soulgames.controller.ts:70:13)[39m
2026-03-01 01:08:42:842 [31merror[39m: [31m[Unhandled Error] Status: 500 - Detail: PrismaClientKnownRequestError: [39m
[31mInvalid `prisma.soulGameProgress.upsert()` invocation in[39m
[31mD:\pfe\pfe 0.3\soullink-backend\src\modules\soulgames\soulgames.service.ts:85:46[39m

[31m  82  * Track which scene the user is currently viewing[39m
[31m  83  */[39m
[31m  84 async trackSceneView(userId: string, gameId: string, sceneId: string) {[39m
[31m→ 85     return await prisma.soulGameProgress.upsert([39m
[31mThe column `currentSceneId` does not exist in the current database.[39m
[31m    at $n.handleRequestError (D:\pfe\pfe 0.3\soullink-backend\node_modules\@prisma\client\runtime\library.js:121:7315)[39m
[31m    at $n.handleAndLogRequestError (D:\pfe\pfe 0.3\soullink-backend\node_modules\@prisma\client\runtime\library.js:121:6623)[39m
[31m    at $n.request (D:\pfe\pfe 0.3\soullink-backend\node_modules\@prisma\client\runtime\library.js:121:6307)[39m
[31m    at async l (D:\pfe\pfe 0.3\soullink-backend\node_modules\@prisma\client\runtime\library.js:130:9633)[39m
[31m    at async SoulGamesService.trackSceneView (D:\pfe\pfe 0.3\soullink-backend\src\modules\soulgames\soulgames.service.ts:85:16)[39m
[31m    at async trackSceneView (D:\pfe\pfe 0.3\soullink-backend\src\modules\soulgames\soulgames.controller.ts:70:13)[39m
2026-03-01 01:08:49:849 [31merror[39m: [31m[Unhandled Error] Status: 500 - Detail: PrismaClientKnownRequestError: [39m
[31mInvalid `prisma.soulGameProgress.upsert()` invocation in[39m
[31mD:\pfe\pfe 0.3\soullink-backend\src\modules\soulgames\soulgames.service.ts:85:46[39m

[31m  82  * Track which scene the user is currently viewing[39m
[31m  83  */[39m
[31m  84 async trackSceneView(userId: string, gameId: string, sceneId: string) {[39m
[31m→ 85     return await prisma.soulGameProgress.upsert([39m
[31mThe column `currentSceneId` does not exist in the current database.[39m
[31m    at $n.handleRequestError (D:\pfe\pfe 0.3\soullink-backend\node_modules\@prisma\client\runtime\library.js:121:7315)[39m
[31m    at $n.handleAndLogRequestError (D:\pfe\pfe 0.3\soullink-backend\node_modules\@prisma\client\runtime\library.js:121:6623)[39m
[31m    at $n.request (D:\pfe\pfe 0.3\soullink-backend\node_modules\@prisma\client\runtime\library.js:121:6307)[39m
[31m    at async l (D:\pfe\pfe 0.3\soullink-backend\node_modules\@prisma\client\runtime\library.js:130:9633)[39m
[31m    at async SoulGamesService.trackSceneView (D:\pfe\pfe 0.3\soullink-backend\src\modules\soulgames\soulgames.service.ts:85:16)[39m
[31m    at async trackSceneView (D:\pfe\pfe 0.3\soullink-backend\src\modules\soulgames\soulgames.controller.ts:70:13)[39m
2026-03-01 01:08:50:850 [31merror[39m: [31m[Unhandled Error] Status: 500 - Detail: PrismaClientKnownRequestError: [39m
[31mInvalid `prisma.soulGameProgress.upsert()` invocation in[39m
[31mD:\pfe\pfe 0.3\soullink-backend\src\modules\soulgames\soulgames.service.ts:85:46[39m

[31m  82  * Track which scene the user is currently viewing[39m
[31m  83  */[39m
[31m  84 async trackSceneView(userId: string, gameId: string, sceneId: string) {[39m
[31m→ 85     return await prisma.soulGameProgress.upsert([39m
[31mThe column `currentSceneId` does not exist in the current database.[39m
[31m    at $n.handleRequestError (D:\pfe\pfe 0.3\soullink-backend\node_modules\@prisma\client\runtime\library.js:121:7315)[39m
[31m    at $n.handleAndLogRequestError (D:\pfe\pfe 0.3\soullink-backend\node_modules\@prisma\client\runtime\library.js:121:6623)[39m
[31m    at $n.request (D:\pfe\pfe 0.3\soullink-backend\node_modules\@prisma\client\runtime\library.js:121:6307)[39m
[31m    at async l (D:\pfe\pfe 0.3\soullink-backend\node_modules\@prisma\client\runtime\library.js:130:9633)[39m
[31m    at async SoulGamesService.trackSceneView (D:\pfe\pfe 0.3\soullink-backend\src\modules\soulgames\soulgames.service.ts:85:16)[39m
[31m    at async trackSceneView (D:\pfe\pfe 0.3\soullink-backend\src\modules\soulgames\soulgames.controller.ts:70:13)[39m
2026-03-01 01:08:52:852 [31merror[39m: [31m[Unhandled Error] Status: 500 - Detail: PrismaClientKnownRequestError: [39m
[31mInvalid `prisma.soulGameProgress.upsert()` invocation in[39m
[31mD:\pfe\pfe 0.3\soullink-backend\src\modules\soulgames\soulgames.service.ts:85:46[39m

[31m  82  * Track which scene the user is currently viewing[39m
[31m  83  */[39m
[31m  84 async trackSceneView(userId: string, gameId: string, sceneId: string) {[39m
[31m→ 85     return await prisma.soulGameProgress.upsert([39m
[31mThe column `currentSceneId` does not exist in the current database.[39m
[31m    at $n.handleRequestError (D:\pfe\pfe 0.3\soullink-backend\node_modules\@prisma\client\runtime\library.js:121:7315)[39m
[31m    at $n.handleAndLogRequestError (D:\pfe\pfe 0.3\soullink-backend\node_modules\@prisma\client\runtime\library.js:121:6623)[39m
[31m    at $n.request (D:\pfe\pfe 0.3\soullink-backend\node_modules\@prisma\client\runtime\library.js:121:6307)[39m
[31m    at async l (D:\pfe\pfe 0.3\soullink-backend\node_modules\@prisma\client\runtime\library.js:130:9633)[39m
[31m    at async SoulGamesService.trackSceneView (D:\pfe\pfe 0.3\soullink-backend\src\modules\soulgames\soulgames.service.ts:85:16)[39m
[31m    at async trackSceneView (D:\pfe\pfe 0.3\soullink-backend\src\modules\soulgames\soulgames.controller.ts:70:13)[39m
2026-03-01 01:08:53:853 [31merror[39m: [31m[Unhandled Error] Status: 500 - Detail: PrismaClientKnownRequestError: [39m
[31mInvalid `prisma.soulGameProgress.upsert()` invocation in[39m
[31mD:\pfe\pfe 0.3\soullink-backend\src\modules\soulgames\soulgames.service.ts:85:46[39m

[31m  82  * Track which scene the user is currently viewing[39m
[31m  83  */[39m
[31m  84 async trackSceneView(userId: string, gameId: string, sceneId: string) {[39m
[31m→ 85     return await prisma.soulGameProgress.upsert([39m
[31mThe column `currentSceneId` does not exist in the current database.[39m
[31m    at $n.handleRequestError (D:\pfe\pfe 0.3\soullink-backend\node_modules\@prisma\client\runtime\library.js:121:7315)[39m
[31m    at $n.handleAndLogRequestError (D:\pfe\pfe 0.3\soullink-backend\node_modules\@prisma\client\runtime\library.js:121:6623)[39m
[31m    at $n.request (D:\pfe\pfe 0.3\soullink-backend\node_modules\@prisma\client\runtime\library.js:121:6307)[39m
[31m    at async l (D:\pfe\pfe 0.3\soullink-backend\node_modules\@prisma\client\runtime\library.js:130:9633)[39m
[31m    at async SoulGamesService.trackSceneView (D:\pfe\pfe 0.3\soullink-backend\src\modules\soulgames\soulgames.service.ts:85:16)[39m
[31m    at async trackSceneView (D:\pfe\pfe 0.3\soullink-backend\src\modules\soulgames\soulgames.controller.ts:70:13)[39m
2026-03-01 01:08:57:857 [31merror[39m: [31m[Unhandled Error] Status: 500 - Detail: PrismaClientKnownRequestError: [39m
[31mInvalid `prisma.soulGameProgress.upsert()` invocation in[39m
[31mD:\pfe\pfe 0.3\soullink-backend\src\modules\soulgames\soulgames.service.ts:85:46[39m

[31m  82  * Track which scene the user is currently viewing[39m
[31m  83  */[39m
[31m  84 async trackSceneView(userId: string, gameId: string, sceneId: string) {[39m
[31m→ 85     return await prisma.soulGameProgress.upsert([39m
[31mThe column `currentSceneId` does not exist in the current database.[39m
[31m    at $n.handleRequestError (D:\pfe\pfe 0.3\soullink-backend\node_modules\@prisma\client\runtime\library.js:121:7315)[39m
[31m    at $n.handleAndLogRequestError (D:\pfe\pfe 0.3\soullink-backend\node_modules\@prisma\client\runtime\library.js:121:6623)[39m
[31m    at $n.request (D:\pfe\pfe 0.3\soullink-backend\node_modules\@prisma\client\runtime\library.js:121:6307)[39m
[31m    at async l (D:\pfe\pfe 0.3\soullink-backend\node_modules\@prisma\client\runtime\library.js:130:9633)[39m
[31m    at async SoulGamesService.trackSceneView (D:\pfe\pfe 0.3\soullink-backend\src\modules\soulgames\soulgames.service.ts:85:16)[39m
[31m    at async trackSceneView (D:\pfe\pfe 0.3\soullink-backend\src\modules\soulgames\soulgames.controller.ts:70:13)[39m
2026-03-01 01:08:58:858 [31merror[39m: [31m[Unhandled Error] Status: 500 - Detail: PrismaClientKnownRequestError: [39m
[31mInvalid `prisma.soulGameProgress.upsert()` invocation in[39m
[31mD:\pfe\pfe 0.3\soullink-backend\src\modules\soulgames\soulgames.service.ts:85:46[39m

[31m  82  * Track which scene the user is currently viewing[39m
[31m  83  */[39m
[31m  84 async trackSceneView(userId: string, gameId: string, sceneId: string) {[39m
[31m→ 85     return await prisma.soulGameProgress.upsert([39m
[31mThe column `currentSceneId` does not exist in the current database.[39m
[31m    at $n.handleRequestError (D:\pfe\pfe 0.3\soullink-backend\node_modules\@prisma\client\runtime\library.js:121:7315)[39m
[31m    at $n.handleAndLogRequestError (D:\pfe\pfe 0.3\soullink-backend\node_modules\@prisma\client\runtime\library.js:121:6623)[39m
[31m    at $n.request (D:\pfe\pfe 0.3\soullink-backend\node_modules\@prisma\client\runtime\library.js:121:6307)[39m
[31m    at async l (D:\pfe\pfe 0.3\soullink-backend\node_modules\@prisma\client\runtime\library.js:130:9633)[39m
[31m    at async SoulGamesService.trackSceneView (D:\pfe\pfe 0.3\soullink-backend\src\modules\soulgames\soulgames.service.ts:85:16)[39m
[31m    at async trackSceneView (D:\pfe\pfe 0.3\soullink-backend\src\modules\soulgames\soulgames.controller.ts:70:13)[39m
2026-03-01 01:09:00:90 [31merror[39m: [31m[Unhandled Error] Status: 500 - Detail: PrismaClientKnownRequestError: [39m
[31mInvalid `prisma.soulGameProgress.upsert()` invocation in[39m
[31mD:\pfe\pfe 0.3\soullink-backend\src\modules\soulgames\soulgames.service.ts:85:46[39m

[31m  82  * Track which scene the user is currently viewing[39m
[31m  83  */[39m
[31m  84 async trackSceneView(userId: string, gameId: string, sceneId: string) {[39m
[31m→ 85     return await prisma.soulGameProgress.upsert([39m
[31mThe column `currentSceneId` does not exist in the current database.[39m
[31m    at $n.handleRequestError (D:\pfe\pfe 0.3\soullink-backend\node_modules\@prisma\client\runtime\library.js:121:7315)[39m
[31m    at $n.handleAndLogRequestError (D:\pfe\pfe 0.3\soullink-backend\node_modules\@prisma\client\runtime\library.js:121:6623)[39m
[31m    at $n.request (D:\pfe\pfe 0.3\soullink-backend\node_modules\@prisma\client\runtime\library.js:121:6307)[39m
[31m    at async l (D:\pfe\pfe 0.3\soullink-backend\node_modules\@prisma\client\runtime\library.js:130:9633)[39m
[31m    at async SoulGamesService.trackSceneView (D:\pfe\pfe 0.3\soullink-backend\src\modules\soulgames\soulgames.service.ts:85:16)[39m
[31m    at async trackSceneView (D:\pfe\pfe 0.3\soullink-backend\src\modules\soulgames\soulgames.controller.ts:70:13)[39m
2026-03-01 01:09:01:91 [31merror[39m: [31m[Unhandled Error] Status: 500 - Detail: PrismaClientKnownRequestError: [39m
[31mInvalid `prisma.soulGameProgress.upsert()` invocation in[39m
[31mD:\pfe\pfe 0.3\soullink-backend\src\modules\soulgames\soulgames.service.ts:85:46[39m

[31m  82  * Track which scene the user is currently viewing[39m
[31m  83  */[39m
[31m  84 async trackSceneView(userId: string, gameId: string, sceneId: string) {[39m
[31m→ 85     return await prisma.soulGameProgress.upsert([39m
[31mThe column `currentSceneId` does not exist in the current database.[39m
[31m    at $n.handleRequestError (D:\pfe\pfe 0.3\soullink-backend\node_modules\@prisma\client\runtime\library.js:121:7315)[39m
[31m    at $n.handleAndLogRequestError (D:\pfe\pfe 0.3\soullink-backend\node_modules\@prisma\client\runtime\library.js:121:6623)[39m
[31m    at $n.request (D:\pfe\pfe 0.3\soullink-backend\node_modules\@prisma\client\runtime\library.js:121:6307)[39m
[31m    at async l (D:\pfe\pfe 0.3\soullink-backend\node_modules\@prisma\client\runtime\library.js:130:9633)[39m
[31m    at async SoulGamesService.trackSceneView (D:\pfe\pfe 0.3\soullink-backend\src\modules\soulgames\soulgames.service.ts:85:16)[39m
[31m    at async trackSceneView (D:\pfe\pfe 0.3\soullink-backend\src\modules\soulgames\soulgames.controller.ts:70:13)[39m
2026-03-01 01:14:01:141 [31merror[39m: [31m[Unhandled Error] Status: 500 - Detail: PrismaClientKnownRequestError: [39m
[31mInvalid `prisma.soulGameProgress.upsert()` invocation in[39m
[31mD:\pfe\pfe 0.3\soullink-backend\src\modules\soulgames\soulgames.service.ts:85:46[39m

[31m  82  * Track which scene the user is currently viewing[39m
[31m  83  */[39m
[31m  84 async trackSceneView(userId: string, gameId: string, sceneId: string) {[39m
[31m→ 85     return await prisma.soulGameProgress.upsert([39m
[31mThe column `currentSceneId` does not exist in the current database.[39m
[31m    at $n.handleRequestError (D:\pfe\pfe 0.3\soullink-backend\node_modules\@prisma\client\runtime\library.js:121:7315)[39m
[31m    at $n.handleAndLogRequestError (D:\pfe\pfe 0.3\soullink-backend\node_modules\@prisma\client\runtime\library.js:121:6623)[39m
[31m    at $n.request (D:\pfe\pfe 0.3\soullink-backend\node_modules\@prisma\client\runtime\library.js:121:6307)[39m
[31m    at async l (D:\pfe\pfe 0.3\soullink-backend\node_modules\@prisma\client\runtime\library.js:130:9633)[39m
[31m    at async SoulGamesService.trackSceneView (D:\pfe\pfe 0.3\soullink-backend\src\modules\soulgames\soulgames.service.ts:85:16)[39m
[31m    at async trackSceneView (D:\pfe\pfe 0.3\soullink-backend\src\modules\soulgames\soulgames.controller.ts:70:13)[39m
2026-03-01 01:14:13:1413 [31merror[39m: [31m[Unhandled Error] Status: 500 - Detail: PrismaClientKnownRequestError: [39m
[31mInvalid `prisma.soulGameProgress.upsert()` invocation in[39m
[31mD:\pfe\pfe 0.3\soullink-backend\src\modules\soulgames\soulgames.service.ts:85:46[39m

[31m  82  * Track which scene the user is currently viewing[39m
[31m  83  */[39m
[31m  84 async trackSceneView(userId: string, gameId: string, sceneId: string) {[39m
[31m→ 85     return await prisma.soulGameProgress.upsert([39m
[31mThe column `currentSceneId` does not exist in the current database.[39m
[31m    at $n.handleRequestError (D:\pfe\pfe 0.3\soullink-backend\node_modules\@prisma\client\runtime\library.js:121:7315)[39m
[31m    at $n.handleAndLogRequestError (D:\pfe\pfe 0.3\soullink-backend\node_modules\@prisma\client\runtime\library.js:121:6623)[39m
[31m    at $n.request (D:\pfe\pfe 0.3\soullink-backend\node_modules\@prisma\client\runtime\library.js:121:6307)[39m
[31m    at async l (D:\pfe\pfe 0.3\soullink-backend\node_modules\@prisma\client\runtime\library.js:130:9633)[39m
[31m    at async SoulGamesService.trackSceneView (D:\pfe\pfe 0.3\soullink-backend\src\modules\soulgames\soulgames.service.ts:85:16)[39m
[31m    at async trackSceneView (D:\pfe\pfe 0.3\soullink-backend\src\modules\soulgames\soulgames.controller.ts:70:13)[39m
2026-03-01 01:14:14:1414 [31merror[39m: [31m[Unhandled Error] Status: 500 - Detail: PrismaClientKnownRequestError: [39m
[31mInvalid `prisma.soulGameProgress.upsert()` invocation in[39m
[31mD:\pfe\pfe 0.3\soullink-backend\src\modules\soulgames\soulgames.service.ts:85:46[39m

[31m  82  * Track which scene the user is currently viewing[39m
[31m  83  */[39m
[31m  84 async trackSceneView(userId: string, gameId: string, sceneId: string) {[39m
[31m→ 85     return await prisma.soulGameProgress.upsert([39m
[31mThe column `currentSceneId` does not exist in the current database.[39m
[31m    at $n.handleRequestError (D:\pfe\pfe 0.3\soullink-backend\node_modules\@prisma\client\runtime\library.js:121:7315)[39m
[31m    at $n.handleAndLogRequestError (D:\pfe\pfe 0.3\soullink-backend\node_modules\@prisma\client\runtime\library.js:121:6623)[39m
[31m    at $n.request (D:\pfe\pfe 0.3\soullink-backend\node_modules\@prisma\client\runtime\library.js:121:6307)[39m
[31m    at async l (D:\pfe\pfe 0.3\soullink-backend\node_modules\@prisma\client\runtime\library.js:130:9633)[39m
[31m    at async SoulGamesService.trackSceneView (D:\pfe\pfe 0.3\soullink-backend\src\modules\soulgames\soulgames.service.ts:85:16)[39m
[31m    at async trackSceneView (D:\pfe\pfe 0.3\soullink-backend\src\modules\soulgames\soulgames.controller.ts:70:13)[39m
2026-03-01 01:14:16:1416 [31merror[39m: [31m[Unhandled Error] Status: 500 - Detail: PrismaClientKnownRequestError: [39m
[31mInvalid `prisma.soulGameProgress.upsert()` invocation in[39m
[31mD:\pfe\pfe 0.3\soullink-backend\src\modules\soulgames\soulgames.service.ts:85:46[39m

[31m  82  * Track which scene the user is currently viewing[39m
[31m  83  */[39m
[31m  84 async trackSceneView(userId: string, gameId: string, sceneId: string) {[39m
[31m→ 85     return await prisma.soulGameProgress.upsert([39m
[31mThe column `currentSceneId` does not exist in the current database.[39m
[31m    at $n.handleRequestError (D:\pfe\pfe 0.3\soullink-backend\node_modules\@prisma\client\runtime\library.js:121:7315)[39m
[31m    at $n.handleAndLogRequestError (D:\pfe\pfe 0.3\soullink-backend\node_modules\@prisma\client\runtime\library.js:121:6623)[39m
[31m    at $n.request (D:\pfe\pfe 0.3\soullink-backend\node_modules\@prisma\client\runtime\library.js:121:6307)[39m
[31m    at async l (D:\pfe\pfe 0.3\soullink-backend\node_modules\@prisma\client\runtime\library.js:130:9633)[39m
[31m    at async SoulGamesService.trackSceneView (D:\pfe\pfe 0.3\soullink-backend\src\modules\soulgames\soulgames.service.ts:85:16)[39m
[31m    at async trackSceneView (D:\pfe\pfe 0.3\soullink-backend\src\modules\soulgames\soulgames.controller.ts:70:13)[39m
2026-03-01 01:14:33:1433 [31merror[39m: [31mError in AI Service: [39m
[31mInvalid `any).findFirst()` invocation in[39m
[31mD:\pfe\pfe 0.3\soullink-backend\src\modules\ai-companion\ai.service.ts:211:46[39m

[31m  208     select: { createdAt: true, content: true },[39m
[31m  209 }),[39m
[31m  210 // Detect current viewed scene (not yet answered)[39m
[31m→ 211 (prisma.soulGameProgress as any).findFirst([39m
[31mThe column `SoulGameProgress.currentSceneId` does not exist in the current database.[39m
2026-03-01 01:14:33:1433 [31merror[39m: [31m[Unhandled Error] Status: 500 - Detail: Error: [39m
[31mInvalid `any).findFirst()` invocation in[39m
[31mD:\pfe\pfe 0.3\soullink-backend\src\modules\ai-companion\ai.service.ts:211:46[39m

[31m  208     select: { createdAt: true, content: true },[39m
[31m  209 }),[39m
[31m  210 // Detect current viewed scene (not yet answered)[39m
[31m→ 211 (prisma.soulGameProgress as any).findFirst([39m
[31mThe column `SoulGameProgress.currentSceneId` does not exist in the current database.[39m
[31m    at AIService.generateResponse (D:\pfe\pfe 0.3\soullink-backend\src\modules\ai-companion\ai.service.ts:604:19)[39m
[31m    at async chatWithNova (D:\pfe\pfe 0.3\soullink-backend\src\modules\ai-companion\ai.controller.ts:19:24)[39m
2026-03-01 01:15:05:155 [31merror[39m: [31mError in AI Service: [39m
[31mInvalid `any).findFirst()` invocation in[39m
[31mD:\pfe\pfe 0.3\soullink-backend\src\modules\ai-companion\ai.service.ts:211:46[39m

[31m  208     select: { createdAt: true, content: true },[39m
[31m  209 }),[39m
[31m  210 // Detect current viewed scene (not yet answered)[39m
[31m→ 211 (prisma.soulGameProgress as any).findFirst([39m
[31mThe column `SoulGameProgress.currentSceneId` does not exist in the current database.[39m
2026-03-01 01:15:05:155 [31merror[39m: [31m[Unhandled Error] Status: 500 - Detail: Error: [39m
[31mInvalid `any).findFirst()` invocation in[39m
[31mD:\pfe\pfe 0.3\soullink-backend\src\modules\ai-companion\ai.service.ts:211:46[39m

[31m  208     select: { createdAt: true, content: true },[39m
[31m  209 }),[39m
[31m  210 // Detect current viewed scene (not yet answered)[39m
[31m→ 211 (prisma.soulGameProgress as any).findFirst([39m
[31mThe column `SoulGameProgress.currentSceneId` does not exist in the current database.[39m
[31m    at AIService.generateResponse (D:\pfe\pfe 0.3\soullink-backend\src\modules\ai-companion\ai.service.ts:604:19)[39m
[31m    at async investigate (D:\pfe\pfe 0.3\soullink-backend\src\modules\ai-companion\ai.controller.ts:69:24)[39m
2026-03-01 01:17:05:175 [31merror[39m: [31mError in AI Service: [39m
[31mInvalid `any).soulGameProgress.findFirst()` invocation in[39m
[31mD:\pfe\pfe 0.3\soullink-backend\src\modules\ai-companion\ai.service.ts:211:46[39m

[31m  208     select: { createdAt: true, content: true },[39m
[31m  209 }),[39m
[31m  210 // Detect current viewed scene (not yet answered)[39m
[31m→ 211 (prisma as any).soulGameProgress.findFirst([39m
[31mThe column `SoulGameProgress.currentSceneId` does not exist in the current database.[39m
2026-03-01 01:17:05:175 [31merror[39m: [31m[Unhandled Error] Status: 500 - Detail: Error: [39m
[31mInvalid `any).soulGameProgress.findFirst()` invocation in[39m
[31mD:\pfe\pfe 0.3\soullink-backend\src\modules\ai-companion\ai.service.ts:211:46[39m

[31m  208     select: { createdAt: true, content: true },[39m
[31m  209 }),[39m
[31m  210 // Detect current viewed scene (not yet answered)[39m
[31m→ 211 (prisma as any).soulGameProgress.findFirst([39m
[31mThe column `SoulGameProgress.currentSceneId` does not exist in the current database.[39m
[31m    at AIService.generateResponse (D:\pfe\pfe 0.3\soullink-backend\src\modules\ai-companion\ai.service.ts:604:19)[39m
[31m    at async chatWithNova (D:\pfe\pfe 0.3\soullink-backend\src\modules\ai-companion\ai.controller.ts:19:24)[39m
2026-03-01 01:28:31:2831 [31merror[39m: [31m[Unhandled Error] Status: 500 - Detail: PrismaClientKnownRequestError: [39m
[31mInvalid `prisma.soulGameProgress.findMany()` invocation in[39m
[31mD:\pfe\pfe 0.3\soullink-backend\src\modules\soulgames\soulgames.service.ts:25:64[39m

[31m  22 });[39m
[31m  23 [39m
[31m  24 // Get user's explicit progress[39m
[31m→ 25 const explicitProgress = await prisma.soulGameProgress.findMany([39m
[31mThe column `SoulGameProgress.currentSceneId` does not exist in the current database.[39m
[31m    at $n.handleRequestError (D:\pfe\pfe 0.3\soullink-backend\node_modules\@prisma\client\runtime\library.js:121:7315)[39m
[31m    at $n.handleAndLogRequestError (D:\pfe\pfe 0.3\soullink-backend\node_modules\@prisma\client\runtime\library.js:121:6623)[39m
[31m    at $n.request (D:\pfe\pfe 0.3\soullink-backend\node_modules\@prisma\client\runtime\library.js:121:6307)[39m
[31m    at async l (D:\pfe\pfe 0.3\soullink-backend\node_modules\@prisma\client\runtime\library.js:130:9633)[39m
[31m    at async SoulGamesService.getAllGames (D:\pfe\pfe 0.3\soullink-backend\src\modules\soulgames\soulgames.service.ts:25:34)[39m
[31m    at async getAllGames (D:\pfe\pfe 0.3\soullink-backend\src\modules\soulgames\soulgames.controller.ts:13:27)[39m
2026-03-01 01:28:31:2831 [31merror[39m: [31m[Unhandled Error] Status: 500 - Detail: PrismaClientKnownRequestError: [39m
[31mInvalid `prisma.soulGameProgress.findMany()` invocation in[39m
[31mD:\pfe\pfe 0.3\soullink-backend\src\modules\soulgames\soulgames.service.ts:25:64[39m

[31m  22 });[39m
[31m  23 [39m
[31m  24 // Get user's explicit progress[39m
[31m→ 25 const explicitProgress = await prisma.soulGameProgress.findMany([39m
[31mThe column `SoulGameProgress.currentSceneId` does not exist in the current database.[39m
[31m    at $n.handleRequestError (D:\pfe\pfe 0.3\soullink-backend\node_modules\@prisma\client\runtime\library.js:121:7315)[39m
[31m    at $n.handleAndLogRequestError (D:\pfe\pfe 0.3\soullink-backend\node_modules\@prisma\client\runtime\library.js:121:6623)[39m
[31m    at $n.request (D:\pfe\pfe 0.3\soullink-backend\node_modules\@prisma\client\runtime\library.js:121:6307)[39m
[31m    at async l (D:\pfe\pfe 0.3\soullink-backend\node_modules\@prisma\client\runtime\library.js:130:9633)[39m
[31m    at async SoulGamesService.getAllGames (D:\pfe\pfe 0.3\soullink-backend\src\modules\soulgames\soulgames.service.ts:25:34)[39m
[31m    at async getAllGames (D:\pfe\pfe 0.3\soullink-backend\src\modules\soulgames\soulgames.controller.ts:13:27)[39m
2026-03-01 01:28:44:2844 [31merror[39m: [31m[Unhandled Error] Status: 500 - Detail: PrismaClientKnownRequestError: [39m
[31mInvalid `prisma.soulGameProgress.findMany()` invocation in[39m
[31mD:\pfe\pfe 0.3\soullink-backend\src\modules\soulgames\soulgames.service.ts:25:64[39m

[31m  22 });[39m
[31m  23 [39m
[31m  24 // Get user's explicit progress[39m
[31m→ 25 const explicitProgress = await prisma.soulGameProgress.findMany([39m
[31mThe column `SoulGameProgress.currentSceneId` does not exist in the current database.[39m
[31m    at $n.handleRequestError (D:\pfe\pfe 0.3\soullink-backend\node_modules\@prisma\client\runtime\library.js:121:7315)[39m
[31m    at $n.handleAndLogRequestError (D:\pfe\pfe 0.3\soullink-backend\node_modules\@prisma\client\runtime\library.js:121:6623)[39m
[31m    at $n.request (D:\pfe\pfe 0.3\soullink-backend\node_modules\@prisma\client\runtime\library.js:121:6307)[39m
[31m    at async l (D:\pfe\pfe 0.3\soullink-backend\node_modules\@prisma\client\runtime\library.js:130:9633)[39m
[31m    at async SoulGamesService.getAllGames (D:\pfe\pfe 0.3\soullink-backend\src\modules\soulgames\soulgames.service.ts:25:34)[39m
[31m    at async getAllGames (D:\pfe\pfe 0.3\soullink-backend\src\modules\soulgames\soulgames.controller.ts:13:27)[39m
2026-03-01 01:28:44:2844 [31merror[39m: [31m[Unhandled Error] Status: 500 - Detail: PrismaClientKnownRequestError: [39m
[31mInvalid `prisma.soulGameProgress.findMany()` invocation in[39m
[31mD:\pfe\pfe 0.3\soullink-backend\src\modules\soulgames\soulgames.service.ts:25:64[39m

[31m  22 });[39m
[31m  23 [39m
[31m  24 // Get user's explicit progress[39m
[31m→ 25 const explicitProgress = await prisma.soulGameProgress.findMany([39m
[31mThe column `SoulGameProgress.currentSceneId` does not exist in the current database.[39m
[31m    at $n.handleRequestError (D:\pfe\pfe 0.3\soullink-backend\node_modules\@prisma\client\runtime\library.js:121:7315)[39m
[31m    at $n.handleAndLogRequestError (D:\pfe\pfe 0.3\soullink-backend\node_modules\@prisma\client\runtime\library.js:121:6623)[39m
[31m    at $n.request (D:\pfe\pfe 0.3\soullink-backend\node_modules\@prisma\client\runtime\library.js:121:6307)[39m
[31m    at async l (D:\pfe\pfe 0.3\soullink-backend\node_modules\@prisma\client\runtime\library.js:130:9633)[39m
[31m    at async SoulGamesService.getAllGames (D:\pfe\pfe 0.3\soullink-backend\src\modules\soulgames\soulgames.service.ts:25:34)[39m
[31m    at async getAllGames (D:\pfe\pfe 0.3\soullink-backend\src\modules\soulgames\soulgames.controller.ts:13:27)[39m
2026-03-01 01:36:10:3610 [31merror[39m: [31m[AI] Groq API Error (429):[39m
2026-03-01 01:40:50:4050 [31merror[39m: [31mFact extraction failed: API error[39m
2026-03-01 01:41:15:4115 [31merror[39m: [31m[AI] Groq API Error (429):[39m
2026-03-01 01:41:45:4145 [31merror[39m: [31m[AI] Groq API Error (429):[39m
2026-03-01 01:46:12:4612 [31merror[39m: [31m[AI] Groq API Error (429) on attempt 1:[39m
2026-03-01 01:46:13:4613 [31merror[39m: [31mFact extraction failed: API error[39m
2026-03-01 01:46:27:4627 [31merror[39m: [31m[AI] Groq API Error (429) on attempt 1:[39m
2026-03-01 01:46:28:4628 [31merror[39m: [31mFact extraction failed: API error[39m
2026-03-01 01:46:47:4647 [31merror[39m: [31m[AI] Groq API Error (429) on attempt 1:[39m
2026-03-01 01:46:47:4647 [31merror[39m: [31mFact extraction failed: API error[39m
2026-03-01 01:46:57:4657 [31merror[39m: [31m[AI] Groq API Error (429) on attempt 1:[39m
2026-03-01 01:57:54:5754 [31merror[39m: [31m[AI] Groq API Error (429) on attempt 1:[39m
2026-03-01 01:58:10:5810 [31merror[39m: [31m[AI] Groq API Error (429) on attempt 1:[39m
2026-03-01 01:58:11:5811 [31merror[39m: [31mFact extraction failed: API error[39m
2026-03-01 02:03:46:346 [31merror[39m: [31m[AI] Groq API Error (429) on attempt 1:[39m
2026-03-01 02:04:07:47 [31merror[39m: [31m[AI] Groq API Error (429) on attempt 1:[39m
2026-03-01 02:04:08:48 [31merror[39m: [31mFact extraction failed: API error[39m
2026-03-01 02:04:34:434 [31merror[39m: [31m[AI] Groq API Error (429) on attempt 1:[39m
2026-03-01 02:04:35:435 [31merror[39m: [31mFact extraction failed: API error[39m
2026-03-01 02:04:47:447 [31merror[39m: [31m[AI] Groq API Error (429) on attempt 1:[39m
2026-03-01 02:04:48:448 [31merror[39m: [31mFact extraction failed: API error[39m
2026-03-01 02:05:37:537 [31merror[39m: [31m[AI] Groq API Error (429) on attempt 1:[39m
2026-03-01 02:05:38:538 [31merror[39m: [31mFact extraction failed: API error[39m
2026-03-01 02:06:15:615 [31merror[39m: [31m[AI] Groq API Error (429) on attempt 1:[39m
2026-03-01 02:06:16:616 [31merror[39m: [31mFact extraction failed: API error[39m
2026-03-01 02:06:49:649 [31merror[39m: [31m[AI] Groq API Error (429) on attempt 1:[39m
2026-03-01 02:06:50:650 [31merror[39m: [31mFact extraction failed: API error[39m
2026-03-01 02:13:45:1345 [31merror[39m: [31m[AI] Groq API Error (429) on attempt 1:[39m
2026-03-01 02:14:09:149 [31merror[39m: [31m[AI] Groq API Error (429) on attempt 1:[39m
2026-03-01 02:14:10:1410 [31merror[39m: [31mFact extraction failed: API error[39m
2026-03-01 02:14:22:1422 [31merror[39m: [31m[AI] Groq API Error (429) on attempt 1:[39m
2026-03-01 02:14:23:1423 [31merror[39m: [31mFact extraction failed: API error[39m
2026-03-01 02:26:07:267 [31merror[39m: [31m[AI] Groq API Error (429) on attempt 1:[39m
2026-03-01 02:26:36:2636 [31merror[39m: [31m[AI] Groq API Error (429) on attempt 1:[39m
2026-03-01 02:27:02:272 [31merror[39m: [31m[AI] Groq API Error (429) on attempt 1:[39m
2026-03-01 02:27:03:273 [31merror[39m: [31mFact extraction failed: API error[39m
2026-03-01 02:27:24:2724 [31merror[39m: [31m[AI] Groq API Error (429) on attempt 1:[39m
2026-03-01 02:27:25:2725 [31merror[39m: [31mFact extraction failed: API error[39m
2026-03-01 02:27:47:2747 [31merror[39m: [31m[AI] Groq API Error (429) on attempt 1:[39m
2026-03-01 02:27:48:2748 [31merror[39m: [31mFact extraction failed: API error[39m
2026-03-01 02:32:16:3216 [31merror[39m: [31m[AI] Groq API Error (429) on attempt 1:[39m
2026-03-01 02:32:45:3245 [31merror[39m: [31m[AI] Groq API Error (429) on attempt 1:[39m
2026-03-01 02:32:46:3246 [31merror[39m: [31mFact extraction failed: API error[39m
2026-03-01 02:32:53:3253 [31merror[39m: [31m[AI] Groq API Error (429) on attempt 1:[39m
2026-03-01 02:32:55:3255 [31merror[39m: [31mFact extraction failed: API error[39m
2026-03-01 02:32:55:3255 [31merror[39m: [31mFailed to generate conversation summary[39m
2026-03-01 02:33:14:3314 [31merror[39m: [31m[AI] Groq API Error (429) on attempt 1:[39m
2026-03-01 02:33:15:3315 [31merror[39m: [31mFact extraction failed: API error[39m
2026-03-01 02:33:48:3348 [31merror[39m: [31m[AI] Groq API Error (429) on attempt 1:[39m
2026-03-01 02:33:49:3349 [31merror[39m: [31mFact extraction failed: API error[39m
2026-03-01 02:34:15:3415 [31merror[39m: [31m[AI] Groq API Error (429) on attempt 1:[39m
2026-03-01 02:34:16:3416 [31merror[39m: [31mFact extraction failed: API error[39m
2026-03-01 02:35:26:3526 [31merror[39m: [31m[AI] Groq API Error (429) on attempt 1:[39m
2026-03-01 02:35:27:3527 [31merror[39m: [31mFact extraction failed: API error[39m
2026-03-01 02:35:46:3546 [31merror[39m: [31m[AI] Groq API Error (429) on attempt 1:[39m
2026-03-01 02:35:46:3546 [31merror[39m: [31m[AI] Groq API Error (400) on attempt 2:[39m
2026-03-01 02:40:21:4021 [31merror[39m: [31m[AI] Groq API Error (429) on attempt 1:[39m
2026-03-01 02:40:21:4021 [31merror[39m: [31m[AI] Groq API Error (400) on attempt 2:[39m
2026-03-01 02:40:29:4029 [31merror[39m: [31m[AI] Groq API Error (429) on attempt 1:[39m
2026-03-01 02:40:44:4044 [31merror[39m: [31m[AI] Groq API Error (429) on attempt 1:[39m
2026-03-01 02:40:45:4045 [31merror[39m: [31mFact extraction failed: API error[39m
2026-03-01 02:41:38:4138 [31merror[39m: [31m[AI] Groq API Error (429) on attempt 1:[39m
2026-03-01 02:41:42:4142 [31merror[39m: [31mFact extraction failed: API error[39m
2026-03-01 02:42:10:4210 [31merror[39m: [31m[AI] Groq API Error (429) on attempt 1:[39m
2026-03-01 02:42:11:4211 [31merror[39m: [31m[AI] Groq API Error (400) on attempt 2:[39m
2026-03-01 02:42:42:4242 [31merror[39m: [31m[AI] Groq API Error (429) on attempt 1:[39m
2026-03-01 02:42:43:4243 [31merror[39m: [31mFact extraction failed: API error[39m
2026-03-01 02:42:51:4251 [31merror[39m: [31m[AI] Groq API Error (429) on attempt 1:[39m
2026-03-01 02:42:51:4251 [31merror[39m: [31mFact extraction failed: API error[39m
2026-03-01 02:43:12:4312 [31merror[39m: [31m[AI] Groq API Error (429) on attempt 1:[39m
2026-03-01 02:43:13:4313 [31merror[39m: [31mFact extraction failed: API error[39m
2026-03-01 02:43:23:4323 [31merror[39m: [31m[AI] Groq API Error (429) on attempt 1:[39m
2026-03-01 02:43:23:4323 [31merror[39m: [31mFact extraction failed: API error[39m
2026-03-01 02:43:37:4337 [31merror[39m: [31m[AI] Groq API Error (429) on attempt 1:[39m
2026-03-01 02:43:38:4338 [31merror[39m: [31mFact extraction failed: API error[39m
2026-03-01 02:43:55:4355 [31merror[39m: [31m[AI] Groq API Error (429) on attempt 1:[39m
2026-03-01 02:43:56:4356 [31merror[39m: [31mFact extraction failed: API error[39m
2026-03-01 02:50:13:5013 [31merror[39m: [31m[AI] Groq API Error (429) on attempt 1:[39m
2026-03-01 02:50:29:5029 [31merror[39m: [31m[AI] Groq API Error (429) on attempt 1:[39m
2026-03-01 02:50:30:5030 [31merror[39m: [31mFact extraction failed: API error[39m
2026-03-01 02:50:50:5050 [31merror[39m: [31m[AI] Groq API Error (429) on attempt 1:[39m
2026-03-01 02:50:51:5051 [31merror[39m: [31mFact extraction failed: API error[39m
2026-03-01 02:51:11:5111 [31merror[39m: [31m[AI] Groq API Error (429) on attempt 1:[39m
2026-03-01 02:51:12:5112 [31merror[39m: [31mFact extraction failed: API error[39m
2026-03-01 02:51:35:5135 [31merror[39m: [31m[AI] Groq API Error (429) on attempt 1:[39m
2026-03-01 02:51:36:5136 [31merror[39m: [31mFact extraction failed: API error[39m
2026-03-01 02:51:55:5155 [31merror[39m: [31m[AI] Groq API Error (429) on attempt 1:[39m
2026-03-01 02:51:56:5156 [31merror[39m: [31mFact extraction failed: API error[39m
2026-03-01 02:52:09:529 [31merror[39m: [31m[AI] Groq API Error (429) on attempt 1:[39m
2026-03-01 02:52:10:5210 [31merror[39m: [31mFact extraction failed: API error[39m
2026-03-01 02:52:30:5230 [31merror[39m: [31m[AI] Groq API Error (429) on attempt 1:[39m
2026-03-01 02:52:31:5231 [31merror[39m: [31mFact extraction failed: API error[39m
2026-03-01 02:53:16:5316 [31merror[39m: [31m[AI] Groq API Error (429) on attempt 1:[39m
2026-03-01 02:53:32:5332 [31merror[39m: [31m[AI] Groq API Error (429) on attempt 1:[39m
2026-03-01 02:53:33:5333 [31merror[39m: [31mFact extraction failed: API error[39m
2026-03-01 02:53:50:5350 [31merror[39m: [31m[AI] Groq API Error (429) on attempt 1:[39m
2026-03-01 02:53:51:5351 [31merror[39m: [31mFact extraction failed: API error[39m
2026-03-01 02:54:07:547 [31merror[39m: [31m[AI] Groq API Error (429) on attempt 1:[39m
2026-03-01 02:54:07:547 [31merror[39m: [31mFact extraction failed: API error[39m
2026-03-01 02:54:25:5425 [31merror[39m: [31m[AI] Groq API Error (429) on attempt 1:[39m
2026-03-01 02:54:25:5425 [31merror[39m: [31m[AI] Groq API Error (429) on attempt 2:[39m
2026-03-01 02:54:36:5436 [31merror[39m: [31m[AI] Groq API Error (429) on attempt 1:[39m
2026-03-01 02:54:37:5437 [31merror[39m: [31mFact extraction failed: API error[39m
2026-03-01 02:54:37:5437 [31merror[39m: [31mFailed to generate conversation summary[39m
2026-03-01 02:54:52:5452 [31merror[39m: [31m[AI] Groq API Error (429) on attempt 1:[39m
2026-03-01 02:54:53:5453 [31merror[39m: [31m[AI] Groq API Error (429) on attempt 2:[39m
2026-03-01 02:54:53:5453 [31merror[39m: [31m[AI] Groq API Error (429) on attempt 1:[39m
2026-03-01 02:54:54:5454 [31merror[39m: [31m[AI] Groq API Error (429) on attempt 2:[39m
2026-03-01 03:46:00:460 [31merror[39m: [31m[RAG] Failed to save memory to Pinecone: Must pass in at least 1 record to upsert.[39m
2026-03-01 03:46:00:460 [31merror[39m: [31m[RAG] Failed to search memories in Pinecone: The API key you provided was rejected while calling https://api.pinecone.io/indexes/nova-memory. Please check your configuration values and try again. You can find the configuration values for your project in the Pinecone developer console at https://app.pinecone.io[39m
2026-03-01 03:46:43:4643 [31merror[39m: [31m[RAG] Failed to save memory to Pinecone: Must pass in at least 1 record to upsert.[39m
2026-03-01 03:46:44:4644 [31merror[39m: [31m[RAG] Failed to search memories in Pinecone: The API key you provided was rejected while calling https://api.pinecone.io/indexes/nova-memory. Please check your configuration values and try again. You can find the configuration values for your project in the Pinecone developer console at https://app.pinecone.io[39m
2026-03-01 03:46:44:4644 [31merror[39m: [31m[AI] Groq API Error (429) on attempt 1:[39m
2026-03-01 03:46:57:4657 [31merror[39m: [31m[RAG] Failed to save memory to Pinecone: Must pass in at least 1 record to upsert.[39m
2026-03-01 03:46:58:4658 [31merror[39m: [31m[RAG] Failed to search memories in Pinecone: The API key you provided was rejected while calling https://api.pinecone.io/indexes/nova-memory. Please check your configuration values and try again. You can find the configuration values for your project in the Pinecone developer console at https://app.pinecone.io[39m
2026-03-01 03:46:58:4658 [31merror[39m: [31m[AI] Groq API Error (429) on attempt 1:[39m
2026-03-01 03:46:58:4658 [31merror[39m: [31mFact extraction failed: API error[39m
2026-03-01 03:47:16:4716 [31merror[39m: [31m[RAG] Failed to save memory to Pinecone: Must pass in at least 1 record to upsert.[39m
2026-03-01 03:47:16:4716 [31merror[39m: [31m[RAG] Failed to search memories in Pinecone: The API key you provided was rejected while calling https://api.pinecone.io/indexes/nova-memory. Please check your configuration values and try again. You can find the configuration values for your project in the Pinecone developer console at https://app.pinecone.io[39m
2026-03-01 03:47:16:4716 [31merror[39m: [31m[AI] Groq API Error (429) on attempt 1:[39m
2026-03-01 03:47:17:4717 [31merror[39m: [31m[AI] Groq API Error (429) on attempt 2:[39m
2026-03-01 03:47:34:4734 [31merror[39m: [31m[RAG] Failed to save memory to Pinecone: Must pass in at least 1 record to upsert.[39m
2026-03-01 03:47:35:4735 [31merror[39m: [31m[RAG] Failed to search memories in Pinecone: The API key you provided was rejected while calling https://api.pinecone.io/indexes/nova-memory. Please check your configuration values and try again. You can find the configuration values for your project in the Pinecone developer console at https://app.pinecone.io[39m
2026-03-01 03:47:35:4735 [31merror[39m: [31m[AI] Groq API Error (429) on attempt 1:[39m
2026-03-01 03:47:35:4735 [31merror[39m: [31mFact extraction failed: API error[39m
2026-03-01 03:48:07:487 [31merror[39m: [31m[RAG] Failed to save memory to Pinecone: Must pass in at least 1 record to upsert.[39m
2026-03-01 03:48:08:488 [31merror[39m: [31m[RAG] Failed to search memories in Pinecone: The API key you provided was rejected while calling https://api.pinecone.io/indexes/nova-memory. Please check your configuration values and try again. You can find the configuration values for your project in the Pinecone developer console at https://app.pinecone.io[39m
2026-03-01 03:48:08:488 [31merror[39m: [31m[AI] Groq API Error (429) on attempt 1:[39m
2026-03-01 03:48:09:489 [31merror[39m: [31mFact extraction failed: API error[39m
2026-03-01 17:35:03:353 [31merror[39m: [31m[RAG] Failed to save memory to Pinecone: Must pass in at least 1 record to upsert.[39m
2026-03-01 17:35:04:354 [31merror[39m: [31m[RAG] Failed to search memories in Pinecone: The API key you provided was rejected while calling https://api.pinecone.io/indexes/nova-memory. Please check your configuration values and try again. You can find the configuration values for your project in the Pinecone developer console at https://app.pinecone.io[39m
2026-03-01 17:35:22:3522 [31merror[39m: [31m[RAG] Failed to save memory to Pinecone: Must pass in at least 1 record to upsert.[39m
2026-03-01 17:35:22:3522 [31merror[39m: [31m[RAG] Failed to search memories in Pinecone: The API key you provided was rejected while calling https://api.pinecone.io/indexes/nova-memory. Please check your configuration values and try again. You can find the configuration values for your project in the Pinecone developer console at https://app.pinecone.io[39m
2026-03-01 17:35:35:3535 [31merror[39m: [31m[RAG] Failed to save memory to Pinecone: Must pass in at least 1 record to upsert.[39m
2026-03-01 17:35:36:3536 [31merror[39m: [31m[RAG] Failed to search memories in Pinecone: The API key you provided was rejected while calling https://api.pinecone.io/indexes/nova-memory. Please check your configuration values and try again. You can find the configuration values for your project in the Pinecone developer console at https://app.pinecone.io[39m
2026-03-01 18:43:43:4343 [31merror[39m: [31mPresence Offline Error for 4009bace-ec0f-4b32-8668-336067ba3c7d: [39m
[31mInvalid `prisma.user.update()` invocation in[39m
[31mD:\pfe\pfe 0.3\soullink-backend\src\server.ts:103:39[39m

[31m  100 userSockets.delete(user.id);[39m
[31m  101 // Last connection closed: set offline[39m
[31m  102 try {[39m
[31m→ 103     await prisma.user.update([39m
[31mCan't reach database server at `ep-withered-salad-agxzvgfm-pooler.c-2.eu-central-1.aws.neon.tech:5432`[39m

[31mPlease make sure your database server is running at `ep-withered-salad-agxzvgfm-pooler.c-2.eu-central-1.aws.neon.tech:5432`.[39m
2026-03-01 18:43:48:4348 [31merror[39m: [31mSocket Auth: JWT verification failed for socket cHV7dLLyHeIM3zvVAAAM. Error: jwt expired[39m
2026-03-01 18:43:48:4348 [31merror[39m: [31mSocket Auth: JWT verification failed for socket 49HPOm0Gl_bS6LQLAAAN. Error: jwt expired[39m
2026-03-01 18:43:48:4348 [31merror[39m: [31mSocket Auth: JWT verification failed for socket WT551T4yznwyKwbmAAAO. Error: jwt expired[39m
2026-03-01 18:43:49:4349 [31merror[39m: [31mSocket Auth: JWT verification failed for socket fSgATvuVMLaNL9XjAAAP. Error: jwt expired[39m
2026-03-02 04:13:27:1327 [31merror[39m: [31m[RAG] Failed to save memory to Pinecone: Must pass in at least 1 record to upsert.[39m
2026-03-02 04:13:28:1328 [31merror[39m: [31m[RAG] Failed to search memories in Pinecone: The API key you provided was rejected while calling https://api.pinecone.io/indexes/nova-memory. Please check your configuration values and try again. You can find the configuration values for your project in the Pinecone developer console at https://app.pinecone.io[39m
2026-03-02 04:14:01:141 [31merror[39m: [31m[RAG] Failed to save memory to Pinecone: Must pass in at least 1 record to upsert.[39m
2026-03-02 04:14:02:142 [31merror[39m: [31m[RAG] Failed to search memories in Pinecone: The API key you provided was rejected while calling https://api.pinecone.io/indexes/nova-memory. Please check your configuration values and try again. You can find the configuration values for your project in the Pinecone developer console at https://app.pinecone.io[39m
2026-03-02 04:14:39:1439 [31merror[39m: [31m[RAG] Failed to save memory to Pinecone: Must pass in at least 1 record to upsert.[39m
2026-03-02 04:14:40:1440 [31merror[39m: [31m[RAG] Failed to search memories in Pinecone: The API key you provided was rejected while calling https://api.pinecone.io/indexes/nova-memory. Please check your configuration values and try again. You can find the configuration values for your project in the Pinecone developer console at https://app.pinecone.io[39m
2026-03-02 04:14:59:1459 [31merror[39m: [31m[RAG] Failed to save memory to Pinecone: Must pass in at least 1 record to upsert.[39m
2026-03-02 04:15:00:150 [31merror[39m: [31m[RAG] Failed to search memories in Pinecone: The API key you provided was rejected while calling https://api.pinecone.io/indexes/nova-memory. Please check your configuration values and try again. You can find the configuration values for your project in the Pinecone developer console at https://app.pinecone.io[39m
2026-03-02 04:15:19:1519 [31merror[39m: [31m[RAG] Failed to save memory to Pinecone: Must pass in at least 1 record to upsert.[39m
2026-03-02 04:15:20:1520 [31merror[39m: [31m[RAG] Failed to search memories in Pinecone: The API key you provided was rejected while calling https://api.pinecone.io/indexes/nova-memory. Please check your configuration values and try again. You can find the configuration values for your project in the Pinecone developer console at https://app.pinecone.io[39m
2026-03-02 04:15:40:1540 [31merror[39m: [31m[RAG] Failed to save memory to Pinecone: Must pass in at least 1 record to upsert.[39m
2026-03-02 04:15:40:1540 [31merror[39m: [31m[RAG] Failed to search memories in Pinecone: The API key you provided was rejected while calling https://api.pinecone.io/indexes/nova-memory. Please check your configuration values and try again. You can find the configuration values for your project in the Pinecone developer console at https://app.pinecone.io[39m
2026-03-02 04:55:16:5516 [31merror[39m: [31m[RAG] Failed to save memory to Pinecone: Must pass in at least 1 record to upsert.[39m
2026-03-02 04:55:16:5516 [31merror[39m: [31m[RAG] Failed to search memories in Pinecone: The API key you provided was rejected while calling https://api.pinecone.io/indexes/nova-memory. Please check your configuration values and try again. You can find the configuration values for your project in the Pinecone developer console at https://app.pinecone.io[39m
2026-03-02 04:55:36:5536 [31merror[39m: [31m[RAG] Failed to save memory to Pinecone: Must pass in at least 1 record to upsert.[39m
2026-03-02 04:55:36:5536 [31merror[39m: [31m[RAG] Failed to search memories in Pinecone: The API key you provided was rejected while calling https://api.pinecone.io/indexes/nova-memory. Please check your configuration values and try again. You can find the configuration values for your project in the Pinecone developer console at https://app.pinecone.io[39m
2026-03-02 04:55:50:5550 [31merror[39m: [31m[RAG] Failed to save memory to Pinecone: Must pass in at least 1 record to upsert.[39m
2026-03-02 04:55:50:5550 [31merror[39m: [31m[RAG] Failed to search memories in Pinecone: The API key you provided was rejected while calling https://api.pinecone.io/indexes/nova-memory. Please check your configuration values and try again. You can find the configuration values for your project in the Pinecone developer console at https://app.pinecone.io[39m
2026-03-02 04:56:22:5622 [31merror[39m: [31m[RAG] Failed to save memory to Pinecone: Must pass in at least 1 record to upsert.[39m
2026-03-02 04:56:23:5623 [31merror[39m: [31m[RAG] Failed to search memories in Pinecone: The API key you provided was rejected while calling https://api.pinecone.io/indexes/nova-memory. Please check your configuration values and try again. You can find the configuration values for your project in the Pinecone developer console at https://app.pinecone.io[39m
2026-03-02 04:56:42:5642 [31merror[39m: [31m[RAG] Failed to save memory to Pinecone: Must pass in at least 1 record to upsert.[39m
2026-03-02 04:56:43:5643 [31merror[39m: [31m[RAG] Failed to search memories in Pinecone: The API key you provided was rejected while calling https://api.pinecone.io/indexes/nova-memory. Please check your configuration values and try again. You can find the configuration values for your project in the Pinecone developer console at https://app.pinecone.io[39m
2026-03-02 04:59:16:5916 [31merror[39m: [31m[RAG] Failed to save memory to Pinecone: Must pass in at least 1 record to upsert.[39m
2026-03-02 04:59:16:5916 [31merror[39m: [31m[RAG] Failed to search memories in Pinecone: The API key you provided was rejected while calling https://api.pinecone.io/indexes/nova-memory. Please check your configuration values and try again. You can find the configuration values for your project in the Pinecone developer console at https://app.pinecone.io[39m
2026-03-02 04:59:28:5928 [31merror[39m: [31m[RAG] Failed to save memory to Pinecone: Must pass in at least 1 record to upsert.[39m
2026-03-02 04:59:28:5928 [31merror[39m: [31m[RAG] Failed to search memories in Pinecone: The API key you provided was rejected while calling https://api.pinecone.io/indexes/nova-memory. Please check your configuration values and try again. You can find the configuration values for your project in the Pinecone developer console at https://app.pinecone.io[39m
2026-03-02 04:59:52:5952 [31merror[39m: [31m[RAG] Failed to save memory to Pinecone: Must pass in at least 1 record to upsert.[39m
2026-03-02 04:59:52:5952 [31merror[39m: [31m[RAG] Failed to search memories in Pinecone: The API key you provided was rejected while calling https://api.pinecone.io/indexes/nova-memory. Please check your configuration values and try again. You can find the configuration values for your project in the Pinecone developer console at https://app.pinecone.io[39m
2026-03-02 05:00:04:04 [31merror[39m: [31m[RAG] Failed to save memory to Pinecone: Must pass in at least 1 record to upsert.[39m
2026-03-02 05:00:05:05 [31merror[39m: [31m[RAG] Failed to search memories in Pinecone: The API key you provided was rejected while calling https://api.pinecone.io/indexes/nova-memory. Please check your configuration values and try again. You can find the configuration values for your project in the Pinecone developer console at https://app.pinecone.io[39m
2026-03-02 05:00:10:010 [31merror[39m: [31m[RAG] Failed to save memory to Pinecone: Must pass in at least 1 record to upsert.[39m
2026-03-02 05:00:11:011 [31merror[39m: [31m[RAG] Failed to search memories in Pinecone: The API key you provided was rejected while calling https://api.pinecone.io/indexes/nova-memory. Please check your configuration values and try again. You can find the configuration values for your project in the Pinecone developer console at https://app.pinecone.io[39m
2026-03-02 05:19:01:191 [31merror[39m: [31m[RAG] Failed to save memory to Pinecone: Must pass in at least 1 record to upsert.[39m
2026-03-02 05:19:01:191 [31merror[39m: [31m[RAG] Failed to search memories in Pinecone: The API key you provided was rejected while calling https://api.pinecone.io/indexes/nova-memory. Please check your configuration values and try again. You can find the configuration values for your project in the Pinecone developer console at https://app.pinecone.io[39m
2026-03-02 05:24:16:2416 [31merror[39m: [31m[RAG] Failed to save memory to Pinecone: Must pass in at least 1 record to upsert.[39m
2026-03-02 05:24:17:2417 [31merror[39m: [31m[RAG] Failed to search memories in Pinecone: The API key you provided was rejected while calling https://api.pinecone.io/indexes/nova-memory. Please check your configuration values and try again. You can find the configuration values for your project in the Pinecone developer console at https://app.pinecone.io[39m
2026-03-02 05:25:49:2549 [31merror[39m: [31m[RAG] Failed to save memory to Pinecone: Must pass in at least 1 record to upsert.[39m
2026-03-02 05:25:50:2550 [31merror[39m: [31m[RAG] Failed to search memories in Pinecone: The API key you provided was rejected while calling https://api.pinecone.io/indexes/nova-memory. Please check your configuration values and try again. You can find the configuration values for your project in the Pinecone developer console at https://app.pinecone.io[39m
2026-03-02 05:26:15:2615 [31merror[39m: [31m[RAG] Failed to save memory to Pinecone: Must pass in at least 1 record to upsert.[39m
2026-03-02 05:26:16:2616 [31merror[39m: [31m[RAG] Failed to search memories in Pinecone: The API key you provided was rejected while calling https://api.pinecone.io/indexes/nova-memory. Please check your configuration values and try again. You can find the configuration values for your project in the Pinecone developer console at https://app.pinecone.io[39m
2026-03-02 05:26:44:2644 [31merror[39m: [31m[RAG] Failed to save memory to Pinecone: Must pass in at least 1 record to upsert.[39m
2026-03-02 05:26:44:2644 [31merror[39m: [31m[RAG] Failed to search memories in Pinecone: The API key you provided was rejected while calling https://api.pinecone.io/indexes/nova-memory. Please check your configuration values and try again. You can find the configuration values for your project in the Pinecone developer console at https://app.pinecone.io[39m
2026-03-02 05:27:43:2743 [31merror[39m: [31m[RAG] Failed to save memory to Pinecone: Must pass in at least 1 record to upsert.[39m
2026-03-02 05:27:43:2743 [31merror[39m: [31m[RAG] Failed to search memories in Pinecone: The API key you provided was rejected while calling https://api.pinecone.io/indexes/nova-memory. Please check your configuration values and try again. You can find the configuration values for your project in the Pinecone developer console at https://app.pinecone.io[39m
2026-03-02 05:30:23:3023 [31merror[39m: [31m[RAG] Failed to save memory to Pinecone: Must pass in at least 1 record to upsert.[39m
2026-03-02 05:30:24:3024 [31merror[39m: [31m[RAG] Failed to search memories in Pinecone: The API key you provided was rejected while calling https://api.pinecone.io/indexes/nova-memory. Please check your configuration values and try again. You can find the configuration values for your project in the Pinecone developer console at https://app.pinecone.io[39m
2026-03-02 05:30:55:3055 [31merror[39m: [31m[RAG] Failed to save memory to Pinecone: Must pass in at least 1 record to upsert.[39m
2026-03-02 05:30:56:3056 [31merror[39m: [31m[RAG] Failed to search memories in Pinecone: The API key you provided was rejected while calling https://api.pinecone.io/indexes/nova-memory. Please check your configuration values and try again. You can find the configuration values for your project in the Pinecone developer console at https://app.pinecone.io[39m
2026-03-02 06:57:49:5749 [31merror[39m: [31m[RAG] Failed to save memory to Pinecone: Must pass in at least 1 record to upsert.[39m
2026-03-02 06:57:50:5750 [31merror[39m: [31m[RAG] Failed to search memories in Pinecone: The API key you provided was rejected while calling https://api.pinecone.io/indexes/nova-memory. Please check your configuration values and try again. You can find the configuration values for your project in the Pinecone developer console at https://app.pinecone.io[39m
2026-03-02 07:00:28:028 [31merror[39m: [31m[RAG] Failed to save memory to Pinecone: Must pass in at least 1 record to upsert.[39m
2026-03-02 07:00:29:029 [31merror[39m: [31m[RAG] Failed to search memories in Pinecone: The API key you provided was rejected while calling https://api.pinecone.io/indexes/nova-memory. Please check your configuration values and try again. You can find the configuration values for your project in the Pinecone developer console at https://app.pinecone.io[39m
2026-03-02 07:00:50:050 [31merror[39m: [31m[RAG] Failed to save memory to Pinecone: Must pass in at least 1 record to upsert.[39m
2026-03-02 07:00:51:051 [31merror[39m: [31m[RAG] Failed to search memories in Pinecone: The API key you provided was rejected while calling https://api.pinecone.io/indexes/nova-memory. Please check your configuration values and try again. You can find the configuration values for your project in the Pinecone developer console at https://app.pinecone.io[39m
2026-03-02 07:01:17:117 [31merror[39m: [31m[RAG] Failed to save memory to Pinecone: Must pass in at least 1 record to upsert.[39m
2026-03-02 07:01:18:118 [31merror[39m: [31m[RAG] Failed to search memories in Pinecone: The API key you provided was rejected while calling https://api.pinecone.io/indexes/nova-memory. Please check your configuration values and try again. You can find the configuration values for your project in the Pinecone developer console at https://app.pinecone.io[39m
2026-03-02 16:20:40:2040 [31merror[39m: [31mPresence Offline Error for 4009bace-ec0f-4b32-8668-336067ba3c7d: [39m
[31mInvalid `prisma.user.update()` invocation in[39m
[31mD:\pfe\pfe 0.3\soullink-backend\src\server.ts:103:39[39m

[31m  100 userSockets.delete(user.id);[39m
[31m  101 // Last connection closed: set offline[39m
[31m  102 try {[39m
[31m→ 103     await prisma.user.update([39m
[31mCan't reach database server at `ep-withered-salad-agxzvgfm-pooler.c-2.eu-central-1.aws.neon.tech:5432`[39m

[31mPlease make sure your database server is running at `ep-withered-salad-agxzvgfm-pooler.c-2.eu-central-1.aws.neon.tech:5432`.[39m
2026-03-02 16:20:45:2045 [31merror[39m: [31mSocket Auth: JWT verification failed for socket b3d010JpDhAh-I5pAAAO. Error: jwt expired[39m
2026-03-02 16:20:45:2045 [31merror[39m: [31mSocket Auth: JWT verification failed for socket lQKzdJzBMvjyNpKNAAAP. Error: jwt expired[39m
2026-03-02 16:24:43:2443 [31merror[39m: [31m[RAG] Failed to save memory to Pinecone: Must pass in at least 1 record to upsert.[39m
2026-03-02 16:24:44:2444 [31merror[39m: [31m[RAG] Failed to search memories in Pinecone: The API key you provided was rejected while calling https://api.pinecone.io/indexes/nova-memory. Please check your configuration values and try again. You can find the configuration values for your project in the Pinecone developer console at https://app.pinecone.io[39m
2026-03-02 16:25:05:255 [31merror[39m: [31m[RAG] Failed to save memory to Pinecone: Must pass in at least 1 record to upsert.[39m
2026-03-02 16:25:07:257 [31merror[39m: [31m[RAG] Failed to search memories in Pinecone: The API key you provided was rejected while calling https://api.pinecone.io/indexes/nova-memory. Please check your configuration values and try again. You can find the configuration values for your project in the Pinecone developer console at https://app.pinecone.io[39m
2026-03-02 18:07:30:730 [31merror[39m: [31mSocket Auth: JWT verification failed for socket eJJV8Mmgz09oYnzYAAAZ. Error: jwt expired[39m
2026-03-02 18:07:31:731 [31merror[39m: [31mSocket Auth: JWT verification failed for socket bdoaqIPNKpDHScNhAAAd. Error: jwt expired[39m
2026-03-02 18:07:31:731 [31merror[39m: [31mSocket Auth: JWT verification failed for socket kjIc0LVrlezRlD80AAAe. Error: jwt expired[39m
2026-03-02 18:07:31:731 [31merror[39m: [31mSocket Auth: JWT verification failed for socket AV-6p4S0bMPAuGmTAAAf. Error: jwt expired[39m
2026-03-03 01:00:05:05 [31merror[39m: [31mError in AI cron job: [39m
[31mInvalid `prisma.aIConversation.findMany()` invocation in[39m
[31mD:\pfe\pfe 0.3\soullink-backend\src\modules\ai-companion\ai.cron.ts:21:69[39m

[31m  18 // We want to find conversations where the LATEST message is older than 24 hours[39m
[31m  19 // This is a bit complex in Prisma, so let's find all conversations,[39m
[31m  20 // get their latest message, and see if it's old.[39m
[31m→ 21 const staledConversations = await prisma.aIConversation.findMany([39m
[31mCan't reach database server at `ep-withered-salad-agxzvgfm-pooler.c-2.eu-central-1.aws.neon.tech:5432`[39m

[31mPlease make sure your database server is running at `ep-withered-salad-agxzvgfm-pooler.c-2.eu-central-1.aws.neon.tech:5432`.[39m
2026-03-03 16:19:01:191 [31merror[39m: [31m[RAG] Failed to save memory to Pinecone: Must pass in at least 1 record to upsert.[39m
2026-03-03 16:19:02:192 [31merror[39m: [31m[RAG] Failed to search memories in Pinecone: The API key you provided was rejected while calling https://api.pinecone.io/indexes/nova-memory. Please check your configuration values and try again. You can find the configuration values for your project in the Pinecone developer console at https://app.pinecone.io[39m
2026-03-03 16:19:16:1916 [31merror[39m: [31m[RAG] Failed to save memory to Pinecone: Must pass in at least 1 record to upsert.[39m
2026-03-03 16:19:17:1917 [31merror[39m: [31m[RAG] Failed to search memories in Pinecone: The API key you provided was rejected while calling https://api.pinecone.io/indexes/nova-memory. Please check your configuration values and try again. You can find the configuration values for your project in the Pinecone developer console at https://app.pinecone.io[39m
2026-03-03 17:02:03:23 [31merror[39m: [31m[RAG] Failed to save memory to Pinecone: Must pass in at least 1 record to upsert.[39m
2026-03-03 17:02:04:24 [31merror[39m: [31m[RAG] Failed to search memories in Pinecone: The API key you provided was rejected while calling https://api.pinecone.io/indexes/nova-memory. Please check your configuration values and try again. You can find the configuration values for your project in the Pinecone developer console at https://app.pinecone.io[39m
2026-03-03 17:02:10:210 [31merror[39m: [31m[RAG] Failed to save memory to Pinecone: Must pass in at least 1 record to upsert.[39m
2026-03-03 17:02:11:211 [31merror[39m: [31m[RAG] Failed to search memories in Pinecone: The API key you provided was rejected while calling https://api.pinecone.io/indexes/nova-memory. Please check your configuration values and try again. You can find the configuration values for your project in the Pinecone developer console at https://app.pinecone.io[39m
2026-03-03 17:02:18:218 [31merror[39m: [31m[RAG] Failed to save memory to Pinecone: Must pass in at least 1 record to upsert.[39m
2026-03-03 17:02:19:219 [31merror[39m: [31m[RAG] Failed to search memories in Pinecone: The API key you provided was rejected while calling https://api.pinecone.io/indexes/nova-memory. Please check your configuration values and try again. You can find the configuration values for your project in the Pinecone developer console at https://app.pinecone.io[39m
2026-03-03 17:02:25:225 [31merror[39m: [31m[RAG] Failed to save memory to Pinecone: Must pass in at least 1 record to upsert.[39m
2026-03-03 17:02:26:226 [31merror[39m: [31m[RAG] Failed to search memories in Pinecone: The API key you provided was rejected while calling https://api.pinecone.io/indexes/nova-memory. Please check your configuration values and try again. You can find the configuration values for your project in the Pinecone developer console at https://app.pinecone.io[39m
2026-03-03 17:02:37:237 [31merror[39m: [31m[RAG] Failed to save memory to Pinecone: Must pass in at least 1 record to upsert.[39m
2026-03-03 17:02:37:237 [31merror[39m: [31m[RAG] Failed to search memories in Pinecone: The API key you provided was rejected while calling https://api.pinecone.io/indexes/nova-memory. Please check your configuration values and try again. You can find the configuration values for your project in the Pinecone developer console at https://app.pinecone.io[39m
2026-03-03 17:02:44:244 [31merror[39m: [31m[RAG] Failed to save memory to Pinecone: Must pass in at least 1 record to upsert.[39m
2026-03-03 17:02:44:244 [31merror[39m: [31m[RAG] Failed to search memories in Pinecone: The API key you provided was rejected while calling https://api.pinecone.io/indexes/nova-memory. Please check your configuration values and try again. You can find the configuration values for your project in the Pinecone developer console at https://app.pinecone.io[39m
2026-03-03 17:02:45:245 [31merror[39m: [31m[AI] Groq API Error (429) on attempt 1:[39m
2026-03-03 17:08:24:824 [31merror[39m: [31m[RAG] Failed to save memory to Pinecone: Must pass in at least 1 record to upsert.[39m
2026-03-03 17:08:25:825 [31merror[39m: [31m[RAG] Failed to search memories in Pinecone: The API key you provided was rejected while calling https://api.pinecone.io/indexes/nova-memory. Please check your configuration values and try again. You can find the configuration values for your project in the Pinecone developer console at https://app.pinecone.io[39m
2026-03-03 17:08:34:834 [31merror[39m: [31m[RAG] Failed to save memory to Pinecone: Must pass in at least 1 record to upsert.[39m
2026-03-03 17:08:35:835 [31merror[39m: [31m[RAG] Failed to search memories in Pinecone: The API key you provided was rejected while calling https://api.pinecone.io/indexes/nova-memory. Please check your configuration values and try again. You can find the configuration values for your project in the Pinecone developer console at https://app.pinecone.io[39m
2026-03-03 17:08:44:844 [31merror[39m: [31m[RAG] Failed to save memory to Pinecone: Must pass in at least 1 record to upsert.[39m
2026-03-03 17:08:44:844 [31merror[39m: [31m[RAG] Failed to search memories in Pinecone: The API key you provided was rejected while calling https://api.pinecone.io/indexes/nova-memory. Please check your configuration values and try again. You can find the configuration values for your project in the Pinecone developer console at https://app.pinecone.io[39m
2026-03-03 17:09:25:925 [31merror[39m: [31m[RAG] Failed to save memory to Pinecone: Must pass in at least 1 record to upsert.[39m
2026-03-03 17:09:25:925 [31merror[39m: [31m[RAG] Failed to search memories in Pinecone: The API key you provided was rejected while calling https://api.pinecone.io/indexes/nova-memory. Please check your configuration values and try again. You can find the configuration values for your project in the Pinecone developer console at https://app.pinecone.io[39m
2026-03-03 17:09:49:949 [31merror[39m: [31m[RAG] Failed to save memory to Pinecone: Must pass in at least 1 record to upsert.[39m
2026-03-03 17:09:49:949 [31merror[39m: [31m[RAG] Failed to search memories in Pinecone: The API key you provided was rejected while calling https://api.pinecone.io/indexes/nova-memory. Please check your configuration values and try again. You can find the configuration values for your project in the Pinecone developer console at https://app.pinecone.io[39m
2026-03-03 17:10:30:1030 [31merror[39m: [31m[RAG] Failed to save memory to Pinecone: Must pass in at least 1 record to upsert.[39m
2026-03-03 17:10:30:1030 [31merror[39m: [31m[RAG] Failed to search memories in Pinecone: The API key you provided was rejected while calling https://api.pinecone.io/indexes/nova-memory. Please check your configuration values and try again. You can find the configuration values for your project in the Pinecone developer console at https://app.pinecone.io[39m
2026-03-03 17:10:58:1058 [31merror[39m: [31m[RAG] Failed to save memory to Pinecone: Must pass in at least 1 record to upsert.[39m
2026-03-03 17:11:00:110 [31merror[39m: [31m[RAG] Failed to search memories in Pinecone: The API key you provided was rejected while calling https://api.pinecone.io/indexes/nova-memory. Please check your configuration values and try again. You can find the configuration values for your project in the Pinecone developer console at https://app.pinecone.io[39m
2026-03-03 17:16:33:1633 [31merror[39m: [31m[RAG] Failed to save memory to Pinecone: Must pass in at least 1 record to upsert.[39m
2026-03-03 17:16:34:1634 [31merror[39m: [31m[RAG] Failed to search memories in Pinecone: The API key you provided was rejected while calling https://api.pinecone.io/indexes/nova-memory. Please check your configuration values and try again. You can find the configuration values for your project in the Pinecone developer console at https://app.pinecone.io[39m
2026-03-03 17:16:50:1650 [31merror[39m: [31m[RAG] Failed to save memory to Pinecone: Must pass in at least 1 record to upsert.[39m
2026-03-03 17:16:51:1651 [31merror[39m: [31m[RAG] Failed to search memories in Pinecone: The API key you provided was rejected while calling https://api.pinecone.io/indexes/nova-memory. Please check your configuration values and try again. You can find the configuration values for your project in the Pinecone developer console at https://app.pinecone.io[39m
2026-03-03 17:17:01:171 [31merror[39m: [31m[RAG] Failed to save memory to Pinecone: Must pass in at least 1 record to upsert.[39m
2026-03-03 17:17:02:172 [31merror[39m: [31m[RAG] Failed to search memories in Pinecone: The API key you provided was rejected while calling https://api.pinecone.io/indexes/nova-memory. Please check your configuration values and try again. You can find the configuration values for your project in the Pinecone developer console at https://app.pinecone.io[39m
2026-03-03 17:17:32:1732 [31merror[39m: [31m[RAG] Failed to save memory to Pinecone: Must pass in at least 1 record to upsert.[39m
2026-03-03 17:17:32:1732 [31merror[39m: [31m[RAG] Failed to search memories in Pinecone: The API key you provided was rejected while calling https://api.pinecone.io/indexes/nova-memory. Please check your configuration values and try again. You can find the configuration values for your project in the Pinecone developer console at https://app.pinecone.io[39m
2026-03-03 17:18:27:1827 [31merror[39m: [31m[RAG] Failed to save memory to Pinecone: Must pass in at least 1 record to upsert.[39m
2026-03-03 17:18:28:1828 [31merror[39m: [31m[RAG] Failed to search memories in Pinecone: The API key you provided was rejected while calling https://api.pinecone.io/indexes/nova-memory. Please check your configuration values and try again. You can find the configuration values for your project in the Pinecone developer console at https://app.pinecone.io[39m
2026-03-03 17:38:38:3838 [31merror[39m: [31m[RAG] Failed to save memory to Pinecone: Must pass in at least 1 record to upsert.[39m
2026-03-03 17:38:39:3839 [31merror[39m: [31m[RAG] Failed to search memories in Pinecone: The API key you provided was rejected while calling https://api.pinecone.io/indexes/nova-memory. Please check your configuration values and try again. You can find the configuration values for your project in the Pinecone developer console at https://app.pinecone.io[39m
2026-03-03 17:39:06:396 [31merror[39m: [31m[RAG] Failed to save memory to Pinecone: Must pass in at least 1 record to upsert.[39m
2026-03-03 17:39:07:397 [31merror[39m: [31m[RAG] Failed to search memories in Pinecone: The API key you provided was rejected while calling https://api.pinecone.io/indexes/nova-memory. Please check your configuration values and try again. You can find the configuration values for your project in the Pinecone developer console at https://app.pinecone.io[39m
2026-03-03 17:39:24:3924 [31merror[39m: [31m[RAG] Failed to save memory to Pinecone: Must pass in at least 1 record to upsert.[39m
2026-03-03 17:39:25:3925 [31merror[39m: [31m[RAG] Failed to search memories in Pinecone: The API key you provided was rejected while calling https://api.pinecone.io/indexes/nova-memory. Please check your configuration values and try again. You can find the configuration values for your project in the Pinecone developer console at https://app.pinecone.io[39m
2026-03-03 17:39:58:3958 [31merror[39m: [31m[RAG] Failed to save memory to Pinecone: Must pass in at least 1 record to upsert.[39m
2026-03-03 17:39:59:3959 [31merror[39m: [31m[RAG] Failed to search memories in Pinecone: The API key you provided was rejected while calling https://api.pinecone.io/indexes/nova-memory. Please check your configuration values and try again. You can find the configuration values for your project in the Pinecone developer console at https://app.pinecone.io[39m
2026-03-03 17:40:41:4041 [31merror[39m: [31m[RAG] Failed to save memory to Pinecone: Must pass in at least 1 record to upsert.[39m
2026-03-03 17:40:42:4042 [31merror[39m: [31m[RAG] Failed to search memories in Pinecone: The API key you provided was rejected while calling https://api.pinecone.io/indexes/nova-memory. Please check your configuration values and try again. You can find the configuration values for your project in the Pinecone developer console at https://app.pinecone.io[39m
2026-03-03 17:40:49:4049 [31merror[39m: [31m[RAG] Failed to save memory to Pinecone: Must pass in at least 1 record to upsert.[39m
2026-03-03 17:40:50:4050 [31merror[39m: [31m[RAG] Failed to search memories in Pinecone: The API key you provided was rejected while calling https://api.pinecone.io/indexes/nova-memory. Please check your configuration values and try again. You can find the configuration values for your project in the Pinecone developer console at https://app.pinecone.io[39m
2026-03-03 17:43:39:4339 [31merror[39m: [31m[RAG] Failed to save memory to Pinecone: Must pass in at least 1 record to upsert.[39m
2026-03-03 17:43:39:4339 [31merror[39m: [31m[RAG] Failed to search memories in Pinecone: The API key you provided was rejected while calling https://api.pinecone.io/indexes/nova-memory. Please check your configuration values and try again. You can find the configuration values for your project in the Pinecone developer console at https://app.pinecone.io[39m
2026-03-03 17:44:05:445 [31merror[39m: [31m[RAG] Failed to save memory to Pinecone: Must pass in at least 1 record to upsert.[39m
2026-03-03 17:44:06:446 [31merror[39m: [31m[RAG] Failed to search memories in Pinecone: The API key you provided was rejected while calling https://api.pinecone.io/indexes/nova-memory. Please check your configuration values and try again. You can find the configuration values for your project in the Pinecone developer console at https://app.pinecone.io[39m
2026-03-03 17:44:37:4437 [31merror[39m: [31m[RAG] Failed to save memory to Pinecone: Must pass in at least 1 record to upsert.[39m
2026-03-03 17:44:38:4438 [31merror[39m: [31m[RAG] Failed to search memories in Pinecone: The API key you provided was rejected while calling https://api.pinecone.io/indexes/nova-memory. Please check your configuration values and try again. You can find the configuration values for your project in the Pinecone developer console at https://app.pinecone.io[39m
2026-03-03 17:46:22:4622 [31merror[39m: [31m[RAG] Failed to save memory to Pinecone: Must pass in at least 1 record to upsert.[39m
2026-03-03 17:46:23:4623 [31merror[39m: [31m[RAG] Failed to search memories in Pinecone: The API key you provided was rejected while calling https://api.pinecone.io/indexes/nova-memory. Please check your configuration values and try again. You can find the configuration values for your project in the Pinecone developer console at https://app.pinecone.io[39m
2026-03-03 17:49:56:4956 [31merror[39m: [31m[RAG] Failed to save memory to Pinecone: Must pass in at least 1 record to upsert.[39m
2026-03-03 17:49:57:4957 [31merror[39m: [31m[RAG] Failed to search memories in Pinecone: The API key you provided was rejected while calling https://api.pinecone.io/indexes/nova-memory. Please check your configuration values and try again. You can find the configuration values for your project in the Pinecone developer console at https://app.pinecone.io[39m
2026-03-03 17:50:24:5024 [31merror[39m: [31m[RAG] Failed to save memory to Pinecone: Must pass in at least 1 record to upsert.[39m
2026-03-03 17:50:25:5025 [31merror[39m: [31m[RAG] Failed to search memories in Pinecone: The API key you provided was rejected while calling https://api.pinecone.io/indexes/nova-memory. Please check your configuration values and try again. You can find the configuration values for your project in the Pinecone developer console at https://app.pinecone.io[39m
2026-03-03 17:50:49:5049 [31merror[39m: [31m[RAG] Failed to save memory to Pinecone: Must pass in at least 1 record to upsert.[39m
2026-03-03 17:50:49:5049 [31merror[39m: [31m[RAG] Failed to search memories in Pinecone: The API key you provided was rejected while calling https://api.pinecone.io/indexes/nova-memory. Please check your configuration values and try again. You can find the configuration values for your project in the Pinecone developer console at https://app.pinecone.io[39m
2026-03-03 17:50:50:5050 [31merror[39m: [31m[AI] Groq API Error (429) on attempt 1:[39m
2026-03-03 17:51:01:511 [31merror[39m: [31m[RAG] Failed to save memory to Pinecone: Must pass in at least 1 record to upsert.[39m
2026-03-03 17:51:02:512 [31merror[39m: [31m[RAG] Failed to search memories in Pinecone: The API key you provided was rejected while calling https://api.pinecone.io/indexes/nova-memory. Please check your configuration values and try again. You can find the configuration values for your project in the Pinecone developer console at https://app.pinecone.io[39m
2026-03-03 17:51:02:512 [31merror[39m: [31m[AI] Groq API Error (429) on attempt 1:[39m
2026-03-03 17:51:03:513 [31merror[39m: [31mFact extraction failed: API error[39m
2026-03-03 17:51:25:5125 [31merror[39m: [31m[RAG] Failed to save memory to Pinecone: Must pass in at least 1 record to upsert.[39m
2026-03-03 17:51:26:5126 [31merror[39m: [31m[RAG] Failed to search memories in Pinecone: The API key you provided was rejected while calling https://api.pinecone.io/indexes/nova-memory. Please check your configuration values and try again. You can find the configuration values for your project in the Pinecone developer console at https://app.pinecone.io[39m
2026-03-03 17:51:26:5126 [31merror[39m: [31m[AI] Groq API Error (429) on attempt 1:[39m
2026-03-03 17:51:26:5126 [31merror[39m: [31m[AI] Groq API Error (429) on attempt 1:[39m
2026-03-03 17:51:26:5126 [31merror[39m: [31m[AI] Groq API Error (429) on attempt 2:[39m
2026-03-03 17:51:27:5127 [31merror[39m: [31m[AI] Groq API Error (429) on attempt 2:[39m
2026-03-03 17:51:39:5139 [31merror[39m: [31m[AI] Groq API Error (429) on attempt 1:[39m
2026-03-03 17:51:40:5140 [31merror[39m: [31m[AI] Groq API Error (429) on attempt 2:[39m
2026-03-03 18:40:33:4033 [31merror[39m: [31mPresence Offline Error for 4009bace-ec0f-4b32-8668-336067ba3c7d: [39m
[31mInvalid `prisma.user.update()` invocation in[39m
[31mD:\pfe\pfe 0.3\soullink-backend\src\server.ts:103:39[39m

[31m  100 userSockets.delete(user.id);[39m
[31m  101 // Last connection closed: set offline[39m
[31m  102 try {[39m
[31m→ 103     await prisma.user.update([39m
[31mCan't reach database server at `ep-withered-salad-agxzvgfm-pooler.c-2.eu-central-1.aws.neon.tech:5432`[39m

[31mPlease make sure your database server is running at `ep-withered-salad-agxzvgfm-pooler.c-2.eu-central-1.aws.neon.tech:5432`.[39m
2026-03-03 18:40:38:4038 [31merror[39m: [31mSocket Auth: JWT verification failed for socket csSYUPR5d3IkwoYNAAAK. Error: jwt expired[39m
2026-03-03 18:40:38:4038 [31merror[39m: [31mSocket Auth: JWT verification failed for socket eKFt2YppxCV5m4awAAAL. Error: jwt expired[39m
2026-03-04 01:00:06:06 [31merror[39m: [31mError in AI cron job: [39m
[31mInvalid `prisma.aIConversation.findMany()` invocation in[39m
[31mD:\pfe\pfe 0.3\soullink-backend\src\modules\ai-companion\ai.cron.ts:21:69[39m

[31m  18 // We want to find conversations where the LATEST message is older than 24 hours[39m
[31m  19 // This is a bit complex in Prisma, so let's find all conversations,[39m
[31m  20 // get their latest message, and see if it's old.[39m
[31m→ 21 const staledConversations = await prisma.aIConversation.findMany([39m
[31mCan't reach database server at `ep-withered-salad-agxzvgfm-pooler.c-2.eu-central-1.aws.neon.tech:5432`[39m

[31mPlease make sure your database server is running at `ep-withered-salad-agxzvgfm-pooler.c-2.eu-central-1.aws.neon.tech:5432`.[39m
2026-03-04 01:12:34:1234 [31merror[39m: [31mSocket Auth: JWT verification failed for socket _QpsbpFoOXtx-MBhAAAO. Error: jwt expired[39m
2026-03-04 01:12:34:1234 [31merror[39m: [31mSocket Auth: JWT verification failed for socket Wzdc7CEXU02AaE7MAAAP. Error: jwt expired[39m
2026-03-04 01:12:54:1254 [31merror[39m: [31m[RAG] Failed to save memory to Pinecone: Must pass in at least 1 record to upsert.[39m
2026-03-04 01:12:55:1255 [31merror[39m: [31m[RAG] Failed to search memories in Pinecone: The API key you provided was rejected while calling https://api.pinecone.io/indexes/nova-memory. Please check your configuration values and try again. You can find the configuration values for your project in the Pinecone developer console at https://app.pinecone.io[39m
2026-03-04 01:13:09:139 [31merror[39m: [31m[RAG] Failed to save memory to Pinecone: Must pass in at least 1 record to upsert.[39m
2026-03-04 01:13:10:1310 [31merror[39m: [31m[RAG] Failed to search memories in Pinecone: The API key you provided was rejected while calling https://api.pinecone.io/indexes/nova-memory. Please check your configuration values and try again. You can find the configuration values for your project in the Pinecone developer console at https://app.pinecone.io[39m
2026-03-04 01:13:54:1354 [31merror[39m: [31m[RAG] Failed to save memory to Pinecone: Must pass in at least 1 record to upsert.[39m
2026-03-04 01:13:55:1355 [31merror[39m: [31m[RAG] Failed to search memories in Pinecone: The API key you provided was rejected while calling https://api.pinecone.io/indexes/nova-memory. Please check your configuration values and try again. You can find the configuration values for your project in the Pinecone developer console at https://app.pinecone.io[39m
2026-03-04 01:14:27:1427 [31merror[39m: [31m[RAG] Failed to save memory to Pinecone: Must pass in at least 1 record to upsert.[39m
2026-03-04 01:14:29:1429 [31merror[39m: [31m[RAG] Failed to search memories in Pinecone: The API key you provided was rejected while calling https://api.pinecone.io/indexes/nova-memory. Please check your configuration values and try again. You can find the configuration values for your project in the Pinecone developer console at https://app.pinecone.io[39m
2026-03-04 01:14:50:1450 [31merror[39m: [31m[RAG] Failed to save memory to Pinecone: Must pass in at least 1 record to upsert.[39m
2026-03-04 01:14:51:1451 [31merror[39m: [31m[RAG] Failed to search memories in Pinecone: The API key you provided was rejected while calling https://api.pinecone.io/indexes/nova-memory. Please check your configuration values and try again. You can find the configuration values for your project in the Pinecone developer console at https://app.pinecone.io[39m
2026-03-04 01:15:06:156 [31merror[39m: [31m[RAG] Failed to save memory to Pinecone: Must pass in at least 1 record to upsert.[39m
2026-03-04 01:15:07:157 [31merror[39m: [31m[RAG] Failed to search memories in Pinecone: The API key you provided was rejected while calling https://api.pinecone.io/indexes/nova-memory. Please check your configuration values and try again. You can find the configuration values for your project in the Pinecone developer console at https://app.pinecone.io[39m
2026-03-04 01:15:27:1527 [31merror[39m: [31m[RAG] Failed to save memory to Pinecone: Must pass in at least 1 record to upsert.[39m
2026-03-04 01:15:28:1528 [31merror[39m: [31m[RAG] Failed to search memories in Pinecone: The API key you provided was rejected while calling https://api.pinecone.io/indexes/nova-memory. Please check your configuration values and try again. You can find the configuration values for your project in the Pinecone developer console at https://app.pinecone.io[39m
2026-03-04 01:15:45:1545 [31merror[39m: [31m[RAG] Failed to save memory to Pinecone: Must pass in at least 1 record to upsert.[39m
2026-03-04 01:15:46:1546 [31merror[39m: [31m[RAG] Failed to search memories in Pinecone: The API key you provided was rejected while calling https://api.pinecone.io/indexes/nova-memory. Please check your configuration values and try again. You can find the configuration values for your project in the Pinecone developer console at https://app.pinecone.io[39m
2026-03-04 01:18:21:1821 [31merror[39m: [31m[RAG] Failed to save memory to Pinecone: Must pass in at least 1 record to upsert.[39m
2026-03-04 01:18:22:1822 [31merror[39m: [31m[RAG] Failed to search memories in Pinecone: The API key you provided was rejected while calling https://api.pinecone.io/indexes/nova-memory. Please check your configuration values and try again. You can find the configuration values for your project in the Pinecone developer console at https://app.pinecone.io[39m
2026-03-04 01:18:23:1823 [31merror[39m: [31mFact extraction failed: API error[39m
2026-03-04 01:18:30:1830 [31merror[39m: [31m[RAG] Failed to save memory to Pinecone: Must pass in at least 1 record to upsert.[39m
2026-03-04 01:18:31:1831 [31merror[39m: [31m[RAG] Failed to search memories in Pinecone: The API key you provided was rejected while calling https://api.pinecone.io/indexes/nova-memory. Please check your configuration values and try again. You can find the configuration values for your project in the Pinecone developer console at https://app.pinecone.io[39m
2026-03-04 01:18:31:1831 [31merror[39m: [31m[AI] Groq API Error (429) on attempt 1:[39m
2026-03-04 01:18:32:1832 [31merror[39m: [31mFact extraction failed: API error[39m
2026-03-04 01:18:49:1849 [31merror[39m: [31m[RAG] Failed to save memory to Pinecone: Must pass in at least 1 record to upsert.[39m
2026-03-04 01:18:50:1850 [31merror[39m: [31m[RAG] Failed to search memories in Pinecone: The API key you provided was rejected while calling https://api.pinecone.io/indexes/nova-memory. Please check your configuration values and try again. You can find the configuration values for your project in the Pinecone developer console at https://app.pinecone.io[39m
2026-03-04 01:18:50:1850 [31merror[39m: [31m[AI] Groq API Error (429) on attempt 1:[39m
2026-03-04 01:18:52:1852 [31merror[39m: [31mFact extraction failed: API error[39m
2026-03-04 01:24:30:2430 [31merror[39m: [31m[RAG] Failed to save memory to Pinecone: Must pass in at least 1 record to upsert.[39m
2026-03-04 01:24:31:2431 [31merror[39m: [31m[RAG] Failed to search memories in Pinecone: The API key you provided was rejected while calling https://api.pinecone.io/indexes/nova-memory. Please check your configuration values and try again. You can find the configuration values for your project in the Pinecone developer console at https://app.pinecone.io[39m
2026-03-04 01:24:31:2431 [31merror[39m: [31m[AI] Groq API Error (429) on attempt 1:[39m
2026-03-04 01:24:50:2450 [31merror[39m: [31m[RAG] Failed to save memory to Pinecone: Must pass in at least 1 record to upsert.[39m
2026-03-04 01:24:51:2451 [31merror[39m: [31m[RAG] Failed to search memories in Pinecone: The API key you provided was rejected while calling https://api.pinecone.io/indexes/nova-memory. Please check your configuration values and try again. You can find the configuration values for your project in the Pinecone developer console at https://app.pinecone.io[39m
2026-03-04 01:24:51:2451 [31merror[39m: [31m[AI] Groq API Error (429) on attempt 1:[39m
2026-03-04 01:24:52:2452 [31merror[39m: [31mFact extraction failed: API error[39m
2026-03-04 01:25:30:2530 [31merror[39m: [31m[RAG] Failed to save memory to Pinecone: Must pass in at least 1 record to upsert.[39m
2026-03-04 01:25:30:2530 [31merror[39m: [31m[RAG] Failed to search memories in Pinecone: The API key you provided was rejected while calling https://api.pinecone.io/indexes/nova-memory. Please check your configuration values and try again. You can find the configuration values for your project in the Pinecone developer console at https://app.pinecone.io[39m
2026-03-04 01:25:30:2530 [31merror[39m: [31m[AI] Groq API Error (429) on attempt 1:[39m
2026-03-04 01:25:31:2531 [31merror[39m: [31mFact extraction failed: API error[39m
2026-03-04 01:25:49:2549 [31merror[39m: [31m[RAG] Failed to save memory to Pinecone: Must pass in at least 1 record to upsert.[39m
2026-03-04 01:25:50:2550 [31merror[39m: [31m[RAG] Failed to search memories in Pinecone: The API key you provided was rejected while calling https://api.pinecone.io/indexes/nova-memory. Please check your configuration values and try again. You can find the configuration values for your project in the Pinecone developer console at https://app.pinecone.io[39m
2026-03-04 01:25:50:2550 [31merror[39m: [31m[AI] Groq API Error (429) on attempt 1:[39m
2026-03-04 01:25:51:2551 [31merror[39m: [31mFact extraction failed: API error[39m
2026-03-04 01:26:09:269 [31merror[39m: [31m[RAG] Failed to save memory to Pinecone: Must pass in at least 1 record to upsert.[39m
2026-03-04 01:26:10:2610 [31merror[39m: [31m[RAG] Failed to search memories in Pinecone: The API key you provided was rejected while calling https://api.pinecone.io/indexes/nova-memory. Please check your configuration values and try again. You can find the configuration values for your project in the Pinecone developer console at https://app.pinecone.io[39m
2026-03-04 01:26:10:2610 [31merror[39m: [31m[AI] Groq API Error (429) on attempt 1:[39m
2026-03-04 01:26:11:2611 [31merror[39m: [31mFact extraction failed: API error[39m
2026-03-04 01:26:50:2650 [31merror[39m: [31m[RAG] Failed to save memory to Pinecone: Must pass in at least 1 record to upsert.[39m
2026-03-04 01:26:51:2651 [31merror[39m: [31m[RAG] Failed to search memories in Pinecone: The API key you provided was rejected while calling https://api.pinecone.io/indexes/nova-memory. Please check your configuration values and try again. You can find the configuration values for your project in the Pinecone developer console at https://app.pinecone.io[39m
2026-03-04 01:26:51:2651 [31merror[39m: [31m[AI] Groq API Error (429) on attempt 1:[39m
2026-03-04 01:26:52:2652 [31merror[39m: [31mFact extraction failed: API error[39m
2026-03-04 01:28:05:285 [31merror[39m: [31m[RAG] Failed to save memory to Pinecone: Must pass in at least 1 record to upsert.[39m
2026-03-04 01:28:06:286 [31merror[39m: [31m[RAG] Failed to search memories in Pinecone: The API key you provided was rejected while calling https://api.pinecone.io/indexes/nova-memory. Please check your configuration values and try again. You can find the configuration values for your project in the Pinecone developer console at https://app.pinecone.io[39m
2026-03-04 01:28:06:286 [31merror[39m: [31m[AI] Groq API Error (429) on attempt 1:[39m
2026-03-04 01:28:07:287 [31merror[39m: [31mFact extraction failed: API error[39m
2026-03-04 01:28:16:2816 [31merror[39m: [31m[RAG] Failed to save memory to Pinecone: Must pass in at least 1 record to upsert.[39m
2026-03-04 01:28:17:2817 [31merror[39m: [31m[RAG] Failed to search memories in Pinecone: The API key you provided was rejected while calling https://api.pinecone.io/indexes/nova-memory. Please check your configuration values and try again. You can find the configuration values for your project in the Pinecone developer console at https://app.pinecone.io[39m
2026-03-04 01:28:17:2817 [31merror[39m: [31m[AI] Groq API Error (429) on attempt 1:[39m
2026-03-04 01:28:18:2818 [31merror[39m: [31mFact extraction failed: API error[39m
2026-03-04 01:28:29:2829 [31merror[39m: [31m[RAG] Failed to save memory to Pinecone: Must pass in at least 1 record to upsert.[39m
2026-03-04 01:28:30:2830 [31merror[39m: [31m[RAG] Failed to search memories in Pinecone: The API key you provided was rejected while calling https://api.pinecone.io/indexes/nova-memory. Please check your configuration values and try again. You can find the configuration values for your project in the Pinecone developer console at https://app.pinecone.io[39m
2026-03-04 01:28:30:2830 [31merror[39m: [31m[AI] Groq API Error (429) on attempt 1:[39m
2026-03-04 01:28:31:2831 [31merror[39m: [31mFact extraction failed: API error[39m
2026-03-04 01:28:48:2848 [31merror[39m: [31m[RAG] Failed to save memory to Pinecone: Must pass in at least 1 record to upsert.[39m
2026-03-04 01:28:48:2848 [31merror[39m: [31m[RAG] Failed to search memories in Pinecone: The API key you provided was rejected while calling https://api.pinecone.io/indexes/nova-memory. Please check your configuration values and try again. You can find the configuration values for your project in the Pinecone developer console at https://app.pinecone.io[39m
2026-03-04 01:28:49:2849 [31merror[39m: [31m[AI] Groq API Error (429) on attempt 1:[39m
2026-03-04 01:28:49:2849 [31merror[39m: [31m[AI] Groq API Error (429) on attempt 2:[39m
2026-03-04 01:29:04:294 [31merror[39m: [31m[RAG] Failed to save memory to Pinecone: Must pass in at least 1 record to upsert.[39m
2026-03-04 01:29:05:295 [31merror[39m: [31m[RAG] Failed to search memories in Pinecone: The API key you provided was rejected while calling https://api.pinecone.io/indexes/nova-memory. Please check your configuration values and try again. You can find the configuration values for your project in the Pinecone developer console at https://app.pinecone.io[39m
2026-03-04 01:29:05:295 [31merror[39m: [31m[AI] Groq API Error (429) on attempt 1:[39m
2026-03-04 01:29:06:296 [31merror[39m: [31mFact extraction failed: API error[39m
2026-03-04 01:29:34:2934 [31merror[39m: [31m[RAG] Failed to save memory to Pinecone: Must pass in at least 1 record to upsert.[39m
2026-03-04 01:29:35:2935 [31merror[39m: [31m[RAG] Failed to search memories in Pinecone: The API key you provided was rejected while calling https://api.pinecone.io/indexes/nova-memory. Please check your configuration values and try again. You can find the configuration values for your project in the Pinecone developer console at https://app.pinecone.io[39m
2026-03-04 01:29:35:2935 [31merror[39m: [31m[AI] Groq API Error (429) on attempt 1:[39m
2026-03-04 01:29:35:2935 [31merror[39m: [31m[AI] Groq API Error (429) on attempt 2:[39m
2026-03-04 01:29:46:2946 [31merror[39m: [31m[AI] Groq API Error (429) on attempt 1:[39m
2026-03-04 01:29:47:2947 [31merror[39m: [31m[AI] Groq API Error (429) on attempt 2:[39m
2026-03-04 02:14:46:1446 [31merror[39m: [31mSocket Auth: JWT verification failed for socket HJ_JvJQM3DDg5Wk9AAA6. Error: jwt expired[39m
2026-03-04 02:14:46:1446 [31merror[39m: [31mSocket Auth: JWT verification failed for socket RLLfgFRgYFYEdLpVAAA7. Error: jwt expired[39m
2026-03-04 02:24:41:2441 [31merror[39m: [31m[RAG] Failed to save memory to Pinecone: Must pass in at least 1 record to upsert.[39m
2026-03-04 02:24:42:2442 [31merror[39m: [31m[RAG] Failed to search memories in Pinecone: The API key you provided was rejected while calling https://api.pinecone.io/indexes/nova-memory. Please check your configuration values and try again. You can find the configuration values for your project in the Pinecone developer console at https://app.pinecone.io[39m
2026-03-04 02:25:10:2510 [31merror[39m: [31m[RAG] Failed to save memory to Pinecone: Must pass in at least 1 record to upsert.[39m
2026-03-04 02:25:11:2511 [31merror[39m: [31m[RAG] Failed to search memories in Pinecone: The API key you provided was rejected while calling https://api.pinecone.io/indexes/nova-memory. Please check your configuration values and try again. You can find the configuration values for your project in the Pinecone developer console at https://app.pinecone.io[39m
2026-03-04 02:25:11:2511 [31merror[39m: [31m[AI] Groq API Error (429) on attempt 1:[39m
2026-03-04 02:25:31:2531 [31merror[39m: [31m[RAG] Failed to save memory to Pinecone: Must pass in at least 1 record to upsert.[39m
2026-03-04 02:25:32:2532 [31merror[39m: [31m[RAG] Failed to search memories in Pinecone: The API key you provided was rejected while calling https://api.pinecone.io/indexes/nova-memory. Please check your configuration values and try again. You can find the configuration values for your project in the Pinecone developer console at https://app.pinecone.io[39m
2026-03-04 02:25:32:2532 [31merror[39m: [31m[AI] Groq API Error (429) on attempt 1:[39m
2026-03-04 02:25:33:2533 [31merror[39m: [31mFact extraction failed: API error[39m
2026-03-04 02:25:58:2558 [31merror[39m: [31m[RAG] Failed to save memory to Pinecone: Must pass in at least 1 record to upsert.[39m
2026-03-04 02:25:59:2559 [31merror[39m: [31m[RAG] Failed to search memories in Pinecone: The API key you provided was rejected while calling https://api.pinecone.io/indexes/nova-memory. Please check your configuration values and try again. You can find the configuration values for your project in the Pinecone developer console at https://app.pinecone.io[39m
2026-03-04 02:26:00:260 [31merror[39m: [31m[AI] Groq API Error (429) on attempt 1:[39m
2026-03-04 02:26:01:261 [31merror[39m: [31mFact extraction failed: API error[39m
2026-03-04 02:26:21:2621 [31merror[39m: [31m[RAG] Failed to save memory to Pinecone: Must pass in at least 1 record to upsert.[39m
2026-03-04 02:26:22:2622 [31merror[39m: [31m[RAG] Failed to search memories in Pinecone: The API key you provided was rejected while calling https://api.pinecone.io/indexes/nova-memory. Please check your configuration values and try again. You can find the configuration values for your project in the Pinecone developer console at https://app.pinecone.io[39m
2026-03-04 02:26:22:2622 [31merror[39m: [31m[AI] Groq API Error (429) on attempt 1:[39m
2026-03-04 02:26:23:2623 [31merror[39m: [31mFact extraction failed: API error[39m
2026-03-04 02:26:55:2655 [31merror[39m: [31m[RAG] Failed to save memory to Pinecone: Must pass in at least 1 record to upsert.[39m
2026-03-04 02:26:56:2656 [31merror[39m: [31m[RAG] Failed to search memories in Pinecone: The API key you provided was rejected while calling https://api.pinecone.io/indexes/nova-memory. Please check your configuration values and try again. You can find the configuration values for your project in the Pinecone developer console at https://app.pinecone.io[39m
2026-03-04 02:26:56:2656 [31merror[39m: [31m[AI] Groq API Error (429) on attempt 1:[39m
2026-03-04 02:26:56:2656 [31merror[39m: [31m[AI] Groq API Error (429) on attempt 2:[39m
2026-03-04 02:27:34:2734 [31merror[39m: [31m[RAG] Failed to save memory to Pinecone: Must pass in at least 1 record to upsert.[39m
2026-03-04 02:27:35:2735 [31merror[39m: [31m[RAG] Failed to search memories in Pinecone: The API key you provided was rejected while calling https://api.pinecone.io/indexes/nova-memory. Please check your configuration values and try again. You can find the configuration values for your project in the Pinecone developer console at https://app.pinecone.io[39m
2026-03-04 02:27:35:2735 [31merror[39m: [31m[AI] Groq API Error (429) on attempt 1:[39m
2026-03-04 02:27:36:2736 [31merror[39m: [31mFact extraction failed: API error[39m
2026-03-04 02:29:38:2938 [31merror[39m: [31m[RAG] Failed to save memory to Pinecone: Must pass in at least 1 record to upsert.[39m
2026-03-04 02:29:39:2939 [31merror[39m: [31m[RAG] Failed to search memories in Pinecone: The API key you provided was rejected while calling https://api.pinecone.io/indexes/nova-memory. Please check your configuration values and try again. You can find the configuration values for your project in the Pinecone developer console at https://app.pinecone.io[39m
2026-03-04 02:29:39:2939 [31merror[39m: [31m[AI] Groq API Error (429) on attempt 1:[39m
2026-03-04 02:29:40:2940 [31merror[39m: [31mFact extraction failed: API error[39m
2026-03-04 02:29:56:2956 [31merror[39m: [31m[RAG] Failed to search memories in Pinecone: The API key you provided was rejected while calling https://api.pinecone.io/indexes/nova-memory. Please check your configuration values and try again. You can find the configuration values for your project in the Pinecone developer console at https://app.pinecone.io[39m
2026-03-04 02:29:56:2956 [31merror[39m: [31m[AI] Groq API Error (429) on attempt 1:[39m
2026-03-04 02:29:57:2957 [31merror[39m: [31mFact extraction failed: API error[39m
2026-03-04 02:29:58:2958 [31merror[39m: [31m[RAG] Failed to save memory to Pinecone: Must pass in at least 1 record to upsert.[39m
2026-03-04 03:18:03:183 [31merror[39m: [31mSocket Auth: JWT verification failed for socket BHilw_wS6pX62MpGAAAC. Error: jwt expired[39m
2026-03-04 03:18:03:183 [31merror[39m: [31mSocket Auth: JWT verification failed for socket kmNSxrtcY9IH8uhfAAAD. Error: jwt expired[39m
2026-03-04 03:28:25:2825 [31merror[39m: [31mFailed to send SMS via Sendmator: Sendmator Error: {"statusCode":404,"timestamp":"2026-03-04T02:28:25.295Z","path":"/v1/messages/send","method":"POST","error":"Not Found","message":"Cannot POST /v1/messages/send"}[39m
2026-03-04 03:48:16:4816 [31merror[39m: [31mSendmator Exact Error: {"statusCode":400,"timestamp":"2026-03-04T02:48:15.649Z","path":"/api/v1/messages/send","method":"POST","error":"Bad Request","message":["property recipients should not exist","property channels should not exist","property message should not exist","recipient_type should not be empty","recipient_type must be one of the following values: contact, tag, all, segment, direct_email, direct_sms, direct_whatsapp"]}[39m
2026-03-04 03:48:16:4816 [31merror[39m: [31mFailed to send SMS via Sendmator: Sendmator API failed: 400 - {"statusCode":400,"timestamp":"2026-03-04T02:48:15.649Z","path":"/api/v1/messages/send","method":"POST","error":"Bad Request","message":["property recipients should not exist","property channels should not exist","property message should not exist","recipient_type should not be empty","recipient_type must be one of the following values: contact, tag, all, segment, direct_email, direct_sms, direct_whatsapp"]}[39m
2026-03-05 00:26:25:2625 [31merror[39m: [31m[RAG] Failed to save memory to Pinecone: Must pass in at least 1 record to upsert.[39m
2026-03-05 00:26:28:2628 [31merror[39m: [31m[RAG] Failed to search memories in Pinecone: The API key you provided was rejected while calling https://api.pinecone.io/indexes/nova-memory. Please check your configuration values and try again. You can find the configuration values for your project in the Pinecone developer console at https://app.pinecone.io[39m
2026-03-05 00:26:37:2637 [31merror[39m: [31m[RAG] Failed to save memory to Pinecone: Must pass in at least 1 record to upsert.[39m
2026-03-05 00:26:38:2638 [31merror[39m: [31m[RAG] Failed to search memories in Pinecone: The API key you provided was rejected while calling https://api.pinecone.io/indexes/nova-memory. Please check your configuration values and try again. You can find the configuration values for your project in the Pinecone developer console at https://app.pinecone.io[39m
2026-03-05 01:22:32:2232 [31merror[39m: [31m[RAG] Failed to save memory to Pinecone: Must pass in at least 1 record to upsert.[39m
2026-03-05 01:22:33:2233 [31merror[39m: [31m[RAG] Failed to search memories in Pinecone: The API key you provided was rejected while calling https://api.pinecone.io/indexes/nova-memory. Please check your configuration values and try again. You can find the configuration values for your project in the Pinecone developer console at https://app.pinecone.io[39m
2026-03-05 01:57:01:571 [31merror[39m: [31m[RAG] Failed to save memory to Pinecone: Must pass in at least 1 record to upsert.[39m
2026-03-05 01:57:02:572 [31merror[39m: [31m[RAG] Failed to search memories in Pinecone: The API key you provided was rejected while calling https://api.pinecone.io/indexes/nova-memory. Please check your configuration values and try again. You can find the configuration values for your project in the Pinecone developer console at https://app.pinecone.io[39m
2026-03-05 01:58:01:581 [31merror[39m: [31m[RAG] Failed to save memory to Pinecone: Must pass in at least 1 record to upsert.[39m
2026-03-05 01:58:02:582 [31merror[39m: [31m[RAG] Failed to search memories in Pinecone: The API key you provided was rejected while calling https://api.pinecone.io/indexes/nova-memory. Please check your configuration values and try again. You can find the configuration values for your project in the Pinecone developer console at https://app.pinecone.io[39m
2026-03-05 01:58:36:5836 [31merror[39m: [31m[RAG] Failed to save memory to Pinecone: Must pass in at least 1 record to upsert.[39m
2026-03-05 01:58:37:5837 [31merror[39m: [31m[RAG] Failed to search memories in Pinecone: The API key you provided was rejected while calling https://api.pinecone.io/indexes/nova-memory. Please check your configuration values and try again. You can find the configuration values for your project in the Pinecone developer console at https://app.pinecone.io[39m
2026-03-05 03:41:08:418 [31merror[39m: [31m[RAG] Failed to save memory to Pinecone: Must pass in at least 1 record to upsert.[39m
2026-03-05 03:41:09:419 [31merror[39m: [31m[RAG] Failed to search memories in Pinecone: The API key you provided was rejected while calling https://api.pinecone.io/indexes/nova-memory. Please check your configuration values and try again. You can find the configuration values for your project in the Pinecone developer console at https://app.pinecone.io[39m
2026-03-05 03:41:26:4126 [31merror[39m: [31m[RAG] Failed to save memory to Pinecone: Must pass in at least 1 record to upsert.[39m
2026-03-05 03:41:26:4126 [31merror[39m: [31m[RAG] Failed to search memories in Pinecone: The API key you provided was rejected while calling https://api.pinecone.io/indexes/nova-memory. Please check your configuration values and try again. You can find the configuration values for your project in the Pinecone developer console at https://app.pinecone.io[39m
2026-03-05 03:56:55:5655 [31merror[39m: [31m[RAG] Failed to save memory to Pinecone: Must pass in at least 1 record to upsert.[39m
2026-03-05 03:56:57:5657 [31merror[39m: [31m[RAG] Failed to search memories in Pinecone: The API key you provided was rejected while calling https://api.pinecone.io/indexes/nova-memory. Please check your configuration values and try again. You can find the configuration values for your project in the Pinecone developer console at https://app.pinecone.io[39m
2026-03-05 03:57:10:5710 [31merror[39m: [31m[RAG] Failed to save memory to Pinecone: Must pass in at least 1 record to upsert.[39m
2026-03-05 03:57:11:5711 [31merror[39m: [31m[RAG] Failed to search memories in Pinecone: The API key you provided was rejected while calling https://api.pinecone.io/indexes/nova-memory. Please check your configuration values and try again. You can find the configuration values for your project in the Pinecone developer console at https://app.pinecone.io[39m
2026-03-05 03:57:29:5729 [31merror[39m: [31m[RAG] Failed to save memory to Pinecone: Must pass in at least 1 record to upsert.[39m
2026-03-05 03:57:30:5730 [31merror[39m: [31m[RAG] Failed to search memories in Pinecone: The API key you provided was rejected while calling https://api.pinecone.io/indexes/nova-memory. Please check your configuration values and try again. You can find the configuration values for your project in the Pinecone developer console at https://app.pinecone.io[39m
2026-03-05 03:57:57:5757 [31merror[39m: [31m[RAG] Failed to save memory to Pinecone: Must pass in at least 1 record to upsert.[39m
2026-03-05 03:57:58:5758 [31merror[39m: [31m[RAG] Failed to search memories in Pinecone: The API key you provided was rejected while calling https://api.pinecone.io/indexes/nova-memory. Please check your configuration values and try again. You can find the configuration values for your project in the Pinecone developer console at https://app.pinecone.io[39m
2026-03-05 03:58:36:5836 [31merror[39m: [31m[RAG] Failed to save memory to Pinecone: Must pass in at least 1 record to upsert.[39m
2026-03-05 03:58:37:5837 [31merror[39m: [31m[RAG] Failed to search memories in Pinecone: The API key you provided was rejected while calling https://api.pinecone.io/indexes/nova-memory. Please check your configuration values and try again. You can find the configuration values for your project in the Pinecone developer console at https://app.pinecone.io[39m
2026-03-05 03:59:03:593 [31merror[39m: [31m[RAG] Failed to save memory to Pinecone: Must pass in at least 1 record to upsert.[39m
2026-03-05 03:59:03:593 [31merror[39m: [31m[RAG] Failed to search memories in Pinecone: The API key you provided was rejected while calling https://api.pinecone.io/indexes/nova-memory. Please check your configuration values and try again. You can find the configuration values for your project in the Pinecone developer console at https://app.pinecone.io[39m
2026-03-05 03:59:32:5932 [31merror[39m: [31m[RAG] Failed to save memory to Pinecone: Must pass in at least 1 record to upsert.[39m
2026-03-05 03:59:34:5934 [31merror[39m: [31m[RAG] Failed to search memories in Pinecone: The API key you provided was rejected while calling https://api.pinecone.io/indexes/nova-memory. Please check your configuration values and try again. You can find the configuration values for your project in the Pinecone developer console at https://app.pinecone.io[39m
2026-03-05 04:00:27:027 [31merror[39m: [31m[RAG] Failed to save memory to Pinecone: Must pass in at least 1 record to upsert.[39m
2026-03-05 04:00:29:029 [31merror[39m: [31m[RAG] Failed to search memories in Pinecone: The API key you provided was rejected while calling https://api.pinecone.io/indexes/nova-memory. Please check your configuration values and try again. You can find the configuration values for your project in the Pinecone developer console at https://app.pinecone.io[39m
2026-03-05 04:00:36:036 [31merror[39m: [31m[RAG] Failed to save memory to Pinecone: Must pass in at least 1 record to upsert.[39m
2026-03-05 04:00:36:036 [31merror[39m: [31m[RAG] Failed to search memories in Pinecone: The API key you provided was rejected while calling https://api.pinecone.io/indexes/nova-memory. Please check your configuration values and try again. You can find the configuration values for your project in the Pinecone developer console at https://app.pinecone.io[39m
2026-03-05 04:00:53:053 [31merror[39m: [31m[RAG] Failed to save memory to Pinecone: Must pass in at least 1 record to upsert.[39m
2026-03-05 04:00:54:054 [31merror[39m: [31m[RAG] Failed to search memories in Pinecone: The API key you provided was rejected while calling https://api.pinecone.io/indexes/nova-memory. Please check your configuration values and try again. You can find the configuration values for your project in the Pinecone developer console at https://app.pinecone.io[39m
2026-03-05 04:01:00:10 [31merror[39m: [31m[RAG] Failed to save memory to Pinecone: Must pass in at least 1 record to upsert.[39m
2026-03-05 04:01:01:11 [31merror[39m: [31m[RAG] Failed to search memories in Pinecone: The API key you provided was rejected while calling https://api.pinecone.io/indexes/nova-memory. Please check your configuration values and try again. You can find the configuration values for your project in the Pinecone developer console at https://app.pinecone.io[39m
2026-03-05 04:01:08:18 [31merror[39m: [31m[RAG] Failed to save memory to Pinecone: Must pass in at least 1 record to upsert.[39m
2026-03-05 04:01:09:19 [31merror[39m: [31m[RAG] Failed to search memories in Pinecone: The API key you provided was rejected while calling https://api.pinecone.io/indexes/nova-memory. Please check your configuration values and try again. You can find the configuration values for your project in the Pinecone developer console at https://app.pinecone.io[39m
2026-03-05 04:01:17:117 [31merror[39m: [31m[RAG] Failed to save memory to Pinecone: Must pass in at least 1 record to upsert.[39m
2026-03-05 04:01:17:117 [31merror[39m: [31m[RAG] Failed to search memories in Pinecone: The API key you provided was rejected while calling https://api.pinecone.io/indexes/nova-memory. Please check your configuration values and try again. You can find the configuration values for your project in the Pinecone developer console at https://app.pinecone.io[39m
2026-03-05 04:01:32:132 [31merror[39m: [31m[RAG] Failed to save memory to Pinecone: Must pass in at least 1 record to upsert.[39m
2026-03-05 04:01:32:132 [31merror[39m: [31m[RAG] Failed to search memories in Pinecone: The API key you provided was rejected while calling https://api.pinecone.io/indexes/nova-memory. Please check your configuration values and try again. You can find the configuration values for your project in the Pinecone developer console at https://app.pinecone.io[39m
2026-03-05 04:01:45:145 [31merror[39m: [31m[RAG] Failed to save memory to Pinecone: Must pass in at least 1 record to upsert.[39m
2026-03-05 04:01:45:145 [31merror[39m: [31m[RAG] Failed to search memories in Pinecone: The API key you provided was rejected while calling https://api.pinecone.io/indexes/nova-memory. Please check your configuration values and try again. You can find the configuration values for your project in the Pinecone developer console at https://app.pinecone.io[39m
2026-03-05 04:01:56:156 [31merror[39m: [31m[RAG] Failed to save memory to Pinecone: Must pass in at least 1 record to upsert.[39m
2026-03-05 04:01:57:157 [31merror[39m: [31m[RAG] Failed to search memories in Pinecone: The API key you provided was rejected while calling https://api.pinecone.io/indexes/nova-memory. Please check your configuration values and try again. You can find the configuration values for your project in the Pinecone developer console at https://app.pinecone.io[39m
2026-03-05 04:02:36:236 [31merror[39m: [31m[RAG] Failed to save memory to Pinecone: Must pass in at least 1 record to upsert.[39m
2026-03-05 04:02:39:239 [31merror[39m: [31m[RAG] Failed to search memories in Pinecone: The API key you provided was rejected while calling https://api.pinecone.io/indexes/nova-memory. Please check your configuration values and try again. You can find the configuration values for your project in the Pinecone developer console at https://app.pinecone.io[39m
2026-03-05 04:03:03:33 [31merror[39m: [31m[RAG] Failed to save memory to Pinecone: Must pass in at least 1 record to upsert.[39m
2026-03-05 04:03:03:33 [31merror[39m: [31m[RAG] Failed to search memories in Pinecone: The API key you provided was rejected while calling https://api.pinecone.io/indexes/nova-memory. Please check your configuration values and try again. You can find the configuration values for your project in the Pinecone developer console at https://app.pinecone.io[39m
2026-03-06 00:04:02:42 [31merror[39m: [31m[RAG] Failed to save memory to Pinecone: Must pass in at least 1 record to upsert.[39m
2026-03-06 00:04:03:43 [31merror[39m: [31m[RAG] Failed to search memories in Pinecone: The API key you provided was rejected while calling https://api.pinecone.io/indexes/nova-memory. Please check your configuration values and try again. You can find the configuration values for your project in the Pinecone developer console at https://app.pinecone.io[39m
2026-03-06 01:05:44:544 [31merror[39m: [31m[RAG] Failed to save memory to Pinecone: Must pass in at least 1 record to upsert.[39m
2026-03-06 01:05:45:545 [31merror[39m: [31m[RAG] Failed to search memories in Pinecone: The API key you provided was rejected while calling https://api.pinecone.io/indexes/nova-memory. Please check your configuration values and try again. You can find the configuration values for your project in the Pinecone developer console at https://app.pinecone.io[39m
2026-03-06 01:05:59:559 [31merror[39m: [31m[RAG] Failed to save memory to Pinecone: Must pass in at least 1 record to upsert.[39m
2026-03-06 01:05:59:559 [31merror[39m: [31m[RAG] Failed to search memories in Pinecone: The API key you provided was rejected while calling https://api.pinecone.io/indexes/nova-memory. Please check your configuration values and try again. You can find the configuration values for your project in the Pinecone developer console at https://app.pinecone.io[39m
2026-03-10 02:20:24:2024 [31merror[39m: [31m[RAG] Failed to save memory to Pinecone: Must pass in at least 1 record to upsert.[39m
2026-03-10 02:20:24:2024 [31merror[39m: [31m[RAG] Failed to search memories in Pinecone: The API key you provided was rejected while calling https://api.pinecone.io/indexes/nova-memory. Please check your configuration values and try again. You can find the configuration values for your project in the Pinecone developer console at https://app.pinecone.io[39m
2026-03-14 10:59:39:5939 [31merror[39m: [31m[Unhandled Error] Status: 500 - Detail: PrismaClientKnownRequestError: [39m
[31mInvalid `tx.user.create()` invocation in[39m
[31mD:\pfe\pfe 0.4\soullink-backend\src\modules\auth\auth.service.ts:70:40[39m

[31m  67     status: 'PENDING_VERIFICATION',[39m
[31m  68 };[39m
[31m  69 console.log('Attempting to create user with data:', JSON.stringify(createData, null, 2));[39m
[31m→ 70 const user = await tx.user.create([39m
[31mUnique constraint failed on the fields: (`phone`)[39m
[31m    at $n.handleRequestError (D:\pfe\pfe 0.4\soullink-backend\node_modules\@prisma\client\runtime\library.js:121:7315)[39m
[31m    at $n.handleAndLogRequestError (D:\pfe\pfe 0.4\soullink-backend\node_modules\@prisma\client\runtime\library.js:121:6623)[39m
[31m    at $n.request (D:\pfe\pfe 0.4\soullink-backend\node_modules\@prisma\client\runtime\library.js:121:6307)[39m
[31m    at async l (D:\pfe\pfe 0.4\soullink-backend\node_modules\@prisma\client\runtime\library.js:130:9633)[39m
[31m    at async <anonymous> (D:\pfe\pfe 0.4\soullink-backend\src\modules\auth\auth.service.ts:70:26)[39m
[31m    at async Proxy._transactionWithCallback (D:\pfe\pfe 0.4\soullink-backend\node_modules\@prisma\client\runtime\library.js:130:8000)[39m
[31m    at async AuthService.register (D:\pfe\pfe 0.4\soullink-backend\src\modules\auth\auth.service.ts:55:16)[39m
[31m    at async register (D:\pfe\pfe 0.4\soullink-backend\src\modules\auth\auth.controller.ts:11:57)[39m
2026-03-14 13:36:32:3632 [31merror[39m: [31mSocket Auth: Database error during user lookup. Socket QgY4gDyXLmu98HVoAAAF. Error: [39m
[31mInvalid `prisma.user.findUnique()` invocation in[39m
[31mD:\pfe\pfe 0.4\soullink-backend\src\server.ts:41:44[39m

[31m  38 }[39m
[31m  39 [39m
[31m  40 try {[39m
[31m→ 41     const user = await prisma.user.findUnique([39m
[31mCan't reach database server at `ep-withered-salad-agxzvgfm-pooler.c-2.eu-central-1.aws.neon.tech:5432`[39m

[31mPlease make sure your database server is running at `ep-withered-salad-agxzvgfm-pooler.c-2.eu-central-1.aws.neon.tech:5432`.[39m
2026-03-14 13:36:32:3632 [31merror[39m: [31mSocket Auth: Database error during user lookup. Socket Ewfx_F0Jos-cN6qeAAAE. Error: [39m
[31mInvalid `prisma.user.findUnique()` invocation in[39m
[31mD:\pfe\pfe 0.4\soullink-backend\src\server.ts:41:44[39m

[31m  38 }[39m
[31m  39 [39m
[31m  40 try {[39m
[31m→ 41     const user = await prisma.user.findUnique([39m
[31mCan't reach database server at `ep-withered-salad-agxzvgfm-pooler.c-2.eu-central-1.aws.neon.tech:5432`[39m

[31mPlease make sure your database server is running at `ep-withered-salad-agxzvgfm-pooler.c-2.eu-central-1.aws.neon.tech:5432`.[39m
2026-03-14 13:36:32:3632 [31merror[39m: [31mSocket Auth: Database error during user lookup. Socket dprvnigsa2GudayUAAAH. Error: [39m
[31mInvalid `prisma.user.findUnique()` invocation in[39m
[31mD:\pfe\pfe 0.4\soullink-backend\src\server.ts:41:44[39m

[31m  38 }[39m
[31m  39 [39m
[31m  40 try {[39m
[31m→ 41     const user = await prisma.user.findUnique([39m
[31mCan't reach database server at `ep-withered-salad-agxzvgfm-pooler.c-2.eu-central-1.aws.neon.tech:5432`[39m

[31mPlease make sure your database server is running at `ep-withered-salad-agxzvgfm-pooler.c-2.eu-central-1.aws.neon.tech:5432`.[39m
2026-03-14 13:36:32:3632 [31merror[39m: [31mSocket Auth: Database error during user lookup. Socket GM6mMO7juXfoDtC-AAAG. Error: [39m
[31mInvalid `prisma.user.findUnique()` invocation in[39m
[31mD:\pfe\pfe 0.4\soullink-backend\src\server.ts:41:44[39m

[31m  38 }[39m
[31m  39 [39m
[31m  40 try {[39m
[31m→ 41     const user = await prisma.user.findUnique([39m
[31mCan't reach database server at `ep-withered-salad-agxzvgfm-pooler.c-2.eu-central-1.aws.neon.tech:5432`[39m

[31mPlease make sure your database server is running at `ep-withered-salad-agxzvgfm-pooler.c-2.eu-central-1.aws.neon.tech:5432`.[39m
2026-03-18 10:06:31:631 [31merror[39m: [31mFailed to start server: Can't reach database server at `ep-withered-salad-agxzvgfm-pooler.c-2.eu-central-1.aws.neon.tech:5432`[39m

[31mPlease make sure your database server is running at `ep-withered-salad-agxzvgfm-pooler.c-2.eu-central-1.aws.neon.tech:5432`.[39m
2026-03-18 10:33:33:3333 [31merror[39m: [31m[Unhandled Error] Status: 500 - Detail: PrismaClientKnownRequestError: [39m
[31mInvalid `tx.user.create()` invocation in[39m
[31mD:\pfe\pfe 0.4\soullink-backend\src\modules\auth\auth.service.ts:70:40[39m

[31m  67     status: 'PENDING_VERIFICATION',[39m
[31m  68 };[39m
[31m  69 console.log('Attempting to create user with data:', JSON.stringify(createData, null, 2));[39m
[31m→ 70 const user = await tx.user.create([39m
[31mUnique constraint failed on the fields: (`phone`)[39m
[31m    at $n.handleRequestError (D:\pfe\pfe 0.4\soullink-backend\node_modules\@prisma\client\runtime\library.js:121:7315)[39m
[31m    at $n.handleAndLogRequestError (D:\pfe\pfe 0.4\soullink-backend\node_modules\@prisma\client\runtime\library.js:121:6623)[39m
[31m    at $n.request (D:\pfe\pfe 0.4\soullink-backend\node_modules\@prisma\client\runtime\library.js:121:6307)[39m
[31m    at async l (D:\pfe\pfe 0.4\soullink-backend\node_modules\@prisma\client\runtime\library.js:130:9633)[39m
[31m    at async <anonymous> (D:\pfe\pfe 0.4\soullink-backend\src\modules\auth\auth.service.ts:70:26)[39m
[31m    at async Proxy._transactionWithCallback (D:\pfe\pfe 0.4\soullink-backend\node_modules\@prisma\client\runtime\library.js:130:8000)[39m
[31m    at async AuthService.register (D:\pfe\pfe 0.4\soullink-backend\src\modules\auth\auth.service.ts:55:16)[39m
[31m    at async register (D:\pfe\pfe 0.4\soullink-backend\src\modules\auth\auth.controller.ts:11:57)[39m
2026-03-18 10:36:57:3657 [31merror[39m: [31mSocket Auth: Database error during user lookup. Socket sA0v3hxM6yH4V1XnAAAF. Error: [39m
[31mInvalid `prisma.user.findUnique()` invocation in[39m
[31mD:\pfe\pfe 0.4\soullink-backend\src\server.ts:41:44[39m

[31m  38 }[39m
[31m  39 [39m
[31m  40 try {[39m
[31m→ 41     const user = await prisma.user.findUnique([39m
[31mCan't reach database server at `ep-withered-salad-agxzvgfm-pooler.c-2.eu-central-1.aws.neon.tech:5432`[39m

[31mPlease make sure your database server is running at `ep-withered-salad-agxzvgfm-pooler.c-2.eu-central-1.aws.neon.tech:5432`.[39m
2026-03-18 10:38:48:3848 [31merror[39m: [31m[Unhandled Error] Status: 500 - Detail: PrismaClientKnownRequestError: Transaction API error: Transaction already closed: A commit cannot be executed on an expired transaction. The timeout for this transaction was 5000 ms, however 5674 ms passed since the start of the transaction. Consider increasing the interactive transaction timeout or doing less work in the transaction.[39m
[31m    at _r.transaction (D:\pfe\pfe 0.4\soullink-backend\node_modules\@prisma\client\runtime\library.js:111:12319)[39m
[31m    at async Proxy._transactionWithCallback (D:\pfe\pfe 0.4\soullink-backend\node_modules\@prisma\client\runtime\library.js:130:8034)[39m
[31m    at async AuthService.register (D:\pfe\pfe 0.4\soullink-backend\src\modules\auth\auth.service.ts:55:16)[39m
[31m    at async register (D:\pfe\pfe 0.4\soullink-backend\src\modules\auth\auth.controller.ts:11:57)[39m
2026-03-18 10:44:32:4432 [31merror[39m: [31m[Unhandled Error] Status: 500 - Detail: {"message":"Image file format webp not allowed","name":"Error","http_code":400,"storageErrors":[]}[39m
2026-03-18 10:46:52:4652 [31merror[39m: [31m[RAG] Failed to save memory to Pinecone: Must pass in at least 1 record to upsert.[39m
2026-03-18 10:46:53:4653 [31merror[39m: [31m[RAG] Failed to search memories in Pinecone: The API key you provided was rejected while calling https://api.pinecone.io/indexes/nova-memory. Please check your configuration values and try again. You can find the configuration values for your project in the Pinecone developer console at https://app.pinecone.io[39m
2026-03-18 10:47:13:4713 [31merror[39m: [31m[RAG] Failed to save memory to Pinecone: Must pass in at least 1 record to upsert.[39m
2026-03-18 10:47:14:4714 [31merror[39m: [31m[RAG] Failed to search memories in Pinecone: The API key you provided was rejected while calling https://api.pinecone.io/indexes/nova-memory. Please check your configuration values and try again. You can find the configuration values for your project in the Pinecone developer console at https://app.pinecone.io[39m
2026-03-18 10:47:31:4731 [31merror[39m: [31m[RAG] Failed to save memory to Pinecone: Must pass in at least 1 record to upsert.[39m
2026-03-18 10:47:32:4732 [31merror[39m: [31m[RAG] Failed to search memories in Pinecone: The API key you provided was rejected while calling https://api.pinecone.io/indexes/nova-memory. Please check your configuration values and try again. You can find the configuration values for your project in the Pinecone developer console at https://app.pinecone.io[39m
2026-03-18 11:15:17:1517 [31merror[39m: [31m[RAG] Failed to save memory to Pinecone: Must pass in at least 1 record to upsert.[39m
2026-03-18 11:15:22:1522 [31merror[39m: [31m[RAG] Failed to search memories in Pinecone: The API key you provided was rejected while calling https://api.pinecone.io/indexes/nova-memory. Please check your configuration values and try again. You can find the configuration values for your project in the Pinecone developer console at https://app.pinecone.io[39m
2026-03-18 11:15:51:1551 [31merror[39m: [31m[RAG] Failed to save memory to Pinecone: Must pass in at least 1 record to upsert.[39m
2026-03-18 11:15:55:1555 [31merror[39m: [31m[RAG] Failed to search memories in Pinecone: The API key you provided was rejected while calling https://api.pinecone.io/indexes/nova-memory. Please check your configuration values and try again. You can find the configuration values for your project in the Pinecone developer console at https://app.pinecone.io[39m
2026-03-18 11:16:34:1634 [31merror[39m: [31m[RAG] Failed to save memory to Pinecone: Must pass in at least 1 record to upsert.[39m
2026-03-18 11:16:50:1650 [31merror[39m: [31m[RAG] Failed to search memories in Pinecone: The API key you provided was rejected while calling https://api.pinecone.io/indexes/nova-memory. Please check your configuration values and try again. You can find the configuration values for your project in the Pinecone developer console at https://app.pinecone.io[39m
2026-03-18 11:17:20:1720 [31merror[39m: [31m[RAG] Failed to save memory to Pinecone: Must pass in at least 1 record to upsert.[39m
2026-03-18 11:17:21:1721 [31merror[39m: [31m[RAG] Failed to search memories in Pinecone: The API key you provided was rejected while calling https://api.pinecone.io/indexes/nova-memory. Please check your configuration values and try again. You can find the configuration values for your project in the Pinecone developer console at https://app.pinecone.io[39m
2026-03-18 11:17:40:1740 [31merror[39m: [31m[RAG] Failed to save memory to Pinecone: Must pass in at least 1 record to upsert.[39m
2026-03-18 11:17:42:1742 [31merror[39m: [31m[RAG] Failed to search memories in Pinecone: The API key you provided was rejected while calling https://api.pinecone.io/indexes/nova-memory. Please check your configuration values and try again. You can find the configuration values for your project in the Pinecone developer console at https://app.pinecone.io[39m
2026-03-18 11:18:07:187 [31merror[39m: [31m[RAG] Failed to save memory to Pinecone: Must pass in at least 1 record to upsert.[39m
2026-03-18 11:18:08:188 [31merror[39m: [31m[RAG] Failed to search memories in Pinecone: The API key you provided was rejected while calling https://api.pinecone.io/indexes/nova-memory. Please check your configuration values and try again. You can find the configuration values for your project in the Pinecone developer console at https://app.pinecone.io[39m
2026-03-18 11:21:52:2152 [31merror[39m: [31mPresence Offline Error for 6552ac6e-b42e-4d1c-b922-11350fa34dd9: [39m
[31mInvalid `prisma.user.update()` invocation in[39m
[31mD:\pfe\pfe 0.4\soullink-backend\src\server.ts:103:39[39m

[31m  100 userSockets.delete(user.id);[39m
[31m  101 // Last connection closed: set offline[39m
[31m  102 try {[39m
[31m→ 103     await prisma.user.update([39m
[31mCan't reach database server at `ep-withered-salad-agxzvgfm-pooler.c-2.eu-central-1.aws.neon.tech:5432`[39m

[31mPlease make sure your database server is running at `ep-withered-salad-agxzvgfm-pooler.c-2.eu-central-1.aws.neon.tech:5432`.[39m
2026-03-18 11:21:53:2153 [31merror[39m: [31mSocket Auth: Database error during user lookup. Socket iFhC27HTMSFRYAPkAAAq. Error: [39m
[31mInvalid `prisma.user.findUnique()` invocation in[39m
[31mD:\pfe\pfe 0.4\soullink-backend\src\server.ts:41:44[39m

[31m  38 }[39m
[31m  39 [39m
[31m  40 try {[39m
[31m→ 41     const user = await prisma.user.findUnique([39m
[31mCan't reach database server at `ep-withered-salad-agxzvgfm-pooler.c-2.eu-central-1.aws.neon.tech:5432`[39m

[31mPlease make sure your database server is running at `ep-withered-salad-agxzvgfm-pooler.c-2.eu-central-1.aws.neon.tech:5432`.[39m
2026-03-18 11:21:53:2153 [31merror[39m: [31mSocket Auth: Database error during user lookup. Socket qjFEYuEfPq4-cZnqAAAr. Error: [39m
[31mInvalid `prisma.user.findUnique()` invocation in[39m
[31mD:\pfe\pfe 0.4\soullink-backend\src\server.ts:41:44[39m

[31m  38 }[39m
[31m  39 [39m
[31m  40 try {[39m
[31m→ 41     const user = await prisma.user.findUnique([39m
[31mCan't reach database server at `ep-withered-salad-agxzvgfm-pooler.c-2.eu-central-1.aws.neon.tech:5432`[39m

[31mPlease make sure your database server is running at `ep-withered-salad-agxzvgfm-pooler.c-2.eu-central-1.aws.neon.tech:5432`.[39m
2026-03-18 11:22:41:2241 [31merror[39m: [31mSocket Auth: Database error during user lookup. Socket clE-cx_wto1XMo08AAAz. Error: [39m
[31mInvalid `prisma.user.findUnique()` invocation in[39m
[31mD:\pfe\pfe 0.4\soullink-backend\src\server.ts:41:44[39m

[31m  38 }[39m
[31m  39 [39m
[31m  40 try {[39m
[31m→ 41     const user = await prisma.user.findUnique([39m
[31mCan't reach database server at `ep-withered-salad-agxzvgfm-pooler.c-2.eu-central-1.aws.neon.tech:5432`[39m

[31mPlease make sure your database server is running at `ep-withered-salad-agxzvgfm-pooler.c-2.eu-central-1.aws.neon.tech:5432`.[39m
2026-03-18 11:26:24:2624 [31merror[39m: [31m[RAG] Failed to save memory to Pinecone: Must pass in at least 1 record to upsert.[39m
2026-03-18 11:26:26:2626 [31merror[39m: [31m[RAG] Failed to search memories in Pinecone: The API key you provided was rejected while calling https://api.pinecone.io/indexes/nova-memory. Please check your configuration values and try again. You can find the configuration values for your project in the Pinecone developer console at https://app.pinecone.io[39m
2026-03-18 11:26:40:2640 [31merror[39m: [31m[RAG] Failed to save memory to Pinecone: Must pass in at least 1 record to upsert.[39m
2026-03-18 11:26:43:2643 [31merror[39m: [31m[RAG] Failed to search memories in Pinecone: The API key you provided was rejected while calling https://api.pinecone.io/indexes/nova-memory. Please check your configuration values and try again. You can find the configuration values for your project in the Pinecone developer console at https://app.pinecone.io[39m
2026-03-18 11:26:59:2659 [31merror[39m: [31m[RAG] Failed to save memory to Pinecone: Must pass in at least 1 record to upsert.[39m
2026-03-18 11:27:04:274 [31merror[39m: [31m[RAG] Failed to search memories in Pinecone: The API key you provided was rejected while calling https://api.pinecone.io/indexes/nova-memory. Please check your configuration values and try again. You can find the configuration values for your project in the Pinecone developer console at https://app.pinecone.io[39m
2026-03-18 11:36:18:3618 [31merror[39m: [31mPresence Offline Error for 44200e72-adda-44f9-8eaa-cc21c67601d1: [39m
[31mInvalid `prisma.user.update()` invocation in[39m
[31mD:\pfe\pfe 0.4\soullink-backend\src\server.ts:103:39[39m

[31m  100 userSockets.delete(user.id);[39m
[31m  101 // Last connection closed: set offline[39m
[31m  102 try {[39m
[31m→ 103     await prisma.user.update([39m
[31mCan't reach database server at `ep-withered-salad-agxzvgfm-pooler.c-2.eu-central-1.aws.neon.tech:5432`[39m

[31mPlease make sure your database server is running at `ep-withered-salad-agxzvgfm-pooler.c-2.eu-central-1.aws.neon.tech:5432`.[39m
2026-03-18 11:36:18:3618 [31merror[39m: [31mPresence Offline Error for 6552ac6e-b42e-4d1c-b922-11350fa34dd9: [39m
[31mInvalid `prisma.user.update()` invocation in[39m
[31mD:\pfe\pfe 0.4\soullink-backend\src\server.ts:103:39[39m

[31m  100 userSockets.delete(user.id);[39m
[31m  101 // Last connection closed: set offline[39m
[31m  102 try {[39m
[31m→ 103     await prisma.user.update([39m
[31mCan't reach database server at `ep-withered-salad-agxzvgfm-pooler.c-2.eu-central-1.aws.neon.tech:5432`[39m

[31mPlease make sure your database server is running at `ep-withered-salad-agxzvgfm-pooler.c-2.eu-central-1.aws.neon.tech:5432`.[39m
2026-03-18 11:36:19:3619 [31merror[39m: [31mSocket Auth: Database error during user lookup. Socket DlxnCkx64KkcPHilAABW. Error: [39m
[31mInvalid `prisma.user.findUnique()` invocation in[39m
[31mD:\pfe\pfe 0.4\soullink-backend\src\server.ts:41:44[39m

[31m  38 }[39m
[31m  39 [39m
[31m  40 try {[39m
[31m→ 41     const user = await prisma.user.findUnique([39m
[31mCan't reach database server at `ep-withered-salad-agxzvgfm-pooler.c-2.eu-central-1.aws.neon.tech:5432`[39m

[31mPlease make sure your database server is running at `ep-withered-salad-agxzvgfm-pooler.c-2.eu-central-1.aws.neon.tech:5432`.[39m
2026-03-18 11:36:19:3619 [31merror[39m: [31mSocket Auth: Database error during user lookup. Socket b3epBXH77zgjaoALAABX. Error: [39m
[31mInvalid `prisma.user.findUnique()` invocation in[39m
[31mD:\pfe\pfe 0.4\soullink-backend\src\server.ts:41:44[39m

[31m  38 }[39m
[31m  39 [39m
[31m  40 try {[39m
[31m→ 41     const user = await prisma.user.findUnique([39m
[31mCan't reach database server at `ep-withered-salad-agxzvgfm-pooler.c-2.eu-central-1.aws.neon.tech:5432`[39m

[31mPlease make sure your database server is running at `ep-withered-salad-agxzvgfm-pooler.c-2.eu-central-1.aws.neon.tech:5432`.[39m
2026-03-18 11:36:19:3619 [31merror[39m: [31mSocket Auth: Database error during user lookup. Socket FX5Veb2mrkbZIY_kAABb. Error: [39m
[31mInvalid `prisma.user.findUnique()` invocation in[39m
[31mD:\pfe\pfe 0.4\soullink-backend\src\server.ts:41:44[39m

[31m  38 }[39m
[31m  39 [39m
[31m  40 try {[39m
[31m→ 41     const user = await prisma.user.findUnique([39m
[31mCan't reach database server at `ep-withered-salad-agxzvgfm-pooler.c-2.eu-central-1.aws.neon.tech:5432`[39m

[31mPlease make sure your database server is running at `ep-withered-salad-agxzvgfm-pooler.c-2.eu-central-1.aws.neon.tech:5432`.[39m
2026-03-18 11:36:19:3619 [31merror[39m: [31mSocket Auth: Database error during user lookup. Socket KsatuCIhGGOQK4raAABc. Error: [39m
[31mInvalid `prisma.user.findUnique()` invocation in[39m
[31mD:\pfe\pfe 0.4\soullink-backend\src\server.ts:41:44[39m

[31m  38 }[39m
[31m  39 [39m
[31m  40 try {[39m
[31m→ 41     const user = await prisma.user.findUnique([39m
[31mCan't reach database server at `ep-withered-salad-agxzvgfm-pooler.c-2.eu-central-1.aws.neon.tech:5432`[39m

[31mPlease make sure your database server is running at `ep-withered-salad-agxzvgfm-pooler.c-2.eu-central-1.aws.neon.tech:5432`.[39m
2026-03-18 11:36:19:3619 [31merror[39m: [31mSocket Auth: Database error during user lookup. Socket lwNL2ofMefF4LcAKAABd. Error: [39m
[31mInvalid `prisma.user.findUnique()` invocation in[39m
[31mD:\pfe\pfe 0.4\soullink-backend\src\server.ts:41:44[39m

[31m  38 }[39m
[31m  39 [39m
[31m  40 try {[39m
[31m→ 41     const user = await prisma.user.findUnique([39m
[31mCan't reach database server at `ep-withered-salad-agxzvgfm-pooler.c-2.eu-central-1.aws.neon.tech:5432`[39m

[31mPlease make sure your database server is running at `ep-withered-salad-agxzvgfm-pooler.c-2.eu-central-1.aws.neon.tech:5432`.[39m
2026-03-18 12:07:08:78 [31merror[39m: [31m[RAG] Failed to save memory to Pinecone: Must pass in at least 1 record to upsert.[39m
2026-03-18 12:07:09:79 [31merror[39m: [31m[RAG] Failed to search memories in Pinecone: The API key you provided was rejected while calling https://api.pinecone.io/indexes/nova-memory. Please check your configuration values and try again. You can find the configuration values for your project in the Pinecone developer console at https://app.pinecone.io[39m
2026-03-18 12:10:13:1013 [31merror[39m: [31m[RAG] Failed to save memory to Pinecone: Must pass in at least 1 record to upsert.[39m
2026-03-18 12:10:15:1015 [31merror[39m: [31m[RAG] Failed to search memories in Pinecone: The API key you provided was rejected while calling https://api.pinecone.io/indexes/nova-memory. Please check your configuration values and try again. You can find the configuration values for your project in the Pinecone developer console at https://app.pinecone.io[39m
2026-03-18 12:14:49:1449 [31merror[39m: [31m[RAG] Failed to save memory to Pinecone: Must pass in at least 1 record to upsert.[39m
2026-03-18 12:14:53:1453 [31merror[39m: [31m[RAG] Failed to search memories in Pinecone: The API key you provided was rejected while calling https://api.pinecone.io/indexes/nova-memory. Please check your configuration values and try again. You can find the configuration values for your project in the Pinecone developer console at https://app.pinecone.io[39m
2026-03-18 12:15:13:1513 [31merror[39m: [31m[RAG] Failed to save memory to Pinecone: Must pass in at least 1 record to upsert.[39m
2026-03-18 12:15:15:1515 [31merror[39m: [31m[RAG] Failed to search memories in Pinecone: The API key you provided was rejected while calling https://api.pinecone.io/indexes/nova-memory. Please check your configuration values and try again. You can find the configuration values for your project in the Pinecone developer console at https://app.pinecone.io[39m
2026-03-19 13:07:22:722 [31merror[39m: [31mPresence Offline Error for 77c36d4c-491c-41a2-a97a-8963e916364b: [39m
[31mInvalid `prisma.user.update()` invocation in[39m
[31mC:\Users\azizh\Downloads\soullink-frontend-soullink-1.4\soullink-frontend-soullink-1.4\soullink-backend\src\server.ts:103:39[39m

[31m  100 userSockets.delete(user.id);[39m
[31m  101 // Last connection closed: set offline[39m
[31m  102 try {[39m
[31m→ 103     await prisma.user.update([39m
[31mCan't reach database server at `ep-withered-salad-agxzvgfm-pooler.c-2.eu-central-1.aws.neon.tech:5432`[39m

[31mPlease make sure your database server is running at `ep-withered-salad-agxzvgfm-pooler.c-2.eu-central-1.aws.neon.tech:5432`.[39m
2026-03-19 13:07:28:728 [31merror[39m: [31mSocket Auth: JWT verification failed for socket ChasRF8xdVeNhpx_AAAM. Error: jwt expired[39m
2026-03-19 13:07:28:728 [31merror[39m: [31mSocket Auth: JWT verification failed for socket eKj38qRz3OkkG0XPAAAN. Error: jwt expired[39m
2026-03-19 13:07:28:728 [31merror[39m: [31mSocket Auth: JWT verification failed for socket SGj8FYstyi8_x4GOAAAO. Error: jwt expired[39m
2026-03-19 13:07:28:728 [31merror[39m: [31mSocket Auth: JWT verification failed for socket H03-DmLglx-fC_4OAAAP. Error: jwt expired[39m
2026-03-21 11:19:15:1915 [31merror[39m: [31m[AI] Severe internal error: [39m
[31mInvalid `prisma.novaUserMemory.findUnique()` invocation in[39m
[31mC:\Users\azizh\Downloads\soullink-frontend-soullink-1.4\soullink-frontend-soullink-1.4\soullink-backend\src\modules\ai-companion\ai.service.ts:147:35[39m

[31m  144     },[39m
[31m  145 }),[39m
[31m  146 // Memory check[39m
[31m→ 147 prisma.novaUserMemory.findUnique([39m
[31mThe column `NovaUserMemory.city` does not exist in the current database.[39m
2026-03-21 11:19:15:1915 [31merror[39m: [31m[Unhandled Error] Status: 500 - Detail: Error: [39m
[31mInvalid `prisma.novaUserMemory.findUnique()` invocation in[39m
[31mC:\Users\azizh\Downloads\soullink-frontend-soullink-1.4\soullink-frontend-soullink-1.4\soullink-backend\src\modules\ai-companion\ai.service.ts:147:35[39m

[31m  144     },[39m
[31m  145 }),[39m
[31m  146 // Memory check[39m
[31m→ 147 prisma.novaUserMemory.findUnique([39m
[31mThe column `NovaUserMemory.city` does not exist in the current database.[39m
[31m    at AIService.generateResponse (C:\Users\azizh\Downloads\soullink-frontend-soullink-1.4\soullink-frontend-soullink-1.4\soullink-backend\src\modules\ai-companion\ai.service.ts:702:19)[39m
[31m    at async chatWithNova (C:\Users\azizh\Downloads\soullink-frontend-soullink-1.4\soullink-frontend-soullink-1.4\soullink-backend\src\modules\ai-companion\ai.controller.ts:19:24)[39m
2026-03-21 11:19:15:1915 [31merror[39m: [31m[RAG] Failed to save memory to Pinecone: The API key you provided was rejected while calling https://api.pinecone.io/indexes/nova-memory. Please check your configuration values and try again. You can find the configuration values for your project in the Pinecone developer console at https://app.pinecone.io[39m
2026-03-21 11:23:18:2318 [31merror[39m: [31m[RAG] Failed to save memory to Pinecone: The API key you provided was rejected while calling https://api.pinecone.io/indexes/nova-memory. Please check your configuration values and try again. You can find the configuration values for your project in the Pinecone developer console at https://app.pinecone.io[39m
2026-03-21 11:23:20:2320 [31merror[39m: [31m[AI] Severe internal error: [39m
[31mInvalid `prisma.novaUserMemory.findUnique()` invocation in[39m
[31mC:\Users\azizh\Downloads\soullink-frontend-soullink-1.4\soullink-frontend-soullink-1.4\soullink-backend\src\modules\ai-companion\ai.service.ts:147:35[39m

[31m  144     },[39m
[31m  145 }),[39m
[31m  146 // Memory check[39m
[31m→ 147 prisma.novaUserMemory.findUnique([39m
[31mCan't reach database server at `ep-withered-salad-agxzvgfm-pooler.c-2.eu-central-1.aws.neon.tech:5432`[39m

[31mPlease make sure your database server is running at `ep-withered-salad-agxzvgfm-pooler.c-2.eu-central-1.aws.neon.tech:5432`.[39m
2026-03-21 11:23:20:2320 [31merror[39m: [31m[Unhandled Error] Status: 500 - Detail: Error: [39m
[31mInvalid `prisma.novaUserMemory.findUnique()` invocation in[39m
[31mC:\Users\azizh\Downloads\soullink-frontend-soullink-1.4\soullink-frontend-soullink-1.4\soullink-backend\src\modules\ai-companion\ai.service.ts:147:35[39m

[31m  144     },[39m
[31m  145 }),[39m
[31m  146 // Memory check[39m
[31m→ 147 prisma.novaUserMemory.findUnique([39m
[31mCan't reach database server at `ep-withered-salad-agxzvgfm-pooler.c-2.eu-central-1.aws.neon.tech:5432`[39m

[31mPlease make sure your database server is running at `ep-withered-salad-agxzvgfm-pooler.c-2.eu-central-1.aws.neon.tech:5432`.[39m
[31m    at AIService.generateResponse (C:\Users\azizh\Downloads\soullink-frontend-soullink-1.4\soullink-frontend-soullink-1.4\soullink-backend\src\modules\ai-companion\ai.service.ts:702:19)[39m
[31m    at async chatWithNova (C:\Users\azizh\Downloads\soullink-frontend-soullink-1.4\soullink-frontend-soullink-1.4\soullink-backend\src\modules\ai-companion\ai.controller.ts:19:24)[39m
2026-03-21 11:27:51:2751 [31merror[39m: [31m[AI] Severe internal error: [39m
[31mInvalid `prisma.novaUserMemory.findUnique()` invocation in[39m
[31mC:\Users\azizh\Downloads\soullink-frontend-soullink-1.4\soullink-frontend-soullink-1.4\soullink-backend\src\modules\ai-companion\ai.service.ts:147:35[39m

[31m  144     },[39m
[31m  145 }),[39m
[31m  146 // Memory check[39m
[31m→ 147 prisma.novaUserMemory.findUnique([39m
[31mThe column `NovaUserMemory.city` does not exist in the current database.[39m
2026-03-21 11:27:51:2751 [31merror[39m: [31m[Unhandled Error] Status: 500 - Detail: Error: [39m
[31mInvalid `prisma.novaUserMemory.findUnique()` invocation in[39m
[31mC:\Users\azizh\Downloads\soullink-frontend-soullink-1.4\soullink-frontend-soullink-1.4\soullink-backend\src\modules\ai-companion\ai.service.ts:147:35[39m

[31m  144     },[39m
[31m  145 }),[39m
[31m  146 // Memory check[39m
[31m→ 147 prisma.novaUserMemory.findUnique([39m
[31mThe column `NovaUserMemory.city` does not exist in the current database.[39m
[31m    at AIService.generateResponse (C:\Users\azizh\Downloads\soullink-frontend-soullink-1.4\soullink-frontend-soullink-1.4\soullink-backend\src\modules\ai-companion\ai.service.ts:702:19)[39m
[31m    at async chatWithNova (C:\Users\azizh\Downloads\soullink-frontend-soullink-1.4\soullink-frontend-soullink-1.4\soullink-backend\src\modules\ai-companion\ai.controller.ts:19:24)[39m
2026-03-21 11:27:52:2752 [31merror[39m: [31m[RAG] Failed to save memory to Pinecone: The API key you provided was rejected while calling https://api.pinecone.io/indexes/nova-memory. Please check your configuration values and try again. You can find the configuration values for your project in the Pinecone developer console at https://app.pinecone.io[39m
2026-03-21 11:30:50:3050 [31merror[39m: [31m[AI] Severe internal error: [39m
[31mInvalid `prisma.novaUserMemory.findUnique()` invocation in[39m
[31mC:\Users\azizh\Downloads\soullink-frontend-soullink-1.4\soullink-frontend-soullink-1.4\soullink-backend\src\modules\ai-companion\ai.service.ts:147:35[39m

[31m  144     },[39m
[31m  145 }),[39m
[31m  146 // Memory check[39m
[31m→ 147 prisma.novaUserMemory.findUnique([39m
[31mThe column `NovaUserMemory.city` does not exist in the current database.[39m
2026-03-21 11:30:50:3050 [31merror[39m: [31m[Unhandled Error] Status: 500 - Detail: Error: [39m
[31mInvalid `prisma.novaUserMemory.findUnique()` invocation in[39m
[31mC:\Users\azizh\Downloads\soullink-frontend-soullink-1.4\soullink-frontend-soullink-1.4\soullink-backend\src\modules\ai-companion\ai.service.ts:147:35[39m

[31m  144     },[39m
[31m  145 }),[39m
[31m  146 // Memory check[39m
[31m→ 147 prisma.novaUserMemory.findUnique([39m
[31mThe column `NovaUserMemory.city` does not exist in the current database.[39m
[31m    at AIService.generateResponse (C:\Users\azizh\Downloads\soullink-frontend-soullink-1.4\soullink-frontend-soullink-1.4\soullink-backend\src\modules\ai-companion\ai.service.ts:702:19)[39m
[31m    at async chatWithNova (C:\Users\azizh\Downloads\soullink-frontend-soullink-1.4\soullink-frontend-soullink-1.4\soullink-backend\src\modules\ai-companion\ai.controller.ts:19:24)[39m
2026-03-21 11:30:50:3050 [31merror[39m: [31m[RAG] Failed to save memory to Pinecone: The API key you provided was rejected while calling https://api.pinecone.io/indexes/nova-memory. Please check your configuration values and try again. You can find the configuration values for your project in the Pinecone developer console at https://app.pinecone.io[39m
2026-03-21 11:32:49:3249 [31merror[39m: [31m[AI] Severe internal error: [39m
[31mInvalid `prisma.novaUserMemory.findUnique()` invocation in[39m
[31mC:\Users\azizh\Downloads\soullink-frontend-soullink-1.4\soullink-frontend-soullink-1.4\soullink-backend\src\modules\ai-companion\ai.service.ts:147:35[39m

[31m  144     },[39m
[31m  145 }),[39m
[31m  146 // Memory check[39m
[31m→ 147 prisma.novaUserMemory.findUnique([39m
[31mThe column `NovaUserMemory.city` does not exist in the current database.[39m
2026-03-21 11:32:49:3249 [31merror[39m: [31m[RAG] Failed to save memory to Pinecone: The API key you provided was rejected while calling https://api.pinecone.io/indexes/nova-memory. Please check your configuration values and try again. You can find the configuration values for your project in the Pinecone developer console at https://app.pinecone.io[39m
2026-03-21 11:33:08:338 [31merror[39m: [31m[AI] Severe internal error: [39m
[31mInvalid `prisma.novaUserMemory.findUnique()` invocation in[39m
[31mC:\Users\azizh\Downloads\soullink-frontend-soullink-1.4\soullink-frontend-soullink-1.4\soullink-backend\src\modules\ai-companion\ai.service.ts:147:35[39m

[31m  144     },[39m
[31m  145 }),[39m
[31m  146 // Memory check[39m
[31m→ 147 prisma.novaUserMemory.findUnique([39m
[31mThe column `NovaUserMemory.city` does not exist in the current database.[39m
2026-03-21 11:33:08:338 [31merror[39m: [31m[RAG] Failed to save memory to Pinecone: The API key you provided was rejected while calling https://api.pinecone.io/indexes/nova-memory. Please check your configuration values and try again. You can find the configuration values for your project in the Pinecone developer console at https://app.pinecone.io[39m
2026-03-21 11:35:24:3524 [31merror[39m: [31mSocket Auth: Database error during user lookup. Socket am8uwfv2qyGznB1zAAAL. Error: [39m
[31mInvalid `prisma.user.findUnique()` invocation in[39m
[31mC:\Users\azizh\Downloads\soullink-frontend-soullink-1.4\soullink-frontend-soullink-1.4\soullink-backend\src\server.ts:41:44[39m

[31m  38 }[39m
[31m  39 [39m
[31m  40 try {[39m
[31m→ 41     const user = await prisma.user.findUnique([39m
[31mTimed out fetching a new connection from the connection pool. More info: http://pris.ly/d/connection-pool (Current connection pool timeout: 10, connection limit: 17)[39m
2026-03-21 11:37:27:3727 [31merror[39m: [31m[RAG] Failed to save memory to Pinecone: The API key you provided was rejected while calling https://api.pinecone.io/indexes/nova-memory. Please check your configuration values and try again. You can find the configuration values for your project in the Pinecone developer console at https://app.pinecone.io[39m
2026-03-21 11:37:28:3728 [31merror[39m: [31m[RAG] Failed to search memories in Pinecone: The API key you provided was rejected while calling https://api.pinecone.io/indexes/nova-memory. Please check your configuration values and try again. You can find the configuration values for your project in the Pinecone developer console at https://app.pinecone.io[39m
2026-03-21 11:48:24:4824 [31merror[39m: [31m[RAG] Failed to save memory to Pinecone: Vector dimension 1024 does not match the dimension of the index 384[39m
2026-03-21 11:59:02:592 [31merror[39m: [31m[RAG] Failed to save memory to Pinecone: Vector dimension 1024 does not match the dimension of the index 384[39m
2026-03-21 12:15:23:1523 [31merror[39m: [31m[RAG] Query embedding failed: Cannot read properties of undefined (reading 'substring')[39m
2026-03-21 12:15:24:1524 [31merror[39m: [31m[LLM] API Error (400):[39m
2026-03-21 12:15:24:1524 [31merror[39m: [31m[AI] Chat failed: AI returned no response[39m
2026-03-21 12:19:23:1923 [31merror[39m: [31mSocket Auth: JWT verification failed for socket caGj3UheLLi-gHfLAAAB. Error: jwt expired[39m
2026-03-21 12:19:24:1924 [31merror[39m: [31mSocket Auth: JWT verification failed for socket myG6VFKe3bp6u_4pAAAD. Error: jwt expired[39m
2026-03-21 12:20:05:205 [31merror[39m: [31mSocket Auth: JWT verification failed for socket XTFT2swWZuI0mQzIAAAG. Error: jwt expired[39m
2026-03-21 12:20:05:205 [31merror[39m: [31mSocket Auth: JWT verification failed for socket 2xleQpdrxAs7RlEnAAAH. Error: jwt expired[39m
2026-03-21 13:00:03:03 [31merror[39m: [31m[LLM] API Error (400):[39m
2026-03-21 13:00:03:03 [31merror[39m: [31m[LLM] API Error (400):[39m
2026-03-21 13:00:03:03 [31merror[39m: [31m[LLM] API Error (400):[39m
2026-03-21 14:00:03:03 [31merror[39m: [31m[LLM] API Error (400):[39m
2026-03-21 14:00:04:04 [31merror[39m: [31m[LLM] API Error (400):[39m
2026-03-21 14:00:05:05 [31merror[39m: [31m[LLM] API Error (400):[39m
2026-03-21 15:08:48:848 [31merror[39m: [31mSocket Auth: JWT verification failed for socket y3x1sD7Kb3wI4jfyAAAT. Error: jwt expired[39m
2026-03-21 15:08:48:848 [31merror[39m: [31mSocket Auth: JWT verification failed for socket anRf1SuxzRcpHanyAAAV. Error: jwt expired[39m
2026-03-21 15:08:48:848 [31merror[39m: [31mSocket Auth: JWT verification failed for socket cfGn3kfB4BZVBIYpAAAW. Error: jwt expired[39m
2026-03-21 15:08:48:848 [31merror[39m: [31mSocket Auth: JWT verification failed for socket tKyWObBiCqKzf0eDAAAX. Error: jwt expired[39m
2026-03-21 18:00:02:02 [31merror[39m: [31m[LLM] API Error (400):[39m
2026-03-21 18:00:03:03 [31merror[39m: [31m[LLM] API Error (400):[39m
2026-03-21 18:00:04:04 [31merror[39m: [31m[LLM] API Error (400):[39m
2026-03-24 13:00:00:00 [31merror[39m: [31m[LLM] API Error (400):[39m
2026-03-24 13:00:01:01 [31merror[39m: [31m[LLM] API Error (400):[39m
2026-03-24 13:00:01:01 [31merror[39m: [31m[LLM] API Error (400):[39m
2026-03-29 11:45:18:4518 [31merror[39m: [31mFailed to start server: Can't reach database server at `ep-withered-salad-agxzvgfm-pooler.c-2.eu-central-1.aws.neon.tech:5432`[39m

[31mPlease make sure your database server is running at `ep-withered-salad-agxzvgfm-pooler.c-2.eu-central-1.aws.neon.tech:5432`.[39m
2026-03-29 12:00:02:02 [31merror[39m: [31m[LLM] API Error (400):[39m
2026-03-29 12:00:03:03 [31merror[39m: [31m[LLM] API Error (400):[39m
2026-03-29 12:00:03:03 [31merror[39m: [31m[LLM] API Error (400):[39m
2026-03-29 12:14:35:1435 [31merror[39m: [31m[Unhandled Error] Status: 500 - Detail: MulterError: File too large[39m
[31m    at abortWithCode (C:\Users\azizh\Downloads\soullink-frontend-soullink-1.4\soullink-frontend-soullink-1.4\soullink-backend\node_modules\multer\lib\make-middleware.js:73:22)[39m
[31m    at FileStream.<anonymous> (C:\Users\azizh\Downloads\soullink-frontend-soullink-1.4\soullink-frontend-soullink-1.4\soullink-backend\node_modules\multer\lib\make-middleware.js:136:11)[39m
[31m    at FileStream.emit (node:events:508:28)[39m
[31m    at SBMH.ssCb [as _cb] (C:\Users\azizh\Downloads\soullink-frontend-soullink-1.4\soullink-frontend-soullink-1.4\soullink-backend\node_modules\busboy\lib\types\multipart.js:479:32)[39m
[31m    at feed (C:\Users\azizh\Downloads\soullink-frontend-soullink-1.4\soullink-frontend-soullink-1.4\soullink-backend\node_modules\streamsearch\lib\sbmh.js:248:10)[39m
[31m    at SBMH.push (C:\Users\azizh\Downloads\soullink-frontend-soullink-1.4\soullink-frontend-soullink-1.4\soullink-backend\node_modules\streamsearch\lib\sbmh.js:104:16)[39m
[31m    at Multipart._write (C:\Users\azizh\Downloads\soullink-frontend-soullink-1.4\soullink-frontend-soullink-1.4\soullink-backend\node_modules\busboy\lib\types\multipart.js:567:19)[39m
[31m    at writeOrBuffer (node:internal/streams/writable:570:12)[39m
[31m    at _write (node:internal/streams/writable:499:10)[39m
[31m    at Writable.write (node:internal/streams/writable:508:10)[39m
2026-03-29 12:58:51:5851 [31merror[39m: [31mSocket Auth: JWT verification failed for socket Dz7vkfxmO7dWRowkAAAV. Error: jwt expired[39m
2026-03-29 12:58:51:5851 [31merror[39m: [31mSocket Auth: JWT verification failed for socket hDOZp6wUKV0si2avAAAW. Error: jwt expired[39m
2026-03-29 12:58:51:5851 [31merror[39m: [31mSocket Auth: JWT verification failed for socket O_qZDdqS4MOW3h-XAAAX. Error: jwt expired[39m
2026-03-29 13:00:02:02 [31merror[39m: [31m[LLM] API Error (400):[39m
2026-03-29 13:00:03:03 [31merror[39m: [31m[LLM] API Error (400):[39m
2026-03-29 13:00:04:04 [31merror[39m: [31m[LLM] API Error (400):[39m
2026-03-29 14:00:02:02 [31merror[39m: [31m[LLM] API Error (400):[39m
2026-03-29 14:00:03:03 [31merror[39m: [31m[LLM] API Error (400):[39m
2026-03-29 14:00:03:03 [31merror[39m: [31m[LLM] API Error (400):[39m
2026-03-29 15:00:02:02 [31merror[39m: [31m[LLM] API Error (400):[39m
2026-03-29 15:00:03:03 [31merror[39m: [31m[LLM] API Error (400):[39m
2026-03-29 15:00:03:03 [31merror[39m: [31m[LLM] API Error (400):[39m
2026-03-29 16:00:04:04 [31merror[39m: [31m[LLM] API Error (400):[39m
2026-03-29 16:00:04:04 [31merror[39m: [31m[LLM] API Error (400):[39m
2026-03-29 16:00:05:05 [31merror[39m: [31m[LLM] API Error (400):[39m
2026-03-30 00:00:03:03 [31merror[39m: [31m[LLM] API Error (400):[39m
2026-03-30 00:00:03:03 [31merror[39m: [31m[LLM] API Error (400):[39m
2026-03-30 00:00:04:04 [31merror[39m: [31m[LLM] API Error (400):[39m
2026-03-30 14:28:24:2824 [31merror[39m: [31m[AI] Chat failed: [39m
[31mInvalid `prisma.friendship.count()` invocation in[39m
[31mC:\Users\azizh\Downloads\soullink-frontend-soullink-1.4\soullink-frontend-soullink-1.4\soullink-backend\src\modules\ai-companion\context.service.ts:43:31[39m

[31m  40     take: 5,[39m
[31m  41     include: { game: true, scene: true, choice: true }[39m
[31m  42 }),[39m
[31m→ 43 prisma.friendship.count([39m
[31mTimed out fetching a new connection from the connection pool. More info: http://pris.ly/d/connection-pool (Current connection pool timeout: 10, connection limit: 17)[39m
2026-03-30 15:00:02:02 [31merror[39m: [31m[LLM] API Error (400):[39m
2026-03-30 15:00:02:02 [31merror[39m: [31m[LLM] API Error (400):[39m
2026-03-30 15:00:03:03 [31merror[39m: [31m[LLM] API Error (400):[39m
2026-03-30 15:03:07:37 [31merror[39m: [31m[AI] Chat failed: [39m
[31mInvalid `prisma.aIMessage.count()` invocation in[39m
[31mC:\Users\azizh\Downloads\soullink-frontend-soullink-1.4\soullink-frontend-soullink-1.4\soullink-backend\src\modules\ai-companion\ai.service.ts:46:34[39m

[31m  43 const [userContext, vector, messageCount] = await Promise.all([[39m
[31m  44     contextService.getUserContext(userId, userMessage, timezone),[39m
[31m  45     embeddingService.embedQuery(userMessage),[39m
[31m→ 46     prisma.aIMessage.count([39m
[31mTimed out fetching a new connection from the connection pool. More info: http://pris.ly/d/connection-pool (Current connection pool timeout: 10, connection limit: 17)[39m
2026-04-02 11:00:01:01 [31merror[39m: [31m[LLM] API Error (400):[39m
2026-04-02 11:00:01:01 [31merror[39m: [31m[LLM] API Error (400):[39m
2026-04-02 11:00:02:02 [31merror[39m: [31m[LLM] API Error (400):[39m
2026-04-02 13:35:53:3553 [31merror[39m: [31mPresence Offline Error for 77c36d4c-491c-41a2-a97a-8963e916364b: [39m
[31mInvalid `prisma.user.update()` invocation in[39m
[31mC:\Users\azizh\Downloads\soullink-frontend-soullink-1.4\soullink-frontend-soullink-1.4\soullink-backend\src\server.ts:103:39[39m

[31m  100 userSockets.delete(user.id);[39m
[31m  101 // Last connection closed: set offline[39m
[31m  102 try {[39m
[31m→ 103     await prisma.user.update([39m
[31mCan't reach database server at `ep-withered-salad-agxzvgfm-pooler.c-2.eu-central-1.aws.neon.tech:5432`[39m

[31mPlease make sure your database server is running at `ep-withered-salad-agxzvgfm-pooler.c-2.eu-central-1.aws.neon.tech:5432`.[39m
2026-04-02 13:35:54:3554 [31merror[39m: [31mSocket Auth: JWT verification failed for socket KOI99z6yuoAJc6BWAAAM. Error: jwt expired[39m
2026-04-02 13:35:54:3554 [31merror[39m: [31mSocket Auth: JWT verification failed for socket z5AdX18bjOKGvwI3AAAN. Error: jwt expired[39m
2026-04-02 13:35:54:3554 [31merror[39m: [31mSocket Auth: JWT verification failed for socket Wu02hulsq_kdb9qRAAAO. Error: jwt expired[39m
2026-04-02 13:35:54:3554 [31merror[39m: [31mSocket Auth: JWT verification failed for socket PaT0y_tj5EDluAWeAAAP. Error: jwt expired[39m
2026-04-02 14:00:02:02 [31merror[39m: [31m[LLM] API Error (400):[39m
2026-04-02 14:00:03:03 [31merror[39m: [31m[LLM] API Error (400):[39m
2026-04-02 14:00:03:03 [31merror[39m: [31m[LLM] API Error (400):[39m
2026-04-02 14:47:53:4753 [31merror[39m: [31mSocket Auth: JWT verification failed for socket gVwcOOwU5Nyvn-YlAAAD. Error: jwt expired[39m
2026-04-02 14:47:53:4753 [31merror[39m: [31mSocket Auth: JWT verification failed for socket LeAcQ6MBojNo0vvmAAAE. Error: jwt expired[39m
2026-04-02 14:47:53:4753 [31merror[39m: [31mSocket Auth: JWT verification failed for socket 1_3eIPxjMFGX3NlvAAAF. Error: jwt expired[39m
2026-04-02 15:14:02:142 [31merror[39m: [31mSocket Auth: Database error during user lookup. Socket -gxbT_tM1O1FDf8BAAAM. Error: [39m
[31mInvalid `prisma.user.findUnique()` invocation in[39m
[31mC:\Users\azizh\Downloads\soullink-frontend-soullink-1.4\soullink-frontend-soullink-1.4\soullink-backend\src\server.ts:41:44[39m

[31m  38 }[39m
[31m  39 [39m
[31m  40 try {[39m
[31m→ 41     const user = await prisma.user.findUnique([39m
[31mTimed out fetching a new connection from the connection pool. More info: http://pris.ly/d/connection-pool (Current connection pool timeout: 10, connection limit: 17)[39m
2026-04-02 15:14:06:146 [31merror[39m: [31m[Unhandled Error] Status: 500 - Detail: {"message":"Image file format webp not allowed","name":"Error","http_code":400,"storageErrors":[]}[39m
2026-04-02 15:14:23:1423 [31merror[39m: [31m[Unhandled Error] Status: 500 - Detail: {"message":"Image file format webp not allowed","name":"Error","http_code":400,"storageErrors":[]}[39m
2026-04-02 15:14:37:1437 [31merror[39m: [31m[Unhandled Error] Status: 500 - Detail: {"message":"Image file format webp not allowed","name":"Error","http_code":400,"storageErrors":[]}[39m
2026-04-02 15:15:03:153 [31merror[39m: [31m[Unhandled Error] Status: 500 - Detail: {"message":"Image file format webp not allowed","name":"Error","http_code":400,"storageErrors":[]}[39m
2026-04-02 15:16:34:1634 [31merror[39m: [31m[Unhandled Error] Status: 500 - Detail: PrismaClientValidationError: [39m
[31mInvalid `prisma.directMessage.findMany()` invocation in[39m
[31mC:\Users\azizh\Downloads\soullink-frontend-soullink-1.4\soullink-frontend-soullink-1.4\soullink-backend\src\modules\chat\chat.service.ts:57:43[39m

[31m  54 }[39m
[31m  55 [39m
[31m  56 async getConversation(userId: string, friendId: string, limit = 50, cursor?: string) {[39m
[31m→ 57     return await prisma.directMessage.findMany({[39m
[31m           where: {[39m
[31m             OR: [[39m
[31m               {[39m
[31m                 senderId: "c2a03e1b-f489-474e-a818-3bacb7f647c6",[39m
[31m                 receiverId: "00747bed-0627-4d2a-a6c7-e702b31eb5a0"[39m
[31m               },[39m
[31m               {[39m
[31m                 senderId: "00747bed-0627-4d2a-a6c7-e702b31eb5a0",[39m
[31m                 receiverId: "c2a03e1b-f489-474e-a818-3bacb7f647c6"[39m
[31m               }[39m
[31m             ][39m
[31m           },[39m
[31m           take: 50,[39m
[31m           skip: 0,[39m
[31m           cursor: undefined,[39m
[31m           orderBy: {[39m
[31m             createdAt: "desc"[39m
[31m           },[39m
[31m           include: {[39m
[31m             replyTo: {[39m
[31m               include: {[39m
[31m                 sender: {[39m
[31m                 ~~~~~~[39m
[31m                   select: {[39m
[31m                     id: true,[39m
[31m                     displayName: true[39m
[31m                   }[39m
[31m                 },[39m
[31m         ?       replyTo?: true,[39m
[31m         ?       replies?: true[39m
[31m               }[39m
[31m             }[39m
[31m           }[39m
[31m         })[39m

[31mUnknown field `sender` for include statement on model `DirectMessage`. Available options are marked with ?.[39m
[31m    at wn (C:\Users\azizh\Downloads\soullink-frontend-soullink-1.4\soullink-frontend-soullink-1.4\soullink-backend\node_modules\@prisma\client\runtime\library.js:29:1363)[39m
[31m    at $n.handleRequestError (C:\Users\azizh\Downloads\soullink-frontend-soullink-1.4\soullink-frontend-soullink-1.4\soullink-backend\node_modules\@prisma\client\runtime\library.js:121:6958)[39m
[31m    at $n.handleAndLogRequestError (C:\Users\azizh\Downloads\soullink-frontend-soullink-1.4\soullink-frontend-soullink-1.4\soullink-backend\node_modules\@prisma\client\runtime\library.js:121:6623)[39m
[31m    at $n.request (C:\Users\azizh\Downloads\soullink-frontend-soullink-1.4\soullink-frontend-soullink-1.4\soullink-backend\node_modules\@prisma\client\runtime\library.js:121:6307)[39m
[31m    at async l (C:\Users\azizh\Downloads\soullink-frontend-soullink-1.4\soullink-frontend-soullink-1.4\soullink-backend\node_modules\@prisma\client\runtime\library.js:130:9633)[39m
[31m    at async ChatService.getConversation (C:\Users\azizh\Downloads\soullink-frontend-soullink-1.4\soullink-frontend-soullink-1.4\soullink-backend\src\modules\chat\chat.service.ts:57:16)[39m
[31m    at async getConversation (C:\Users\azizh\Downloads\soullink-frontend-soullink-1.4\soullink-frontend-soullink-1.4\soullink-backend\src\modules\chat\chat.controller.ts:10:30)[39m
2026-04-02 15:16:34:1634 [31merror[39m: [31m[Unhandled Error] Status: 500 - Detail: PrismaClientValidationError: [39m
[31mInvalid `prisma.directMessage.findMany()` invocation in[39m
[31mC:\Users\azizh\Downloads\soullink-frontend-soullink-1.4\soullink-frontend-soullink-1.4\soullink-backend\src\modules\chat\chat.service.ts:57:43[39m

[31m  54 }[39m
[31m  55 [39m
[31m  56 async getConversation(userId: string, friendId: string, limit = 50, cursor?: string) {[39m
[31m→ 57     return await prisma.directMessage.findMany({[39m
[31m           where: {[39m
[31m             OR: [[39m
[31m               {[39m
[31m                 senderId: "c2a03e1b-f489-474e-a818-3bacb7f647c6",[39m
[31m                 receiverId: "00747bed-0627-4d2a-a6c7-e702b31eb5a0"[39m
[31m               },[39m
[31m               {[39m
[31m                 senderId: "00747bed-0627-4d2a-a6c7-e702b31eb5a0",[39m
[31m                 receiverId: "c2a03e1b-f489-474e-a818-3bacb7f647c6"[39m
[31m               }[39m
[31m             ][39m
[31m           },[39m
[31m           take: 50,[39m
[31m           skip: 0,[39m
[31m           cursor: undefined,[39m
[31m           orderBy: {[39m
[31m             createdAt: "desc"[39m
[31m           },[39m
[31m           include: {[39m
[31m             replyTo: {[39m
[31m               include: {[39m
[31m                 sender: {[39m
[31m                 ~~~~~~[39m
[31m                   select: {[39m
[31m                     id: true,[39m
[31m                     displayName: true[39m
[31m                   }[39m
[31m                 },[39m
[31m         ?       replyTo?: true,[39m
[31m         ?       replies?: true[39m
[31m               }[39m
[31m             }[39m
[31m           }[39m
[31m         })[39m

[31mUnknown field `sender` for include statement on model `DirectMessage`. Available options are marked with ?.[39m
[31m    at wn (C:\Users\azizh\Downloads\soullink-frontend-soullink-1.4\soullink-frontend-soullink-1.4\soullink-backend\node_modules\@prisma\client\runtime\library.js:29:1363)[39m
[31m    at $n.handleRequestError (C:\Users\azizh\Downloads\soullink-frontend-soullink-1.4\soullink-frontend-soullink-1.4\soullink-backend\node_modules\@prisma\client\runtime\library.js:121:6958)[39m
[31m    at $n.handleAndLogRequestError (C:\Users\azizh\Downloads\soullink-frontend-soullink-1.4\soullink-frontend-soullink-1.4\soullink-backend\node_modules\@prisma\client\runtime\library.js:121:6623)[39m
[31m    at $n.request (C:\Users\azizh\Downloads\soullink-frontend-soullink-1.4\soullink-frontend-soullink-1.4\soullink-backend\node_modules\@prisma\client\runtime\library.js:121:6307)[39m
[31m    at async l (C:\Users\azizh\Downloads\soullink-frontend-soullink-1.4\soullink-frontend-soullink-1.4\soullink-backend\node_modules\@prisma\client\runtime\library.js:130:9633)[39m
[31m    at async ChatService.getConversation (C:\Users\azizh\Downloads\soullink-frontend-soullink-1.4\soullink-frontend-soullink-1.4\soullink-backend\src\modules\chat\chat.service.ts:57:16)[39m
[31m    at async getConversation (C:\Users\azizh\Downloads\soullink-frontend-soullink-1.4\soullink-frontend-soullink-1.4\soullink-backend\src\modules\chat\chat.controller.ts:10:30)[39m
2026-04-02 15:18:03:183 [31merror[39m: [31m[Unhandled Error] Status: 500 - Detail: PrismaClientValidationError: [39m
[31mInvalid `prisma.directMessage.findMany()` invocation in[39m
[31mC:\Users\azizh\Downloads\soullink-frontend-soullink-1.4\soullink-frontend-soullink-1.4\soullink-backend\src\modules\chat\chat.service.ts:57:43[39m

[31m  54 }[39m
[31m  55 [39m
[31m  56 async getConversation(userId: string, friendId: string, limit = 50, cursor?: string) {[39m
[31m→ 57     return await prisma.directMessage.findMany({[39m
[31m           where: {[39m
[31m             OR: [[39m
[31m               {[39m
[31m                 senderId: "c2a03e1b-f489-474e-a818-3bacb7f647c6",[39m
[31m                 receiverId: "00747bed-0627-4d2a-a6c7-e702b31eb5a0"[39m
[31m               },[39m
[31m               {[39m
[31m                 senderId: "00747bed-0627-4d2a-a6c7-e702b31eb5a0",[39m
[31m                 receiverId: "c2a03e1b-f489-474e-a818-3bacb7f647c6"[39m
[31m               }[39m
[31m             ][39m
[31m           },[39m
[31m           take: 50,[39m
[31m           skip: 0,[39m
[31m           cursor: undefined,[39m
[31m           orderBy: {[39m
[31m             createdAt: "desc"[39m
[31m           },[39m
[31m           include: {[39m
[31m             replyTo: {[39m
[31m               include: {[39m
[31m                 sender: {[39m
[31m                 ~~~~~~[39m
[31m                   select: {[39m
[31m                     id: true,[39m
[31m                     displayName: true[39m
[31m                   }[39m
[31m                 },[39m
[31m         ?       replyTo?: true,[39m
[31m         ?       replies?: true[39m
[31m               }[39m
[31m             }[39m
[31m           }[39m
[31m         })[39m

[31mUnknown field `sender` for include statement on model `DirectMessage`. Available options are marked with ?.[39m
[31m    at wn (C:\Users\azizh\Downloads\soullink-frontend-soullink-1.4\soullink-frontend-soullink-1.4\soullink-backend\node_modules\@prisma\client\runtime\library.js:29:1363)[39m
[31m    at $n.handleRequestError (C:\Users\azizh\Downloads\soullink-frontend-soullink-1.4\soullink-frontend-soullink-1.4\soullink-backend\node_modules\@prisma\client\runtime\library.js:121:6958)[39m
[31m    at $n.handleAndLogRequestError (C:\Users\azizh\Downloads\soullink-frontend-soullink-1.4\soullink-frontend-soullink-1.4\soullink-backend\node_modules\@prisma\client\runtime\library.js:121:6623)[39m
[31m    at $n.request (C:\Users\azizh\Downloads\soullink-frontend-soullink-1.4\soullink-frontend-soullink-1.4\soullink-backend\node_modules\@prisma\client\runtime\library.js:121:6307)[39m
[31m    at async l (C:\Users\azizh\Downloads\soullink-frontend-soullink-1.4\soullink-frontend-soullink-1.4\soullink-backend\node_modules\@prisma\client\runtime\library.js:130:9633)[39m
[31m    at async ChatService.getConversation (C:\Users\azizh\Downloads\soullink-frontend-soullink-1.4\soullink-frontend-soullink-1.4\soullink-backend\src\modules\chat\chat.service.ts:57:16)[39m
[31m    at async getConversation (C:\Users\azizh\Downloads\soullink-frontend-soullink-1.4\soullink-frontend-soullink-1.4\soullink-backend\src\modules\chat\chat.controller.ts:10:30)[39m
2026-04-02 15:22:54:2254 [31merror[39m: [31m[Unhandled Error] Status: 500 - Detail: PrismaClientValidationError: [39m
[31mInvalid `prisma.directMessage.findMany()` invocation in[39m
[31mC:\Users\azizh\Downloads\soullink-frontend-soullink-1.4\soullink-frontend-soullink-1.4\soullink-backend\src\modules\chat\chat.service.ts:57:43[39m

[31m  54 }[39m
[31m  55 [39m
[31m  56 async getConversation(userId: string, friendId: string, limit = 50, cursor?: string) {[39m
[31m→ 57     return await prisma.directMessage.findMany({[39m
[31m           where: {[39m
[31m             OR: [[39m
[31m               {[39m
[31m                 senderId: "c2a03e1b-f489-474e-a818-3bacb7f647c6",[39m
[31m                 receiverId: "00747bed-0627-4d2a-a6c7-e702b31eb5a0"[39m
[31m               },[39m
[31m               {[39m
[31m                 senderId: "00747bed-0627-4d2a-a6c7-e702b31eb5a0",[39m
[31m                 receiverId: "c2a03e1b-f489-474e-a818-3bacb7f647c6"[39m
[31m               }[39m
[31m             ][39m
[31m           },[39m
[31m           take: 50,[39m
[31m           skip: 0,[39m
[31m           cursor: undefined,[39m
[31m           orderBy: {[39m
[31m             createdAt: "desc"[39m
[31m           },[39m
[31m           include: {[39m
[31m             replyTo: {[39m
[31m               include: {[39m
[31m                 sender: {[39m
[31m                 ~~~~~~[39m
[31m                   select: {[39m
[31m                     id: true,[39m
[31m                     displayName: true[39m
[31m                   }[39m
[31m                 },[39m
[31m         ?       replyTo?: true,[39m
[31m         ?       replies?: true[39m
[31m               }[39m
[31m             }[39m
[31m           }[39m
[31m         })[39m

[31mUnknown field `sender` for include statement on model `DirectMessage`. Available options are marked with ?.[39m
[31m    at wn (C:\Users\azizh\Downloads\soullink-frontend-soullink-1.4\soullink-frontend-soullink-1.4\soullink-backend\node_modules\@prisma\client\runtime\library.js:29:1363)[39m
[31m    at $n.handleRequestError (C:\Users\azizh\Downloads\soullink-frontend-soullink-1.4\soullink-frontend-soullink-1.4\soullink-backend\node_modules\@prisma\client\runtime\library.js:121:6958)[39m
[31m    at $n.handleAndLogRequestError (C:\Users\azizh\Downloads\soullink-frontend-soullink-1.4\soullink-frontend-soullink-1.4\soullink-backend\node_modules\@prisma\client\runtime\library.js:121:6623)[39m
[31m    at $n.request (C:\Users\azizh\Downloads\soullink-frontend-soullink-1.4\soullink-frontend-soullink-1.4\soullink-backend\node_modules\@prisma\client\runtime\library.js:121:6307)[39m
[31m    at async l (C:\Users\azizh\Downloads\soullink-frontend-soullink-1.4\soullink-frontend-soullink-1.4\soullink-backend\node_modules\@prisma\client\runtime\library.js:130:9633)[39m
[31m    at async ChatService.getConversation (C:\Users\azizh\Downloads\soullink-frontend-soullink-1.4\soullink-frontend-soullink-1.4\soullink-backend\src\modules\chat\chat.service.ts:57:16)[39m
[31m    at async getConversation (C:\Users\azizh\Downloads\soullink-frontend-soullink-1.4\soullink-frontend-soullink-1.4\soullink-backend\src\modules\chat\chat.controller.ts:10:30)[39m
2026-04-02 15:23:46:2346 [31merror[39m: [31m[Unhandled Error] Status: 500 - Detail: PrismaClientValidationError: [39m
[31mInvalid `prisma.directMessage.findMany()` invocation in[39m
[31mC:\Users\azizh\Downloads\soullink-frontend-soullink-1.4\soullink-frontend-soullink-1.4\soullink-backend\src\modules\chat\chat.service.ts:57:43[39m

[31m  54 }[39m
[31m  55 [39m
[31m  56 async getConversation(userId: string, friendId: string, limit = 50, cursor?: string) {[39m
[31m→ 57     return await prisma.directMessage.findMany({[39m
[31m           where: {[39m
[31m             OR: [[39m
[31m               {[39m
[31m                 senderId: "00747bed-0627-4d2a-a6c7-e702b31eb5a0",[39m
[31m                 receiverId: "c2a03e1b-f489-474e-a818-3bacb7f647c6"[39m
[31m               },[39m
[31m               {[39m
[31m                 senderId: "c2a03e1b-f489-474e-a818-3bacb7f647c6",[39m
[31m                 receiverId: "00747bed-0627-4d2a-a6c7-e702b31eb5a0"[39m
[31m               }[39m
[31m             ][39m
[31m           },[39m
[31m           take: 50,[39m
[31m           skip: 0,[39m
[31m           cursor: undefined,[39m
[31m           orderBy: {[39m
[31m             createdAt: "desc"[39m
[31m           },[39m
[31m           include: {[39m
[31m             replyTo: {[39m
[31m               include: {[39m
[31m                 sender: {[39m
[31m                 ~~~~~~[39m
[31m                   select: {[39m
[31m                     id: true,[39m
[31m                     displayName: true[39m
[31m                   }[39m
[31m                 },[39m
[31m         ?       replyTo?: true,[39m
[31m         ?       replies?: true[39m
[31m               }[39m
[31m             }[39m
[31m           }[39m
[31m         })[39m

[31mUnknown field `sender` for include statement on model `DirectMessage`. Available options are marked with ?.[39m
[31m    at wn (C:\Users\azizh\Downloads\soullink-frontend-soullink-1.4\soullink-frontend-soullink-1.4\soullink-backend\node_modules\@prisma\client\runtime\library.js:29:1363)[39m
[31m    at $n.handleRequestError (C:\Users\azizh\Downloads\soullink-frontend-soullink-1.4\soullink-frontend-soullink-1.4\soullink-backend\node_modules\@prisma\client\runtime\library.js:121:6958)[39m
[31m    at $n.handleAndLogRequestError (C:\Users\azizh\Downloads\soullink-frontend-soullink-1.4\soullink-frontend-soullink-1.4\soullink-backend\node_modules\@prisma\client\runtime\library.js:121:6623)[39m
[31m    at $n.request (C:\Users\azizh\Downloads\soullink-frontend-soullink-1.4\soullink-frontend-soullink-1.4\soullink-backend\node_modules\@prisma\client\runtime\library.js:121:6307)[39m
[31m    at async l (C:\Users\azizh\Downloads\soullink-frontend-soullink-1.4\soullink-frontend-soullink-1.4\soullink-backend\node_modules\@prisma\client\runtime\library.js:130:9633)[39m
[31m    at async ChatService.getConversation (C:\Users\azizh\Downloads\soullink-frontend-soullink-1.4\soullink-frontend-soullink-1.4\soullink-backend\src\modules\chat\chat.service.ts:57:16)[39m
[31m    at async getConversation (C:\Users\azizh\Downloads\soullink-frontend-soullink-1.4\soullink-frontend-soullink-1.4\soullink-backend\src\modules\chat\chat.controller.ts:10:30)[39m
2026-04-02 15:23:46:2346 [31merror[39m: [31m[Unhandled Error] Status: 500 - Detail: PrismaClientValidationError: [39m
[31mInvalid `prisma.directMessage.findMany()` invocation in[39m
[31mC:\Users\azizh\Downloads\soullink-frontend-soullink-1.4\soullink-frontend-soullink-1.4\soullink-backend\src\modules\chat\chat.service.ts:57:43[39m

[31m  54 }[39m
[31m  55 [39m
[31m  56 async getConversation(userId: string, friendId: string, limit = 50, cursor?: string) {[39m
[31m→ 57     return await prisma.directMessage.findMany({[39m
[31m           where: {[39m
[31m             OR: [[39m
[31m               {[39m
[31m                 senderId: "00747bed-0627-4d2a-a6c7-e702b31eb5a0",[39m
[31m                 receiverId: "c2a03e1b-f489-474e-a818-3bacb7f647c6"[39m
[31m               },[39m
[31m               {[39m
[31m                 senderId: "c2a03e1b-f489-474e-a818-3bacb7f647c6",[39m
[31m                 receiverId: "00747bed-0627-4d2a-a6c7-e702b31eb5a0"[39m
[31m               }[39m
[31m             ][39m
[31m           },[39m
[31m           take: 50,[39m
[31m           skip: 0,[39m
[31m           cursor: undefined,[39m
[31m           orderBy: {[39m
[31m             createdAt: "desc"[39m
[31m           },[39m
[31m           include: {[39m
[31m             replyTo: {[39m
[31m               include: {[39m
[31m                 sender: {[39m
[31m                 ~~~~~~[39m
[31m                   select: {[39m
[31m                     id: true,[39m
[31m                     displayName: true[39m
[31m                   }[39m
[31m                 },[39m
[31m         ?       replyTo?: true,[39m
[31m         ?       replies?: true[39m
[31m               }[39m
[31m             }[39m
[31m           }[39m
[31m         })[39m

[31mUnknown field `sender` for include statement on model `DirectMessage`. Available options are marked with ?.[39m
[31m    at wn (C:\Users\azizh\Downloads\soullink-frontend-soullink-1.4\soullink-frontend-soullink-1.4\soullink-backend\node_modules\@prisma\client\runtime\library.js:29:1363)[39m
[31m    at $n.handleRequestError (C:\Users\azizh\Downloads\soullink-frontend-soullink-1.4\soullink-frontend-soullink-1.4\soullink-backend\node_modules\@prisma\client\runtime\library.js:121:6958)[39m
[31m    at $n.handleAndLogRequestError (C:\Users\azizh\Downloads\soullink-frontend-soullink-1.4\soullink-frontend-soullink-1.4\soullink-backend\node_modules\@prisma\client\runtime\library.js:121:6623)[39m
[31m    at $n.request (C:\Users\azizh\Downloads\soullink-frontend-soullink-1.4\soullink-frontend-soullink-1.4\soullink-backend\node_modules\@prisma\client\runtime\library.js:121:6307)[39m
[31m    at async l (C:\Users\azizh\Downloads\soullink-frontend-soullink-1.4\soullink-frontend-soullink-1.4\soullink-backend\node_modules\@prisma\client\runtime\library.js:130:9633)[39m
[31m    at async ChatService.getConversation (C:\Users\azizh\Downloads\soullink-frontend-soullink-1.4\soullink-frontend-soullink-1.4\soullink-backend\src\modules\chat\chat.service.ts:57:16)[39m
[31m    at async getConversation (C:\Users\azizh\Downloads\soullink-frontend-soullink-1.4\soullink-frontend-soullink-1.4\soullink-backend\src\modules\chat\chat.controller.ts:10:30)[39m
2026-04-02 15:34:59:3459 [31merror[39m: [31mSocket Auth: Database error during user lookup. Socket rPtzSPIz-_VCRl18AAAE. Error: [39m
[31mInvalid `prisma.user.findUnique()` invocation in[39m
[31mC:\Users\azizh\Downloads\soullink-frontend-soullink-1.4\soullink-frontend-soullink-1.4\soullink-backend\src\server.ts:41:44[39m

[31m  38 }[39m
[31m  39 [39m
[31m  40 try {[39m
[31m→ 41     const user = await prisma.user.findUnique([39m
[31mCan't reach database server at `ep-withered-salad-agxzvgfm-pooler.c-2.eu-central-1.aws.neon.tech:5432`[39m

[31mPlease make sure your database server is running at `ep-withered-salad-agxzvgfm-pooler.c-2.eu-central-1.aws.neon.tech:5432`.[39m
2026-04-02 15:35:00:350 [31merror[39m: [31mSocket Auth: Database error during user lookup. Socket F8HbNTUbVP74hneuAAAG. Error: [39m
[31mInvalid `prisma.user.findUnique()` invocation in[39m
[31mC:\Users\azizh\Downloads\soullink-frontend-soullink-1.4\soullink-frontend-soullink-1.4\soullink-backend\src\server.ts:41:44[39m

[31m  38 }[39m
[31m  39 [39m
[31m  40 try {[39m
[31m→ 41     const user = await prisma.user.findUnique([39m
[31mCan't reach database server at `ep-withered-salad-agxzvgfm-pooler.c-2.eu-central-1.aws.neon.tech:5432`[39m

[31mPlease make sure your database server is running at `ep-withered-salad-agxzvgfm-pooler.c-2.eu-central-1.aws.neon.tech:5432`.[39m
2026-04-02 15:35:12:3512 [31merror[39m: [31m[Unhandled Error] Status: 500 - Detail: PrismaClientValidationError: [39m
[31mInvalid `prisma.directMessage.findMany()` invocation in[39m
[31mC:\Users\azizh\Downloads\soullink-frontend-soullink-1.4\soullink-frontend-soullink-1.4\soullink-backend\src\modules\chat\chat.service.ts:57:43[39m

[31m  54 }[39m
[31m  55 [39m
[31m  56 async getConversation(userId: string, friendId: string, limit = 50, cursor?: string) {[39m
[31m→ 57     return await prisma.directMessage.findMany({[39m
[31m           where: {[39m
[31m             OR: [[39m
[31m               {[39m
[31m                 senderId: "00747bed-0627-4d2a-a6c7-e702b31eb5a0",[39m
[31m                 receiverId: "c2a03e1b-f489-474e-a818-3bacb7f647c6"[39m
[31m               },[39m
[31m               {[39m
[31m                 senderId: "c2a03e1b-f489-474e-a818-3bacb7f647c6",[39m
[31m                 receiverId: "00747bed-0627-4d2a-a6c7-e702b31eb5a0"[39m
[31m               }[39m
[31m             ][39m
[31m           },[39m
[31m           take: 50,[39m
[31m           skip: 0,[39m
[31m           cursor: undefined,[39m
[31m           orderBy: {[39m
[31m             createdAt: "desc"[39m
[31m           },[39m
[31m           include: {[39m
[31m             replyTo: {[39m
[31m               include: {[39m
[31m                 sender: {[39m
[31m                 ~~~~~~[39m
[31m                   select: {[39m
[31m                     id: true,[39m
[31m                     displayName: true[39m
[31m                   }[39m
[31m                 },[39m
[31m         ?       replyTo?: true,[39m
[31m         ?       replies?: true[39m
[31m               }[39m
[31m             }[39m
[31m           }[39m
[31m         })[39m

[31mUnknown field `sender` for include statement on model `DirectMessage`. Available options are marked with ?.[39m
[31m    at wn (C:\Users\azizh\Downloads\soullink-frontend-soullink-1.4\soullink-frontend-soullink-1.4\soullink-backend\node_modules\@prisma\client\runtime\library.js:29:1363)[39m
[31m    at $n.handleRequestError (C:\Users\azizh\Downloads\soullink-frontend-soullink-1.4\soullink-frontend-soullink-1.4\soullink-backend\node_modules\@prisma\client\runtime\library.js:121:6958)[39m
[31m    at $n.handleAndLogRequestError (C:\Users\azizh\Downloads\soullink-frontend-soullink-1.4\soullink-frontend-soullink-1.4\soullink-backend\node_modules\@prisma\client\runtime\library.js:121:6623)[39m
[31m    at $n.request (C:\Users\azizh\Downloads\soullink-frontend-soullink-1.4\soullink-frontend-soullink-1.4\soullink-backend\node_modules\@prisma\client\runtime\library.js:121:6307)[39m
[31m    at async l (C:\Users\azizh\Downloads\soullink-frontend-soullink-1.4\soullink-frontend-soullink-1.4\soullink-backend\node_modules\@prisma\client\runtime\library.js:130:9633)[39m
[31m    at async ChatService.getConversation (C:\Users\azizh\Downloads\soullink-frontend-soullink-1.4\soullink-frontend-soullink-1.4\soullink-backend\src\modules\chat\chat.service.ts:57:16)[39m
[31m    at async getConversation (C:\Users\azizh\Downloads\soullink-frontend-soullink-1.4\soullink-frontend-soullink-1.4\soullink-backend\src\modules\chat\chat.controller.ts:10:30)[39m
2026-04-02 15:35:12:3512 [31merror[39m: [31m[Unhandled Error] Status: 500 - Detail: PrismaClientValidationError: [39m
[31mInvalid `prisma.directMessage.findMany()` invocation in[39m
[31mC:\Users\azizh\Downloads\soullink-frontend-soullink-1.4\soullink-frontend-soullink-1.4\soullink-backend\src\modules\chat\chat.service.ts:57:43[39m

[31m  54 }[39m
[31m  55 [39m
[31m  56 async getConversation(userId: string, friendId: string, limit = 50, cursor?: string) {[39m
[31m→ 57     return await prisma.directMessage.findMany({[39m
[31m           where: {[39m
[31m             OR: [[39m
[31m               {[39m
[31m                 senderId: "00747bed-0627-4d2a-a6c7-e702b31eb5a0",[39m
[31m                 receiverId: "c2a03e1b-f489-474e-a818-3bacb7f647c6"[39m
[31m               },[39m
[31m               {[39m
[31m                 senderId: "c2a03e1b-f489-474e-a818-3bacb7f647c6",[39m
[31m                 receiverId: "00747bed-0627-4d2a-a6c7-e702b31eb5a0"[39m
[31m               }[39m
[31m             ][39m
[31m           },[39m
[31m           take: 50,[39m
[31m           skip: 0,[39m
[31m           cursor: undefined,[39m
[31m           orderBy: {[39m
[31m             createdAt: "desc"[39m
[31m           },[39m
[31m           include: {[39m
[31m             replyTo: {[39m
[31m               include: {[39m
[31m                 sender: {[39m
[31m                 ~~~~~~[39m
[31m                   select: {[39m
[31m                     id: true,[39m
[31m                     displayName: true[39m
[31m                   }[39m
[31m                 },[39m
[31m         ?       replyTo?: true,[39m
[31m         ?       replies?: true[39m
[31m               }[39m
[31m             }[39m
[31m           }[39m
[31m         })[39m

[31mUnknown field `sender` for include statement on model `DirectMessage`. Available options are marked with ?.[39m
[31m    at wn (C:\Users\azizh\Downloads\soullink-frontend-soullink-1.4\soullink-frontend-soullink-1.4\soullink-backend\node_modules\@prisma\client\runtime\library.js:29:1363)[39m
[31m    at $n.handleRequestError (C:\Users\azizh\Downloads\soullink-frontend-soullink-1.4\soullink-frontend-soullink-1.4\soullink-backend\node_modules\@prisma\client\runtime\library.js:121:6958)[39m
[31m    at $n.handleAndLogRequestError (C:\Users\azizh\Downloads\soullink-frontend-soullink-1.4\soullink-frontend-soullink-1.4\soullink-backend\node_modules\@prisma\client\runtime\library.js:121:6623)[39m
[31m    at $n.request (C:\Users\azizh\Downloads\soullink-frontend-soullink-1.4\soullink-frontend-soullink-1.4\soullink-backend\node_modules\@prisma\client\runtime\library.js:121:6307)[39m
[31m    at async l (C:\Users\azizh\Downloads\soullink-frontend-soullink-1.4\soullink-frontend-soullink-1.4\soullink-backend\node_modules\@prisma\client\runtime\library.js:130:9633)[39m
[31m    at async ChatService.getConversation (C:\Users\azizh\Downloads\soullink-frontend-soullink-1.4\soullink-frontend-soullink-1.4\soullink-backend\src\modules\chat\chat.service.ts:57:16)[39m
[31m    at async getConversation (C:\Users\azizh\Downloads\soullink-frontend-soullink-1.4\soullink-frontend-soullink-1.4\soullink-backend\src\modules\chat\chat.controller.ts:10:30)[39m
2026-04-02 15:35:17:3517 [31merror[39m: [31mFailed to send DM from 00747bed-0627-4d2a-a6c7-e702b31eb5a0 to c2a03e1b-f489-474e-a818-3bacb7f647c6: [39m
[31mInvalid `prisma.directMessage.create()` invocation in[39m
[31mC:\Users\azizh\Downloads\soullink-frontend-soullink-1.4\soullink-frontend-soullink-1.4\soullink-backend\src\modules\chat\chat.service.ts:10:56[39m

[31m   7 export class ChatService {[39m
[31m   8     async sendDirectMessage(senderId: string, receiverId: string, content: string, type: MessageType = 'TEXT', replyToId?: string) {[39m
[31m   9         try {[39m
[31m→ 10             const message = await prisma.directMessage.create({[39m
[31m                   data: {[39m
[31m                     senderId: "00747bed-0627-4d2a-a6c7-e702b31eb5a0",[39m
[31m                     receiverId: "c2a03e1b-f489-474e-a818-3bacb7f647c6",[39m
[31m                     content: "hi",[39m
[31m                     type: "TEXT",[39m
[31m                     replyToId: undefined[39m
[31m                   },[39m
[31m                   include: {[39m
[31m                     replyTo: {[39m
[31m                       include: {[39m
[31m                         sender: {[39m
[31m                         ~~~~~~[39m
[31m                           select: {[39m
[31m                             id: true,[39m
[31m                             displayName: true[39m
[31m                           }[39m
[31m                         },[39m
[31m                 ?       replyTo?: true,[39m
[31m                 ?       replies?: true[39m
[31m                       }[39m
[31m                     }[39m
[31m                   }[39m
[31m                 })[39m

[31mUnknown field `sender` for include statement on model `DirectMessage`. Available options are marked with ?.[39m
2026-04-02 15:35:17:3517 [31merror[39m: [31m[Unhandled Error] Status: 500 - Detail: PrismaClientValidationError: [39m
[31mInvalid `prisma.directMessage.create()` invocation in[39m
[31mC:\Users\azizh\Downloads\soullink-frontend-soullink-1.4\soullink-frontend-soullink-1.4\soullink-backend\src\modules\chat\chat.service.ts:10:56[39m

[31m   7 export class ChatService {[39m
[31m   8     async sendDirectMessage(senderId: string, receiverId: string, content: string, type: MessageType = 'TEXT', replyToId?: string) {[39m
[31m   9         try {[39m
[31m→ 10             const message = await prisma.directMessage.create({[39m
[31m                   data: {[39m
[31m                     senderId: "00747bed-0627-4d2a-a6c7-e702b31eb5a0",[39m
[31m                     receiverId: "c2a03e1b-f489-474e-a818-3bacb7f647c6",[39m
[31m                     content: "hi",[39m
[31m                     type: "TEXT",[39m
[31m                     replyToId: undefined[39m
[31m                   },[39m
[31m                   include: {[39m
[31m                     replyTo: {[39m
[31m                       include: {[39m
[31m                         sender: {[39m
[31m                         ~~~~~~[39m
[31m                           select: {[39m
[31m                             id: true,[39m
[31m                             displayName: true[39m
[31m                           }[39m
[31m                         },[39m
[31m                 ?       replyTo?: true,[39m
[31m                 ?       replies?: true[39m
[31m                       }[39m
[31m                     }[39m
[31m                   }[39m
[31m                 })[39m

[31mUnknown field `sender` for include statement on model `DirectMessage`. Available options are marked with ?.[39m
[31m    at wn (C:\Users\azizh\Downloads\soullink-frontend-soullink-1.4\soullink-frontend-soullink-1.4\soullink-backend\node_modules\@prisma\client\runtime\library.js:29:1363)[39m
[31m    at $n.handleRequestError (C:\Users\azizh\Downloads\soullink-frontend-soullink-1.4\soullink-frontend-soullink-1.4\soullink-backend\node_modules\@prisma\client\runtime\library.js:121:6958)[39m
[31m    at $n.handleAndLogRequestError (C:\Users\azizh\Downloads\soullink-frontend-soullink-1.4\soullink-frontend-soullink-1.4\soullink-backend\node_modules\@prisma\client\runtime\library.js:121:6623)[39m
[31m    at $n.request (C:\Users\azizh\Downloads\soullink-frontend-soullink-1.4\soullink-frontend-soullink-1.4\soullink-backend\node_modules\@prisma\client\runtime\library.js:121:6307)[39m
[31m    at async l (C:\Users\azizh\Downloads\soullink-frontend-soullink-1.4\soullink-frontend-soullink-1.4\soullink-backend\node_modules\@prisma\client\runtime\library.js:130:9633)[39m
[31m    at async ChatService.sendDirectMessage (C:\Users\azizh\Downloads\soullink-frontend-soullink-1.4\soullink-frontend-soullink-1.4\soullink-backend\src\modules\chat\chat.service.ts:10:29)[39m
[31m    at async sendMessage (C:\Users\azizh\Downloads\soullink-frontend-soullink-1.4\soullink-frontend-soullink-1.4\soullink-backend\src\modules\chat\chat.controller.ts:27:29)[39m
2026-04-02 15:39:51:3951 [31merror[39m: [31mFailed to start server: Can't reach database server at `ep-withered-salad-agxzvgfm-pooler.c-2.eu-central-1.aws.neon.tech:5432`[39m

[31mPlease make sure your database server is running at `ep-withered-salad-agxzvgfm-pooler.c-2.eu-central-1.aws.neon.tech:5432`.[39m
2026-04-02 15:41:09:419 [31merror[39m: [31mFailed to start server: Can't reach database server at `ep-withered-salad-agxzvgfm-pooler.c-2.eu-central-1.aws.neon.tech:5432`[39m

[31mPlease make sure your database server is running at `ep-withered-salad-agxzvgfm-pooler.c-2.eu-central-1.aws.neon.tech:5432`.[39m
2026-04-02 17:21:00:210 [31merror[39m: [31mSocket Auth: JWT verification failed for socket esDOOgXrlH8N4P9aAAAC. Error: jwt expired[39m
2026-04-02 17:21:00:210 [31merror[39m: [31mSocket Auth: JWT verification failed for socket NX67LDt8924g7XIBAAAD. Error: jwt expired[39m
2026-04-02 17:22:25:2225 [31merror[39m: [31m[Unhandled Error] Status: 500 - Detail: PrismaClientKnownRequestError: [39m
[31mInvalid `prisma.auditLog.findMany()` invocation in[39m
[31mC:\Users\azizh\Downloads\soullink-frontend-soullink-1.4\soullink-frontend-soullink-1.4\soullink-backend\src\modules\community\community.service.ts:671:38[39m

[31m  668 async getAuditLogs(actorId: string, serverId: string) {[39m
[31m  669     await this.getActorMember(actorId, serverId, 'MODERATOR');[39m
[31m  670 [39m
[31m→ 671     return await prisma.auditLog.findMany([39m
[31mThe column `AuditLog.actorId` does not exist in the current database.[39m
[31m    at $n.handleRequestError (C:\Users\azizh\Downloads\soullink-frontend-soullink-1.4\soullink-frontend-soullink-1.4\soullink-backend\node_modules\@prisma\client\runtime\library.js:121:7315)[39m
[31m    at $n.handleAndLogRequestError (C:\Users\azizh\Downloads\soullink-frontend-soullink-1.4\soullink-frontend-soullink-1.4\soullink-backend\node_modules\@prisma\client\runtime\library.js:121:6623)[39m
[31m    at $n.request (C:\Users\azizh\Downloads\soullink-frontend-soullink-1.4\soullink-frontend-soullink-1.4\soullink-backend\node_modules\@prisma\client\runtime\library.js:121:6307)[39m
[31m    at async l (C:\Users\azizh\Downloads\soullink-frontend-soullink-1.4\soullink-frontend-soullink-1.4\soullink-backend\node_modules\@prisma\client\runtime\library.js:130:9633)[39m
[31m    at async CommunityService.getAuditLogs (C:\Users\azizh\Downloads\soullink-frontend-soullink-1.4\soullink-frontend-soullink-1.4\soullink-backend\src\modules\community\community.service.ts:671:16)[39m
[31m    at async getAuditLogs (C:\Users\azizh\Downloads\soullink-frontend-soullink-1.4\soullink-frontend-soullink-1.4\soullink-backend\src\modules\community\community.controller.ts:370:26)[39m
2026-04-02 17:25:22:2522 [31merror[39m: [31mSocket Auth: JWT verification failed for socket rEk6zVTrn6qlBQz2AAAO. Error: jwt expired[39m
2026-04-02 17:25:22:2522 [31merror[39m: [31mSocket Auth: JWT verification failed for socket mFM4XWSOOT8RKiGGAAAP. Error: jwt expired[39m
2026-04-02 18:23:43:2343 [31merror[39m: [31mSocket Auth: JWT verification failed for socket YQ3mmZyxX1HSrxYcAAAS. Error: jwt expired[39m
2026-04-02 18:23:43:2343 [31merror[39m: [31mSocket Auth: JWT verification failed for socket T1lDtHUVPovIdHryAAAT. Error: jwt expired[39m
2026-04-02 18:32:12:3212 [31merror[39m: [31mPresence Offline Error for 00747bed-0627-4d2a-a6c7-e702b31eb5a0: [39m
[31mInvalid `prisma.user.update()` invocation in[39m
[31mC:\Users\azizh\Downloads\soullink-frontend-soullink-1.4\soullink-frontend-soullink-1.4\soullink-backend\src\server.ts:103:39[39m

[31m  100 userSockets.delete(user.id);[39m
[31m  101 // Last connection closed: set offline[39m
[31m  102 try {[39m
[31m→ 103     await prisma.user.update([39m
[31mCan't reach database server at `ep-withered-salad-agxzvgfm-pooler.c-2.eu-central-1.aws.neon.tech:5432`[39m

[31mPlease make sure your database server is running at `ep-withered-salad-agxzvgfm-pooler.c-2.eu-central-1.aws.neon.tech:5432`.[39m
2026-04-02 22:45:31:4531 [31merror[39m: [31mSocket Auth: JWT verification failed for socket ZIbtI8E0uKjpatNoAAAw. Error: jwt expired[39m
2026-04-02 22:45:31:4531 [31merror[39m: [31mSocket Auth: JWT verification failed for socket HxRymeYcu9di2IaDAAAx. Error: jwt expired[39m
2026-04-02 22:45:32:4532 [31merror[39m: [31mSocket Auth: JWT verification failed for socket 35BtxOxZJsMONlwQAAAy. Error: jwt expired[39m
2026-04-02 22:45:32:4532 [31merror[39m: [31mSocket Auth: JWT verification failed for socket 0GMQNdnNBz0XCOeqAAAz. Error: jwt expired[39m
2026-04-02 22:49:57:4957 [31merror[39m: [31mSocket Auth: JWT verification failed for socket oCLNI1mpAp7eKNnXAAA2. Error: jwt expired[39m
2026-04-02 22:49:57:4957 [31merror[39m: [31mSocket Auth: JWT verification failed for socket OjZA-x1y1Kb6GW1oAAA3. Error: jwt expired[39m
2026-04-02 22:53:14:5314 [31merror[39m: [31m[Unhandled Error] Status: 500 - Detail: PrismaClientKnownRequestError: [39m
[31mInvalid `prisma.auditLog.findMany()` invocation in[39m
[31mC:\Users\azizh\Downloads\soullink-frontend-soullink-1.4\soullink-frontend-soullink-1.4\soullink-backend\src\modules\community\community.service.ts:671:38[39m

[31m  668 async getAuditLogs(actorId: string, serverId: string) {[39m
[31m  669     await this.getActorMember(actorId, serverId, 'MODERATOR');[39m
[31m  670 [39m
[31m→ 671     return await prisma.auditLog.findMany([39m
[31mThe column `AuditLog.actorId` does not exist in the current database.[39m
[31m    at $n.handleRequestError (C:\Users\azizh\Downloads\soullink-frontend-soullink-1.4\soullink-frontend-soullink-1.4\soullink-backend\node_modules\@prisma\client\runtime\library.js:121:7315)[39m
[31m    at $n.handleAndLogRequestError (C:\Users\azizh\Downloads\soullink-frontend-soullink-1.4\soullink-frontend-soullink-1.4\soullink-backend\node_modules\@prisma\client\runtime\library.js:121:6623)[39m
[31m    at $n.request (C:\Users\azizh\Downloads\soullink-frontend-soullink-1.4\soullink-frontend-soullink-1.4\soullink-backend\node_modules\@prisma\client\runtime\library.js:121:6307)[39m
[31m    at async l (C:\Users\azizh\Downloads\soullink-frontend-soullink-1.4\soullink-frontend-soullink-1.4\soullink-backend\node_modules\@prisma\client\runtime\library.js:130:9633)[39m
[31m    at async CommunityService.getAuditLogs (C:\Users\azizh\Downloads\soullink-frontend-soullink-1.4\soullink-frontend-soullink-1.4\soullink-backend\src\modules\community\community.service.ts:671:16)[39m
[31m    at async getAuditLogs (C:\Users\azizh\Downloads\soullink-frontend-soullink-1.4\soullink-frontend-soullink-1.4\soullink-backend\src\modules\community\community.controller.ts:370:26)[39m
2026-04-02 22:53:22:5322 [31merror[39m: [31m[Unhandled Error] Status: 500 - Detail: PrismaClientKnownRequestError: [39m
[31mInvalid `prisma.auditLog.findMany()` invocation in[39m
[31mC:\Users\azizh\Downloads\soullink-frontend-soullink-1.4\soullink-frontend-soullink-1.4\soullink-backend\src\modules\community\community.service.ts:671:38[39m

[31m  668 async getAuditLogs(actorId: string, serverId: string) {[39m
[31m  669     await this.getActorMember(actorId, serverId, 'MODERATOR');[39m
[31m  670 [39m
[31m→ 671     return await prisma.auditLog.findMany([39m
[31mThe column `AuditLog.actorId` does not exist in the current database.[39m
[31m    at $n.handleRequestError (C:\Users\azizh\Downloads\soullink-frontend-soullink-1.4\soullink-frontend-soullink-1.4\soullink-backend\node_modules\@prisma\client\runtime\library.js:121:7315)[39m
[31m    at $n.handleAndLogRequestError (C:\Users\azizh\Downloads\soullink-frontend-soullink-1.4\soullink-frontend-soullink-1.4\soullink-backend\node_modules\@prisma\client\runtime\library.js:121:6623)[39m
[31m    at $n.request (C:\Users\azizh\Downloads\soullink-frontend-soullink-1.4\soullink-frontend-soullink-1.4\soullink-backend\node_modules\@prisma\client\runtime\library.js:121:6307)[39m
[31m    at async l (C:\Users\azizh\Downloads\soullink-frontend-soullink-1.4\soullink-frontend-soullink-1.4\soullink-backend\node_modules\@prisma\client\runtime\library.js:130:9633)[39m
[31m    at async CommunityService.getAuditLogs (C:\Users\azizh\Downloads\soullink-frontend-soullink-1.4\soullink-frontend-soullink-1.4\soullink-backend\src\modules\community\community.service.ts:671:16)[39m
[31m    at async getAuditLogs (C:\Users\azizh\Downloads\soullink-frontend-soullink-1.4\soullink-frontend-soullink-1.4\soullink-backend\src\modules\community\community.controller.ts:370:26)[39m
2026-04-03 09:01:42:142 [31merror[39m: [31mSocket Auth: JWT verification failed for socket oNq-JA1VGPq1aEbEAABE. Error: jwt expired[39m
2026-04-03 09:01:42:142 [31merror[39m: [31mSocket Auth: JWT verification failed for socket kjjzGzeQInX8D1X-AABF. Error: jwt expired[39m
2026-04-03 09:01:42:142 [31merror[39m: [31mSocket Auth: JWT verification failed for socket myvEvuRFcDv1d9ONAABG. Error: jwt expired[39m
2026-04-03 09:01:42:142 [31merror[39m: [31mSocket Auth: JWT verification failed for socket 2UxFfcovLjJx4CGzAABH. Error: jwt expired[39m
2026-04-03 12:35:58:3558 [31merror[39m: [31mSocket Auth: JWT verification failed for socket LoRUX0iyoljYfl1JAABJ. Error: jwt expired[39m
2026-04-03 12:35:59:3559 [31merror[39m: [31mSocket Auth: JWT verification failed for socket kLi4YLRXpsFP3uTSAABL. Error: jwt expired[39m
2026-04-03 12:36:02:362 [31merror[39m: [31mSocket Auth: JWT verification failed for socket Fj6_KUtosalBJZRTAABN. Error: jwt expired[39m
2026-04-03 12:36:03:363 [31merror[39m: [31mSocket Auth: JWT verification failed for socket OrZk6KtCGrIxfI2PAABP. Error: jwt expired[39m
2026-04-03 13:56:15:5615 [31merror[39m: [31mSocket Auth: Database error during user lookup. Socket n4IIcOOSpwCpnlO9AACO. Error: [39m
[31mInvalid `prisma.user.findUnique()` invocation in[39m
[31mC:\Users\azizh\Downloads\soullink-frontend-soullink-1.4\soullink-frontend-soullink-1.4\soullink-backend\src\server.ts:41:44[39m

[31m  38 }[39m
[31m  39 [39m
[31m  40 try {[39m
[31m→ 41     const user = await prisma.user.findUnique([39m
[31mCan't reach database server at `ep-withered-salad-agxzvgfm-pooler.c-2.eu-central-1.aws.neon.tech:5432`[39m

[31mPlease make sure your database server is running at `ep-withered-salad-agxzvgfm-pooler.c-2.eu-central-1.aws.neon.tech:5432`.[39m
2026-04-03 13:56:15:5615 [31merror[39m: [31mSocket Auth: Database error during user lookup. Socket CleLyEscA6d7VUvCAACP. Error: [39m
[31mInvalid `prisma.user.findUnique()` invocation in[39m
[31mC:\Users\azizh\Downloads\soullink-frontend-soullink-1.4\soullink-frontend-soullink-1.4\soullink-backend\src\server.ts:41:44[39m

[31m  38 }[39m
[31m  39 [39m
[31m  40 try {[39m
[31m→ 41     const user = await prisma.user.findUnique([39m
[31mCan't reach database server at `ep-withered-salad-agxzvgfm-pooler.c-2.eu-central-1.aws.neon.tech:5432`[39m

[31mPlease make sure your database server is running at `ep-withered-salad-agxzvgfm-pooler.c-2.eu-central-1.aws.neon.tech:5432`.[39m
2026-04-03 14:04:42:442 [31merror[39m: [31mSocket Auth: JWT verification failed for socket fzJB5zzBbT35Hc8DAAAC. Error: jwt expired[39m
2026-04-03 14:04:42:442 [31merror[39m: [31mSocket Auth: JWT verification failed for socket FCjpg8NAm6Ty5fySAAAD. Error: jwt expired[39m
2026-04-03 14:20:26:2026 [31merror[39m: [31m[Unhandled Error] Status: 500 - Detail: {"message":"Image file format webp not allowed","name":"Error","http_code":400,"storageErrors":[]}[39m
2026-04-03 14:21:02:212 [31merror[39m: [31m[Unhandled Error] Status: 500 - Detail: PrismaClientValidationError: [39m
[31mInvalid `prisma.server.update()` invocation in[39m
[31mC:\Users\azizh\Downloads\soullink-frontend-soullink-1.4\soullink-frontend-soullink-1.4\soullink-backend\src\modules\community\community.service.ts:759:36[39m

[31m  756     throw new AppError(403, 'You do not have permission to edit community settings');[39m
[31m  757 }[39m
[31m  758 [39m
[31m→ 759 return await prisma.server.update({[39m
[31m        where: {[39m
[31m          id: "49f1844b-eb3d-41f8-92bd-74c05beb15bb"[39m
[31m        },[39m
[31m        data: {[39m
[31m          name: "samara4life",[39m
[31m          description: "server ai for something",[39m
[31m          isPublic: "true",[39m
[31m                    ~~~~~~[39m
[31m          bannerUrl: "https://res.cloudinary.com/dkyavazql/image/upload/v1775222463/soullink/uploads/lncq9mdrrgvgmap91f4y.jpg"[39m
[31m        },[39m
[31m        include: {[39m
[31m          channels: true,[39m
[31m          _count: {[39m
[31m            select: {[39m
[31m              members: true[39m
[31m            }[39m
[31m          }[39m
[31m        }[39m
[31m      })[39m

[31mArgument `isPublic`: Invalid value provided. Expected Boolean or BoolFieldUpdateOperationsInput, provided String.[39m
[31m    at wn (C:\Users\azizh\Downloads\soullink-frontend-soullink-1.4\soullink-frontend-soullink-1.4\soullink-backend\node_modules\@prisma\client\runtime\library.js:29:1363)[39m
[31m    at $n.handleRequestError (C:\Users\azizh\Downloads\soullink-frontend-soullink-1.4\soullink-frontend-soullink-1.4\soullink-backend\node_modules\@prisma\client\runtime\library.js:121:6958)[39m
[31m    at $n.handleAndLogRequestError (C:\Users\azizh\Downloads\soullink-frontend-soullink-1.4\soullink-frontend-soullink-1.4\soullink-backend\node_modules\@prisma\client\runtime\library.js:121:6623)[39m
[31m    at $n.request (C:\Users\azizh\Downloads\soullink-frontend-soullink-1.4\soullink-frontend-soullink-1.4\soullink-backend\node_modules\@prisma\client\runtime\library.js:121:6307)[39m
[31m    at async l (C:\Users\azizh\Downloads\soullink-frontend-soullink-1.4\soullink-frontend-soullink-1.4\soullink-backend\node_modules\@prisma\client\runtime\library.js:130:9633)[39m
[31m    at async CommunityService.updateCommunity (C:\Users\azizh\Downloads\soullink-frontend-soullink-1.4\soullink-frontend-soullink-1.4\soullink-backend\src\modules\community\community.service.ts:759:16)[39m
[31m    at async updateCommunity (C:\Users\azizh\Downloads\soullink-frontend-soullink-1.4\soullink-frontend-soullink-1.4\soullink-backend\src\modules\community\community.controller.ts:232:31)[39m
2026-04-03 14:23:23:2323 [31merror[39m: [31m[Unhandled Error] Status: 500 - Detail: TypeError: Cannot read properties of undefined (reading 'id')[39m
[31m    at updateCommunity (C:\Users\azizh\Downloads\soullink-frontend-soullink-1.4\soullink-frontend-soullink-1.4\soullink-backend\src\modules\community\community.controller.ts:244:28)[39m
[31m    at Layer.handle [as handle_request] (C:\Users\azizh\Downloads\soullink-frontend-soullink-1.4\soullink-frontend-soullink-1.4\soullink-backend\node_modules\express\lib\router\layer.js:95:5)[39m
[31m    at next (C:\Users\azizh\Downloads\soullink-frontend-soullink-1.4\soullink-frontend-soullink-1.4\soullink-backend\node_modules\express\lib\router\route.js:149:13)[39m
[31m    at <anonymous> (C:\Users\azizh\Downloads\soullink-frontend-soullink-1.4\soullink-frontend-soullink-1.4\soullink-backend\src\middleware\validate.ts:17:16)[39m
[31m    at process.processTicksAndRejections (node:internal/process/task_queues:103:5)[39m
2026-04-03 14:25:28:2528 [31merror[39m: [31m[Unhandled Error] Status: 500 - Detail: {"message":"Image file format webp not allowed","name":"Error","http_code":400,"storageErrors":[]}[39m
2026-04-03 14:26:09:269 [31merror[39m: [31m[Unhandled Error] Status: 500 - Detail: TypeError: Cannot read properties of undefined (reading 'id')[39m
[31m    at updateCommunity (C:\Users\azizh\Downloads\soullink-frontend-soullink-1.4\soullink-frontend-soullink-1.4\soullink-backend\src\modules\community\community.controller.ts:244:28)[39m
[31m    at Layer.handle [as handle_request] (C:\Users\azizh\Downloads\soullink-frontend-soullink-1.4\soullink-frontend-soullink-1.4\soullink-backend\node_modules\express\lib\router\layer.js:95:5)[39m
[31m    at next (C:\Users\azizh\Downloads\soullink-frontend-soullink-1.4\soullink-frontend-soullink-1.4\soullink-backend\node_modules\express\lib\router\route.js:149:13)[39m
[31m    at <anonymous> (C:\Users\azizh\Downloads\soullink-frontend-soullink-1.4\soullink-frontend-soullink-1.4\soullink-backend\src\middleware\validate.ts:17:16)[39m
[31m    at process.processTicksAndRejections (node:internal/process/task_queues:103:5)[39m
2026-04-03 14:28:51:2851 [31merror[39m: [31mSocket Auth: JWT verification failed for socket Oeb-ZM4R3yjA3RdzAAAG. Error: jwt expired[39m
2026-04-03 14:28:51:2851 [31merror[39m: [31mSocket Auth: JWT verification failed for socket CbnVYG46kHotI3V3AAAH. Error: jwt expired[39m
2026-04-03 14:28:57:2857 [31merror[39m: [31mSocket Auth: JWT verification failed for socket EEHhtW2Tfh16f2tLAAAK. Error: jwt expired[39m
2026-04-03 14:28:57:2857 [31merror[39m: [31mSocket Auth: JWT verification failed for socket _qMwQ3bot95EjkuNAAAL. Error: jwt expired[39m
2026-04-03 14:29:16:2916 [31merror[39m: [31m[Unhandled Error] Status: 500 - Detail: TypeError: Cannot read properties of undefined (reading 'id')[39m
[31m    at updateCommunity (C:\Users\azizh\Downloads\soullink-frontend-soullink-1.4\soullink-frontend-soullink-1.4\soullink-backend\src\modules\community\community.controller.ts:244:28)[39m
[31m    at Layer.handle [as handle_request] (C:\Users\azizh\Downloads\soullink-frontend-soullink-1.4\soullink-frontend-soullink-1.4\soullink-backend\node_modules\express\lib\router\layer.js:95:5)[39m
[31m    at next (C:\Users\azizh\Downloads\soullink-frontend-soullink-1.4\soullink-frontend-soullink-1.4\soullink-backend\node_modules\express\lib\router\route.js:149:13)[39m
[31m    at <anonymous> (C:\Users\azizh\Downloads\soullink-frontend-soullink-1.4\soullink-frontend-soullink-1.4\soullink-backend\src\middleware\validate.ts:17:16)[39m
[31m    at process.processTicksAndRejections (node:internal/process/task_queues:103:5)[39m
2026-04-03 14:31:07:317 [31merror[39m: [31m[Unhandled Error] Status: 500 - Detail: TypeError: Cannot read properties of undefined (reading 'id')[39m
[31m    at updateCommunity (C:\Users\azizh\Downloads\soullink-frontend-soullink-1.4\soullink-frontend-soullink-1.4\soullink-backend\src\modules\community\community.controller.ts:244:28)[39m
[31m    at Layer.handle [as handle_request] (C:\Users\azizh\Downloads\soullink-frontend-soullink-1.4\soullink-frontend-soullink-1.4\soullink-backend\node_modules\express\lib\router\layer.js:95:5)[39m
[31m    at next (C:\Users\azizh\Downloads\soullink-frontend-soullink-1.4\soullink-frontend-soullink-1.4\soullink-backend\node_modules\express\lib\router\route.js:149:13)[39m
[31m    at <anonymous> (C:\Users\azizh\Downloads\soullink-frontend-soullink-1.4\soullink-frontend-soullink-1.4\soullink-backend\src\middleware\validate.ts:17:16)[39m
[31m    at process.processTicksAndRejections (node:internal/process/task_queues:103:5)[39m
2026-04-03 14:31:20:3120 [31merror[39m: [31m[Unhandled Error] Status: 500 - Detail: TypeError: Cannot read properties of undefined (reading 'id')[39m
[31m    at updateCommunity (C:\Users\azizh\Downloads\soullink-frontend-soullink-1.4\soullink-frontend-soullink-1.4\soullink-backend\src\modules\community\community.controller.ts:244:28)[39m
[31m    at Layer.handle [as handle_request] (C:\Users\azizh\Downloads\soullink-frontend-soullink-1.4\soullink-frontend-soullink-1.4\soullink-backend\node_modules\express\lib\router\layer.js:95:5)[39m
[31m    at next (C:\Users\azizh\Downloads\soullink-frontend-soullink-1.4\soullink-frontend-soullink-1.4\soullink-backend\node_modules\express\lib\router\route.js:149:13)[39m
[31m    at <anonymous> (C:\Users\azizh\Downloads\soullink-frontend-soullink-1.4\soullink-frontend-soullink-1.4\soullink-backend\src\middleware\validate.ts:17:16)[39m
[31m    at process.processTicksAndRejections (node:internal/process/task_queues:103:5)[39m
2026-04-03 14:32:03:323 [31merror[39m: [31m[Unhandled Error] Status: 500 - Detail: TypeError: Cannot read properties of undefined (reading 'id')[39m
[31m    at updateCommunity (C:\Users\azizh\Downloads\soullink-frontend-soullink-1.4\soullink-frontend-soullink-1.4\soullink-backend\src\modules\community\community.controller.ts:244:28)[39m
[31m    at Layer.handle [as handle_request] (C:\Users\azizh\Downloads\soullink-frontend-soullink-1.4\soullink-frontend-soullink-1.4\soullink-backend\node_modules\express\lib\router\layer.js:95:5)[39m
[31m    at next (C:\Users\azizh\Downloads\soullink-frontend-soullink-1.4\soullink-frontend-soullink-1.4\soullink-backend\node_modules\express\lib\router\route.js:149:13)[39m
[31m    at <anonymous> (C:\Users\azizh\Downloads\soullink-frontend-soullink-1.4\soullink-frontend-soullink-1.4\soullink-backend\src\middleware\validate.ts:17:16)[39m
[31m    at process.processTicksAndRejections (node:internal/process/task_queues:103:5)[39m
2026-04-03 14:38:10:3810 [31merror[39m: [31m[Unhandled Error] Status: 500 - Detail: TypeError: Cannot read properties of undefined (reading 'id')[39m
[31m    at updateCommunity (C:\Users\azizh\Downloads\soullink-frontend-soullink-1.4\soullink-frontend-soullink-1.4\soullink-backend\src\modules\community\community.controller.ts:244:28)[39m
[31m    at Layer.handle [as handle_request] (C:\Users\azizh\Downloads\soullink-frontend-soullink-1.4\soullink-frontend-soullink-1.4\soullink-backend\node_modules\express\lib\router\layer.js:95:5)[39m
[31m    at next (C:\Users\azizh\Downloads\soullink-frontend-soullink-1.4\soullink-frontend-soullink-1.4\soullink-backend\node_modules\express\lib\router\route.js:149:13)[39m
[31m    at <anonymous> (C:\Users\azizh\Downloads\soullink-frontend-soullink-1.4\soullink-frontend-soullink-1.4\soullink-backend\src\middleware\validate.ts:17:16)[39m
[31m    at process.processTicksAndRejections (node:internal/process/task_queues:103:5)[39m
2026-04-03 14:38:43:3843 [31merror[39m: [31m[Unhandled Error] Status: 500 - Detail: TypeError: Cannot read properties of undefined (reading 'id')[39m
[31m    at updateCommunity (C:\Users\azizh\Downloads\soullink-frontend-soullink-1.4\soullink-frontend-soullink-1.4\soullink-backend\src\modules\community\community.controller.ts:244:28)[39m
[31m    at Layer.handle [as handle_request] (C:\Users\azizh\Downloads\soullink-frontend-soullink-1.4\soullink-frontend-soullink-1.4\soullink-backend\node_modules\express\lib\router\layer.js:95:5)[39m
[31m    at next (C:\Users\azizh\Downloads\soullink-frontend-soullink-1.4\soullink-frontend-soullink-1.4\soullink-backend\node_modules\express\lib\router\route.js:149:13)[39m
[31m    at <anonymous> (C:\Users\azizh\Downloads\soullink-frontend-soullink-1.4\soullink-frontend-soullink-1.4\soullink-backend\src\middleware\validate.ts:17:16)[39m
[31m    at process.processTicksAndRejections (node:internal/process/task_queues:103:5)[39m
2026-04-03 14:39:33:3933 [31merror[39m: [31m[Unhandled Error] Status: 500 - Detail: TypeError: Cannot read properties of undefined (reading 'id')[39m
[31m    at updateCommunity (C:\Users\azizh\Downloads\soullink-frontend-soullink-1.4\soullink-frontend-soullink-1.4\soullink-backend\src\modules\community\community.controller.ts:244:28)[39m
[31m    at Layer.handle [as handle_request] (C:\Users\azizh\Downloads\soullink-frontend-soullink-1.4\soullink-frontend-soullink-1.4\soullink-backend\node_modules\express\lib\router\layer.js:95:5)[39m
[31m    at next (C:\Users\azizh\Downloads\soullink-frontend-soullink-1.4\soullink-frontend-soullink-1.4\soullink-backend\node_modules\express\lib\router\route.js:149:13)[39m
[31m    at <anonymous> (C:\Users\azizh\Downloads\soullink-frontend-soullink-1.4\soullink-frontend-soullink-1.4\soullink-backend\src\middleware\validate.ts:17:16)[39m
[31m    at process.processTicksAndRejections (node:internal/process/task_queues:103:5)[39m
2026-04-03 14:55:06:556 [31merror[39m: [31m[Unhandled Error] Status: 500 - Detail: TypeError: Cannot read properties of undefined (reading 'id')[39m
[31m    at updateCommunity (C:\Users\azizh\Downloads\soullink-frontend-soullink-1.4\soullink-frontend-soullink-1.4\soullink-backend\src\modules\community\community.controller.ts:244:28)[39m
[31m    at Layer.handle [as handle_request] (C:\Users\azizh\Downloads\soullink-frontend-soullink-1.4\soullink-frontend-soullink-1.4\soullink-backend\node_modules\express\lib\router\layer.js:95:5)[39m
[31m    at next (C:\Users\azizh\Downloads\soullink-frontend-soullink-1.4\soullink-frontend-soullink-1.4\soullink-backend\node_modules\express\lib\router\route.js:149:13)[39m
[31m    at <anonymous> (C:\Users\azizh\Downloads\soullink-frontend-soullink-1.4\soullink-frontend-soullink-1.4\soullink-backend\src\middleware\validate.ts:17:16)[39m
[31m    at process.processTicksAndRejections (node:internal/process/task_queues:103:5)[39m
2026-04-03 15:46:44:4644 [31merror[39m: [31mSocket Auth: JWT verification failed for socket L9BGCunAA4Gh-5tXAAAO. Error: jwt expired[39m
2026-04-03 15:46:44:4644 [31merror[39m: [31mSocket Auth: JWT verification failed for socket 9ddW0jv6YZzTYgGCAAAP. Error: jwt expired[39m
2026-04-03 17:40:41:4041 [31merror[39m: [31m[Unhandled Error] Status: 500 - Detail: TypeError: Cannot read properties of undefined (reading 'id')[39m
[31m    at updateCommunity (C:\Users\azizh\Downloads\soullink-frontend-soullink-1.4\soullink-frontend-soullink-1.4\soullink-backend\src\modules\community\community.controller.ts:244:28)[39m
[31m    at Layer.handle [as handle_request] (C:\Users\azizh\Downloads\soullink-frontend-soullink-1.4\soullink-frontend-soullink-1.4\soullink-backend\node_modules\express\lib\router\layer.js:95:5)[39m
[31m    at next (C:\Users\azizh\Downloads\soullink-frontend-soullink-1.4\soullink-frontend-soullink-1.4\soullink-backend\node_modules\express\lib\router\route.js:149:13)[39m
[31m    at <anonymous> (C:\Users\azizh\Downloads\soullink-frontend-soullink-1.4\soullink-frontend-soullink-1.4\soullink-backend\src\middleware\validate.ts:17:16)[39m
[31m    at process.processTicksAndRejections (node:internal/process/task_queues:103:5)[39m
2026-04-03 20:24:19:2419 [31merror[39m: [31mSocket Auth: JWT verification failed for socket k5dCtHHGM03HiT6cAAAa. Error: jwt expired[39m
2026-04-03 20:24:19:2419 [31merror[39m: [31mSocket Auth: JWT verification failed for socket BX5mXzJOoKjzCX01AAAb. Error: jwt expired[39m
2026-04-03 23:12:15:1215 [31merror[39m: [31mPresence Offline Error for 00747bed-0627-4d2a-a6c7-e702b31eb5a0: [39m
[31mInvalid `prisma.user.update()` invocation in[39m
[31mC:\Users\azizh\Downloads\soullink-frontend-soullink-1.4\soullink-frontend-soullink-1.4\soullink-backend\src\server.ts:103:39[39m

[31m  100 userSockets.delete(user.id);[39m
[31m  101 // Last connection closed: set offline[39m
[31m  102 try {[39m
[31m→ 103     await prisma.user.update([39m
[31mCan't reach database server at `ep-withered-salad-agxzvgfm-pooler.c-2.eu-central-1.aws.neon.tech:5432`[39m

[31mPlease make sure your database server is running at `ep-withered-salad-agxzvgfm-pooler.c-2.eu-central-1.aws.neon.tech:5432`.[39m
2026-04-03 23:12:16:1216 [31merror[39m: [31mSocket Auth: JWT verification failed for socket E5Qobs3AcK9D2jWnAAAw. Error: jwt expired[39m
2026-04-03 23:12:20:1220 [31merror[39m: [31mSocket Auth: JWT verification failed for socket 7FBzFq7UcTFVmkoKAAAx. Error: jwt expired[39m
2026-04-03 23:12:20:1220 [31merror[39m: [31mSocket Auth: JWT verification failed for socket Ywgu59csfCn2h5VbAAAy. Error: jwt expired[39m
2026-04-03 23:12:20:1220 [31merror[39m: [31mSocket Auth: JWT verification failed for socket m9qwW8ahBZh70QA5AAAz. Error: jwt expired[39m
2026-04-04 01:00:05:05 [31merror[39m: [31m[AI-CRON] Error in proactive check: [39m
[31mInvalid `prisma.aIConversation.findMany()` invocation in[39m
[31mC:\Users\azizh\Downloads\soullink-frontend-soullink-1.4\soullink-frontend-soullink-1.4\soullink-backend\src\modules\ai-companion\ai.cron.ts:15:68[39m

[31m  12 try {[39m
[31m  13     const threeDaysAgo = new Date(Date.now() - 3 * 24 * 60 * 60 * 1000);[39m
[31m  14 [39m
[31m→ 15     const staleConversations = await prisma.aIConversation.findMany([39m
[31mCan't reach database server at `ep-withered-salad-agxzvgfm-pooler.c-2.eu-central-1.aws.neon.tech:5432`[39m

[31mPlease make sure your database server is running at `ep-withered-salad-agxzvgfm-pooler.c-2.eu-central-1.aws.neon.tech:5432`.[39m
2026-04-05 01:00:05:05 [31merror[39m: [31m[AI-CRON] Error in proactive check: [39m
[31mInvalid `prisma.aIConversation.findMany()` invocation in[39m
[31mC:\Users\azizh\Downloads\soullink-frontend-soullink-1.4\soullink-frontend-soullink-1.4\soullink-backend\src\modules\ai-companion\ai.cron.ts:15:68[39m

[31m  12 try {[39m
[31m  13     const threeDaysAgo = new Date(Date.now() - 3 * 24 * 60 * 60 * 1000);[39m
[31m  14 [39m
[31m→ 15     const staleConversations = await prisma.aIConversation.findMany([39m
[31mCan't reach database server at `ep-withered-salad-agxzvgfm-pooler.c-2.eu-central-1.aws.neon.tech:5432`[39m

[31mPlease make sure your database server is running at `ep-withered-salad-agxzvgfm-pooler.c-2.eu-central-1.aws.neon.tech:5432`.[39m
2026-04-06 01:00:05:05 [31merror[39m: [31m[AI-CRON] Error in proactive check: [39m
[31mInvalid `prisma.aIConversation.findMany()` invocation in[39m
[31mC:\Users\azizh\Downloads\soullink-frontend-soullink-1.4\soullink-frontend-soullink-1.4\soullink-backend\src\modules\ai-companion\ai.cron.ts:15:68[39m

[31m  12 try {[39m
[31m  13     const threeDaysAgo = new Date(Date.now() - 3 * 24 * 60 * 60 * 1000);[39m
[31m  14 [39m
[31m→ 15     const staleConversations = await prisma.aIConversation.findMany([39m
[31mCan't reach database server at `ep-withered-salad-agxzvgfm-pooler.c-2.eu-central-1.aws.neon.tech:5432`[39m

[31mPlease make sure your database server is running at `ep-withered-salad-agxzvgfm-pooler.c-2.eu-central-1.aws.neon.tech:5432`.[39m
2026-04-06 15:00:09:09 [31merror[39m: [31m[LLM] API Error (400):[39m
2026-04-06 16:00:05:05 [31merror[39m: [31m[LLM] API Error (400):[39m
2026-04-06 17:00:05:05 [31merror[39m: [31m[LLM] API Error (400):[39m
2026-04-06 23:00:10:010 [31merror[39m: [31m[AI-CRON] Error in proactive check: [39m
[31mInvalid `prisma.gameResponse.findMany()` invocation in[39m
[31mC:\Users\azizh\Downloads\soullink-frontend-soullink-1.4\soullink-frontend-soullink-1.4\soullink-backend\src\modules\ai-companion\context.service.ts:37:33[39m

[31m  34         currentScene: { include: { choices: true } }[39m
[31m  35     }[39m
[31m  36 }),[39m
[31m→ 37 prisma.gameResponse.findMany([39m
[31mCan't reach database server at `ep-withered-salad-agxzvgfm-pooler.c-2.eu-central-1.aws.neon.tech:5432`[39m

[31mPlease make sure your database server is running at `ep-withered-salad-agxzvgfm-pooler.c-2.eu-central-1.aws.neon.tech:5432`.[39m
2026-04-07 00:00:06:06 [31merror[39m: [31m[LLM] API Error (400):[39m
2026-04-07 00:00:06:06 [31merror[39m: [31m[LLM] API Error (400):[39m
2026-04-07 01:00:05:05 [31merror[39m: [31m[AI-CRON] Error in proactive check: [39m
[31mInvalid `prisma.aIConversation.findMany()` invocation in[39m
[31mC:\Users\azizh\Downloads\soullink-frontend-soullink-1.4\soullink-frontend-soullink-1.4\soullink-backend\src\modules\ai-companion\ai.cron.ts:15:68[39m

[31m  12 try {[39m
[31m  13     const threeDaysAgo = new Date(Date.now() - 3 * 24 * 60 * 60 * 1000);[39m
[31m  14 [39m
[31m→ 15     const staleConversations = await prisma.aIConversation.findMany([39m
[31mCan't reach database server at `ep-withered-salad-agxzvgfm-pooler.c-2.eu-central-1.aws.neon.tech:5432`[39m

[31mPlease make sure your database server is running at `ep-withered-salad-agxzvgfm-pooler.c-2.eu-central-1.aws.neon.tech:5432`.[39m
2026-04-07 12:00:03:03 [31merror[39m: [31m[LLM] API Error (400):[39m
2026-04-07 12:00:04:04 [31merror[39m: [31m[LLM] API Error (400):[39m
2026-04-07 13:00:03:03 [31merror[39m: [31m[LLM] API Error (400):[39m
2026-04-07 13:00:04:04 [31merror[39m: [31m[LLM] API Error (400):[39m
2026-04-07 14:00:03:03 [31merror[39m: [31m[LLM] API Error (400):[39m
2026-04-07 14:00:04:04 [31merror[39m: [31m[LLM] API Error (400):[39m
2026-04-07 23:00:10:010 [31merror[39m: [31m[AI-CRON] Error in proactive check: [39m
[31mInvalid `prisma.user.findUnique()` invocation in[39m
[31mC:\Users\azizh\Downloads\soullink-frontend-soullink-1.4\soullink-frontend-soullink-1.4\soullink-backend\src\modules\ai-companion\context.service.ts:22:25[39m

[31m  19 [39m
[31m  20 // 2. Fetch Optimized Context (Parallel Queries)[39m
[31m  21 const [user, activeProgress, recentResponses, friendshipsCount] = await Promise.all([[39m
[31m→ 22     prisma.user.findUnique([39m
[31mCan't reach database server at `ep-withered-salad-agxzvgfm-pooler.c-2.eu-central-1.aws.neon.tech:5432`[39m

[31mPlease make sure your database server is running at `ep-withered-salad-agxzvgfm-pooler.c-2.eu-central-1.aws.neon.tech:5432`.[39m
2026-04-08 23:46:27:4627 [31merror[39m: [31mFailed to start server: Can't reach database server at `ep-withered-salad-agxzvgfm-pooler.c-2.eu-central-1.aws.neon.tech:5432`[39m

[31mPlease make sure your database server is running at `ep-withered-salad-agxzvgfm-pooler.c-2.eu-central-1.aws.neon.tech:5432`.[39m
2026-04-09 13:00:02:02 [31merror[39m: [31m[LLM] API Error (400):[39m
2026-04-09 13:00:02:02 [31merror[39m: [31m[LLM] API Error (400):[39m
2026-04-09 14:00:05:05 [31merror[39m: [31m[LLM] API Error (400):[39m
2026-04-09 14:00:06:06 [31merror[39m: [31m[LLM] API Error (400):[39m
2026-04-12 01:00:18:018 [31merror[39m: [31m[LLM] API Error (400):[39m
2026-04-12 01:00:33:033 [31merror[39m: [31m[LLM] API Error (400):[39m
2026-04-12 02:00:05:05 [31merror[39m: [31m[LLM] API Error (400):[39m
2026-04-12 02:00:06:06 [31merror[39m: [31m[LLM] API Error (400):[39m
2026-04-12 13:00:10:010 [31merror[39m: [31m[AI-CRON] Error in proactive check: [39m
[31mInvalid `prisma.user.findUnique()` invocation in[39m
[31mC:\Users\azizh\Downloads\soullink-frontend-soullink-1.4\soullink-frontend-soullink-1.4\soullink-backend\src\modules\ai-companion\context.service.ts:22:25[39m

[31m  19 [39m
[31m  20 // 2. Fetch Optimized Context (Parallel Queries)[39m
[31m  21 const [user, activeProgress, recentResponses, friendshipsCount] = await Promise.all([[39m
[31m→ 22     prisma.user.findUnique([39m
[31mTimed out fetching a new connection from the connection pool. More info: http://pris.ly/d/connection-pool (Current connection pool timeout: 10, connection limit: 17)[39m
2026-04-12 13:16:23:1623 [31merror[39m: [31mFailed to start server: Can't reach database server at `ep-withered-salad-agxzvgfm-pooler.c-2.eu-central-1.aws.neon.tech:5432`[39m

[31mPlease make sure your database server is running at `ep-withered-salad-agxzvgfm-pooler.c-2.eu-central-1.aws.neon.tech:5432`.[39m
2026-04-12 13:24:22:2422 [31merror[39m: [31m[AI] Chat failed: [39m
[31mInvalid `prisma.gameResponse.findMany()` invocation in[39m
[31mC:\Users\azizh\Downloads\soullink-frontend-soullink-1.4\soullink-frontend-soullink-1.4\soullink-backend\src\modules\ai-companion\context.service.ts:37:33[39m

[31m  34         currentScene: { include: { choices: true } }[39m
[31m  35     }[39m
[31m  36 }),[39m
[31m→ 37 prisma.gameResponse.findMany([39m
[31mTimed out fetching a new connection from the connection pool. More info: http://pris.ly/d/connection-pool (Current connection pool timeout: 10, connection limit: 17)[39m
2026-04-12 13:59:54:5954 [31merror[39m: [31mPresence Offline Error for 00747bed-0627-4d2a-a6c7-e702b31eb5a0: [39m
[31mInvalid `prisma.user.update()` invocation in[39m
[31mC:\Users\azizh\Downloads\soullink-frontend-soullink-1.4\soullink-frontend-soullink-1.4\soullink-backend\src\server.ts:103:39[39m

[31m  100 userSockets.delete(user.id);[39m
[31m  101 // Last connection closed: set offline[39m
[31m  102 try {[39m
[31m→ 103     await prisma.user.update([39m
[31mCan't reach database server at `ep-withered-salad-agxzvgfm-pooler.c-2.eu-central-1.aws.neon.tech:5432`[39m

[31mPlease make sure your database server is running at `ep-withered-salad-agxzvgfm-pooler.c-2.eu-central-1.aws.neon.tech:5432`.[39m
2026-04-12 13:59:55:5955 [31merror[39m: [31mSocket Auth: JWT verification failed for socket h4DxWkyX7Sv7vBCbAAAO. Error: jwt expired[39m
2026-04-12 13:59:55:5955 [31merror[39m: [31mSocket Auth: JWT verification failed for socket oNDrzA2faPYJkvutAAAP. Error: jwt expired[39m
2026-04-12 14:00:03:03 [31merror[39m: [31m[LLM] API Error (400):[39m
2026-04-12 14:00:04:04 [31merror[39m: [31m[LLM] API Error (400):[39m
2026-04-12 14:17:01:171 [31merror[39m: [31mSocket Auth: JWT verification failed for socket axgRkJecuoa3xldLAAAC. Error: jwt expired[39m
2026-04-12 14:17:01:171 [31merror[39m: [31mSocket Auth: JWT verification failed for socket HoO6kB_zmCHAkjyBAAAD. Error: jwt expired[39m
2026-04-12 14:17:38:1738 [31merror[39m: [31m[Unhandled Error] Status: 500 - Detail: PrismaClientValidationError: [39m
[31mInvalid `any).matchRequest.upsert()` invocation in[39m
[31mC:\Users\azizh\Downloads\soullink-frontend-soullink-1.4\soullink-frontend-soullink-1.4\soullink-backend\src\modules\matching\matching.service.ts:48:60[39m

[31m  45 async joinQueue(userId: string, dto: { intent: any, interests: string[], isQuickMatch: boolean }) {[39m
[31m  46     const expiresAt = new Date(Date.now() + 30 * 60 * 1000); // 30 minutes in queue[39m
[31m  47 [39m
[31m→ 48     const request = await (prisma as any).matchRequest.upsert({[39m
[31m           where: {[39m
[31m             userId: "00747bed-0627-4d2a-a6c7-e702b31eb5a0",[39m
[31m         ?   id?: String,[39m
[31m         ?   AND?: MatchRequestWhereInput | MatchRequestWhereInput[],[39m
[31m         ?   OR?: MatchRequestWhereInput[],[39m
[31m         ?   NOT?: MatchRequestWhereInput | MatchRequestWhereInput[],[39m
[31m         ?   intent?: EnumMatchIntentFilter | MatchIntent,[39m
[31m         ?   selectedInterests?: StringNullableListFilter,[39m
[31m         ?   isQuickMatch?: BoolFilter | Boolean,[39m
[31m         ?   createdAt?: DateTimeFilter | DateTime,[39m
[31m         ?   expiresAt?: DateTimeFilter | DateTime,[39m
[31m         ?   user?: UserRelationFilter | UserWhereInput[39m
[31m           },[39m
[31m           create: {[39m
[31m             userId: "00747bed-0627-4d2a-a6c7-e702b31eb5a0",[39m
[31m             intent: "FRIEND",[39m
[31m             interests: [],[39m
[31m             isQuickMatch: true,[39m
[31m             expiresAt: new Date("2026-04-12T13:47:38.607Z")[39m
[31m           },[39m
[31m           update: {[39m
[31m             intent: "FRIEND",[39m
[31m             interests: [],[39m
[31m             isQuickMatch: true,[39m
[31m             expiresAt: new Date("2026-04-12T13:47:38.607Z"),[39m
[31m             createdAt: new Date("2026-04-12T13:17:38.607Z")[39m
[31m           }[39m
[31m         })[39m

[31mArgument `where` of type MatchRequestWhereUniqueInput needs at least one of `id` arguments. Available options are marked with ?.[39m
[31m    at wn (C:\Users\azizh\Downloads\soullink-frontend-soullink-1.4\soullink-frontend-soullink-1.4\soullink-backend\node_modules\@prisma\client\runtime\library.js:29:1363)[39m
[31m    at $n.handleRequestError (C:\Users\azizh\Downloads\soullink-frontend-soullink-1.4\soullink-frontend-soullink-1.4\soullink-backend\node_modules\@prisma\client\runtime\library.js:121:6958)[39m
[31m    at $n.handleAndLogRequestError (C:\Users\azizh\Downloads\soullink-frontend-soullink-1.4\soullink-frontend-soullink-1.4\soullink-backend\node_modules\@prisma\client\runtime\library.js:121:6623)[39m
[31m    at $n.request (C:\Users\azizh\Downloads\soullink-frontend-soullink-1.4\soullink-frontend-soullink-1.4\soullink-backend\node_modules\@prisma\client\runtime\library.js:121:6307)[39m
[31m    at async l (C:\Users\azizh\Downloads\soullink-frontend-soullink-1.4\soullink-frontend-soullink-1.4\soullink-backend\node_modules\@prisma\client\runtime\library.js:130:9633)[39m
[31m    at async MatchingService.joinQueue (C:\Users\azizh\Downloads\soullink-frontend-soullink-1.4\soullink-frontend-soullink-1.4\soullink-backend\src\modules\matching\matching.service.ts:48:25)[39m
[31m    at async MatchingController.joinQueue (C:\Users\azizh\Downloads\soullink-frontend-soullink-1.4\soullink-frontend-soullink-1.4\soullink-backend\src\modules\matching\matching.controller.ts:59:27)[39m
2026-04-12 14:19:51:1951 [31merror[39m: [31m[Unhandled Error] Status: 500 - Detail: PrismaClientValidationError: [39m
[31mInvalid `any).matchRequest.upsert()` invocation in[39m
[31mC:\Users\azizh\Downloads\soullink-frontend-soullink-1.4\soullink-frontend-soullink-1.4\soullink-backend\src\modules\matching\matching.service.ts:48:60[39m

[31m  45 async joinQueue(userId: string, dto: { intent: any, interests: string[], isQuickMatch: boolean }) {[39m
[31m  46     const expiresAt = new Date(Date.now() + 30 * 60 * 1000); // 30 minutes in queue[39m
[31m  47 [39m
[31m→ 48     const request = await (prisma as any).matchRequest.upsert({[39m
[31m           where: {[39m
[31m             userId: "00747bed-0627-4d2a-a6c7-e702b31eb5a0",[39m
[31m         ?   id?: String,[39m
[31m         ?   AND?: MatchRequestWhereInput | MatchRequestWhereInput[],[39m
[31m         ?   OR?: MatchRequestWhereInput[],[39m
[31m         ?   NOT?: MatchRequestWhereInput | MatchRequestWhereInput[],[39m
[31m         ?   intent?: EnumMatchIntentFilter | MatchIntent,[39m
[31m         ?   selectedInterests?: StringNullableListFilter,[39m
[31m         ?   isQuickMatch?: BoolFilter | Boolean,[39m
[31m         ?   createdAt?: DateTimeFilter | DateTime,[39m
[31m         ?   expiresAt?: DateTimeFilter | DateTime,[39m
[31m         ?   user?: UserRelationFilter | UserWhereInput[39m
[31m           },[39m
[31m           create: {[39m
[31m             userId: "00747bed-0627-4d2a-a6c7-e702b31eb5a0",[39m
[31m             intent: "FRIEND",[39m
[31m             interests: [],[39m
[31m             isQuickMatch: true,[39m
[31m             expiresAt: new Date("2026-04-12T13:49:51.728Z")[39m
[31m           },[39m
[31m           update: {[39m
[31m             intent: "FRIEND",[39m
[31m             interests: [],[39m
[31m             isQuickMatch: true,[39m
[31m             expiresAt: new Date("2026-04-12T13:49:51.728Z"),[39m
[31m             createdAt: new Date("2026-04-12T13:19:51.729Z")[39m
[31m           }[39m
[31m         })[39m

[31mArgument `where` of type MatchRequestWhereUniqueInput needs at least one of `id` arguments. Available options are marked with ?.[39m
[31m    at wn (C:\Users\azizh\Downloads\soullink-frontend-soullink-1.4\soullink-frontend-soullink-1.4\soullink-backend\node_modules\@prisma\client\runtime\library.js:29:1363)[39m
[31m    at $n.handleRequestError (C:\Users\azizh\Downloads\soullink-frontend-soullink-1.4\soullink-frontend-soullink-1.4\soullink-backend\node_modules\@prisma\client\runtime\library.js:121:6958)[39m
[31m    at $n.handleAndLogRequestError (C:\Users\azizh\Downloads\soullink-frontend-soullink-1.4\soullink-frontend-soullink-1.4\soullink-backend\node_modules\@prisma\client\runtime\library.js:121:6623)[39m
[31m    at $n.request (C:\Users\azizh\Downloads\soullink-frontend-soullink-1.4\soullink-frontend-soullink-1.4\soullink-backend\node_modules\@prisma\client\runtime\library.js:121:6307)[39m
[31m    at async l (C:\Users\azizh\Downloads\soullink-frontend-soullink-1.4\soullink-frontend-soullink-1.4\soullink-backend\node_modules\@prisma\client\runtime\library.js:130:9633)[39m
[31m    at async MatchingService.joinQueue (C:\Users\azizh\Downloads\soullink-frontend-soullink-1.4\soullink-frontend-soullink-1.4\soullink-backend\src\modules\matching\matching.service.ts:48:25)[39m
[31m    at async MatchingController.joinQueue (C:\Users\azizh\Downloads\soullink-frontend-soullink-1.4\soullink-frontend-soullink-1.4\soullink-backend\src\modules\matching\matching.controller.ts:59:27)[39m
2026-04-12 14:21:18:2118 [31merror[39m: [31m[Unhandled Error] Status: 500 - Detail: PrismaClientKnownRequestError: [39m
[31mInvalid `any).match.findMany()` invocation in[39m
[31mC:\Users\azizh\Downloads\soullink-frontend-soullink-1.4\soullink-frontend-soullink-1.4\soullink-backend\src\modules\matching\matching.service.ts:257:38[39m

[31m  254 [39m
[31m  255 /** Get all active accepted matches for a user (for chat list). */[39m
[31m  256 async getActiveMatches(userId: string) {[39m
[31m→ 257     return (prisma as any).match.findMany([39m
[31mThe column `Match.revealRequestedBy` does not exist in the current database.[39m
[31m    at $n.handleRequestError (C:\Users\azizh\Downloads\soullink-frontend-soullink-1.4\soullink-frontend-soullink-1.4\soullink-backend\node_modules\@prisma\client\runtime\library.js:121:7315)[39m
[31m    at $n.handleAndLogRequestError (C:\Users\azizh\Downloads\soullink-frontend-soullink-1.4\soullink-frontend-soullink-1.4\soullink-backend\node_modules\@prisma\client\runtime\library.js:121:6623)[39m
[31m    at $n.request (C:\Users\azizh\Downloads\soullink-frontend-soullink-1.4\soullink-frontend-soullink-1.4\soullink-backend\node_modules\@prisma\client\runtime\library.js:121:6307)[39m
[31m    at async l (C:\Users\azizh\Downloads\soullink-frontend-soullink-1.4\soullink-frontend-soullink-1.4\soullink-backend\node_modules\@prisma\client\runtime\library.js:130:9633)[39m
[31m    at async MatchingController.getActiveMatches (C:\Users\azizh\Downloads\soullink-frontend-soullink-1.4\soullink-frontend-soullink-1.4\soullink-backend\src\modules\matching\matching.controller.ts:49:29)[39m
2026-04-12 14:21:19:2119 [31merror[39m: [31m[Unhandled Error] Status: 500 - Detail: PrismaClientValidationError: [39m
[31mInvalid `any).matchRequest.upsert()` invocation in[39m
[31mC:\Users\azizh\Downloads\soullink-frontend-soullink-1.4\soullink-frontend-soullink-1.4\soullink-backend\src\modules\matching\matching.service.ts:48:60[39m

[31m  45 async joinQueue(userId: string, dto: { intent: any, interests: string[], isQuickMatch: boolean }) {[39m
[31m  46     const expiresAt = new Date(Date.now() + 30 * 60 * 1000); // 30 minutes in queue[39m
[31m  47 [39m
[31m→ 48     const request = await (prisma as any).matchRequest.upsert({[39m
[31m           where: {[39m
[31m             userId: "00747bed-0627-4d2a-a6c7-e702b31eb5a0"[39m
[31m           },[39m
[31m           create: {[39m
[31m             userId: "00747bed-0627-4d2a-a6c7-e702b31eb5a0",[39m
[31m             intent: "FRIEND",[39m
[31m             interests: [],[39m
[31m             ~~~~~~~~~[39m
[31m             isQuickMatch: true,[39m
[31m             expiresAt: new Date("2026-04-12T13:51:19.082Z"),[39m
[31m         ?   id?: String,[39m
[31m         ?   selectedInterests?: MatchRequestCreateselectedInterestsInput | String[],[39m
[31m         ?   createdAt?: DateTime[39m
[31m           },[39m
[31m           update: {[39m
[31m             intent: "FRIEND",[39m
[31m             interests: [],[39m
[31m             isQuickMatch: true,[39m
[31m             expiresAt: new Date("2026-04-12T13:51:19.082Z"),[39m
[31m             createdAt: new Date("2026-04-12T13:21:19.082Z")[39m
[31m           }[39m
[31m         })[39m

[31mUnknown argument `interests`. Available options are marked with ?.[39m
[31m    at wn (C:\Users\azizh\Downloads\soullink-frontend-soullink-1.4\soullink-frontend-soullink-1.4\soullink-backend\node_modules\@prisma\client\runtime\library.js:29:1363)[39m
[31m    at $n.handleRequestError (C:\Users\azizh\Downloads\soullink-frontend-soullink-1.4\soullink-frontend-soullink-1.4\soullink-backend\node_modules\@prisma\client\runtime\library.js:121:6958)[39m
[31m    at $n.handleAndLogRequestError (C:\Users\azizh\Downloads\soullink-frontend-soullink-1.4\soullink-frontend-soullink-1.4\soullink-backend\node_modules\@prisma\client\runtime\library.js:121:6623)[39m
[31m    at $n.request (C:\Users\azizh\Downloads\soullink-frontend-soullink-1.4\soullink-frontend-soullink-1.4\soullink-backend\node_modules\@prisma\client\runtime\library.js:121:6307)[39m
[31m    at async l (C:\Users\azizh\Downloads\soullink-frontend-soullink-1.4\soullink-frontend-soullink-1.4\soullink-backend\node_modules\@prisma\client\runtime\library.js:130:9633)[39m
[31m    at async MatchingService.joinQueue (C:\Users\azizh\Downloads\soullink-frontend-soullink-1.4\soullink-frontend-soullink-1.4\soullink-backend\src\modules\matching\matching.service.ts:48:25)[39m
[31m    at async MatchingController.joinQueue (C:\Users\azizh\Downloads\soullink-frontend-soullink-1.4\soullink-frontend-soullink-1.4\soullink-backend\src\modules\matching\matching.controller.ts:59:27)[39m
2026-04-12 14:26:48:2648 [31merror[39m: [31m[Unhandled Error] Status: 500 - Detail: TypeError: matchingService.getMatchMessages is not a function[39m
[31m    at MatchingController.getMatchMessages (C:\Users\azizh\Downloads\soullink-frontend-soullink-1.4\soullink-frontend-soullink-1.4\soullink-backend\src\modules\matching\matching.controller.ts:92:52)[39m
[31m    at Layer.handle [as handle_request] (C:\Users\azizh\Downloads\soullink-frontend-soullink-1.4\soullink-frontend-soullink-1.4\soullink-backend\node_modules\express\lib\router\layer.js:95:5)[39m
[31m    at next (C:\Users\azizh\Downloads\soullink-frontend-soullink-1.4\soullink-frontend-soullink-1.4\soullink-backend\node_modules\express\lib\router\route.js:149:13)[39m
[31m    at Route.dispatch (C:\Users\azizh\Downloads\soullink-frontend-soullink-1.4\soullink-frontend-soullink-1.4\soullink-backend\node_modules\express\lib\router\route.js:119:3)[39m
[31m    at Layer.handle [as handle_request] (C:\Users\azizh\Downloads\soullink-frontend-soullink-1.4\soullink-frontend-soullink-1.4\soullink-backend\node_modules\express\lib\router\layer.js:95:5)[39m
[31m    at C:\Users\azizh\Downloads\soullink-frontend-soullink-1.4\soullink-frontend-soullink-1.4\soullink-backend\node_modules\express\lib\router\index.js:284:15[39m
[31m    at param (C:\Users\azizh\Downloads\soullink-frontend-soullink-1.4\soullink-frontend-soullink-1.4\soullink-backend\node_modules\express\lib\router\index.js:365:14)[39m
[31m    at param (C:\Users\azizh\Downloads\soullink-frontend-soullink-1.4\soullink-frontend-soullink-1.4\soullink-backend\node_modules\express\lib\router\index.js:376:14)[39m
[31m    at router.process_params (C:\Users\azizh\Downloads\soullink-frontend-soullink-1.4\soullink-frontend-soullink-1.4\soullink-backend\node_modules\express\lib\router\index.js:421:3)[39m
[31m    at next (C:\Users\azizh\Downloads\soullink-frontend-soullink-1.4\soullink-frontend-soullink-1.4\soullink-backend\node_modules\express\lib\router\index.js:280:10)[39m
2026-04-12 14:26:48:2648 [31merror[39m: [31m[Unhandled Error] Status: 500 - Detail: TypeError: matchingService.getMatchMessages is not a function[39m
[31m    at MatchingController.getMatchMessages (C:\Users\azizh\Downloads\soullink-frontend-soullink-1.4\soullink-frontend-soullink-1.4\soullink-backend\src\modules\matching\matching.controller.ts:92:52)[39m
[31m    at Layer.handle [as handle_request] (C:\Users\azizh\Downloads\soullink-frontend-soullink-1.4\soullink-frontend-soullink-1.4\soullink-backend\node_modules\express\lib\router\layer.js:95:5)[39m
[31m    at next (C:\Users\azizh\Downloads\soullink-frontend-soullink-1.4\soullink-frontend-soullink-1.4\soullink-backend\node_modules\express\lib\router\route.js:149:13)[39m
[31m    at Route.dispatch (C:\Users\azizh\Downloads\soullink-frontend-soullink-1.4\soullink-frontend-soullink-1.4\soullink-backend\node_modules\express\lib\router\route.js:119:3)[39m
[31m    at Layer.handle [as handle_request] (C:\Users\azizh\Downloads\soullink-frontend-soullink-1.4\soullink-frontend-soullink-1.4\soullink-backend\node_modules\express\lib\router\layer.js:95:5)[39m
[31m    at C:\Users\azizh\Downloads\soullink-frontend-soullink-1.4\soullink-frontend-soullink-1.4\soullink-backend\node_modules\express\lib\router\index.js:284:15[39m
[31m    at param (C:\Users\azizh\Downloads\soullink-frontend-soullink-1.4\soullink-frontend-soullink-1.4\soullink-backend\node_modules\express\lib\router\index.js:365:14)[39m
[31m    at param (C:\Users\azizh\Downloads\soullink-frontend-soullink-1.4\soullink-frontend-soullink-1.4\soullink-backend\node_modules\express\lib\router\index.js:376:14)[39m
[31m    at router.process_params (C:\Users\azizh\Downloads\soullink-frontend-soullink-1.4\soullink-frontend-soullink-1.4\soullink-backend\node_modules\express\lib\router\index.js:421:3)[39m
[31m    at next (C:\Users\azizh\Downloads\soullink-frontend-soullink-1.4\soullink-frontend-soullink-1.4\soullink-backend\node_modules\express\lib\router\index.js:280:10)[39m
2026-04-12 15:03:49:349 [31merror[39m: [31mSocket Auth: Database error during user lookup. Socket 9cJ0R-8V2TGu1et3AAAk. Error: [39m
[31mInvalid `prisma.user.findUnique()` invocation in[39m
[31mC:\Users\azizh\Downloads\soullink-frontend-soullink-1.4\soullink-frontend-soullink-1.4\soullink-backend\src\server.ts:41:44[39m

[31m  38 }[39m
[31m  39 [39m
[31m  40 try {[39m
[31m→ 41     const user = await prisma.user.findUnique([39m
[31mCan't reach database server at `ep-withered-salad-agxzvgfm-pooler.c-2.eu-central-1.aws.neon.tech:5432`[39m

[31mPlease make sure your database server is running at `ep-withered-salad-agxzvgfm-pooler.c-2.eu-central-1.aws.neon.tech:5432`.[39m
2026-04-12 15:03:49:349 [31merror[39m: [31mSocket Auth: Database error during user lookup. Socket YEZL1yYeKYy5zZLbAAAj. Error: [39m
[31mInvalid `prisma.user.findUnique()` invocation in[39m
[31mC:\Users\azizh\Downloads\soullink-frontend-soullink-1.4\soullink-frontend-soullink-1.4\soullink-backend\src\server.ts:41:44[39m

[31m  38 }[39m
[31m  39 [39m
[31m  40 try {[39m
[31m→ 41     const user = await prisma.user.findUnique([39m
[31mCan't reach database server at `ep-withered-salad-agxzvgfm-pooler.c-2.eu-central-1.aws.neon.tech:5432`[39m

[31mPlease make sure your database server is running at `ep-withered-salad-agxzvgfm-pooler.c-2.eu-central-1.aws.neon.tech:5432`.[39m
2026-04-12 15:03:49:349 [31merror[39m: [31mSocket Auth: Database error during user lookup. Socket amhjHMC0Ndtp0P-7AAAi. Error: [39m
[31mInvalid `prisma.user.findUnique()` invocation in[39m
[31mC:\Users\azizh\Downloads\soullink-frontend-soullink-1.4\soullink-frontend-soullink-1.4\soullink-backend\src\server.ts:41:44[39m

[31m  38 }[39m
[31m  39 [39m
[31m  40 try {[39m
[31m→ 41     const user = await prisma.user.findUnique([39m
[31mCan't reach database server at `ep-withered-salad-agxzvgfm-pooler.c-2.eu-central-1.aws.neon.tech:5432`[39m

[31mPlease make sure your database server is running at `ep-withered-salad-agxzvgfm-pooler.c-2.eu-central-1.aws.neon.tech:5432`.[39m
2026-04-12 15:03:49:349 [31merror[39m: [31mSocket Auth: Database error during user lookup. Socket j8sFuXsf5prfe9j6AAAl. Error: [39m
[31mInvalid `prisma.user.findUnique()` invocation in[39m
[31mC:\Users\azizh\Downloads\soullink-frontend-soullink-1.4\soullink-frontend-soullink-1.4\soullink-backend\src\server.ts:41:44[39m

[31m  38 }[39m
[31m  39 [39m
[31m  40 try {[39m
[31m→ 41     const user = await prisma.user.findUnique([39m
[31mCan't reach database server at `ep-withered-salad-agxzvgfm-pooler.c-2.eu-central-1.aws.neon.tech:5432`[39m

[31mPlease make sure your database server is running at `ep-withered-salad-agxzvgfm-pooler.c-2.eu-central-1.aws.neon.tech:5432`.[39m
2026-04-12 17:00:14:014 [31merror[39m: [31m[AI-CRON] Error in proactive check: [39m
[31mInvalid `prisma.user.findUnique()` invocation in[39m
[31mC:\Users\azizh\Downloads\soullink-frontend-soullink-1.4\soullink-frontend-soullink-1.4\soullink-backend\src\modules\ai-companion\context.service.ts:22:25[39m

[31m  19 [39m
[31m  20 // 2. Fetch Optimized Context (Parallel Queries)[39m
[31m  21 const [user, activeProgress, recentResponses, friendshipsCount] = await Promise.all([[39m
[31m→ 22     prisma.user.findUnique([39m
[31mCan't reach database server at `ep-withered-salad-agxzvgfm-pooler.c-2.eu-central-1.aws.neon.tech:5432`[39m

[31mPlease make sure your database server is running at `ep-withered-salad-agxzvgfm-pooler.c-2.eu-central-1.aws.neon.tech:5432`.[39m
2026-04-12 17:42:47:4247 [31merror[39m: [31mFailed to start server: Can't reach database server at `ep-withered-salad-agxzvgfm-pooler.c-2.eu-central-1.aws.neon.tech:5432`[39m

[31mPlease make sure your database server is running at `ep-withered-salad-agxzvgfm-pooler.c-2.eu-central-1.aws.neon.tech:5432`.[39m
2026-04-12 17:44:56:4456 [31merror[39m: [31mSocket Auth: JWT verification failed for socket IOj5SGrKoGuyYuiOAAAD. Error: jwt expired[39m
2026-04-12 17:44:56:4456 [31merror[39m: [31mSocket Auth: JWT verification failed for socket PgbjZFERqkv7xqjhAAAE. Error: jwt expired[39m
2026-04-12 17:44:56:4456 [31merror[39m: [31mSocket Auth: JWT verification failed for socket x---EHgwDWawk4AaAAAF. Error: jwt expired[39m
2026-04-12 17:46:59:4659 [31merror[39m: [31mSocket Auth: JWT verification failed for socket QLyD6TdSwJ82kOwiAAAI. Error: jwt expired[39m
2026-04-12 17:46:59:4659 [31merror[39m: [31mSocket Auth: JWT verification failed for socket nf3JpU4qPlsZrMF3AAAJ. Error: jwt expired[39m
2026-04-12 17:55:47:5547 [31merror[39m: [31mPresence Offline Error for c2a03e1b-f489-474e-a818-3bacb7f647c6: [39m
[31mInvalid `prisma.user.update()` invocation in[39m
[31mC:\Users\azizh\Downloads\soullink-frontend-soullink-1.4\soullink-frontend-soullink-1.4\soullink-backend\src\server.ts:103:39[39m

[31m  100 userSockets.delete(user.id);[39m
[31m  101 // Last connection closed: set offline[39m
[31m  102 try {[39m
[31m→ 103     await prisma.user.update([39m
[31mCan't reach database server at `ep-withered-salad-agxzvgfm-pooler.c-2.eu-central-1.aws.neon.tech:5432`[39m

[31mPlease make sure your database server is running at `ep-withered-salad-agxzvgfm-pooler.c-2.eu-central-1.aws.neon.tech:5432`.[39m
2026-04-12 17:55:48:5548 [31merror[39m: [31mSocket Auth: Database error during user lookup. Socket J7siVtg6cmG6qDmxAAAX. Error: [39m
[31mInvalid `prisma.user.findUnique()` invocation in[39m
[31mC:\Users\azizh\Downloads\soullink-frontend-soullink-1.4\soullink-frontend-soullink-1.4\soullink-backend\src\server.ts:41:44[39m

[31m  38 }[39m
[31m  39 [39m
[31m  40 try {[39m
[31m→ 41     const user = await prisma.user.findUnique([39m
[31mCan't reach database server at `ep-withered-salad-agxzvgfm-pooler.c-2.eu-central-1.aws.neon.tech:5432`[39m

[31mPlease make sure your database server is running at `ep-withered-salad-agxzvgfm-pooler.c-2.eu-central-1.aws.neon.tech:5432`.[39m
2026-04-12 17:55:48:5548 [31merror[39m: [31mSocket Auth: Database error during user lookup. Socket nNZ8wIzdnDY5OpmlAAAV. Error: [39m
[31mInvalid `prisma.user.findUnique()` invocation in[39m
[31mC:\Users\azizh\Downloads\soullink-frontend-soullink-1.4\soullink-frontend-soullink-1.4\soullink-backend\src\server.ts:41:44[39m

[31m  38 }[39m
[31m  39 [39m
[31m  40 try {[39m
[31m→ 41     const user = await prisma.user.findUnique([39m
[31mCan't reach database server at `ep-withered-salad-agxzvgfm-pooler.c-2.eu-central-1.aws.neon.tech:5432`[39m

[31mPlease make sure your database server is running at `ep-withered-salad-agxzvgfm-pooler.c-2.eu-central-1.aws.neon.tech:5432`.[39m
2026-04-12 17:55:48:5548 [31merror[39m: [31mSocket Auth: Database error during user lookup. Socket t-2r-uw76ridDCk-AAAW. Error: [39m
[31mInvalid `prisma.user.findUnique()` invocation in[39m
[31mC:\Users\azizh\Downloads\soullink-frontend-soullink-1.4\soullink-frontend-soullink-1.4\soullink-backend\src\server.ts:41:44[39m

[31m  38 }[39m
[31m  39 [39m
[31m  40 try {[39m
[31m→ 41     const user = await prisma.user.findUnique([39m
[31mCan't reach database server at `ep-withered-salad-agxzvgfm-pooler.c-2.eu-central-1.aws.neon.tech:5432`[39m

[31mPlease make sure your database server is running at `ep-withered-salad-agxzvgfm-pooler.c-2.eu-central-1.aws.neon.tech:5432`.[39m
2026-04-12 17:57:01:571 [31merror[39m: [31mSocket Auth: Database error during user lookup. Socket 9-E8wUqEZEApN7WuAAAh. Error: [39m
[31mInvalid `prisma.user.findUnique()` invocation in[39m
[31mC:\Users\azizh\Downloads\soullink-frontend-soullink-1.4\soullink-frontend-soullink-1.4\soullink-backend\src\server.ts:41:44[39m

[31m  38 }[39m
[31m  39 [39m
[31m  40 try {[39m
[31m→ 41     const user = await prisma.user.findUnique([39m
[31mCan't reach database server at `ep-withered-salad-agxzvgfm-pooler.c-2.eu-central-1.aws.neon.tech:5432`[39m

[31mPlease make sure your database server is running at `ep-withered-salad-agxzvgfm-pooler.c-2.eu-central-1.aws.neon.tech:5432`.[39m
2026-04-12 22:14:13:1413 [31merror[39m: [31mPresence Offline Error for c2a03e1b-f489-474e-a818-3bacb7f647c6: [39m
[31mInvalid `prisma.user.update()` invocation in[39m
[31mC:\Users\azizh\Downloads\soullink-frontend-soullink-1.4\soullink-frontend-soullink-1.4\soullink-backend\src\server.ts:103:39[39m

[31m  100 userSockets.delete(user.id);[39m
[31m  101 // Last connection closed: set offline[39m
[31m  102 try {[39m
[31m→ 103     await prisma.user.update([39m
[31mTimed out fetching a new connection from the connection pool. More info: http://pris.ly/d/connection-pool (Current connection pool timeout: 10, connection limit: 17)[39m
2026-04-12 22:20:09:209 [31merror[39m: [31mSocket Auth: JWT verification failed for socket bBglIPtGpJxeP1swAAAQ. Error: jwt expired[39m
2026-04-12 22:20:09:209 [31merror[39m: [31mSocket Auth: JWT verification failed for socket OxfBG_Upk620ZnH3AAAR. Error: jwt expired[39m
2026-04-12 22:20:09:209 [31merror[39m: [31mSocket Auth: JWT verification failed for socket 3UVcA-_gylsIN87BAAAS. Error: jwt expired[39m
2026-04-12 22:20:09:209 [31merror[39m: [31mSocket Auth: JWT verification failed for socket 5R374hoXW03lhfnFAAAT. Error: jwt expired[39m
2026-04-12 22:20:14:2014 [31merror[39m: [31mSocket Auth: JWT verification failed for socket T6mhHeR8ndq9kMLeAAAX. Error: jwt expired[39m
2026-04-12 22:20:14:2014 [31merror[39m: [31mSocket Auth: JWT verification failed for socket nsTwWHE_wpy9C-dVAAAY. Error: jwt expired[39m
2026-04-12 22:20:14:2014 [31merror[39m: [31mSocket Auth: JWT verification failed for socket CFf3X4xwJLIFWoDXAAAZ. Error: jwt expired[39m
2026-04-12 22:29:14:2914 [31merror[39m: [31mPresence Offline Error for c2a03e1b-f489-474e-a818-3bacb7f647c6: [39m
[31mInvalid `prisma.user.update()` invocation in[39m
[31mC:\Users\azizh\Downloads\soullink-frontend-soullink-1.4\soullink-frontend-soullink-1.4\soullink-backend\src\server.ts:103:39[39m

[31m  100 userSockets.delete(user.id);[39m
[31m  101 // Last connection closed: set offline[39m
[31m  102 try {[39m
[31m→ 103     await prisma.user.update([39m
[31mCan't reach database server at `ep-withered-salad-agxzvgfm-pooler.c-2.eu-central-1.aws.neon.tech:5432`[39m

[31mPlease make sure your database server is running at `ep-withered-salad-agxzvgfm-pooler.c-2.eu-central-1.aws.neon.tech:5432`.[39m
2026-04-12 22:29:14:2914 [31merror[39m: [31mSocket Auth: Database error during user lookup. Socket vrBONs0uRzWy40i0AAAl. Error: [39m
[31mInvalid `prisma.user.findUnique()` invocation in[39m
[31mC:\Users\azizh\Downloads\soullink-frontend-soullink-1.4\soullink-frontend-soullink-1.4\soullink-backend\src\server.ts:41:44[39m

[31m  38 }[39m
[31m  39 [39m
[31m  40 try {[39m
[31m→ 41     const user = await prisma.user.findUnique([39m
[31mCan't reach database server at `ep-withered-salad-agxzvgfm-pooler.c-2.eu-central-1.aws.neon.tech:5432`[39m

[31mPlease make sure your database server is running at `ep-withered-salad-agxzvgfm-pooler.c-2.eu-central-1.aws.neon.tech:5432`.[39m
2026-04-12 22:29:14:2914 [31merror[39m: [31mSocket Auth: Database error during user lookup. Socket -K7_nUqKkKerYY6xAAAm. Error: [39m
[31mInvalid `prisma.user.findUnique()` invocation in[39m
[31mC:\Users\azizh\Downloads\soullink-frontend-soullink-1.4\soullink-frontend-soullink-1.4\soullink-backend\src\server.ts:41:44[39m

[31m  38 }[39m
[31m  39 [39m
[31m  40 try {[39m
[31m→ 41     const user = await prisma.user.findUnique([39m
[31mCan't reach database server at `ep-withered-salad-agxzvgfm-pooler.c-2.eu-central-1.aws.neon.tech:5432`[39m

[31mPlease make sure your database server is running at `ep-withered-salad-agxzvgfm-pooler.c-2.eu-central-1.aws.neon.tech:5432`.[39m
2026-04-12 22:29:14:2914 [31merror[39m: [31mSocket Auth: Database error during user lookup. Socket L9jYpRJZSl5eDXlwAAAn. Error: [39m
[31mInvalid `prisma.user.findUnique()` invocation in[39m
[31mC:\Users\azizh\Downloads\soullink-frontend-soullink-1.4\soullink-frontend-soullink-1.4\soullink-backend\src\server.ts:41:44[39m

[31m  38 }[39m
[31m  39 [39m
[31m  40 try {[39m
[31m→ 41     const user = await prisma.user.findUnique([39m
[31mCan't reach database server at `ep-withered-salad-agxzvgfm-pooler.c-2.eu-central-1.aws.neon.tech:5432`[39m

[31mPlease make sure your database server is running at `ep-withered-salad-agxzvgfm-pooler.c-2.eu-central-1.aws.neon.tech:5432`.[39m
2026-04-12 22:33:50:3350 [31merror[39m: [31mFailed to start server: Can't reach database server at `ep-withered-salad-agxzvgfm-pooler.c-2.eu-central-1.aws.neon.tech:5432`[39m

[31mPlease make sure your database server is running at `ep-withered-salad-agxzvgfm-pooler.c-2.eu-central-1.aws.neon.tech:5432`.[39m
2026-04-12 22:44:44:4444 [31merror[39m: [31mSocket Auth: Database error during user lookup. Socket RcQ8sunt7jWheo4BAAAD. Error: [39m
[31mInvalid `prisma.user.findUnique()` invocation in[39m
[31mC:\Users\azizh\Downloads\soullink-frontend-soullink-1.4\soullink-frontend-soullink-1.4\soullink-backend\src\server.ts:41:44[39m

[31m  38 }[39m
[31m  39 [39m
[31m  40 try {[39m
[31m→ 41     const user = await prisma.user.findUnique([39m
[31mCan't reach database server at `ep-withered-salad-agxzvgfm.c-2.eu-central-1.aws.neon.tech:5432`[39m

[31mPlease make sure your database server is running at `ep-withered-salad-agxzvgfm.c-2.eu-central-1.aws.neon.tech:5432`.[39m
2026-04-12 22:44:44:4444 [31merror[39m: [31mSocket Auth: Database error during user lookup. Socket LnCs88Gn3CrNGULaAAAF. Error: [39m
[31mInvalid `prisma.user.findUnique()` invocation in[39m
[31mC:\Users\azizh\Downloads\soullink-frontend-soullink-1.4\soullink-frontend-soullink-1.4\soullink-backend\src\server.ts:41:44[39m

[31m  38 }[39m
[31m  39 [39m
[31m  40 try {[39m
[31m→ 41     const user = await prisma.user.findUnique([39m
[31mCan't reach database server at `ep-withered-salad-agxzvgfm.c-2.eu-central-1.aws.neon.tech:5432`[39m

[31mPlease make sure your database server is running at `ep-withered-salad-agxzvgfm.c-2.eu-central-1.aws.neon.tech:5432`.[39m
2026-04-12 22:44:44:4444 [31merror[39m: [31mSocket Auth: Database error during user lookup. Socket XUURHlpF-R8IiK7tAAAE. Error: [39m
[31mInvalid `prisma.user.findUnique()` invocation in[39m
[31mC:\Users\azizh\Downloads\soullink-frontend-soullink-1.4\soullink-frontend-soullink-1.4\soullink-backend\src\server.ts:41:44[39m

[31m  38 }[39m
[31m  39 [39m
[31m  40 try {[39m
[31m→ 41     const user = await prisma.user.findUnique([39m
[31mCan't reach database server at `ep-withered-salad-agxzvgfm.c-2.eu-central-1.aws.neon.tech:5432`[39m

[31mPlease make sure your database server is running at `ep-withered-salad-agxzvgfm.c-2.eu-central-1.aws.neon.tech:5432`.[39m
2026-04-12 22:44:56:4456 [31merror[39m: [31mSocket Auth: Database error during user lookup. Socket lIdU6XxaxETpQM7fAAAL. Error: [39m
[31mInvalid `prisma.user.findUnique()` invocation in[39m
[31mC:\Users\azizh\Downloads\soullink-frontend-soullink-1.4\soullink-frontend-soullink-1.4\soullink-backend\src\server.ts:41:44[39m

[31m  38 }[39m
[31m  39 [39m
[31m  40 try {[39m
[31m→ 41     const user = await prisma.user.findUnique([39m
[31mCan't reach database server at `ep-withered-salad-agxzvgfm.c-2.eu-central-1.aws.neon.tech:5432`[39m

[31mPlease make sure your database server is running at `ep-withered-salad-agxzvgfm.c-2.eu-central-1.aws.neon.tech:5432`.[39m
2026-04-12 22:44:56:4456 [31merror[39m: [31mSocket Auth: Database error during user lookup. Socket AubF42a6B5H2axmlAAAK. Error: [39m
[31mInvalid `prisma.user.findUnique()` invocation in[39m
[31mC:\Users\azizh\Downloads\soullink-frontend-soullink-1.4\soullink-frontend-soullink-1.4\soullink-backend\src\server.ts:41:44[39m

[31m  38 }[39m
[31m  39 [39m
[31m  40 try {[39m
[31m→ 41     const user = await prisma.user.findUnique([39m
[31mCan't reach database server at `ep-withered-salad-agxzvgfm.c-2.eu-central-1.aws.neon.tech:5432`[39m

[31mPlease make sure your database server is running at `ep-withered-salad-agxzvgfm.c-2.eu-central-1.aws.neon.tech:5432`.[39m
2026-04-12 22:44:56:4456 [31merror[39m: [31mSocket Auth: Database error during user lookup. Socket XDefFcsO_DQT0cgaAAAJ. Error: [39m
[31mInvalid `prisma.user.findUnique()` invocation in[39m
[31mC:\Users\azizh\Downloads\soullink-frontend-soullink-1.4\soullink-frontend-soullink-1.4\soullink-backend\src\server.ts:41:44[39m

[31m  38 }[39m
[31m  39 [39m
[31m  40 try {[39m
[31m→ 41     const user = await prisma.user.findUnique([39m
[31mCan't reach database server at `ep-withered-salad-agxzvgfm.c-2.eu-central-1.aws.neon.tech:5432`[39m

[31mPlease make sure your database server is running at `ep-withered-salad-agxzvgfm.c-2.eu-central-1.aws.neon.tech:5432`.[39m
2026-04-12 23:00:19:019 [31merror[39m: [31m[LLM] API Error (400):[39m
2026-04-12 23:00:31:031 [31merror[39m: [31m[LLM] API Error (400):[39m
2026-04-13 00:00:08:08 [31merror[39m: [31m[LLM] API Error (400):[39m
2026-04-13 00:00:09:09 [31merror[39m: [31m[LLM] API Error (400):[39m
2026-04-13 01:00:06:06 [31merror[39m: [31m[LLM] API Error (400):[39m
2026-04-13 01:00:07:07 [31merror[39m: [31m[LLM] API Error (400):[39m
2026-04-13 02:00:05:05 [31merror[39m: [31m[LLM] API Error (400):[39m
2026-04-13 02:00:07:07 [31merror[39m: [31m[LLM] API Error (400):[39m
2026-04-13 03:00:06:06 [31merror[39m: [31m[LLM] API Error (400):[39m
2026-04-13 03:00:07:07 [31merror[39m: [31m[LLM] API Error (400):[39m
2026-04-13 13:00:00:00 [31merror[39m: [31m[LLM] API Error (400):[39m
2026-04-13 13:00:01:01 [31merror[39m: [31m[LLM] API Error (400):[39m
2026-04-13 14:00:02:02 [31merror[39m: [31m[LLM] API Error (400):[39m
2026-04-13 14:00:03:03 [31merror[39m: [31m[LLM] API Error (400):[39m
2026-04-13 15:00:02:02 [31merror[39m: [31m[LLM] API Error (400):[39m
2026-04-13 15:00:04:04 [31merror[39m: [31m[LLM] API Error (400):[39m
2026-04-14 01:52:10:5210 [31merror[39m: [31m[Unhandled Error] Status: 500 - Detail: PrismaClientKnownRequestError: [39m
[31mInvalid `prisma.serviceUsageLog.findMany()` invocation in[39m
[31mC:\Users\azizh\Downloads\soullink-frontend-soullink-1.4\soullink-frontend-soullink-1.4\soullink-backend\src\modules\analytics\analytics.service.ts:585:56[39m

[31m  582 };[39m
[31m  583 [39m
[31m  584 // Get the latest record per service from today[39m
[31m→ 585 const usageLogs = await prisma.serviceUsageLog.findMany([39m
[31mThe table `public.ServiceUsageLog` does not exist in the current database.[39m
[31m    at $n.handleRequestError (C:\Users\azizh\Downloads\soullink-frontend-soullink-1.4\soullink-frontend-soullink-1.4\soullink-backend\node_modules\@prisma\client\runtime\library.js:121:7315)[39m
[31m    at $n.handleAndLogRequestError (C:\Users\azizh\Downloads\soullink-frontend-soullink-1.4\soullink-frontend-soullink-1.4\soullink-backend\node_modules\@prisma\client\runtime\library.js:121:6623)[39m
[31m    at $n.request (C:\Users\azizh\Downloads\soullink-frontend-soullink-1.4\soullink-frontend-soullink-1.4\soullink-backend\node_modules\@prisma\client\runtime\library.js:121:6307)[39m
[31m    at async l (C:\Users\azizh\Downloads\soullink-frontend-soullink-1.4\soullink-frontend-soullink-1.4\soullink-backend\node_modules\@prisma\client\runtime\library.js:130:9633)[39m
[31m    at async AnalyticsService.getCreditUsage (C:\Users\azizh\Downloads\soullink-frontend-soullink-1.4\soullink-frontend-soullink-1.4\soullink-backend\src\modules\analytics\analytics.service.ts:585:27)[39m
[31m    at async getCreditUsage (C:\Users\azizh\Downloads\soullink-frontend-soullink-1.4\soullink-frontend-soullink-1.4\soullink-backend\src\modules\analytics\analytics.controller.ts:75:22)[39m
2026-04-14 01:52:12:5212 [31merror[39m: [31m[Unhandled Error] Status: 500 - Detail: PrismaClientKnownRequestError: [39m
[31mInvalid `prisma.serviceUsageLog.findMany()` invocation in[39m
[31mC:\Users\azizh\Downloads\soullink-frontend-soullink-1.4\soullink-frontend-soullink-1.4\soullink-backend\src\modules\analytics\analytics.service.ts:585:56[39m

[31m  582 };[39m
[31m  583 [39m
[31m  584 // Get the latest record per service from today[39m
[31m→ 585 const usageLogs = await prisma.serviceUsageLog.findMany([39m
[31mThe table `public.ServiceUsageLog` does not exist in the current database.[39m
[31m    at $n.handleRequestError (C:\Users\azizh\Downloads\soullink-frontend-soullink-1.4\soullink-frontend-soullink-1.4\soullink-backend\node_modules\@prisma\client\runtime\library.js:121:7315)[39m
[31m    at $n.handleAndLogRequestError (C:\Users\azizh\Downloads\soullink-frontend-soullink-1.4\soullink-frontend-soullink-1.4\soullink-backend\node_modules\@prisma\client\runtime\library.js:121:6623)[39m
[31m    at $n.request (C:\Users\azizh\Downloads\soullink-frontend-soullink-1.4\soullink-frontend-soullink-1.4\soullink-backend\node_modules\@prisma\client\runtime\library.js:121:6307)[39m
[31m    at async l (C:\Users\azizh\Downloads\soullink-frontend-soullink-1.4\soullink-frontend-soullink-1.4\soullink-backend\node_modules\@prisma\client\runtime\library.js:130:9633)[39m
[31m    at async AnalyticsService.getCreditUsage (C:\Users\azizh\Downloads\soullink-frontend-soullink-1.4\soullink-frontend-soullink-1.4\soullink-backend\src\modules\analytics\analytics.service.ts:585:27)[39m
[31m    at async getCreditUsage (C:\Users\azizh\Downloads\soullink-frontend-soullink-1.4\soullink-frontend-soullink-1.4\soullink-backend\src\modules\analytics\analytics.controller.ts:75:22)[39m
2026-04-14 01:54:13:5413 [31merror[39m: [31m[Unhandled Error] Status: 500 - Detail: PrismaClientKnownRequestError: [39m
[31mInvalid `prisma.serviceUsageLog.findMany()` invocation in[39m
[31mC:\Users\azizh\Downloads\soullink-frontend-soullink-1.4\soullink-frontend-soullink-1.4\soullink-backend\src\modules\analytics\analytics.service.ts:308:59[39m

[31m  305 const today      = new Date();[39m
[31m  306 const todayStart = new Date(today.getFullYear(), today.getMonth(), today.getDate());[39m
[31m  307 const todayEnd   = new Date(todayStart.getTime() + 24 * 60 * 60 * 1000);[39m
[31m→ 308 const logs = await prisma.serviceUsageLog.findMany([39m
[31mThe table `public.ServiceUsageLog` does not exist in the current database.[39m
[31m    at $n.handleRequestError (C:\Users\azizh\Downloads\soullink-frontend-soullink-1.4\soullink-frontend-soullink-1.4\soullink-backend\node_modules\@prisma\client\runtime\library.js:121:7315)[39m
[31m    at $n.handleAndLogRequestError (C:\Users\azizh\Downloads\soullink-frontend-soullink-1.4\soullink-frontend-soullink-1.4\soullink-backend\node_modules\@prisma\client\runtime\library.js:121:6623)[39m
[31m    at $n.request (C:\Users\azizh\Downloads\soullink-frontend-soullink-1.4\soullink-frontend-soullink-1.4\soullink-backend\node_modules\@prisma\client\runtime\library.js:121:6307)[39m
[31m    at async l (C:\Users\azizh\Downloads\soullink-frontend-soullink-1.4\soullink-frontend-soullink-1.4\soullink-backend\node_modules\@prisma\client\runtime\library.js:130:9633)[39m
[31m    at async <anonymous> (C:\Users\azizh\Downloads\soullink-frontend-soullink-1.4\soullink-frontend-soullink-1.4\soullink-backend\src\modules\analytics\analytics.service.ts:308:30)[39m
[31m    at async Promise.all (index 7)[39m
[31m    at async AnalyticsService.getNovaAnalytics (C:\Users\azizh\Downloads\soullink-frontend-soullink-1.4\soullink-frontend-soullink-1.4\soullink-backend\src\modules\analytics\analytics.service.ts:271:13)[39m
[31m    at async getNovaAnalytics (C:\Users\azizh\Downloads\soullink-frontend-soullink-1.4\soullink-frontend-soullink-1.4\soullink-backend\src\modules\analytics\analytics.controller.ts:51:22)[39m
2026-04-14 02:00:05:05 [31merror[39m: [31m[LLM] API Error (400):[39m
2026-04-14 02:00:06:06 [31merror[39m: [31m[LLM] API Error (400):[39m
2026-04-14 11:42:22:4222 [31merror[39m: [31mSocket Auth: JWT verification failed for socket mDmkiYSfxuQTKnikAAAE. Error: jwt expired[39m
2026-04-14 11:42:22:4222 [31merror[39m: [31mSocket Auth: JWT verification failed for socket qrpIQ8SHv92DB9FFAAAF. Error: jwt expired[39m
2026-04-14 11:42:22:4222 [31merror[39m: [31mSocket Auth: JWT verification failed for socket 7yrjMH3l7YXFmBrUAAAG. Error: jwt expired[39m
2026-04-14 11:42:22:4222 [31merror[39m: [31mSocket Auth: JWT verification failed for socket 9d_8VyEqrA5KFptbAAAH. Error: jwt expired[39m
2026-04-14 11:42:33:4233 [31merror[39m: [31mSocket Auth: JWT verification failed for socket 1MCX236gGGsaO9bXAAAK. Error: jwt expired[39m
2026-04-14 11:42:33:4233 [31merror[39m: [31mSocket Auth: JWT verification failed for socket pNgyhHtT4Is8FuMhAAAL. Error: jwt expired[39m
2026-04-14 11:49:40:4940 [31merror[39m: [31m[Unhandled Error] Status: 500 - Detail: PrismaClientKnownRequestError: [39m
[31mInvalid `prisma.serviceUsageLog.findMany()` invocation in[39m
[31mC:\Users\azizh\Downloads\soullink-frontend-soullink-1.4\soullink-frontend-soullink-1.4\soullink-backend\src\modules\analytics\analytics.service.ts:585:56[39m

[31m  582 };[39m
[31m  583 [39m
[31m  584 // Get the latest record per service from today[39m
[31m→ 585 const usageLogs = await prisma.serviceUsageLog.findMany([39m
[31mThe table `public.ServiceUsageLog` does not exist in the current database.[39m
[31m    at $n.handleRequestError (C:\Users\azizh\Downloads\soullink-frontend-soullink-1.4\soullink-frontend-soullink-1.4\soullink-backend\node_modules\@prisma\client\runtime\library.js:121:7315)[39m
[31m    at $n.handleAndLogRequestError (C:\Users\azizh\Downloads\soullink-frontend-soullink-1.4\soullink-frontend-soullink-1.4\soullink-backend\node_modules\@prisma\client\runtime\library.js:121:6623)[39m
[31m    at $n.request (C:\Users\azizh\Downloads\soullink-frontend-soullink-1.4\soullink-frontend-soullink-1.4\soullink-backend\node_modules\@prisma\client\runtime\library.js:121:6307)[39m
[31m    at async l (C:\Users\azizh\Downloads\soullink-frontend-soullink-1.4\soullink-frontend-soullink-1.4\soullink-backend\node_modules\@prisma\client\runtime\library.js:130:9633)[39m
[31m    at async AnalyticsService.getCreditUsage (C:\Users\azizh\Downloads\soullink-frontend-soullink-1.4\soullink-frontend-soullink-1.4\soullink-backend\src\modules\analytics\analytics.service.ts:585:27)[39m
[31m    at async getCreditUsage (C:\Users\azizh\Downloads\soullink-frontend-soullink-1.4\soullink-frontend-soullink-1.4\soullink-backend\src\modules\analytics\analytics.controller.ts:75:22)[39m
2026-04-14 11:49:44:4944 [31merror[39m: [31m[Unhandled Error] Status: 500 - Detail: PrismaClientKnownRequestError: [39m
[31mInvalid `prisma.serviceUsageLog.findMany()` invocation in[39m
[31mC:\Users\azizh\Downloads\soullink-frontend-soullink-1.4\soullink-frontend-soullink-1.4\soullink-backend\src\modules\analytics\analytics.service.ts:585:56[39m

[31m  582 };[39m
[31m  583 [39m
[31m  584 // Get the latest record per service from today[39m
[31m→ 585 const usageLogs = await prisma.serviceUsageLog.findMany([39m
[31mThe table `public.ServiceUsageLog` does not exist in the current database.[39m
[31m    at $n.handleRequestError (C:\Users\azizh\Downloads\soullink-frontend-soullink-1.4\soullink-frontend-soullink-1.4\soullink-backend\node_modules\@prisma\client\runtime\library.js:121:7315)[39m
[31m    at $n.handleAndLogRequestError (C:\Users\azizh\Downloads\soullink-frontend-soullink-1.4\soullink-frontend-soullink-1.4\soullink-backend\node_modules\@prisma\client\runtime\library.js:121:6623)[39m
[31m    at $n.request (C:\Users\azizh\Downloads\soullink-frontend-soullink-1.4\soullink-frontend-soullink-1.4\soullink-backend\node_modules\@prisma\client\runtime\library.js:121:6307)[39m
[31m    at async l (C:\Users\azizh\Downloads\soullink-frontend-soullink-1.4\soullink-frontend-soullink-1.4\soullink-backend\node_modules\@prisma\client\runtime\library.js:130:9633)[39m
[31m    at async AnalyticsService.getCreditUsage (C:\Users\azizh\Downloads\soullink-frontend-soullink-1.4\soullink-frontend-soullink-1.4\soullink-backend\src\modules\analytics\analytics.service.ts:585:27)[39m
[31m    at async getCreditUsage (C:\Users\azizh\Downloads\soullink-frontend-soullink-1.4\soullink-frontend-soullink-1.4\soullink-backend\src\modules\analytics\analytics.controller.ts:75:22)[39m
2026-04-14 11:52:33:5233 [31merror[39m: [31m[Unhandled Error] Status: 500 - Detail: PrismaClientKnownRequestError: [39m
[31mInvalid `prisma.serviceUsageLog.findMany()` invocation in[39m
[31mC:\Users\azizh\Downloads\soullink-frontend-soullink-1.4\soullink-frontend-soullink-1.4\soullink-backend\src\modules\analytics\analytics.service.ts:585:56[39m

[31m  582 };[39m
[31m  583 [39m
[31m  584 // Get the latest record per service from today[39m
[31m→ 585 const usageLogs = await prisma.serviceUsageLog.findMany([39m
[31mThe table `public.ServiceUsageLog` does not exist in the current database.[39m
[31m    at $n.handleRequestError (C:\Users\azizh\Downloads\soullink-frontend-soullink-1.4\soullink-frontend-soullink-1.4\soullink-backend\node_modules\@prisma\client\runtime\library.js:121:7315)[39m
[31m    at $n.handleAndLogRequestError (C:\Users\azizh\Downloads\soullink-frontend-soullink-1.4\soullink-frontend-soullink-1.4\soullink-backend\node_modules\@prisma\client\runtime\library.js:121:6623)[39m
[31m    at $n.request (C:\Users\azizh\Downloads\soullink-frontend-soullink-1.4\soullink-frontend-soullink-1.4\soullink-backend\node_modules\@prisma\client\runtime\library.js:121:6307)[39m
[31m    at async l (C:\Users\azizh\Downloads\soullink-frontend-soullink-1.4\soullink-frontend-soullink-1.4\soullink-backend\node_modules\@prisma\client\runtime\library.js:130:9633)[39m
[31m    at async AnalyticsService.getCreditUsage (C:\Users\azizh\Downloads\soullink-frontend-soullink-1.4\soullink-frontend-soullink-1.4\soullink-backend\src\modules\analytics\analytics.service.ts:585:27)[39m
[31m    at async getCreditUsage (C:\Users\azizh\Downloads\soullink-frontend-soullink-1.4\soullink-frontend-soullink-1.4\soullink-backend\src\modules\analytics\analytics.controller.ts:75:22)[39m
2026-04-14 11:52:33:5233 [31merror[39m: [31m[Unhandled Error] Status: 500 - Detail: PrismaClientKnownRequestError: [39m
[31mInvalid `prisma.serviceUsageLog.findMany()` invocation in[39m
[31mC:\Users\azizh\Downloads\soullink-frontend-soullink-1.4\soullink-frontend-soullink-1.4\soullink-backend\src\modules\analytics\analytics.service.ts:585:56[39m

[31m  582 };[39m
[31m  583 [39m
[31m  584 // Get the latest record per service from today[39m
[31m→ 585 const usageLogs = await prisma.serviceUsageLog.findMany([39m
[31mThe table `public.ServiceUsageLog` does not exist in the current database.[39m
[31m    at $n.handleRequestError (C:\Users\azizh\Downloads\soullink-frontend-soullink-1.4\soullink-frontend-soullink-1.4\soullink-backend\node_modules\@prisma\client\runtime\library.js:121:7315)[39m
[31m    at $n.handleAndLogRequestError (C:\Users\azizh\Downloads\soullink-frontend-soullink-1.4\soullink-frontend-soullink-1.4\soullink-backend\node_modules\@prisma\client\runtime\library.js:121:6623)[39m
[31m    at $n.request (C:\Users\azizh\Downloads\soullink-frontend-soullink-1.4\soullink-frontend-soullink-1.4\soullink-backend\node_modules\@prisma\client\runtime\library.js:121:6307)[39m
[31m    at async l (C:\Users\azizh\Downloads\soullink-frontend-soullink-1.4\soullink-frontend-soullink-1.4\soullink-backend\node_modules\@prisma\client\runtime\library.js:130:9633)[39m
[31m    at async AnalyticsService.getCreditUsage (C:\Users\azizh\Downloads\soullink-frontend-soullink-1.4\soullink-frontend-soullink-1.4\soullink-backend\src\modules\analytics\analytics.service.ts:585:27)[39m
[31m    at async getCreditUsage (C:\Users\azizh\Downloads\soullink-frontend-soullink-1.4\soullink-frontend-soullink-1.4\soullink-backend\src\modules\analytics\analytics.controller.ts:75:22)[39m
2026-04-14 11:52:44:5244 [31merror[39m: [31m[Unhandled Error] Status: 500 - Detail: PrismaClientKnownRequestError: [39m
[31mInvalid `prisma.serviceUsageLog.findMany()` invocation in[39m
[31mC:\Users\azizh\Downloads\soullink-frontend-soullink-1.4\soullink-frontend-soullink-1.4\soullink-backend\src\modules\analytics\analytics.service.ts:585:56[39m

[31m  582 };[39m
[31m  583 [39m
[31m  584 // Get the latest record per service from today[39m
[31m→ 585 const usageLogs = await prisma.serviceUsageLog.findMany([39m
[31mThe table `public.ServiceUsageLog` does not exist in the current database.[39m
[31m    at $n.handleRequestError (C:\Users\azizh\Downloads\soullink-frontend-soullink-1.4\soullink-frontend-soullink-1.4\soullink-backend\node_modules\@prisma\client\runtime\library.js:121:7315)[39m
[31m    at $n.handleAndLogRequestError (C:\Users\azizh\Downloads\soullink-frontend-soullink-1.4\soullink-frontend-soullink-1.4\soullink-backend\node_modules\@prisma\client\runtime\library.js:121:6623)[39m
[31m    at $n.request (C:\Users\azizh\Downloads\soullink-frontend-soullink-1.4\soullink-frontend-soullink-1.4\soullink-backend\node_modules\@prisma\client\runtime\library.js:121:6307)[39m
[31m    at async l (C:\Users\azizh\Downloads\soullink-frontend-soullink-1.4\soullink-frontend-soullink-1.4\soullink-backend\node_modules\@prisma\client\runtime\library.js:130:9633)[39m
[31m    at async AnalyticsService.getCreditUsage (C:\Users\azizh\Downloads\soullink-frontend-soullink-1.4\soullink-frontend-soullink-1.4\soullink-backend\src\modules\analytics\analytics.service.ts:585:27)[39m
[31m    at async getCreditUsage (C:\Users\azizh\Downloads\soullink-frontend-soullink-1.4\soullink-frontend-soullink-1.4\soullink-backend\src\modules\analytics\analytics.controller.ts:75:22)[39m
2026-04-14 11:52:44:5244 [31merror[39m: [31m[Unhandled Error] Status: 500 - Detail: PrismaClientKnownRequestError: [39m
[31mInvalid `prisma.serviceUsageLog.findMany()` invocation in[39m
[31mC:\Users\azizh\Downloads\soullink-frontend-soullink-1.4\soullink-frontend-soullink-1.4\soullink-backend\src\modules\analytics\analytics.service.ts:585:56[39m

[31m  582 };[39m
[31m  583 [39m
[31m  584 // Get the latest record per service from today[39m
[31m→ 585 const usageLogs = await prisma.serviceUsageLog.findMany([39m
[31mThe table `public.ServiceUsageLog` does not exist in the current database.[39m
[31m    at $n.handleRequestError (C:\Users\azizh\Downloads\soullink-frontend-soullink-1.4\soullink-frontend-soullink-1.4\soullink-backend\node_modules\@prisma\client\runtime\library.js:121:7315)[39m
[31m    at $n.handleAndLogRequestError (C:\Users\azizh\Downloads\soullink-frontend-soullink-1.4\soullink-frontend-soullink-1.4\soullink-backend\node_modules\@prisma\client\runtime\library.js:121:6623)[39m
[31m    at $n.request (C:\Users\azizh\Downloads\soullink-frontend-soullink-1.4\soullink-frontend-soullink-1.4\soullink-backend\node_modules\@prisma\client\runtime\library.js:121:6307)[39m
[31m    at async l (C:\Users\azizh\Downloads\soullink-frontend-soullink-1.4\soullink-frontend-soullink-1.4\soullink-backend\node_modules\@prisma\client\runtime\library.js:130:9633)[39m
[31m    at async AnalyticsService.getCreditUsage (C:\Users\azizh\Downloads\soullink-frontend-soullink-1.4\soullink-frontend-soullink-1.4\soullink-backend\src\modules\analytics\analytics.service.ts:585:27)[39m
[31m    at async getCreditUsage (C:\Users\azizh\Downloads\soullink-frontend-soullink-1.4\soullink-frontend-soullink-1.4\soullink-backend\src\modules\analytics\analytics.controller.ts:75:22)[39m
2026-04-14 12:00:02:02 [31merror[39m: [31m[LLM] API Error (400):[39m
2026-04-14 12:00:04:04 [31merror[39m: [31m[LLM] API Error (400):[39m
2026-04-14 14:00:01:01 [31merror[39m: [31m[LLM] API Error (400):[39m
2026-04-14 14:00:01:01 [31merror[39m: [31m[LLM] API Error (400):[39m
2026-04-15 15:00:02:02 [31merror[39m: [31m[LLM] API Error (400):[39m
2026-04-15 15:00:04:04 [31merror[39m: [31m[LLM] API Error (400):[39m
2026-04-15 16:00:02:02 [31merror[39m: [31m[LLM] API Error (400):[39m
2026-04-15 16:00:03:03 [31merror[39m: [31m[LLM] API Error (400):[39m
2026-04-15 17:00:07:07 [31merror[39m: [31m[LLM] API Error (400):[39m
2026-04-15 17:00:09:09 [31merror[39m: [31m[LLM] API Error (400):[39m
2026-04-15 18:00:04:04 [31merror[39m: [31m[LLM] API Error (400):[39m
2026-04-15 18:00:07:07 [31merror[39m: [31m[LLM] API Error (400):[39m
2026-04-15 23:00:04:04 [31merror[39m: [31m[LLM] API Error (400):[39m
2026-04-15 23:00:07:07 [31merror[39m: [31m[LLM] API Error (400):[39m
2026-04-15 23:00:07:07 [31merror[39m: [31m[LLM] API Error (400):[39m
2026-04-16 00:00:04:04 [31merror[39m: [31m[LLM] API Error (400):[39m
2026-04-16 00:00:05:05 [31merror[39m: [31m[LLM] API Error (400):[39m
2026-04-16 00:00:06:06 [31merror[39m: [31m[LLM] API Error (400):[39m
2026-04-16 01:00:07:07 [31merror[39m: [31m[LLM] API Error (400):[39m
2026-04-16 01:00:09:09 [31merror[39m: [31m[LLM] API Error (400):[39m
2026-04-16 01:00:10:010 [31merror[39m: [31m[LLM] API Error (400):[39m
2026-04-16 13:00:03:03 [31merror[39m: [31m[LLM] API Error (400):[39m
2026-04-16 13:00:05:05 [31merror[39m: [31m[LLM] API Error (400):[39m
2026-04-16 13:00:05:05 [31merror[39m: [31m[LLM] API Error (400):[39m
2026-04-16 13:31:43:3143 [31merror[39m: [31mFailed to start server: Can't reach database server at `ep-withered-salad-agxzvgfm-pooler.c-2.eu-central-1.aws.neon.tech:5432`[39m

[31mPlease make sure your database server is running at `ep-withered-salad-agxzvgfm-pooler.c-2.eu-central-1.aws.neon.tech:5432`.[39m
2026-04-16 14:00:06:06 [31merror[39m: [31m[LLM] API Error (400):[39m
2026-04-16 14:00:08:08 [31merror[39m: [31m[LLM] API Error (400):[39m
2026-04-16 14:00:09:09 [31merror[39m: [31m[LLM] API Error (400):[39m
2026-04-16 14:52:50:5250 [31merror[39m: [31mSocket Auth: JWT verification failed for socket N6hfQz2p9DG3ABFzAAAM. Error: jwt expired[39m
2026-04-16 14:52:50:5250 [31merror[39m: [31mSocket Auth: JWT verification failed for socket 8qU3p1Poe4jXhiz1AAAN. Error: jwt expired[39m
2026-04-16 14:52:50:5250 [31merror[39m: [31mSocket Auth: JWT verification failed for socket qngySvnu4Sf8r5TkAAAO. Error: jwt expired[39m
2026-04-16 14:52:50:5250 [31merror[39m: [31mSocket Auth: JWT verification failed for socket tmaRg2RFD1g1gJw3AAAP. Error: jwt expired[39m
2026-04-16 15:00:06:06 [31merror[39m: [31mSocket Auth: JWT verification failed for socket AtvBQbxxJa7D_nnxAAAD. Error: jwt expired[39m
2026-04-16 15:00:06:06 [31merror[39m: [31mSocket Auth: JWT verification failed for socket cQ3tEb0Yu6C_W-4vAAAE. Error: jwt expired[39m
2026-04-16 15:00:06:06 [31merror[39m: [31mSocket Auth: JWT verification failed for socket 5AHjQ8SJG4QoNlClAAAF. Error: jwt expired[39m
2026-04-16 15:00:07:07 [31merror[39m: [31mSocket Auth: JWT verification failed for socket fX_XVf7DwsSaQUjLAAAH. Error: jwt expired[39m
2026-04-16 15:37:10:3710 [31merror[39m: [31mSocket Auth: Database error during user lookup. Socket 7oRtV6-1ypdK1ER5AAAM. Error: [39m
[31mInvalid `prisma.user.findUnique()` invocation in[39m
[31mC:\Users\azizh\Downloads\soullink-frontend-soullink-1.4\soullink-frontend-soullink-1.4\soullink-backend\src\server.ts:68:44[39m

[31m  65 }[39m
[31m  66 [39m
[31m  67 try {[39m
[31m→ 68     const user = await prisma.user.findUnique([39m
[31mCan't reach database server at `ep-withered-salad-agxzvgfm-pooler.c-2.eu-central-1.aws.neon.tech:5432`[39m

[31mPlease make sure your database server is running at `ep-withered-salad-agxzvgfm-pooler.c-2.eu-central-1.aws.neon.tech:5432`.[39m
2026-04-16 15:37:10:3710 [31merror[39m: [31mSocket Auth: Database error during user lookup. Socket XZzz1FBdWxZxo2eRAAAN. Error: [39m
[31mInvalid `prisma.user.findUnique()` invocation in[39m
[31mC:\Users\azizh\Downloads\soullink-frontend-soullink-1.4\soullink-frontend-soullink-1.4\soullink-backend\src\server.ts:68:44[39m

[31m  65 }[39m
[31m  66 [39m
[31m  67 try {[39m
[31m→ 68     const user = await prisma.user.findUnique([39m
[31mCan't reach database server at `ep-withered-salad-agxzvgfm-pooler.c-2.eu-central-1.aws.neon.tech:5432`[39m

[31mPlease make sure your database server is running at `ep-withered-salad-agxzvgfm-pooler.c-2.eu-central-1.aws.neon.tech:5432`.[39m
2026-04-16 15:37:10:3710 [31merror[39m: [31mSocket Auth: Database error during user lookup. Socket 1S0FQRT0SB-E587iAAAO. Error: [39m
[31mInvalid `prisma.user.findUnique()` invocation in[39m
[31mC:\Users\azizh\Downloads\soullink-frontend-soullink-1.4\soullink-frontend-soullink-1.4\soullink-backend\src\server.ts:68:44[39m

[31m  65 }[39m
[31m  66 [39m
[31m  67 try {[39m
[31m→ 68     const user = await prisma.user.findUnique([39m
[31mCan't reach database server at `ep-withered-salad-agxzvgfm-pooler.c-2.eu-central-1.aws.neon.tech:5432`[39m

[31mPlease make sure your database server is running at `ep-withered-salad-agxzvgfm-pooler.c-2.eu-central-1.aws.neon.tech:5432`.[39m
2026-04-16 15:37:10:3710 [31merror[39m: [31mSocket Auth: Database error during user lookup. Socket rdWPJ-fuRM2rZDJTAAAP. Error: [39m
[31mInvalid `prisma.user.findUnique()` invocation in[39m
[31mC:\Users\azizh\Downloads\soullink-frontend-soullink-1.4\soullink-frontend-soullink-1.4\soullink-backend\src\server.ts:68:44[39m

[31m  65 }[39m
[31m  66 [39m
[31m  67 try {[39m
[31m→ 68     const user = await prisma.user.findUnique([39m
[31mCan't reach database server at `ep-withered-salad-agxzvgfm-pooler.c-2.eu-central-1.aws.neon.tech:5432`[39m

[31mPlease make sure your database server is running at `ep-withered-salad-agxzvgfm-pooler.c-2.eu-central-1.aws.neon.tech:5432`.[39m
2026-04-16 15:37:12:3712 [31merror[39m: [31mPresence Offline Error for 00747bed-0627-4d2a-a6c7-e702b31eb5a0: [39m
[31mInvalid `prisma.user.update()` invocation in[39m
[31mC:\Users\azizh\Downloads\soullink-frontend-soullink-1.4\soullink-frontend-soullink-1.4\soullink-backend\src\server.ts:131:39[39m

[31m  128 userSockets.delete(user.id);[39m
[31m  129 // Last connection closed: set offline[39m
[31m  130 try {[39m
[31m→ 131     await prisma.user.update([39m
[31mServer has closed the connection.[39m
2026-04-16 16:00:08:08 [31merror[39m: [31m[LLM] API Error (400):[39m
2026-04-16 16:00:08:08 [31merror[39m: [31m[LLM] API Error (400):[39m
2026-04-16 16:00:09:09 [31merror[39m: [31m[LLM] API Error (400):[39m
2026-04-16 18:00:07:07 [31merror[39m: [31m[LLM] API Error (400):[39m
2026-04-16 18:00:09:09 [31merror[39m: [31m[LLM] API Error (400):[39m
2026-04-16 18:00:10:010 [31merror[39m: [31m[LLM] API Error (400):[39m
2026-04-16 23:00:03:03 [31merror[39m: [31m[LLM] API Error (400):[39m
2026-04-16 23:00:04:04 [31merror[39m: [31m[LLM] API Error (400):[39m
2026-04-16 23:00:05:05 [31merror[39m: [31m[LLM] API Error (400):[39m
2026-04-17 00:00:04:04 [31merror[39m: [31m[LLM] API Error (400):[39m
2026-04-17 00:00:06:06 [31merror[39m: [31m[LLM] API Error (400):[39m
2026-04-17 00:00:07:07 [31merror[39m: [31m[LLM] API Error (400):[39m
2026-04-17 01:00:02:02 [31merror[39m: [31m[LLM] API Error (400):[39m
2026-04-17 01:00:03:03 [31merror[39m: [31m[LLM] API Error (400):[39m
2026-04-17 01:00:03:03 [31merror[39m: [31m[LLM] API Error (400):[39m
2026-04-17 02:00:02:02 [31merror[39m: [31m[LLM] API Error (400):[39m
2026-04-17 02:00:03:03 [31merror[39m: [31m[LLM] API Error (400):[39m
2026-04-17 02:00:04:04 [31merror[39m: [31m[LLM] API Error (400):[39m
2026-04-17 03:00:02:02 [31merror[39m: [31m[LLM] API Error (400):[39m
2026-04-17 03:00:03:03 [31merror[39m: [31m[LLM] API Error (400):[39m
2026-04-17 03:00:03:03 [31merror[39m: [31m[LLM] API Error (400):[39m
2026-04-17 13:00:02:02 [31merror[39m: [31m[LLM] API Error (400):[39m
2026-04-17 13:00:02:02 [31merror[39m: [31m[LLM] API Error (400):[39m
2026-04-17 13:00:03:03 [31merror[39m: [31m[LLM] API Error (400):[39m
2026-04-17 14:51:03:513 [31merror[39m: [31mSocket Auth: JWT verification failed for socket gDY3KF0H_E1LaIEmAAAM. Error: jwt expired[39m
2026-04-17 14:51:03:513 [31merror[39m: [31mSocket Auth: JWT verification failed for socket 5UODTexuxVZcoMXnAAAN. Error: jwt expired[39m
2026-04-17 14:51:03:513 [31merror[39m: [31mSocket Auth: JWT verification failed for socket L9plUe8Flely_xllAAAO. Error: jwt expired[39m
2026-04-17 14:51:03:513 [31merror[39m: [31mSocket Auth: JWT verification failed for socket zxIJCFSjVnmhnD7YAAAP. Error: jwt expired[39m
2026-04-17 15:00:02:02 [31merror[39m: [31m[LLM] API Error (400):[39m
2026-04-17 15:00:03:03 [31merror[39m: [31m[LLM] API Error (400):[39m
2026-04-17 15:00:03:03 [31merror[39m: [31m[LLM] API Error (400):[39m
2026-04-18 00:00:02:02 [31merror[39m: [31m[LLM] API Error (400):[39m
2026-04-18 00:00:03:03 [31merror[39m: [31m[LLM] API Error (400):[39m
2026-04-18 00:00:04:04 [31merror[39m: [31m[LLM] API Error (400):[39m
2026-04-18 01:00:06:06 [31merror[39m: [31m[LLM] API Error (400):[39m
2026-04-18 01:00:08:08 [31merror[39m: [31m[LLM] API Error (400):[39m
2026-04-18 01:00:09:09 [31merror[39m: [31m[LLM] API Error (400):[39m
2026-04-20 14:00:07:07 [31merror[39m: [31m[LLM] API Error (400):[39m
2026-04-20 14:00:09:09 [31merror[39m: [31m[LLM] API Error (400):[39m
2026-04-20 14:00:11:011 [31merror[39m: [31m[LLM] API Error (400):[39m
2026-04-20 15:00:02:02 [31merror[39m: [31m[LLM] API Error (400):[39m
2026-04-20 15:00:05:05 [31merror[39m: [31m[LLM] API Error (400):[39m
2026-04-20 15:00:06:06 [31merror[39m: [31m[LLM] API Error (400):[39m
2026-04-21 00:00:09:09 [31merror[39m: [31m[LLM] API Error (400):[39m
2026-04-21 00:00:11:011 [31merror[39m: [31m[LLM] API Error (400):[39m
2026-04-21 00:00:13:013 [31merror[39m: [31m[LLM] API Error (400):[39m
2026-04-21 01:00:07:07 [31merror[39m: [31m[LLM] API Error (400):[39m
2026-04-21 01:00:09:09 [31merror[39m: [31m[LLM] API Error (400):[39m
2026-04-21 01:00:10:010 [31merror[39m: [31m[LLM] API Error (400):[39m
2026-04-21 01:10:44:1044 [31merror[39m: [31mPresence Offline Error for d04f2a5a-8cde-4cf2-89bf-62efa43bcbf6: [39m
[31mInvalid `prisma.user.update()` invocation in[39m
[31mC:\Users\azizh\Downloads\soullink-frontend-soullink-1.4\soullink-frontend-soullink-1.4\soullink-backend\src\server.ts:131:39[39m

[31m  128 userSockets.delete(user.id);[39m
[31m  129 // Last connection closed: set offline[39m
[31m  130 try {[39m
[31m→ 131     await prisma.user.update([39m
[31mTimed out fetching a new connection from the connection pool. More info: http://pris.ly/d/connection-pool (Current connection pool timeout: 30, connection limit: 17)[39m
2026-04-21 01:10:46:1046 [31merror[39m: [31mPresence Online Error for d04f2a5a-8cde-4cf2-89bf-62efa43bcbf6: [39m
[31mInvalid `prisma.user.update()` invocation in[39m
[31mC:\Users\azizh\Downloads\soullink-frontend-soullink-1.4\soullink-frontend-soullink-1.4\soullink-backend\src\server.ts:108:31[39m

[31m  105 userSockets.set(user.id, new Set());[39m
[31m  106 // First connection: set online[39m
[31m  107 try {[39m
[31m→ 108     await prisma.user.update([39m
[31mTimed out fetching a new connection from the connection pool. More info: http://pris.ly/d/connection-pool (Current connection pool timeout: 30, connection limit: 17)[39m
2026-04-21 01:10:46:1046 [31merror[39m: [31mSocket Auth: Database error during user lookup. Socket 13wFt40OlIMtZd65AAAs. Error: [39m
[31mInvalid `prisma.user.findUnique()` invocation in[39m
[31mC:\Users\azizh\Downloads\soullink-frontend-soullink-1.4\soullink-frontend-soullink-1.4\soullink-backend\src\server.ts:68:44[39m

[31m  65 }[39m
[31m  66 [39m
[31m  67 try {[39m
[31m→ 68     const user = await prisma.user.findUnique([39m
[31mTimed out fetching a new connection from the connection pool. More info: http://pris.ly/d/connection-pool (Current connection pool timeout: 30, connection limit: 17)[39m
2026-04-21 01:10:46:1046 [31merror[39m: [31mSocket Auth: Database error during user lookup. Socket UwJCtHrLmRvxzpuUAAAr. Error: [39m
[31mInvalid `prisma.user.findUnique()` invocation in[39m
[31mC:\Users\azizh\Downloads\soullink-frontend-soullink-1.4\soullink-frontend-soullink-1.4\soullink-backend\src\server.ts:68:44[39m

[31m  65 }[39m
[31m  66 [39m
[31m  67 try {[39m
[31m→ 68     const user = await prisma.user.findUnique([39m
[31mTimed out fetching a new connection from the connection pool. More info: http://pris.ly/d/connection-pool (Current connection pool timeout: 30, connection limit: 17)[39m
2026-04-21 01:10:46:1046 [31merror[39m: [31mSocket Auth: Database error during user lookup. Socket kqMS-xr2HMIENxnTAAAu. Error: [39m
[31mInvalid `prisma.user.findUnique()` invocation in[39m
[31mC:\Users\azizh\Downloads\soullink-frontend-soullink-1.4\soullink-frontend-soullink-1.4\soullink-backend\src\server.ts:68:44[39m

[31m  65 }[39m
[31m  66 [39m
[31m  67 try {[39m
[31m→ 68     const user = await prisma.user.findUnique([39m
[31mTimed out fetching a new connection from the connection pool. More info: http://pris.ly/d/connection-pool (Current connection pool timeout: 30, connection limit: 17)[39m
2026-04-21 01:10:46:1046 [31merror[39m: [31mSocket Auth: Database error during user lookup. Socket LaDhhqAnIl7s-aQIAAAv. Error: [39m
[31mInvalid `prisma.user.findUnique()` invocation in[39m
[31mC:\Users\azizh\Downloads\soullink-frontend-soullink-1.4\soullink-frontend-soullink-1.4\soullink-backend\src\server.ts:68:44[39m

[31m  65 }[39m
[31m  66 [39m
[31m  67 try {[39m
[31m→ 68     const user = await prisma.user.findUnique([39m
[31mTimed out fetching a new connection from the connection pool. More info: http://pris.ly/d/connection-pool (Current connection pool timeout: 30, connection limit: 17)[39m
2026-04-21 01:10:46:1046 [31merror[39m: [31mSocket Auth: Database error during user lookup. Socket aGnasEcorDGQgChKAAAt. Error: [39m
[31mInvalid `prisma.user.findUnique()` invocation in[39m
[31mC:\Users\azizh\Downloads\soullink-frontend-soullink-1.4\soullink-frontend-soullink-1.4\soullink-backend\src\server.ts:68:44[39m

[31m  65 }[39m
[31m  66 [39m
[31m  67 try {[39m
[31m→ 68     const user = await prisma.user.findUnique([39m
[31mTimed out fetching a new connection from the connection pool. More info: http://pris.ly/d/connection-pool (Current connection pool timeout: 30, connection limit: 17)[39m
2026-04-21 02:00:06:06 [31merror[39m: [31m[LLM] API Error (400):[39m
2026-04-21 02:00:10:010 [31merror[39m: [31m[LLM] API Error (400):[39m
2026-04-21 02:00:12:012 [31merror[39m: [31m[LLM] API Error (400):[39m
2026-04-21 07:41:44:4144 [31merror[39m: [31mPresence Offline Error for 00747bed-0627-4d2a-a6c7-e702b31eb5a0: [39m
[31mInvalid `prisma.user.update()` invocation in[39m
[31mC:\Users\azizh\Downloads\soullink-frontend-soullink-1.4\soullink-frontend-soullink-1.4\soullink-backend\src\server.ts:131:39[39m

[31m  128 userSockets.delete(user.id);[39m
[31m  129 // Last connection closed: set offline[39m
[31m  130 try {[39m
[31m→ 131     await prisma.user.update([39m
[31mCan't reach database server at `ep-withered-salad-agxzvgfm-pooler.c-2.eu-central-1.aws.neon.tech:5432`[39m

[31mPlease make sure your database server is running at `ep-withered-salad-agxzvgfm-pooler.c-2.eu-central-1.aws.neon.tech:5432`.[39m
2026-04-21 07:41:48:4148 [31merror[39m: [31mSocket Auth: JWT verification failed for socket 4GDEgZlq01txJ32aAAAi. Error: jwt expired[39m
2026-04-21 07:41:48:4148 [31merror[39m: [31mSocket Auth: JWT verification failed for socket LXrxkCZ7gHWXcM3IAAAj. Error: jwt expired[39m
2026-04-21 07:41:48:4148 [31merror[39m: [31mSocket Auth: JWT verification failed for socket wn3SZ-D-NJOrVX0SAAAn. Error: jwt expired[39m
2026-04-21 07:41:48:4148 [31merror[39m: [31mSocket Auth: JWT verification failed for socket L4SZ6z-hQx8bDOCKAAAp. Error: jwt expired[39m
2026-04-21 07:41:48:4148 [31merror[39m: [31mSocket Auth: JWT verification failed for socket N9Aeg5hzvEfbV3APAAAq. Error: jwt expired[39m
2026-04-21 07:41:48:4148 [31merror[39m: [31mSocket Auth: JWT verification failed for socket d9PSuwxF3w75bxPQAAAr. Error: jwt expired[39m
2026-04-21 07:41:48:4148 [31merror[39m: [31mSocket Auth: JWT verification failed for socket k6jvpOIAWF9W8gFcAAAs. Error: jwt expired[39m
2026-04-21 07:41:48:4148 [31merror[39m: [31mSocket Auth: JWT verification failed for socket CShq7Vad6WGNHM3cAAAt. Error: jwt expired[39m
2026-04-21 07:41:49:4149 [31merror[39m: [31mPresence Offline Error for d04f2a5a-8cde-4cf2-89bf-62efa43bcbf6: [39m
[31mInvalid `prisma.user.update()` invocation in[39m
[31mC:\Users\azizh\Downloads\soullink-frontend-soullink-1.4\soullink-frontend-soullink-1.4\soullink-backend\src\server.ts:131:39[39m

[31m  128 userSockets.delete(user.id);[39m
[31m  129 // Last connection closed: set offline[39m
[31m  130 try {[39m
[31m→ 131     await prisma.user.update([39m
[31mServer has closed the connection.[39m
2026-04-21 07:56:29:5629 [31merror[39m: [31mSocket Auth: JWT verification failed for socket 9Du91luhCWN3yWpnAAAy. Error: jwt expired[39m
2026-04-21 07:56:29:5629 [31merror[39m: [31mSocket Auth: JWT verification failed for socket FW6IIMCWziMNDu65AAAz. Error: jwt expired[39m
2026-04-21 07:56:29:5629 [31merror[39m: [31mSocket Auth: JWT verification failed for socket PtNNvarKJ95wcb7KAAA0. Error: jwt expired[39m
2026-04-21 07:56:29:5629 [31merror[39m: [31mSocket Auth: JWT verification failed for socket PASu8PMdFj6O0wfFAAA1. Error: jwt expired[39m
2026-04-21 07:57:23:5723 [31merror[39m: [31mSocket Auth: JWT verification failed for socket RBiTo0H4PUIz8b54AAA8. Error: jwt expired[39m
2026-04-21 07:57:23:5723 [31merror[39m: [31mSocket Auth: JWT verification failed for socket 1C60pIoDp2KCmGh4AAA9. Error: jwt expired[39m
2026-04-21 07:57:23:5723 [31merror[39m: [31mSocket Auth: JWT verification failed for socket Fn4OhZ7oTZlTURWsAAA-. Error: jwt expired[39m
2026-04-21 07:57:23:5723 [31merror[39m: [31mSocket Auth: JWT verification failed for socket 6MzbTW32nBNEd9DBAAA_. Error: jwt expired[39m
2026-04-21 07:57:23:5723 [31merror[39m: [31mSocket Auth: JWT verification failed for socket eWeR_hYAN7Ddoe1lAABA. Error: jwt expired[39m
2026-04-21 07:57:23:5723 [31merror[39m: [31mSocket Auth: JWT verification failed for socket Cvw-HEWOhhuuIUfXAABB. Error: jwt expired[39m
2026-04-21 08:00:04:04 [31merror[39m: [31m[LLM] API Error (400):[39m
2026-04-21 08:00:05:05 [31merror[39m: [31m[LLM] API Error (400):[39m
2026-04-21 08:00:07:07 [31merror[39m: [31m[LLM] API Error (400):[39m
2026-04-21 12:00:47:047 [31merror[39m: [31mFailed to start server: Timed out fetching a new connection from the connection pool. More info: http://pris.ly/d/connection-pool (Current connection pool timeout: 30, connection limit: 17)[39m
2026-04-21 12:16:31:1631 [31merror[39m: [31m[LLM] API Error (400):[39m
2026-04-21 13:56:34:5634 [31merror[39m: [31mPresence Offline Error for 84ef831b-709b-4780-a0a3-d7ba999c801a: [39m
[31mInvalid `prisma.user.update()` invocation in[39m
[31mC:\Users\azizh\Downloads\soullink-frontend-soullink-1.4\soullink-frontend-soullink-1.4\soullink-backend\src\server.ts:131:39[39m

[31m  128 userSockets.delete(user.id);[39m
[31m  129 // Last connection closed: set offline[39m
[31m  130 try {[39m
[31m→ 131     await prisma.user.update([39m
[31mServer has closed the connection.[39m
2026-04-21 13:56:39:5639 [31merror[39m: [31mSocket Auth: JWT verification failed for socket tHKItWTnl6CB6D4eAABK. Error: jwt expired[39m
2026-04-21 13:56:39:5639 [31merror[39m: [31mSocket Auth: JWT verification failed for socket 3Jao_urSAdrpUhcLAABL. Error: jwt expired[39m
2026-04-21 13:56:39:5639 [31merror[39m: [31mSocket Auth: JWT verification failed for socket XfFVTOFMFJhoGJgaAABM. Error: jwt expired[39m
2026-04-21 13:56:39:5639 [31merror[39m: [31mSocket Auth: JWT verification failed for socket 6MICMFD_Cf6KuR75AABN. Error: jwt expired[39m
2026-04-21 13:56:39:5639 [31merror[39m: [31mSocket Auth: JWT verification failed for socket Dji4hzXGCcL9jOhpAABO. Error: jwt expired[39m
2026-04-21 13:56:39:5639 [31merror[39m: [31mSocket Auth: JWT verification failed for socket sq0TREaiP0CpGC6-AABP. Error: jwt expired[39m
2026-04-21 14:00:32:032 [31merror[39m: [31m[LLM] API Error (400):[39m
2026-04-21 14:00:38:038 [31merror[39m: [31m[LLM] API Error (400):[39m
2026-04-21 14:00:48:048 [31merror[39m: [31m[LLM] API Error (400):[39m
2026-04-22 02:01:09:19 [31merror[39m: [31m[LLM] API Error (400):[39m
2026-04-22 02:01:49:149 [31merror[39m: [31m[LLM] API Error (400):[39m
2026-04-22 02:02:18:218 [31merror[39m: [31m[LLM] API Error (400):[39m
2026-04-22 02:52:47:5247 [31merror[39m: [31mFailed to start server: Can't reach database server at `ep-withered-salad-agxzvgfm-pooler.c-2.eu-central-1.aws.neon.tech:5432`[39m

[31mPlease make sure your database server is running at `ep-withered-salad-agxzvgfm-pooler.c-2.eu-central-1.aws.neon.tech:5432`.[39m
2026-04-22 03:00:36:036 [31merror[39m: [31m[LLM] API Error (400) with model "llama-3.1-8b-instant":[39m
2026-04-22 03:00:47:047 [31merror[39m: [31m[AI-CRON] Error in proactive check: [39m
[31mInvalid `prisma.user.findUnique()` invocation in[39m
[31mC:\Users\azizh\Downloads\soullink-frontend-soullink-1.4\soullink-frontend-soullink-1.4\soullink-backend\src\modules\ai-companion\context.service.ts:22:25[39m

[31m  19 [39m
[31m  20 // 2. Fetch Optimized Context (Parallel Queries)[39m
[31m  21 const [user, activeProgress, recentResponses, friendshipsCount] = await Promise.all([[39m
[31m→ 22     prisma.user.findUnique([39m
[31mServer has closed the connection.[39m
2026-04-22 03:00:47:047 [31merror[39m: [31m[UsageTracker] Failed to upsert CLOUDINARY_TRANSFORMS.transforms: [39m
[31mInvalid `prisma.serviceUsageLog.update()` invocation in[39m
[31mC:\Users\azizh\Downloads\soullink-frontend-soullink-1.4\soullink-frontend-soullink-1.4\soullink-backend\src\cron\usageTracker.ts:56:42[39m

[31m  53 });[39m
[31m  54 [39m
[31m  55 if (existing) {[39m
[31m→ 56     await prisma.serviceUsageLog.update([39m
[31mServer has closed the connection.[39m
2026-04-22 03:00:47:047 [31merror[39m: [31m[UsageTracker] Failed to upsert CLOUDINARY_CREDITS.credits: [39m
[31mInvalid `prisma.serviceUsageLog.findFirst()` invocation in[39m
[31mC:\Users\azizh\Downloads\soullink-frontend-soullink-1.4\soullink-frontend-soullink-1.4\soullink-backend\src\cron\usageTracker.ts:47:55[39m

[31m  44 const percentage = limit > 0 ? (value / limit) * 100 : 0;[39m
[31m  45 [39m
[31m  46 try {[39m
[31m→ 47     const existing = await prisma.serviceUsageLog.findFirst([39m
[31mServer has closed the connection.[39m
2026-04-22 12:00:08:08 [31merror[39m: [31m[LLM] API Error (400) with model "llama-3.1-8b-instant":[39m
2026-04-22 12:00:10:010 [31merror[39m: [31m[LLM] API Error (400) with model "llama-3.1-8b-instant":[39m
2026-04-22 12:00:11:011 [31merror[39m: [31m[LLM] API Error (400) with model "llama-3.1-8b-instant":[39m
2026-04-22 13:00:01:01 [31merror[39m: [31m[LLM] API Error (400) with model "llama-3.1-8b-instant":[39m
2026-04-22 13:00:02:02 [31merror[39m: [31m[LLM] API Error (400) with model "llama-3.1-8b-instant":[39m
2026-04-22 13:00:02:02 [31merror[39m: [31m[LLM] API Error (400) with model "llama-3.1-8b-instant":[39m
2026-04-22 17:00:21:021 [31merror[39m: [31m[LLM] API Error (400) with model "llama-3.1-8b-instant":[39m
2026-04-22 17:00:22:022 [31merror[39m: [31m[LLM] API Error (400) with model "llama-3.1-8b-instant":[39m
2026-04-22 17:00:23:023 [31merror[39m: [31m[LLM] API Error (400) with model "llama-3.1-8b-instant":[39m
2026-04-22 18:00:25:025 [31merror[39m: [31m[LLM] API Error (400) with model "llama-3.1-8b-instant":[39m
2026-04-22 18:00:32:032 [31merror[39m: [31m[LLM] API Error (400) with model "llama-3.1-8b-instant":[39m
2026-04-22 18:00:45:045 [31merror[39m: [31m[LLM] API Error (400) with model "llama-3.1-8b-instant":[39m
2026-04-22 19:01:06:16 [31merror[39m: [31m[LLM] API Error (400) with model "llama-3.1-8b-instant":[39m
2026-04-22 19:01:16:116 [31merror[39m: [31m[LLM] API Error (400) with model "llama-3.1-8b-instant":[39m
2026-04-22 19:01:22:122 [31merror[39m: [31m[LLM] API Error (400) with model "llama-3.1-8b-instant":[39m
2026-04-23 01:00:06:06 [31merror[39m: [31m[LLM] API Error (400) with model "llama-3.1-8b-instant":[39m
2026-04-23 01:00:07:07 [31merror[39m: [31m[LLM] API Error (400) with model "llama-3.1-8b-instant":[39m
2026-04-23 01:00:07:07 [31merror[39m: [31m[LLM] API Error (400) with model "llama-3.1-8b-instant":[39m
2026-04-23 01:48:13:4813 [31merror[39m: [31mSocket Auth: JWT verification failed for socket 2pQ_VfXmXRi45H5jAAAU. Error: jwt expired[39m
2026-04-23 01:48:13:4813 [31merror[39m: [31mSocket Auth: JWT verification failed for socket 9ZuAC6Lw649ud4dVAAAV. Error: jwt expired[39m
2026-04-23 01:48:14:4814 [31merror[39m: [31mSocket Auth: JWT verification failed for socket 0o7mWMZ4McYT34zoAAAX. Error: jwt expired[39m
2026-04-23 02:00:19:019 [31merror[39m: [31m[LLM] API Error (400) with model "llama-3.1-8b-instant":[39m
2026-04-23 02:00:20:020 [31merror[39m: [31m[LLM] API Error (400) with model "llama-3.1-8b-instant":[39m
2026-04-23 02:00:22:022 [31merror[39m: [31m[LLM] API Error (400) with model "llama-3.1-8b-instant":[39m
2026-04-23 02:36:00:360 [31merror[39m: [31mSocket Auth: Database error during user lookup. Socket Uxi_iWKj4cgR_2bdAAAd. Error: [39m
[31mInvalid `prisma.user.findUnique()` invocation in[39m
[31mC:\Users\azizh\Downloads\soullink-frontend-soullink-1.4\soullink-frontend-soullink-1.4\soullink-backend\src\server.ts:100:44[39m

[31m   97 }[39m
[31m   98 [39m
[31m   99 try {[39m
[31m→ 100     const user = await prisma.user.findUnique([39m
[31mTimed out fetching a new connection from the connection pool. More info: http://pris.ly/d/connection-pool (Current connection pool timeout: 30, connection limit: 17)[39m
2026-04-23 02:36:00:360 [31merror[39m: [31mSocket Auth: Database error during user lookup. Socket SSTG8M3SmX00xoAzAAAc. Error: [39m
[31mInvalid `prisma.user.findUnique()` invocation in[39m
[31mC:\Users\azizh\Downloads\soullink-frontend-soullink-1.4\soullink-frontend-soullink-1.4\soullink-backend\src\server.ts:100:44[39m

[31m   97 }[39m
[31m   98 [39m
[31m   99 try {[39m
[31m→ 100     const user = await prisma.user.findUnique([39m
[31mTimed out fetching a new connection from the connection pool. More info: http://pris.ly/d/connection-pool (Current connection pool timeout: 30, connection limit: 17)[39m
2026-04-23 02:36:00:360 [31merror[39m: [31mSocket Auth: Database error during user lookup. Socket bI8MGyBo4zMbVAc8AAAe. Error: [39m
[31mInvalid `prisma.user.findUnique()` invocation in[39m
[31mC:\Users\azizh\Downloads\soullink-frontend-soullink-1.4\soullink-frontend-soullink-1.4\soullink-backend\src\server.ts:100:44[39m

[31m   97 }[39m
[31m   98 [39m
[31m   99 try {[39m
[31m→ 100     const user = await prisma.user.findUnique([39m
[31mTimed out fetching a new connection from the connection pool. More info: http://pris.ly/d/connection-pool (Current connection pool timeout: 30, connection limit: 17)[39m
2026-04-23 02:36:00:360 [31merror[39m: [31mSocket Auth: Database error during user lookup. Socket ftvNjH3C-k3d6pJ5AAAf. Error: [39m
[31mInvalid `prisma.user.findUnique()` invocation in[39m
[31mC:\Users\azizh\Downloads\soullink-frontend-soullink-1.4\soullink-frontend-soullink-1.4\soullink-backend\src\server.ts:100:44[39m

[31m   97 }[39m
[31m   98 [39m
[31m   99 try {[39m
[31m→ 100     const user = await prisma.user.findUnique([39m
[31mTimed out fetching a new connection from the connection pool. More info: http://pris.ly/d/connection-pool (Current connection pool timeout: 30, connection limit: 17)[39m
2026-04-23 03:00:11:011 [31merror[39m: [31m[LLM] API Error (400) with model "llama-3.1-8b-instant":[39m
2026-04-23 03:00:12:012 [31merror[39m: [31m[LLM] API Error (400) with model "llama-3.1-8b-instant":[39m
2026-04-23 03:00:13:013 [31merror[39m: [31m[LLM] API Error (400) with model "llama-3.1-8b-instant":[39m
2026-04-23 04:00:05:05 [31merror[39m: [31m[LLM] API Error (400) with model "llama-3.1-8b-instant":[39m
2026-04-23 04:00:06:06 [31merror[39m: [31m[LLM] API Error (400) with model "llama-3.1-8b-instant":[39m
2026-04-23 04:00:32:032 [31merror[39m: [31m[LLM] API Error (400) with model "llama-3.1-8b-instant":[39m
2026-04-23 14:00:05:05 [31merror[39m: [31m[LLM] API Error (400) with model "llama-3.1-8b-instant":[39m
2026-04-23 14:00:06:06 [31merror[39m: [31m[LLM] API Error (400) with model "llama-3.1-8b-instant":[39m
2026-04-23 14:00:10:010 [31merror[39m: [31m[LLM] API Error (400) with model "llama-3.1-8b-instant":[39m
2026-04-23 15:40:15:4015 [31merror[39m: [31mSocket Auth: JWT verification failed for socket zdtHYPAr37vzBkZ9AAAB. Error: jwt expired[39m
2026-04-23 15:40:16:4016 [31merror[39m: [31mSocket Auth: JWT verification failed for socket rew9ua-qb0geP1ktAAAD. Error: jwt expired[39m
2026-04-23 15:40:16:4016 [31merror[39m: [31mSocket Auth: JWT verification failed for socket 6RmVNRgtzC3S8jsZAAAF. Error: jwt expired[39m
2026-04-23 15:40:32:4032 [31merror[39m: [31mSocket Auth: JWT verification failed for socket ullQlHu2U1wOWPh5AAAS. Error: jwt expired[39m
2026-04-23 15:40:32:4032 [31merror[39m: [31mSocket Auth: JWT verification failed for socket vXX_NgAh6UjQJ1WFAAAT. Error: jwt expired[39m
2026-04-23 15:40:32:4032 [31merror[39m: [31mSocket Auth: JWT verification failed for socket mzNCnga0agWywFduAAAU. Error: jwt expired[39m
2026-04-23 15:40:32:4032 [31merror[39m: [31mSocket Auth: JWT verification failed for socket ISFBDIFYiPpM8lpCAAAV. Error: jwt expired[39m
2026-04-23 16:00:02:02 [31merror[39m: [31m[LLM] API Error (400) with model "llama-3.1-8b-instant":[39m
2026-04-23 16:00:03:03 [31merror[39m: [31m[LLM] API Error (400) with model "llama-3.1-8b-instant":[39m
2026-04-23 16:00:06:06 [31merror[39m: [31m[LLM] API Error (400) with model "llama-3.1-8b-instant":[39m
2026-04-23 16:28:03:283 [31merror[39m: [31mSocket Auth: Database error during user lookup. Socket twgu2-lyk6hsbbWwAAAk. Error: [39m
[31mInvalid `prisma.user.findUnique()` invocation in[39m
[31mC:\Users\azizh\Downloads\soullink-frontend-soullink-1.4\soullink-frontend-soullink-1.4\soullink-backend\src\server.ts:104:44[39m

[31m  101 }[39m
[31m  102 [39m
[31m  103 try {[39m
[31m→ 104     const user = await prisma.user.findUnique([39m
[31mCan't reach database server at `ep-withered-salad-agxzvgfm-pooler.c-2.eu-central-1.aws.neon.tech:5432`[39m

[31mPlease make sure your database server is running at `ep-withered-salad-agxzvgfm-pooler.c-2.eu-central-1.aws.neon.tech:5432`.[39m
2026-04-23 16:28:03:283 [31merror[39m: [31mSocket Auth: Database error during user lookup. Socket uheACP7WGIhfjyGMAAAl. Error: [39m
[31mInvalid `prisma.user.findUnique()` invocation in[39m
[31mC:\Users\azizh\Downloads\soullink-frontend-soullink-1.4\soullink-frontend-soullink-1.4\soullink-backend\src\server.ts:104:44[39m

[31m  101 }[39m
[31m  102 [39m
[31m  103 try {[39m
[31m→ 104     const user = await prisma.user.findUnique([39m
[31mCan't reach database server at `ep-withered-salad-agxzvgfm-pooler.c-2.eu-central-1.aws.neon.tech:5432`[39m

[31mPlease make sure your database server is running at `ep-withered-salad-agxzvgfm-pooler.c-2.eu-central-1.aws.neon.tech:5432`.[39m
2026-04-23 16:28:03:283 [31merror[39m: [31mSocket Auth: Database error during user lookup. Socket umqYemakByGaso23AAAm. Error: [39m
[31mInvalid `prisma.user.findUnique()` invocation in[39m
[31mC:\Users\azizh\Downloads\soullink-frontend-soullink-1.4\soullink-frontend-soullink-1.4\soullink-backend\src\server.ts:104:44[39m

[31m  101 }[39m
[31m  102 [39m
[31m  103 try {[39m
[31m→ 104     const user = await prisma.user.findUnique([39m
[31mCan't reach database server at `ep-withered-salad-agxzvgfm-pooler.c-2.eu-central-1.aws.neon.tech:5432`[39m

[31mPlease make sure your database server is running at `ep-withered-salad-agxzvgfm-pooler.c-2.eu-central-1.aws.neon.tech:5432`.[39m
2026-04-23 16:28:03:283 [31merror[39m: [31mSocket Auth: Database error during user lookup. Socket 2MqjBd7xThDEs59ZAAAn. Error: [39m
[31mInvalid `prisma.user.findUnique()` invocation in[39m
[31mC:\Users\azizh\Downloads\soullink-frontend-soullink-1.4\soullink-frontend-soullink-1.4\soullink-backend\src\server.ts:104:44[39m

[31m  101 }[39m
[31m  102 [39m
[31m  103 try {[39m
[31m→ 104     const user = await prisma.user.findUnique([39m
[31mCan't reach database server at `ep-withered-salad-agxzvgfm-pooler.c-2.eu-central-1.aws.neon.tech:5432`[39m

[31mPlease make sure your database server is running at `ep-withered-salad-agxzvgfm-pooler.c-2.eu-central-1.aws.neon.tech:5432`.[39m
2026-04-23 16:28:03:283 [31merror[39m: [31mSocket Auth: Database error during user lookup. Socket CN3n4Hpu1tQShe-4AAAo. Error: [39m
[31mInvalid `prisma.user.findUnique()` invocation in[39m
[31mC:\Users\azizh\Downloads\soullink-frontend-soullink-1.4\soullink-frontend-soullink-1.4\soullink-backend\src\server.ts:104:44[39m

[31m  101 }[39m
[31m  102 [39m
[31m  103 try {[39m
[31m→ 104     const user = await prisma.user.findUnique([39m
[31mCan't reach database server at `ep-withered-salad-agxzvgfm-pooler.c-2.eu-central-1.aws.neon.tech:5432`[39m

[31mPlease make sure your database server is running at `ep-withered-salad-agxzvgfm-pooler.c-2.eu-central-1.aws.neon.tech:5432`.[39m
2026-04-23 16:28:03:283 [31merror[39m: [31mSocket Auth: Database error during user lookup. Socket wU43oweKBtI0DkLkAAAp. Error: [39m
[31mInvalid `prisma.user.findUnique()` invocation in[39m
[31mC:\Users\azizh\Downloads\soullink-frontend-soullink-1.4\soullink-frontend-soullink-1.4\soullink-backend\src\server.ts:104:44[39m

[31m  101 }[39m
[31m  102 [39m
[31m  103 try {[39m
[31m→ 104     const user = await prisma.user.findUnique([39m
[31mCan't reach database server at `ep-withered-salad-agxzvgfm-pooler.c-2.eu-central-1.aws.neon.tech:5432`[39m

[31mPlease make sure your database server is running at `ep-withered-salad-agxzvgfm-pooler.c-2.eu-central-1.aws.neon.tech:5432`.[39m
2026-04-23 16:28:03:283 [31merror[39m: [31mSocket Auth: Database error during user lookup. Socket DajbLXcOWHV5UqaiAAAq. Error: [39m
[31mInvalid `prisma.user.findUnique()` invocation in[39m
[31mC:\Users\azizh\Downloads\soullink-frontend-soullink-1.4\soullink-frontend-soullink-1.4\soullink-backend\src\server.ts:104:44[39m

[31m  101 }[39m
[31m  102 [39m
[31m  103 try {[39m
[31m→ 104     const user = await prisma.user.findUnique([39m
[31mCan't reach database server at `ep-withered-salad-agxzvgfm-pooler.c-2.eu-central-1.aws.neon.tech:5432`[39m

[31mPlease make sure your database server is running at `ep-withered-salad-agxzvgfm-pooler.c-2.eu-central-1.aws.neon.tech:5432`.[39m
2026-04-23 16:28:03:283 [31merror[39m: [31mSocket Auth: Database error during user lookup. Socket 56WsPlv6DYN5OptCAAAr. Error: [39m
[31mInvalid `prisma.user.findUnique()` invocation in[39m
[31mC:\Users\azizh\Downloads\soullink-frontend-soullink-1.4\soullink-frontend-soullink-1.4\soullink-backend\src\server.ts:104:44[39m

[31m  101 }[39m
[31m  102 [39m
[31m  103 try {[39m
[31m→ 104     const user = await prisma.user.findUnique([39m
[31mCan't reach database server at `ep-withered-salad-agxzvgfm-pooler.c-2.eu-central-1.aws.neon.tech:5432`[39m

[31mPlease make sure your database server is running at `ep-withered-salad-agxzvgfm-pooler.c-2.eu-central-1.aws.neon.tech:5432`.[39m
2026-04-23 19:00:40:040 [31merror[39m: [31m[LLM] API Error (400) with model "llama-3.1-8b-instant":[39m
2026-04-23 19:00:58:058 [31merror[39m: [31m[LLM] API Error (400) with model "llama-3.1-8b-instant":[39m
2026-04-23 19:01:18:118 [31merror[39m: [31m[LLM] API Error (400) with model "llama-3.1-8b-instant":[39m
2026-04-23 20:00:02:02 [31merror[39m: [31m[LLM] API Error (400) with model "llama-3.1-8b-instant":[39m
2026-04-23 20:00:03:03 [31merror[39m: [31m[LLM] API Error (400) with model "llama-3.1-8b-instant":[39m
2026-04-23 20:00:03:03 [31merror[39m: [31m[LLM] API Error (400) with model "llama-3.1-8b-instant":[39m
2026-04-23 23:00:33:033 [31merror[39m: [31m[LLM] API Error (400) with model "llama-3.1-8b-instant":[39m
2026-04-23 23:00:34:034 [31merror[39m: [31m[LLM] API Error (400) with model "llama-3.1-8b-instant":[39m
2026-04-23 23:00:35:035 [31merror[39m: [31m[LLM] API Error (400) with model "llama-3.1-8b-instant":[39m
2026-04-23 23:05:56:556 [31merror[39m: [31mSocket Auth: Database error during user lookup. Socket C8zuKHwICOKaJEzZAAAW. Error: [39m
[31mInvalid `prisma.user.findUnique()` invocation in[39m
[31mC:\Users\azizh\Downloads\soullink-frontend-soullink-1.4\soullink-frontend-soullink-1.4\soullink-backend\src\server.ts:104:44[39m

[31m  101 }[39m
[31m  102 [39m
[31m  103 try {[39m
[31m→ 104     const user = await prisma.user.findUnique([39m
[31mTimed out fetching a new connection from the connection pool. More info: http://pris.ly/d/connection-pool (Current connection pool timeout: 30, connection limit: 17)[39m
2026-04-23 23:05:56:556 [31merror[39m: [31mSocket Auth: Database error during user lookup. Socket 9ClkkuKsk5WkT1Y8AAAV. Error: [39m
[31mInvalid `prisma.user.findUnique()` invocation in[39m
[31mC:\Users\azizh\Downloads\soullink-frontend-soullink-1.4\soullink-frontend-soullink-1.4\soullink-backend\src\server.ts:104:44[39m

[31m  101 }[39m
[31m  102 [39m
[31m  103 try {[39m
[31m→ 104     const user = await prisma.user.findUnique([39m
[31mTimed out fetching a new connection from the connection pool. More info: http://pris.ly/d/connection-pool (Current connection pool timeout: 30, connection limit: 17)[39m
2026-04-23 23:05:56:556 [31merror[39m: [31mSocket Auth: Database error during user lookup. Socket 7NtgqLrWWXjD99AzAAAX. Error: [39m
[31mInvalid `prisma.user.findUnique()` invocation in[39m
[31mC:\Users\azizh\Downloads\soullink-frontend-soullink-1.4\soullink-frontend-soullink-1.4\soullink-backend\src\server.ts:104:44[39m

[31m  101 }[39m
[31m  102 [39m
[31m  103 try {[39m
[31m→ 104     const user = await prisma.user.findUnique([39m
[31mTimed out fetching a new connection from the connection pool. More info: http://pris.ly/d/connection-pool (Current connection pool timeout: 30, connection limit: 17)[39m
2026-04-24 00:00:01:01 [31merror[39m: [31m[LLM] API Error (400) with model "llama-3.1-8b-instant":[39m
2026-04-24 00:00:02:02 [31merror[39m: [31m[LLM] API Error (400) with model "llama-3.1-8b-instant":[39m
2026-04-24 00:00:02:02 [31merror[39m: [31m[LLM] API Error (400) with model "llama-3.1-8b-instant":[39m
2026-04-24 00:49:50:4950 [31merror[39m: [31mSocket Auth: JWT verification failed for socket mvMlKdQ9-u4TM1ERAACB. Error: jwt expired[39m
2026-04-24 00:49:50:4950 [31merror[39m: [31mSocket Auth: JWT verification failed for socket hR29M7M2oKck2rIVAACD. Error: jwt expired[39m
2026-04-24 00:49:50:4950 [31merror[39m: [31mSocket Auth: JWT verification failed for socket LrZnGxCGpLciihQOAACE. Error: jwt expired[39m
2026-04-24 00:49:50:4950 [31merror[39m: [31mSocket Auth: JWT verification failed for socket j6FghJLOHwtBf6KcAACF. Error: jwt expired[39m
2026-04-24 00:49:50:4950 [31merror[39m: [31mSocket Auth: JWT verification failed for socket WmdRPbLHvT3Zf5BNAACI. Error: jwt expired[39m
2026-04-24 00:49:50:4950 [31merror[39m: [31mSocket Auth: JWT verification failed for socket 6I9YoUBSoZ9gTP8IAACJ. Error: jwt expired[39m
2026-04-24 00:49:50:4950 [31merror[39m: [31mSocket Auth: JWT verification failed for socket 12fuGMuF3u1EVvf3AACK. Error: jwt expired[39m
2026-04-24 00:49:50:4950 [31merror[39m: [31mSocket Auth: JWT verification failed for socket CYN1FfqBZqvGq6_kAACL. Error: jwt expired[39m
2026-04-24 01:00:06:06 [31merror[39m: [31m[LLM] API Error (400) with model "llama-3.1-8b-instant":[39m
2026-04-24 01:00:06:06 [31merror[39m: [31m[LLM] API Error (400) with model "llama-3.1-8b-instant":[39m
2026-04-24 01:00:07:07 [31merror[39m: [31m[LLM] API Error (400) with model "llama-3.1-8b-instant":[39m
2026-04-24 03:00:03:03 [31merror[39m: [31m[LLM] API Error (400) with model "llama-3.1-8b-instant":[39m
2026-04-24 03:00:04:04 [31merror[39m: [31m[LLM] API Error (400) with model "llama-3.1-8b-instant":[39m
2026-04-24 03:00:06:06 [31merror[39m: [31m[LLM] API Error (400) with model "llama-3.1-8b-instant":[39m
2026-04-24 12:14:03:143 [31merror[39m: [31mPresence Offline Error for d317e763-7fc0-4404-a730-ab0685d7f5a6: [39m
[31mInvalid `prisma.user.update()` invocation in[39m
[31mC:\Users\azizh\Downloads\soullink-frontend-soullink-1.4\soullink-frontend-soullink-1.4\soullink-backend\src\server.ts:167:39[39m

[31m  164 userSockets.delete(user.id);[39m
[31m  165 // Last connection closed: set offline[39m
[31m  166 try {[39m
[31m→ 167     await prisma.user.update([39m
[31mServer has closed the connection.[39m
2026-04-24 12:14:04:144 [31merror[39m: [31mPresence Offline Error for 00747bed-0627-4d2a-a6c7-e702b31eb5a0: [39m
[31mInvalid `prisma.user.update()` invocation in[39m
[31mC:\Users\azizh\Downloads\soullink-frontend-soullink-1.4\soullink-frontend-soullink-1.4\soullink-backend\src\server.ts:167:39[39m

[31m  164 userSockets.delete(user.id);[39m
[31m  165 // Last connection closed: set offline[39m
[31m  166 try {[39m
[31m→ 167     await prisma.user.update([39m
[31mServer has closed the connection.[39m
2026-04-24 12:14:05:145 [31merror[39m: [31mSocket Auth: JWT verification failed for socket mqxoayfsOnMndswkAABu. Error: jwt expired[39m
2026-04-24 12:14:05:145 [31merror[39m: [31mSocket Auth: JWT verification failed for socket _4Jz10uJU4BUwidWAABv. Error: jwt expired[39m
2026-04-24 12:14:05:145 [31merror[39m: [31mSocket Auth: JWT verification failed for socket S0U7lMZbfEbstt7CAABw. Error: jwt expired[39m
2026-04-24 12:14:05:145 [31merror[39m: [31mSocket Auth: JWT verification failed for socket GtOkuEoF8k9gWgBeAABx. Error: jwt expired[39m
2026-04-24 12:14:16:1416 [31merror[39m: [31mSocket Auth: JWT verification failed for socket tsIdaAF1UDufTurQAAB1. Error: jwt expired[39m
2026-04-24 12:14:16:1416 [31merror[39m: [31mSocket Auth: JWT verification failed for socket WfGim2rFiSSKwZL3AAB2. Error: jwt expired[39m
2026-04-24 12:14:16:1416 [31merror[39m: [31mSocket Auth: JWT verification failed for socket 9mQVYBwysftycZWGAAB3. Error: jwt expired[39m
2026-04-24 12:15:57:1557 [31merror[39m: [31mSocket Auth: JWT verification failed for socket VPRImqZ7kaxewXiwAAB7. Error: jwt expired[39m
2026-04-24 12:15:57:1557 [31merror[39m: [31mSocket Auth: JWT verification failed for socket zL1F8gS7bE-Ldh5vAAB8. Error: jwt expired[39m
2026-04-24 12:15:57:1557 [31merror[39m: [31mSocket Auth: JWT verification failed for socket RIFPElhoOkdaKTwZAAB9. Error: jwt expired[39m
2026-04-24 14:00:02:02 [31merror[39m: [31m[LLM] API Error (400) with model "llama-3.1-8b-instant":[39m
2026-04-24 14:00:03:03 [31merror[39m: [31m[LLM] API Error (400) with model "llama-3.1-8b-instant":[39m
2026-04-24 14:00:04:04 [31merror[39m: [31m[LLM] API Error (400) with model "llama-3.1-8b-instant":[39m
2026-04-24 14:00:04:04 [31merror[39m: [31m[LLM] API Error (400) with model "llama-3.1-8b-instant":[39m
2026-04-24 14:04:53:453 [31merror[39m: [31mSocket Auth: JWT verification failed for socket kqJ53Z3byzIVUai-AABK. Error: jwt expired[39m
2026-04-24 14:04:53:453 [31merror[39m: [31mSocket Auth: JWT verification failed for socket K3X1UPSUZMnpZ492AABL. Error: jwt expired[39m
2026-04-24 14:04:53:453 [31merror[39m: [31mSocket Auth: JWT verification failed for socket xR5lcVroqKFGtn8IAABM. Error: jwt expired[39m
2026-04-24 14:04:53:453 [31merror[39m: [31mSocket Auth: JWT verification failed for socket lOCToobnqZ-z64wHAABN. Error: jwt expired[39m
2026-04-24 14:04:53:453 [31merror[39m: [31mSocket Auth: JWT verification failed for socket IEtsZlUvK5XaeC76AABO. Error: jwt expired[39m
2026-04-24 14:04:53:453 [31merror[39m: [31mSocket Auth: JWT verification failed for socket 6_AuVoYOMqQiQdP4AABP. Error: jwt expired[39m
2026-04-24 14:04:53:453 [31merror[39m: [31mSocket Auth: JWT verification failed for socket Ckye6pqhwCfaFE5LAABQ. Error: jwt expired[39m
2026-04-24 14:04:53:453 [31merror[39m: [31mSocket Auth: JWT verification failed for socket aCAofXRrjYOdEUrOAABR. Error: jwt expired[39m
2026-04-24 15:00:03:03 [31merror[39m: [31m[LLM] API Error (400) with model "llama-3.1-8b-instant":[39m
2026-04-24 15:00:04:04 [31merror[39m: [31m[LLM] API Error (400) with model "llama-3.1-8b-instant":[39m
2026-04-24 15:00:05:05 [31merror[39m: [31m[LLM] API Error (400) with model "llama-3.1-8b-instant":[39m
2026-04-24 15:00:05:05 [31merror[39m: [31m[LLM] API Error (400) with model "llama-3.1-8b-instant":[39m
2026-04-24 16:15:15:1515 [31merror[39m: [31mPresence Offline Error for d04f2a5a-8cde-4cf2-89bf-62efa43bcbf6: [39m
[31mInvalid `prisma.user.update()` invocation in[39m
[31mC:\Users\azizh\Downloads\soullink-frontend-soullink-1.4\soullink-frontend-soullink-1.4\soullink-backend\src\server.ts:167:39[39m

[31m  164 userSockets.delete(user.id);[39m
[31m  165 // Last connection closed: set offline[39m
[31m  166 try {[39m
[31m→ 167     await prisma.user.update([39m
[31mTimed out fetching a new connection from the connection pool. More info: http://pris.ly/d/connection-pool (Current connection pool timeout: 30, connection limit: 17)[39m
2026-04-24 16:15:18:1518 [31merror[39m: [31mSocket Auth: JWT verification failed for socket MGMgiSauvfkU8_IWAADl. Error: jwt expired[39m
2026-04-24 16:15:18:1518 [31merror[39m: [31mSocket Auth: JWT verification failed for socket zh55IINkQ-yPeNS6AADm. Error: jwt expired[39m
2026-04-24 16:15:18:1518 [31merror[39m: [31mSocket Auth: JWT verification failed for socket HLzFcKxGmH214kttAADn. Error: jwt expired[39m
2026-04-24 18:00:07:07 [31merror[39m: [31m[LLM] API Error (400) with model "llama-3.1-8b-instant":[39m
2026-04-24 18:00:10:010 [31merror[39m: [31m[LLM] API Error (400) with model "llama-3.1-8b-instant":[39m
2026-04-24 18:00:12:012 [31merror[39m: [31m[LLM] API Error (400) with model "llama-3.1-8b-instant":[39m
2026-04-24 18:00:15:015 [31merror[39m: [31m[LLM] API Error (400) with model "llama-3.1-8b-instant":[39m
2026-04-24 18:01:30:130 [31merror[39m: [31mSocket Auth: JWT verification failed for socket NhBiU3ds1i2o8unvAADr. Error: jwt expired[39m
2026-04-24 18:01:30:130 [31merror[39m: [31mSocket Auth: JWT verification failed for socket Xc7ONRM1ryNKniotAADs. Error: jwt expired[39m
2026-04-24 18:01:30:130 [31merror[39m: [31mSocket Auth: JWT verification failed for socket EQ8XTg2Ax7ZiQH8KAADt. Error: jwt expired[39m
2026-04-25 01:00:04:04 [31merror[39m: [31m[LLM] API Error (400) with model "llama-3.1-8b-instant":[39m
2026-04-25 01:00:04:04 [31merror[39m: [31m[LLM] API Error (400) with model "llama-3.1-8b-instant":[39m
2026-04-25 01:00:05:05 [31merror[39m: [31m[LLM] API Error (400) with model "llama-3.1-8b-instant":[39m
2026-04-25 01:00:05:05 [31merror[39m: [31m[LLM] API Error (400) with model "llama-3.1-8b-instant":[39m
2026-04-25 02:00:02:02 [31merror[39m: [31m[LLM] API Error (400) with model "llama-3.1-8b-instant":[39m
2026-04-25 02:00:02:02 [31merror[39m: [31m[LLM] API Error (400) with model "llama-3.1-8b-instant":[39m
2026-04-25 02:00:03:03 [31merror[39m: [31m[LLM] API Error (400) with model "llama-3.1-8b-instant":[39m
2026-04-25 02:00:03:03 [31merror[39m: [31m[LLM] API Error (400) with model "llama-3.1-8b-instant":[39m
2026-04-25 02:13:31:1331 [31merror[39m: [31mSocket Auth: JWT verification failed for socket idfxRaVXuj610dE3AACd. Error: jwt expired[39m
2026-04-25 02:13:31:1331 [31merror[39m: [31mSocket Auth: JWT verification failed for socket HFtkethwJgXTM4ntAACe. Error: jwt expired[39m
2026-04-25 02:13:31:1331 [31merror[39m: [31mSocket Auth: JWT verification failed for socket TGUtiIOSfPzOJC_dAACf. Error: jwt expired[39m
2026-04-25 03:00:02:02 [31merror[39m: [31m[LLM] API Error (400) with model "llama-3.1-8b-instant":[39m
2026-04-25 03:00:02:02 [31merror[39m: [31m[LLM] API Error (400) with model "llama-3.1-8b-instant":[39m
2026-04-25 03:00:03:03 [31merror[39m: [31m[LLM] API Error (400) with model "llama-3.1-8b-instant":[39m
2026-04-25 03:00:03:03 [31merror[39m: [31m[LLM] API Error (400) with model "llama-3.1-8b-instant":[39m
2026-04-25 11:23:25:2325 [31merror[39m: [31mSocket Auth: JWT verification failed for socket M0_PYwsB2OJbVTtGAADZ. Error: jwt expired[39m
2026-04-25 11:23:25:2325 [31merror[39m: [31mSocket Auth: JWT verification failed for socket iWflZxazRoRwZTO7AADa. Error: jwt expired[39m
2026-04-25 11:23:25:2325 [31merror[39m: [31mSocket Auth: JWT verification failed for socket qO0NT-rRozlJYEFNAADb. Error: jwt expired[39m
2026-04-25 12:00:04:04 [31merror[39m: [31m[LLM] API Error (400) with model "llama-3.1-8b-instant":[39m
2026-04-25 12:00:04:04 [31merror[39m: [31m[LLM] API Error (400) with model "llama-3.1-8b-instant":[39m
2026-04-25 12:00:05:05 [31merror[39m: [31m[LLM] API Error (400) with model "llama-3.1-8b-instant":[39m
2026-04-25 12:00:06:06 [31merror[39m: [31m[LLM] API Error (400) with model "llama-3.1-8b-instant":[39m
2026-04-25 13:00:06:06 [31merror[39m: [31m[LLM] API Error (400) with model "llama-3.1-8b-instant":[39m
2026-04-25 13:00:07:07 [31merror[39m: [31m[LLM] API Error (400) with model "llama-3.1-8b-instant":[39m
2026-04-25 13:00:08:08 [31merror[39m: [31m[LLM] API Error (400) with model "llama-3.1-8b-instant":[39m
2026-04-25 13:00:09:09 [31merror[39m: [31m[LLM] API Error (400) with model "llama-3.1-8b-instant":[39m
2026-04-25 16:00:03:03 [31merror[39m: [31m[LLM] API Error (400) with model "llama-3.1-8b-instant":[39m
2026-04-25 16:00:03:03 [31merror[39m: [31m[LLM] API Error (400) with model "llama-3.1-8b-instant":[39m
2026-04-25 16:00:04:04 [31merror[39m: [31m[LLM] API Error (400) with model "llama-3.1-8b-instant":[39m
2026-04-25 16:00:05:05 [31merror[39m: [31m[LLM] API Error (400) with model "llama-3.1-8b-instant":[39m
2026-04-26 01:00:25:025 [31merror[39m: [31m[LLM] API Error (400) with model "llama-3.1-8b-instant":[39m
2026-04-26 01:00:39:039 [31merror[39m: [31m[LLM] API Error (400) with model "llama-3.1-8b-instant":[39m
2026-04-26 01:00:54:054 [31merror[39m: [31m[LLM] API Error (400) with model "llama-3.1-8b-instant":[39m
2026-04-26 01:01:05:15 [31merror[39m: [31m[LLM] API Error (400) with model "llama-3.1-8b-instant":[39m
2026-04-26 02:00:05:05 [31merror[39m: [31m[LLM] API Error (400) with model "llama-3.1-8b-instant":[39m
2026-04-26 02:00:06:06 [31merror[39m: [31m[LLM] API Error (400) with model "llama-3.1-8b-instant":[39m
2026-04-26 02:00:08:08 [31merror[39m: [31m[LLM] API Error (400) with model "llama-3.1-8b-instant":[39m
2026-04-26 02:00:09:09 [31merror[39m: [31m[LLM] API Error (400) with model "llama-3.1-8b-instant":[39m
2026-04-26 11:24:53:2453 [31merror[39m: [31mPresence Offline Error for 00747bed-0627-4d2a-a6c7-e702b31eb5a0: [39m
[31mInvalid `prisma.user.update()` invocation in[39m
[31mC:\Users\azizh\Downloads\soullink-frontend-soullink-1.4\soullink-frontend-soullink-1.4\soullink-backend\src\server.ts:167:39[39m

[31m  164 userSockets.delete(user.id);[39m
[31m  165 // Last connection closed: set offline[39m
[31m  166 try {[39m
[31m→ 167     await prisma.user.update([39m
[31mServer has closed the connection.[39m
2026-04-26 12:00:26:026 [31merror[39m: [31m[LLM] API Error (400) with model "llama-3.1-8b-instant":[39m
2026-04-26 12:00:33:033 [31merror[39m: [31m[LLM] API Error (400) with model "llama-3.1-8b-instant":[39m
2026-04-26 12:00:43:043 [31merror[39m: [31m[LLM] API Error (400) with model "llama-3.1-8b-instant":[39m
2026-04-26 12:00:59:059 [31merror[39m: [31m[LLM] API Error (400) with model "llama-3.1-8b-instant":[39m
2026-04-26 12:03:22:322 [31merror[39m: [31mSocket Auth: JWT verification failed for socket YuA-bu5elQZSq4R8AABX. Error: jwt expired[39m
2026-04-26 12:03:22:322 [31merror[39m: [31mSocket Auth: JWT verification failed for socket N6goMnZgxgijRFCnAABY. Error: jwt expired[39m
2026-04-26 12:03:22:322 [31merror[39m: [31mSocket Auth: JWT verification failed for socket 3spJOmMmKgRzGkvWAABZ. Error: jwt expired[39m
2026-04-26 13:00:04:04 [31merror[39m: [31m[LLM] API Error (400) with model "llama-3.1-8b-instant":[39m
2026-04-26 13:00:06:06 [31merror[39m: [31m[LLM] API Error (400) with model "llama-3.1-8b-instant":[39m
2026-04-26 13:00:12:012 [31merror[39m: [31m[LLM] API Error (400) with model "llama-3.1-8b-instant":[39m
2026-04-26 13:00:16:016 [31merror[39m: [31m[LLM] API Error (400) with model "llama-3.1-8b-instant":[39m
2026-04-26 14:00:06:06 [31merror[39m: [31m[LLM] API Error (400) with model "llama-3.1-8b-instant":[39m
2026-04-26 14:00:07:07 [31merror[39m: [31m[LLM] API Error (400) with model "llama-3.1-8b-instant":[39m
2026-04-26 14:00:07:07 [31merror[39m: [31m[LLM] API Error (400) with model "llama-3.1-8b-instant":[39m
2026-04-26 14:00:08:08 [31merror[39m: [31m[LLM] API Error (400) with model "llama-3.1-8b-instant":[39m
2026-04-26 17:00:05:05 [31merror[39m: [31m[LLM] API Error (400) with model "llama-3.1-8b-instant":[39m
2026-04-26 17:00:05:05 [31merror[39m: [31m[LLM] API Error (400) with model "llama-3.1-8b-instant":[39m
2026-04-26 17:00:07:07 [31merror[39m: [31m[LLM] API Error (400) with model "llama-3.1-8b-instant":[39m
2026-04-26 17:00:08:08 [31merror[39m: [31m[LLM] API Error (400) with model "llama-3.1-8b-instant":[39m
2026-04-26 18:00:59:059 [31merror[39m: [31m[LLM] API Error (400) with model "llama-3.1-8b-instant":[39m
2026-04-26 18:01:24:124 [31merror[39m: [31m[LLM] API Error (400) with model "llama-3.1-8b-instant":[39m
2026-04-26 18:01:55:155 [31merror[39m: [31m[LLM] API Error (400) with model "llama-3.1-8b-instant":[39m
2026-04-26 18:02:18:218 [31merror[39m: [31m[LLM] API Error (400) with model "llama-3.1-8b-instant":[39m
2026-04-27 00:00:17:017 [31merror[39m: [31m[LLM] API Error (400) with model "llama-3.1-8b-instant":[39m
2026-04-27 00:00:19:019 [31merror[39m: [31m[LLM] API Error (400) with model "llama-3.1-8b-instant":[39m
2026-04-27 00:00:22:022 [31merror[39m: [31m[LLM] API Error (400) with model "llama-3.1-8b-instant":[39m
2026-04-27 00:00:23:023 [31merror[39m: [31m[LLM] API Error (400) with model "llama-3.1-8b-instant":[39m
2026-04-27 01:00:14:014 [31merror[39m: [31m[LLM] API Error (400) with model "llama-3.1-8b-instant":[39m
2026-04-27 01:00:18:018 [31merror[39m: [31m[LLM] API Error (400) with model "llama-3.1-8b-instant":[39m
2026-04-27 01:00:20:020 [31merror[39m: [31m[LLM] API Error (400) with model "llama-3.1-8b-instant":[39m
2026-04-27 01:00:26:026 [31merror[39m: [31m[LLM] API Error (400) with model "llama-3.1-8b-instant":[39m
2026-04-27 02:00:04:04 [31merror[39m: [31m[LLM] API Error (400) with model "llama-3.1-8b-instant":[39m
2026-04-27 02:00:06:06 [31merror[39m: [31m[LLM] API Error (400) with model "llama-3.1-8b-instant":[39m
2026-04-27 02:00:06:06 [31merror[39m: [31m[LLM] API Error (400) with model "llama-3.1-8b-instant":[39m
2026-04-27 02:00:07:07 [31merror[39m: [31m[LLM] API Error (400) with model "llama-3.1-8b-instant":[39m
2026-04-27 03:00:12:012 [31merror[39m: [31m[LLM] API Error (400) with model "llama-3.1-8b-instant":[39m
2026-04-27 03:00:14:014 [31merror[39m: [31m[LLM] API Error (400) with model "llama-3.1-8b-instant":[39m
2026-04-27 03:00:15:015 [31merror[39m: [31m[LLM] API Error (400) with model "llama-3.1-8b-instant":[39m
2026-04-27 03:00:17:017 [31merror[39m: [31m[LLM] API Error (400) with model "llama-3.1-8b-instant":[39m
2026-04-27 03:00:19:019 [31merror[39m: [31m[LLM] API Error (400) with model "llama-3.1-8b-instant":[39m
2026-04-27 03:15:11:1511 [31merror[39m: [31m[UsageTracker] Pinecone poll failed: Request failed to reach Pinecone. This can occur for reasons such as network problems that prevent the request from being completed, or a Pinecone API outage. Check your network connection, and visit https://status.pinecone.io/ to see whether any outages are ongoing.[39m
2026-04-27 03:15:11:1511 [31merror[39m: [31m[UsageTracker] Cloudinary poll failed: fetch failed[39m
2026-04-27 03:30:10:3010 [31merror[39m: [31m[UsageTracker] Pinecone poll failed: Request failed to reach Pinecone. This can occur for reasons such as network problems that prevent the request from being completed, or a Pinecone API outage. Check your network connection, and visit https://status.pinecone.io/ to see whether any outages are ongoing.[39m
2026-04-27 03:30:10:3010 [31merror[39m: [31m[UsageTracker] Cloudinary poll failed: fetch failed[39m
2026-04-27 15:00:02:02 [31merror[39m: [31m[LLM] API Error (400) with model "llama-3.1-8b-instant":[39m
2026-04-27 15:00:02:02 [31merror[39m: [31m[LLM] API Error (400) with model "llama-3.1-8b-instant":[39m
2026-04-27 15:00:03:03 [31merror[39m: [31m[LLM] API Error (400) with model "llama-3.1-8b-instant":[39m
2026-04-27 15:00:04:04 [31merror[39m: [31m[LLM] API Error (400) with model "llama-3.1-8b-instant":[39m
2026-04-27 15:00:05:05 [31merror[39m: [31m[LLM] API Error (400) with model "llama-3.1-8b-instant":[39m
2026-04-27 16:00:02:02 [31merror[39m: [31m[LLM] API Error (400) with model "llama-3.1-8b-instant":[39m
2026-04-27 16:00:03:03 [31merror[39m: [31m[LLM] API Error (400) with model "llama-3.1-8b-instant":[39m
2026-04-27 16:00:03:03 [31merror[39m: [31m[LLM] API Error (400) with model "llama-3.1-8b-instant":[39m
2026-04-27 16:00:04:04 [31merror[39m: [31m[LLM] API Error (400) with model "llama-3.1-8b-instant":[39m
2026-04-27 16:00:05:05 [31merror[39m: [31m[LLM] API Error (400) with model "llama-3.1-8b-instant":[39m
2026-04-28 00:44:12:4412 [31merror[39m: [31m[LLM] API Error (429) with model "llama-3.1-8b-instant":[39m
2026-04-28 00:45:56:4556 [31merror[39m: [31m[LLM] API Error (429) with model "llama-3.1-8b-instant":[39m
2026-04-28 00:47:07:477 [31merror[39m: [31m[LLM] API Error (429) with model "llama-3.1-8b-instant":[39m
2026-04-28 00:47:08:478 [31merror[39m: [31m[LLM] API Error (429) with model "llama-3.1-8b-instant":[39m
2026-04-28 00:47:10:4710 [31merror[39m: [31m[LLM] API Error (429) with model "llama-3.1-8b-instant":[39m
2026-04-28 01:00:49:049 [31merror[39m: [31m[LLM] API Error (400) with model "llama-3.1-8b-instant":[39m
2026-04-28 01:01:06:16 [31merror[39m: [31m[LLM] API Error (400) with model "llama-3.1-8b-instant":[39m
2026-04-28 01:01:08:18 [31merror[39m: [31m[LLM] API Error (400) with model "llama-3.1-8b-instant":[39m
2026-04-28 01:01:27:127 [31merror[39m: [31m[LLM] API Error (400) with model "llama-3.1-8b-instant":[39m
2026-04-28 01:01:43:143 [31merror[39m: [31m[LLM] API Error (400) with model "llama-3.1-8b-instant":[39m
2026-04-28 02:00:03:03 [31merror[39m: [31m[LLM] API Error (400) with model "llama-3.1-8b-instant":[39m
2026-04-28 02:00:04:04 [31merror[39m: [31m[LLM] API Error (400) with model "llama-3.1-8b-instant":[39m
2026-04-28 02:00:06:06 [31merror[39m: [31m[LLM] API Error (400) with model "llama-3.1-8b-instant":[39m
2026-04-28 02:00:09:09 [31merror[39m: [31m[LLM] API Error (400) with model "llama-3.1-8b-instant":[39m
2026-04-28 02:00:14:014 [31merror[39m: [31m[LLM] API Error (400) with model "llama-3.1-8b-instant":[39m
2026-04-28 11:00:06:06 [31merror[39m: [31m[LLM] API Error (400) with model "llama-3.1-8b-instant":[39m
2026-04-28 11:00:07:07 [31merror[39m: [31m[LLM] API Error (400) with model "llama-3.1-8b-instant":[39m
2026-04-28 11:00:08:08 [31merror[39m: [31m[LLM] API Error (400) with model "llama-3.1-8b-instant":[39m
2026-04-28 11:00:10:010 [31merror[39m: [31m[LLM] API Error (400) with model "llama-3.1-8b-instant":[39m
2026-04-28 11:00:11:011 [31merror[39m: [31m[LLM] API Error (400) with model "llama-3.1-8b-instant":[39m
2026-04-28 12:00:03:03 [31merror[39m: [31m[LLM] API Error (400) with model "llama-3.1-8b-instant":[39m
2026-04-28 12:00:03:03 [31merror[39m: [31m[LLM] API Error (400) with model "llama-3.1-8b-instant":[39m
2026-04-28 12:00:03:03 [31merror[39m: [31m[LLM] API Error (400) with model "llama-3.1-8b-instant":[39m
2026-04-28 12:00:04:04 [31merror[39m: [31m[LLM] API Error (400) with model "llama-3.1-8b-instant":[39m
2026-04-28 12:00:04:04 [31merror[39m: [31m[LLM] API Error (400) with model "llama-3.1-8b-instant":[39m
2026-04-28 12:00:04:04 [31merror[39m: [31m[LLM] API Error (400) with model "llama-3.1-8b-instant":[39m
2026-04-28 12:00:04:04 [31merror[39m: [31m[LLM] API Error (400) with model "llama-3.1-8b-instant":[39m
2026-04-28 12:00:04:04 [31merror[39m: [31m[LLM] API Error (400) with model "llama-3.1-8b-instant":[39m
2026-04-28 12:00:06:06 [31merror[39m: [31m[LLM] API Error (400) with model "llama-3.1-8b-instant":[39m
2026-04-28 12:00:06:06 [31merror[39m: [31m[LLM] API Error (400) with model "llama-3.1-8b-instant":[39m
2026-04-28 12:00:07:07 [31merror[39m: [31m[LLM] API Error (400) with model "llama-3.1-8b-instant":[39m
2026-04-28 12:00:08:08 [31merror[39m: [31m[LLM] API Error (400) with model "llama-3.1-8b-instant":[39m
2026-04-28 12:00:09:09 [31merror[39m: [31m[LLM] API Error (400) with model "llama-3.1-8b-instant":[39m
2026-04-28 12:00:09:09 [31merror[39m: [31m[LLM] API Error (400) with model "llama-3.1-8b-instant":[39m
2026-04-28 12:00:10:010 [31merror[39m: [31m[LLM] API Error (400) with model "llama-3.1-8b-instant":[39m
2026-04-28 12:00:11:011 [31merror[39m: [31m[LLM] API Error (400) with model "llama-3.1-8b-instant":[39m
2026-04-28 13:00:03:03 [31merror[39m: [31m[LLM] API Error (400) with model "llama-3.1-8b-instant":[39m
2026-04-28 13:00:04:04 [31merror[39m: [31m[LLM] API Error (400) with model "llama-3.1-8b-instant":[39m
2026-04-28 13:00:04:04 [31merror[39m: [31m[LLM] API Error (400) with model "llama-3.1-8b-instant":[39m
2026-04-28 13:00:05:05 [31merror[39m: [31m[LLM] API Error (400) with model "llama-3.1-8b-instant":[39m
2026-04-28 13:00:06:06 [31merror[39m: [31m[LLM] API Error (400) with model "llama-3.1-8b-instant":[39m
2026-04-28 13:00:06:06 [31merror[39m: [31m[LLM] API Error (400) with model "llama-3.1-8b-instant":[39m
2026-04-28 13:08:46:846 [31merror[39m: [31mSocket Auth: JWT verification failed for socket 4hZ9lvjwtLaxL9rXAAAB. Error: jwt expired[39m
2026-04-28 13:08:49:849 [31merror[39m: [31mSocket Auth: JWT verification failed for socket MHfpnTivvwp8I6O9AAAD. Error: jwt expired[39m
2026-04-28 13:12:06:126 [31merror[39m: [31mSocket Auth: JWT verification failed for socket BsvgMRWxEKCap6N6AAAB. Error: jwt expired[39m
2026-04-28 13:16:35:1635 [31merror[39m: [31mSocket Auth: JWT verification failed for socket wNvDSQQA9mcA_D8LAAAD. Error: jwt expired[39m
2026-04-28 14:00:04:04 [31merror[39m: [31m[LLM] API Error (400) with model "llama-3.1-8b-instant":[39m
2026-04-28 14:00:05:05 [31merror[39m: [31m[LLM] API Error (400) with model "llama-3.1-8b-instant":[39m
2026-04-28 14:00:06:06 [31merror[39m: [31m[LLM] API Error (400) with model "llama-3.1-8b-instant":[39m
2026-04-28 14:00:07:07 [31merror[39m: [31m[LLM] API Error (400) with model "llama-3.1-8b-instant":[39m
2026-04-28 14:00:08:08 [31merror[39m: [31m[LLM] API Error (400) with model "llama-3.1-8b-instant":[39m
2026-04-28 14:00:09:09 [31merror[39m: [31m[LLM] API Error (400) with model "llama-3.1-8b-instant":[39m
2026-04-28 14:40:10:4010 [31merror[39m: [31m[TTS] ElevenLabs error (401):[39m
2026-04-28 15:00:04:04 [31merror[39m: [31m[LLM] API Error (400) with model "llama-3.1-8b-instant":[39m
2026-04-28 15:00:05:05 [31merror[39m: [31m[LLM] API Error (400) with model "llama-3.1-8b-instant":[39m
2026-04-28 15:00:06:06 [31merror[39m: [31m[LLM] API Error (400) with model "llama-3.1-8b-instant":[39m
2026-04-28 15:00:07:07 [31merror[39m: [31m[LLM] API Error (400) with model "llama-3.1-8b-instant":[39m
2026-04-28 15:00:07:07 [31merror[39m: [31m[LLM] API Error (400) with model "llama-3.1-8b-instant":[39m
2026-04-28 15:00:08:08 [31merror[39m: [31m[LLM] API Error (400) with model "llama-3.1-8b-instant":[39m
2026-04-28 16:00:03:03 [31merror[39m: [31m[LLM] API Error (400) with model "llama-3.1-8b-instant":[39m
2026-04-28 16:00:03:03 [31merror[39m: [31m[LLM] API Error (400) with model "llama-3.1-8b-instant":[39m
2026-04-28 16:00:04:04 [31merror[39m: [31m[LLM] API Error (400) with model "llama-3.1-8b-instant":[39m
2026-04-28 16:00:05:05 [31merror[39m: [31m[LLM] API Error (400) with model "llama-3.1-8b-instant":[39m
2026-04-28 16:00:06:06 [31merror[39m: [31m[LLM] API Error (400) with model "llama-3.1-8b-instant":[39m
2026-04-28 16:00:07:07 [31merror[39m: [31m[LLM] API Error (400) with model "llama-3.1-8b-instant":[39m
2026-04-28 18:00:06:06 [31merror[39m: [31m[LLM] API Error (400) with model "llama-3.1-8b-instant":[39m
2026-04-28 18:00:07:07 [31merror[39m: [31m[LLM] API Error (400) with model "llama-3.1-8b-instant":[39m
2026-04-28 18:00:09:09 [31merror[39m: [31m[LLM] API Error (400) with model "llama-3.1-8b-instant":[39m
2026-04-28 18:00:12:012 [31merror[39m: [31m[LLM] API Error (400) with model "llama-3.1-8b-instant":[39m
2026-04-28 18:00:12:012 [31merror[39m: [31m[LLM] API Error (400) with model "llama-3.1-8b-instant":[39m
2026-04-28 18:00:13:013 [31merror[39m: [31m[LLM] API Error (400) with model "llama-3.1-8b-instant":[39m
2026-04-28 18:00:15:015 [31merror[39m: [31m[LLM] API Error (400) with model "llama-3.1-8b-instant":[39m
2026-04-28 18:00:16:016 [31merror[39m: [31m[LLM] API Error (400) with model "llama-3.1-8b-instant":[39m
2026-04-28 18:00:17:017 [31merror[39m: [31m[LLM] API Error (400) with model "llama-3.1-8b-instant":[39m
2026-04-28 18:00:21:021 [31merror[39m: [31m[LLM] API Error (400) with model "llama-3.1-8b-instant":[39m
2026-04-28 18:00:22:022 [31merror[39m: [31m[LLM] API Error (400) with model "llama-3.1-8b-instant":[39m
2026-04-28 18:00:25:025 [31merror[39m: [31m[LLM] API Error (400) with model "llama-3.1-8b-instant":[39m
2026-04-28 18:00:26:026 [31merror[39m: [31m[LLM] API Error (400) with model "llama-3.1-8b-instant":[39m
2026-04-28 18:00:30:030 [31merror[39m: [31m[LLM] API Error (400) with model "llama-3.1-8b-instant":[39m
2026-04-28 18:00:32:032 [31merror[39m: [31m[LLM] API Error (400) with model "llama-3.1-8b-instant":[39m
2026-04-28 18:00:37:037 [31merror[39m: [31m[LLM] API Error (400) with model "llama-3.1-8b-instant":[39m
2026-04-29 00:00:40:040 [31merror[39m: [31m[LLM] API Error (400) with model "llama-3.1-8b-instant":[39m
2026-04-29 00:00:42:042 [31merror[39m: [31m[LLM] API Error (400) with model "llama-3.1-8b-instant":[39m
2026-04-29 00:00:53:053 [31merror[39m: [31m[LLM] API Error (400) with model "llama-3.1-8b-instant":[39m
2026-04-29 00:01:03:13 [31merror[39m: [31m[LLM] API Error (400) with model "llama-3.1-8b-instant":[39m
2026-04-29 00:01:10:110 [31merror[39m: [31m[LLM] API Error (400) with model "llama-3.1-8b-instant":[39m
2026-04-29 00:01:20:120 [31merror[39m: [31m[LLM] API Error (400) with model "llama-3.1-8b-instant":[39m
2026-04-29 00:01:21:121 [31merror[39m: [31m[LLM] API Error (400) with model "llama-3.1-8b-instant":[39m
2026-04-29 00:01:22:122 [31merror[39m: [31m[LLM] API Error (400) with model "llama-3.1-8b-instant":[39m
2026-04-29 00:01:37:137 [31merror[39m: [31m[LLM] API Error (400) with model "llama-3.1-8b-instant":[39m
2026-04-29 00:01:41:141 [31merror[39m: [31m[LLM] API Error (400) with model "llama-3.1-8b-instant":[39m
2026-04-29 00:01:49:149 [31merror[39m: [31m[LLM] API Error (400) with model "llama-3.1-8b-instant":[39m
2026-04-29 00:02:08:28 [31merror[39m: [31m[LLM] API Error (400) with model "llama-3.1-8b-instant":[39m
2026-04-29 00:02:24:224 [31merror[39m: [31m[LLM] API Error (400) with model "llama-3.1-8b-instant":[39m
2026-04-29 00:02:30:230 [31merror[39m: [31m[LLM] API Error (400) with model "llama-3.1-8b-instant":[39m
2026-04-29 00:02:49:249 [31merror[39m: [31m[LLM] API Error (400) with model "llama-3.1-8b-instant":[39m
2026-04-29 00:03:06:36 [31merror[39m: [31m[LLM] API Error (400) with model "llama-3.1-8b-instant":[39m
2026-04-29 00:03:24:324 [31merror[39m: [31m[LLM] API Error (400) with model "llama-3.1-8b-instant":[39m
2026-04-29 01:00:03:03 [31merror[39m: [31m[LLM] API Error (400) with model "llama-3.1-8b-instant":[39m
2026-04-29 01:00:05:05 [31merror[39m: [31m[LLM] API Error (400) with model "llama-3.1-8b-instant":[39m
2026-04-29 01:00:05:05 [31merror[39m: [31m[LLM] API Error (400) with model "llama-3.1-8b-instant":[39m
2026-04-29 01:00:06:06 [31merror[39m: [31m[LLM] API Error (400) with model "llama-3.1-8b-instant":[39m
2026-04-29 01:00:07:07 [31merror[39m: [31m[LLM] API Error (400) with model "llama-3.1-8b-instant":[39m
2026-04-29 01:00:07:07 [31merror[39m: [31m[LLM] API Error (400) with model "llama-3.1-8b-instant":[39m
2026-04-29 02:00:01:01 [31merror[39m: [31m[LLM] API Error (400) with model "llama-3.1-8b-instant":[39m
2026-04-29 02:00:02:02 [31merror[39m: [31m[LLM] API Error (400) with model "llama-3.1-8b-instant":[39m
2026-04-29 02:00:03:03 [31merror[39m: [31m[LLM] API Error (400) with model "llama-3.1-8b-instant":[39m
2026-04-29 02:00:04:04 [31merror[39m: [31m[LLM] API Error (400) with model "llama-3.1-8b-instant":[39m
2026-04-29 02:00:05:05 [31merror[39m: [31m[LLM] API Error (400) with model "llama-3.1-8b-instant":[39m
2026-04-29 02:00:06:06 [31merror[39m: [31m[LLM] API Error (400) with model "llama-3.1-8b-instant":[39m
2026-04-29 14:00:17:017 [31merror[39m: [31m[LLM] API Error (400) with model "llama-3.1-8b-instant":[39m
2026-04-29 14:00:19:019 [31merror[39m: [31m[LLM] API Error (400) with model "llama-3.1-8b-instant":[39m
2026-04-29 14:00:21:021 [31merror[39m: [31m[LLM] API Error (400) with model "llama-3.1-8b-instant":[39m
2026-04-29 14:00:23:023 [31merror[39m: [31m[LLM] API Error (400) with model "llama-3.1-8b-instant":[39m
2026-04-29 14:00:26:026 [31merror[39m: [31m[LLM] API Error (400) with model "llama-3.1-8b-instant":[39m
2026-04-29 14:00:29:029 [31merror[39m: [31m[LLM] API Error (400) with model "llama-3.1-8b-instant":[39m
2026-04-29 23:00:45:045 [31merror[39m: [31m[LLM] API Error (400) with model "llama-3.1-8b-instant":[39m
2026-04-29 23:01:04:14 [31merror[39m: [31m[LLM] API Error (400) with model "llama-3.1-8b-instant":[39m
2026-04-29 23:01:26:126 [31merror[39m: [31m[LLM] API Error (400) with model "llama-3.1-8b-instant":[39m
2026-04-29 23:01:36:136 [31merror[39m: [31m[LLM] API Error (400) with model "llama-3.1-8b-instant":[39m
2026-04-29 23:01:57:157 [31merror[39m: [31m[LLM] API Error (400) with model "llama-3.1-8b-instant":[39m
2026-04-29 23:02:11:211 [31merror[39m: [31m[LLM] API Error (400) with model "llama-3.1-8b-instant":[39m
2026-04-30 00:00:06:06 [31merror[39m: [31m[LLM] API Error (400) with model "llama-3.1-8b-instant":[39m
2026-04-30 00:00:08:08 [31merror[39m: [31m[LLM] API Error (400) with model "llama-3.1-8b-instant":[39m
2026-04-30 00:00:08:08 [31merror[39m: [31m[LLM] API Error (400) with model "llama-3.1-8b-instant":[39m
2026-04-30 00:00:10:010 [31merror[39m: [31m[LLM] API Error (400) with model "llama-3.1-8b-instant":[39m
2026-04-30 00:00:12:012 [31merror[39m: [31m[LLM] API Error (400) with model "llama-3.1-8b-instant":[39m
2026-04-30 00:00:12:012 [31merror[39m: [31m[LLM] API Error (400) with model "llama-3.1-8b-instant":[39m
2026-04-30 00:00:12:012 [31merror[39m: [31m[LLM] API Error (400) with model "llama-3.1-8b-instant":[39m
2026-04-30 00:00:12:012 [31merror[39m: [31m[LLM] API Error (400) with model "llama-3.1-8b-instant":[39m
2026-04-30 00:00:13:013 [31merror[39m: [31m[LLM] API Error (400) with model "llama-3.1-8b-instant":[39m
2026-04-30 00:00:14:014 [31merror[39m: [31m[LLM] API Error (400) with model "llama-3.1-8b-instant":[39m
2026-04-30 00:00:15:015 [31merror[39m: [31m[LLM] API Error (400) with model "llama-3.1-8b-instant":[39m
2026-04-30 00:00:17:017 [31merror[39m: [31m[LLM] API Error (400) with model "llama-3.1-8b-instant":[39m
2026-04-30 00:00:21:021 [31merror[39m: [31m[LLM] API Error (400) with model "llama-3.1-8b-instant":[39m
2026-04-30 00:00:22:022 [31merror[39m: [31m[LLM] API Error (400) with model "llama-3.1-8b-instant":[39m
2026-04-30 00:00:24:024 [31merror[39m: [31m[LLM] API Error (400) with model "llama-3.1-8b-instant":[39m
2026-04-30 00:00:25:025 [31merror[39m: [31m[LLM] API Error (400) with model "llama-3.1-8b-instant":[39m
2026-04-30 00:00:27:027 [31merror[39m: [31m[LLM] API Error (400) with model "llama-3.1-8b-instant":[39m
2026-04-30 01:00:04:04 [31merror[39m: [31m[LLM] API Error (400) with model "llama-3.1-8b-instant":[39m
2026-04-30 01:00:06:06 [31merror[39m: [31m[LLM] API Error (400) with model "llama-3.1-8b-instant":[39m
2026-04-30 01:00:09:09 [31merror[39m: [31m[LLM] API Error (400) with model "llama-3.1-8b-instant":[39m
2026-04-30 01:00:11:011 [31merror[39m: [31m[LLM] API Error (400) with model "llama-3.1-8b-instant":[39m
2026-04-30 01:00:13:013 [31merror[39m: [31m[LLM] API Error (400) with model "llama-3.1-8b-instant":[39m
2026-04-30 01:00:14:014 [31merror[39m: [31m[LLM] API Error (400) with model "llama-3.1-8b-instant":[39m
2026-04-30 02:00:06:06 [31merror[39m: [31m[LLM] API Error (400) with model "llama-3.1-8b-instant":[39m
2026-04-30 02:00:08:08 [31merror[39m: [31m[LLM] API Error (400) with model "llama-3.1-8b-instant":[39m
2026-04-30 02:00:09:09 [31merror[39m: [31m[LLM] API Error (400) with model "llama-3.1-8b-instant":[39m
2026-04-30 02:00:11:011 [31merror[39m: [31m[LLM] API Error (400) with model "llama-3.1-8b-instant":[39m
2026-04-30 02:00:14:014 [31merror[39m: [31m[LLM] API Error (400) with model "llama-3.1-8b-instant":[39m
2026-04-30 02:00:15:015 [31merror[39m: [31m[LLM] API Error (400) with model "llama-3.1-8b-instant":[39m
2026-04-30 12:00:05:05 [31merror[39m: [31m[LLM] API Error (400) with model "llama-3.1-8b-instant":[39m
2026-04-30 12:00:05:05 [31merror[39m: [31m[LLM] API Error (400) with model "llama-3.1-8b-instant":[39m
2026-04-30 12:00:07:07 [31merror[39m: [31m[LLM] API Error (400) with model "llama-3.1-8b-instant":[39m
2026-04-30 12:00:08:08 [31merror[39m: [31m[LLM] API Error (400) with model "llama-3.1-8b-instant":[39m
2026-04-30 12:00:09:09 [31merror[39m: [31m[LLM] API Error (400) with model "llama-3.1-8b-instant":[39m
2026-04-30 12:00:11:011 [31merror[39m: [31m[LLM] API Error (400) with model "llama-3.1-8b-instant":[39m
2026-04-30 12:00:11:011 [31merror[39m: [31m[LLM] API Error (400) with model "llama-3.1-8b-instant":[39m
2026-04-30 12:00:11:011 [31merror[39m: [31m[LLM] API Error (400) with model "llama-3.1-8b-instant":[39m
2026-04-30 12:00:13:013 [31merror[39m: [31m[LLM] API Error (400) with model "llama-3.1-8b-instant":[39m
2026-04-30 12:00:13:013 [31merror[39m: [31m[LLM] API Error (400) with model "llama-3.1-8b-instant":[39m
2026-04-30 12:00:14:014 [31merror[39m: [31m[LLM] API Error (400) with model "llama-3.1-8b-instant":[39m
2026-04-30 12:00:16:016 [31merror[39m: [31m[LLM] API Error (400) with model "llama-3.1-8b-instant":[39m
2026-04-30 12:00:19:019 [31merror[39m: [31m[LLM] API Error (400) with model "llama-3.1-8b-instant":[39m
2026-04-30 12:00:20:020 [31merror[39m: [31m[LLM] API Error (400) with model "llama-3.1-8b-instant":[39m
2026-04-30 12:00:22:022 [31merror[39m: [31m[LLM] API Error (400) with model "llama-3.1-8b-instant":[39m
2026-04-30 12:00:22:022 [31merror[39m: [31m[LLM] API Error (400) with model "llama-3.1-8b-instant":[39m
2026-04-30 12:00:24:024 [31merror[39m: [31m[LLM] API Error (400) with model "llama-3.1-8b-instant":[39m
2026-04-30 18:00:00:00 [31merror[39m: [31m[UsageTracker] ElevenLabs poll failed: fetch failed[39m
2026-04-30 18:00:00:00 [31merror[39m: [31m[UsageTracker] Cloudinary poll failed: fetch failed[39m
2026-04-30 18:00:00:00 [31merror[39m: [31m[UsageTracker] Pinecone poll failed: Request failed to reach Pinecone. This can occur for reasons such as network problems that prevent the request from being completed, or a Pinecone API outage. Check your network connection, and visit https://status.pinecone.io/ to see whether any outages are ongoing.[39m
2026-04-30 18:00:00:00 [31merror[39m: [31m[AI-CRON] Absence check error: [39m
[31mInvalid `prisma.aIConversation.findMany()` invocation in[39m
[31mC:\Users\azizh\Downloads\soullink-frontend-soullink-1.4\soullink-frontend-soullink-1.4\soullink-backend\src\modules\ai-companion\ai.cron.ts:37:68[39m

[31m  34 logger.info('[AI-CRON] Running absence check...');[39m
[31m  35 try {[39m
[31m  36     const threeDaysAgo = new Date(Date.now() - 3 * 24 * 60 * 60 * 1000);[39m
[31m→ 37     const staleConversations = await prisma.aIConversation.findMany([39m
[31mCan't reach database server at `ep-withered-salad-agxzvgfm-pooler.c-2.eu-central-1.aws.neon.tech:5432`[39m

[31mPlease make sure your database server is running at `ep-withered-salad-agxzvgfm-pooler.c-2.eu-central-1.aws.neon.tech:5432`.[39m
2026-04-30 18:00:00:00 [31merror[39m: [31m[AI-CRON] Random proactive error: [39m
[31mInvalid `prisma.user.findMany()` invocation in[39m
[31mC:\Users\azizh\Downloads\soullink-frontend-soullink-1.4\soullink-frontend-soullink-1.4\soullink-backend\src\modules\ai-companion\ai.cron.ts:89:50[39m

[31m  86 logger.info('[AI-CRON] Running random proactive...');[39m
[31m  87 try {[39m
[31m  88     const threeHoursAgo = new Date(Date.now() - 3 * 60 * 60 * 1000);[39m
[31m→ 89     const candidates = await prisma.user.findMany([39m
[31mCan't reach database server at `ep-withered-salad-agxzvgfm-pooler.c-2.eu-central-1.aws.neon.tech:5432`[39m

[31mPlease make sure your database server is running at `ep-withered-salad-agxzvgfm-pooler.c-2.eu-central-1.aws.neon.tech:5432`.[39m
2026-04-30 18:15:00:150 [31merror[39m: [31m[UsageTracker] ElevenLabs poll failed: fetch failed[39m
2026-04-30 18:15:00:150 [31merror[39m: [31m[UsageTracker] Cloudinary poll failed: fetch failed[39m
2026-04-30 18:15:00:150 [31merror[39m: [31m[UsageTracker] Pinecone poll failed: Request failed to reach Pinecone. This can occur for reasons such as network problems that prevent the request from being completed, or a Pinecone API outage. Check your network connection, and visit https://status.pinecone.io/ to see whether any outages are ongoing.[39m
2026-04-30 18:30:00:300 [31merror[39m: [31m[UsageTracker] ElevenLabs poll failed: fetch failed[39m
2026-04-30 18:30:00:300 [31merror[39m: [31m[UsageTracker] Cloudinary poll failed: fetch failed[39m
2026-04-30 18:30:00:300 [31merror[39m: [31m[UsageTracker] Pinecone poll failed: Request failed to reach Pinecone. This can occur for reasons such as network problems that prevent the request from being completed, or a Pinecone API outage. Check your network connection, and visit https://status.pinecone.io/ to see whether any outages are ongoing.[39m
2026-04-30 18:45:00:450 [31merror[39m: [31m[UsageTracker] ElevenLabs poll failed: fetch failed[39m
2026-04-30 18:45:00:450 [31merror[39m: [31m[UsageTracker] Cloudinary poll failed: fetch failed[39m
2026-04-30 18:45:00:450 [31merror[39m: [31m[UsageTracker] Pinecone poll failed: Request failed to reach Pinecone. This can occur for reasons such as network problems that prevent the request from being completed, or a Pinecone API outage. Check your network connection, and visit https://status.pinecone.io/ to see whether any outages are ongoing.[39m
2026-04-30 19:00:00:00 [31merror[39m: [31m[UsageTracker] ElevenLabs poll failed: fetch failed[39m
2026-04-30 19:00:00:00 [31merror[39m: [31m[UsageTracker] Cloudinary poll failed: fetch failed[39m
2026-04-30 19:00:00:00 [31merror[39m: [31m[UsageTracker] Pinecone poll failed: Request failed to reach Pinecone. This can occur for reasons such as network problems that prevent the request from being completed, or a Pinecone API outage. Check your network connection, and visit https://status.pinecone.io/ to see whether any outages are ongoing.[39m
2026-04-30 19:00:00:00 [31merror[39m: [31m[AI-CRON] Absence check error: [39m
[31mInvalid `prisma.aIConversation.findMany()` invocation in[39m
[31mC:\Users\azizh\Downloads\soullink-frontend-soullink-1.4\soullink-frontend-soullink-1.4\soullink-backend\src\modules\ai-companion\ai.cron.ts:37:68[39m

[31m  34 logger.info('[AI-CRON] Running absence check...');[39m
[31m  35 try {[39m
[31m  36     const threeDaysAgo = new Date(Date.now() - 3 * 24 * 60 * 60 * 1000);[39m
[31m→ 37     const staleConversations = await prisma.aIConversation.findMany([39m
[31mCan't reach database server at `ep-withered-salad-agxzvgfm-pooler.c-2.eu-central-1.aws.neon.tech:5432`[39m

[31mPlease make sure your database server is running at `ep-withered-salad-agxzvgfm-pooler.c-2.eu-central-1.aws.neon.tech:5432`.[39m
2026-04-30 19:15:00:150 [31merror[39m: [31m[UsageTracker] ElevenLabs poll failed: fetch failed[39m
2026-04-30 19:15:00:150 [31merror[39m: [31m[UsageTracker] Cloudinary poll failed: fetch failed[39m
2026-04-30 19:15:00:150 [31merror[39m: [31m[UsageTracker] Pinecone poll failed: Request failed to reach Pinecone. This can occur for reasons such as network problems that prevent the request from being completed, or a Pinecone API outage. Check your network connection, and visit https://status.pinecone.io/ to see whether any outages are ongoing.[39m
2026-04-30 19:30:00:300 [31merror[39m: [31m[UsageTracker] ElevenLabs poll failed: fetch failed[39m
2026-04-30 19:30:00:300 [31merror[39m: [31m[UsageTracker] Cloudinary poll failed: fetch failed[39m
2026-04-30 19:30:00:300 [31merror[39m: [31m[UsageTracker] Pinecone poll failed: Request failed to reach Pinecone. This can occur for reasons such as network problems that prevent the request from being completed, or a Pinecone API outage. Check your network connection, and visit https://status.pinecone.io/ to see whether any outages are ongoing.[39m
2026-04-30 19:45:00:450 [31merror[39m: [31m[UsageTracker] ElevenLabs poll failed: fetch failed[39m
2026-04-30 19:45:00:450 [31merror[39m: [31m[UsageTracker] Cloudinary poll failed: fetch failed[39m
2026-04-30 19:45:00:450 [31merror[39m: [31m[UsageTracker] Pinecone poll failed: Request failed to reach Pinecone. This can occur for reasons such as network problems that prevent the request from being completed, or a Pinecone API outage. Check your network connection, and visit https://status.pinecone.io/ to see whether any outages are ongoing.[39m
2026-04-30 20:00:00:00 [31merror[39m: [31m[UsageTracker] ElevenLabs poll failed: fetch failed[39m
2026-04-30 20:00:00:00 [31merror[39m: [31m[UsageTracker] Cloudinary poll failed: fetch failed[39m
2026-04-30 20:00:00:00 [31merror[39m: [31m[UsageTracker] Pinecone poll failed: Request failed to reach Pinecone. This can occur for reasons such as network problems that prevent the request from being completed, or a Pinecone API outage. Check your network connection, and visit https://status.pinecone.io/ to see whether any outages are ongoing.[39m
2026-04-30 20:00:00:00 [31merror[39m: [31m[AI-CRON] Absence check error: [39m
[31mInvalid `prisma.aIConversation.findMany()` invocation in[39m
[31mC:\Users\azizh\Downloads\soullink-frontend-soullink-1.4\soullink-frontend-soullink-1.4\soullink-backend\src\modules\ai-companion\ai.cron.ts:37:68[39m

[31m  34 logger.info('[AI-CRON] Running absence check...');[39m
[31m  35 try {[39m
[31m  36     const threeDaysAgo = new Date(Date.now() - 3 * 24 * 60 * 60 * 1000);[39m
[31m→ 37     const staleConversations = await prisma.aIConversation.findMany([39m
[31mCan't reach database server at `ep-withered-salad-agxzvgfm-pooler.c-2.eu-central-1.aws.neon.tech:5432`[39m

[31mPlease make sure your database server is running at `ep-withered-salad-agxzvgfm-pooler.c-2.eu-central-1.aws.neon.tech:5432`.[39m
2026-04-30 20:15:00:150 [31merror[39m: [31m[UsageTracker] ElevenLabs poll failed: fetch failed[39m
2026-04-30 20:15:00:150 [31merror[39m: [31m[UsageTracker] Cloudinary poll failed: fetch failed[39m
2026-04-30 20:15:00:150 [31merror[39m: [31m[UsageTracker] Pinecone poll failed: Request failed to reach Pinecone. This can occur for reasons such as network problems that prevent the request from being completed, or a Pinecone API outage. Check your network connection, and visit https://status.pinecone.io/ to see whether any outages are ongoing.[39m
2026-04-30 20:30:00:300 [31merror[39m: [31m[UsageTracker] ElevenLabs poll failed: fetch failed[39m
2026-04-30 20:30:00:300 [31merror[39m: [31m[UsageTracker] Cloudinary poll failed: fetch failed[39m
2026-04-30 20:30:00:300 [31merror[39m: [31m[UsageTracker] Pinecone poll failed: Request failed to reach Pinecone. This can occur for reasons such as network problems that prevent the request from being completed, or a Pinecone API outage. Check your network connection, and visit https://status.pinecone.io/ to see whether any outages are ongoing.[39m
2026-04-30 20:45:00:450 [31merror[39m: [31m[UsageTracker] ElevenLabs poll failed: fetch failed[39m
2026-04-30 20:45:00:450 [31merror[39m: [31m[UsageTracker] Cloudinary poll failed: fetch failed[39m
2026-04-30 20:45:00:450 [31merror[39m: [31m[UsageTracker] Pinecone poll failed: Request failed to reach Pinecone. This can occur for reasons such as network problems that prevent the request from being completed, or a Pinecone API outage. Check your network connection, and visit https://status.pinecone.io/ to see whether any outages are ongoing.[39m
2026-04-30 21:00:00:00 [31merror[39m: [31m[UsageTracker] ElevenLabs poll failed: fetch failed[39m
2026-04-30 21:00:00:00 [31merror[39m: [31m[UsageTracker] Cloudinary poll failed: fetch failed[39m
2026-04-30 21:00:00:00 [31merror[39m: [31m[UsageTracker] Pinecone poll failed: Request failed to reach Pinecone. This can occur for reasons such as network problems that prevent the request from being completed, or a Pinecone API outage. Check your network connection, and visit https://status.pinecone.io/ to see whether any outages are ongoing.[39m
2026-04-30 21:00:00:00 [31merror[39m: [31m[AI-CRON] Absence check error: [39m
[31mInvalid `prisma.aIConversation.findMany()` invocation in[39m
[31mC:\Users\azizh\Downloads\soullink-frontend-soullink-1.4\soullink-frontend-soullink-1.4\soullink-backend\src\modules\ai-companion\ai.cron.ts:37:68[39m

[31m  34 logger.info('[AI-CRON] Running absence check...');[39m
[31m  35 try {[39m
[31m  36     const threeDaysAgo = new Date(Date.now() - 3 * 24 * 60 * 60 * 1000);[39m
[31m→ 37     const staleConversations = await prisma.aIConversation.findMany([39m
[31mCan't reach database server at `ep-withered-salad-agxzvgfm-pooler.c-2.eu-central-1.aws.neon.tech:5432`[39m

[31mPlease make sure your database server is running at `ep-withered-salad-agxzvgfm-pooler.c-2.eu-central-1.aws.neon.tech:5432`.[39m
2026-04-30 21:15:00:150 [31merror[39m: [31m[UsageTracker] ElevenLabs poll failed: fetch failed[39m
2026-04-30 21:15:00:150 [31merror[39m: [31m[UsageTracker] Cloudinary poll failed: fetch failed[39m
2026-04-30 21:15:00:150 [31merror[39m: [31m[UsageTracker] Pinecone poll failed: Request failed to reach Pinecone. This can occur for reasons such as network problems that prevent the request from being completed, or a Pinecone API outage. Check your network connection, and visit https://status.pinecone.io/ to see whether any outages are ongoing.[39m
2026-04-30 21:30:00:300 [31merror[39m: [31m[UsageTracker] ElevenLabs poll failed: fetch failed[39m
2026-04-30 21:30:00:300 [31merror[39m: [31m[UsageTracker] Cloudinary poll failed: fetch failed[39m
2026-04-30 21:30:00:300 [31merror[39m: [31m[UsageTracker] Pinecone poll failed: Request failed to reach Pinecone. This can occur for reasons such as network problems that prevent the request from being completed, or a Pinecone API outage. Check your network connection, and visit https://status.pinecone.io/ to see whether any outages are ongoing.[39m
2026-04-30 21:45:00:450 [31merror[39m: [31m[UsageTracker] ElevenLabs poll failed: fetch failed[39m
2026-04-30 21:45:00:450 [31merror[39m: [31m[UsageTracker] Cloudinary poll failed: fetch failed[39m
2026-04-30 21:45:00:450 [31merror[39m: [31m[UsageTracker] Pinecone poll failed: Request failed to reach Pinecone. This can occur for reasons such as network problems that prevent the request from being completed, or a Pinecone API outage. Check your network connection, and visit https://status.pinecone.io/ to see whether any outages are ongoing.[39m
2026-04-30 22:00:26:026 [31merror[39m: [31m[LLM] API Error (400) with model "llama-3.1-8b-instant":[39m
2026-04-30 22:00:35:035 [31merror[39m: [31m[LLM] API Error (400) with model "llama-3.1-8b-instant":[39m
2026-04-30 22:00:45:045 [31merror[39m: [31m[LLM] API Error (400) with model "llama-3.1-8b-instant":[39m
2026-04-30 22:00:51:051 [31merror[39m: [31m[LLM] API Error (400) with model "llama-3.1-8b-instant":[39m
2026-04-30 22:00:59:059 [31merror[39m: [31m[LLM] API Error (400) with model "llama-3.1-8b-instant":[39m
2026-04-30 22:01:04:14 [31merror[39m: [31m[LLM] API Error (400) with model "llama-3.1-8b-instant":[39m
2026-04-30 23:00:33:033 [31merror[39m: [31m[LLM] API Error (400) with model "llama-3.1-8b-instant":[39m
2026-04-30 23:01:07:17 [31merror[39m: [31m[LLM] API Error (400) with model "llama-3.1-8b-instant":[39m
2026-04-30 23:01:26:126 [31merror[39m: [31m[LLM] API Error (400) with model "llama-3.1-8b-instant":[39m
2026-04-30 23:01:37:137 [31merror[39m: [31m[LLM] API Error (400) with model "llama-3.1-8b-instant":[39m
2026-04-30 23:01:48:148 [31merror[39m: [31m[LLM] API Error (400) with model "llama-3.1-8b-instant":[39m
2026-04-30 23:01:52:152 [31merror[39m: [31m[LLM] API Error (400) with model "llama-3.1-8b-instant":[39m
2026-05-01 00:00:07:07 [31merror[39m: [31m[LLM] API Error (400) with model "llama-3.1-8b-instant":[39m
2026-05-01 00:00:07:07 [31merror[39m: [31m[LLM] API Error (400) with model "llama-3.1-8b-instant":[39m
2026-05-01 00:00:09:09 [31merror[39m: [31m[LLM] API Error (400) with model "llama-3.1-8b-instant":[39m
2026-05-01 00:00:11:011 [31merror[39m: [31m[LLM] API Error (400) with model "llama-3.1-8b-instant":[39m
2026-05-01 00:00:13:013 [31merror[39m: [31m[LLM] API Error (400) with model "llama-3.1-8b-instant":[39m
2026-05-01 00:00:36:036 [31merror[39m: [31m[LLM] API Error (400) with model "llama-3.1-8b-instant":[39m
2026-05-01 00:00:38:038 [31merror[39m: [31m[LLM] API Error (400) with model "llama-3.1-8b-instant":[39m
2026-05-01 00:00:41:041 [31merror[39m: [31m[LLM] API Error (400) with model "llama-3.1-8b-instant":[39m
2026-05-01 00:01:02:12 [31merror[39m: [31m[LLM] API Error (400) with model "llama-3.1-8b-instant":[39m
2026-05-01 00:01:03:13 [31merror[39m: [31m[LLM] API Error (400) with model "llama-3.1-8b-instant":[39m
2026-05-01 00:01:04:14 [31merror[39m: [31m[LLM] API Error (400) with model "llama-3.1-8b-instant":[39m
2026-05-01 00:01:07:17 [31merror[39m: [31m[LLM] API Error (400) with model "llama-3.1-8b-instant":[39m
2026-05-01 00:01:09:19 [31merror[39m: [31m[LLM] API Error (400) with model "llama-3.1-8b-instant":[39m
2026-05-01 00:01:10:110 [31merror[39m: [31m[LLM] API Error (400) with model "llama-3.1-8b-instant":[39m
2026-05-01 00:01:11:111 [31merror[39m: [31m[LLM] API Error (400) with model "llama-3.1-8b-instant":[39m
2026-05-01 00:01:11:111 [31merror[39m: [31m[LLM] API Error (400) with model "llama-3.1-8b-instant":[39m
2026-05-01 00:01:12:112 [31merror[39m: [31m[LLM] API Error (400) with model "llama-3.1-8b-instant":[39m
2026-05-01 01:00:44:044 [31merror[39m: [31m[LLM] API Error (400) with model "llama-3.1-8b-instant":[39m
2026-05-01 01:01:03:13 [31merror[39m: [31m[LLM] API Error (400) with model "llama-3.1-8b-instant":[39m
2026-05-01 01:01:08:18 [31merror[39m: [31m[LLM] API Error (400) with model "llama-3.1-8b-instant":[39m
2026-05-01 01:01:17:117 [31merror[39m: [31m[LLM] API Error (400) with model "llama-3.1-8b-instant":[39m
2026-05-01 01:01:35:135 [31merror[39m: [31m[LLM] API Error (400) with model "llama-3.1-8b-instant":[39m
2026-05-01 01:01:52:152 [31merror[39m: [31m[LLM] API Error (400) with model "llama-3.1-8b-instant":[39m
2026-05-01 01:02:05:25 [31merror[39m: [31m[LLM] API Error (400) with model "llama-3.1-8b-instant":[39m
2026-05-01 02:00:03:03 [31merror[39m: [31m[LLM] API Error (400) with model "llama-3.1-8b-instant":[39m
2026-05-01 02:00:05:05 [31merror[39m: [31m[LLM] API Error (400) with model "llama-3.1-8b-instant":[39m
2026-05-01 02:00:06:06 [31merror[39m: [31m[LLM] API Error (400) with model "llama-3.1-8b-instant":[39m
2026-05-01 02:00:07:07 [31merror[39m: [31m[LLM] API Error (400) with model "llama-3.1-8b-instant":[39m
2026-05-01 02:00:09:09 [31merror[39m: [31m[LLM] API Error (400) with model "llama-3.1-8b-instant":[39m
2026-05-01 02:00:10:010 [31merror[39m: [31m[LLM] API Error (400) with model "llama-3.1-8b-instant":[39m
2026-05-01 02:00:12:012 [31merror[39m: [31m[LLM] API Error (400) with model "llama-3.1-8b-instant":[39m
2026-05-04 16:03:25:325 [31merror[39m: [31mSocket Auth: JWT verification failed for socket vuVk0_5hxOA-fVefAAAB. Error: jwt expired[39m
2026-05-04 17:00:03:03 [31merror[39m: [31m[LLM] API Error (400) with model "llama-3.1-8b-instant":[39m
2026-05-04 17:00:03:03 [31merror[39m: [31m[LLM] API Error (400) with model "llama-3.1-8b-instant":[39m
2026-05-04 17:00:04:04 [31merror[39m: [31m[LLM] API Error (400) with model "llama-3.1-8b-instant":[39m
2026-05-04 17:00:05:05 [31merror[39m: [31m[LLM] API Error (400) with model "llama-3.1-8b-instant":[39m
2026-05-04 17:00:05:05 [31merror[39m: [31m[LLM] API Error (400) with model "llama-3.1-8b-instant":[39m
2026-05-04 17:00:06:06 [31merror[39m: [31m[LLM] API Error (400) with model "llama-3.1-8b-instant":[39m
2026-05-04 17:00:06:06 [31merror[39m: [31m[LLM] API Error (400) with model "llama-3.1-8b-instant":[39m
2026-05-04 17:19:05:195 [31merror[39m: [31mSocket Auth: JWT verification failed for socket Pw10n2mMb5OC0eCGAAAU. Error: jwt expired[39m
2026-05-04 17:19:05:195 [31merror[39m: [31mSocket Auth: JWT verification failed for socket XMhnDEse4dGZFCqJAAAV. Error: jwt expired[39m
2026-05-04 17:19:05:195 [31merror[39m: [31mSocket Auth: JWT verification failed for socket kHdd_Pc_bu9Y9D4lAAAW. Error: jwt expired[39m
2026-05-04 17:19:05:195 [31merror[39m: [31mSocket Auth: JWT verification failed for socket _i1bSgF1LXluE2rAAAAX. Error: jwt expired[39m
2026-05-04 17:19:05:195 [31merror[39m: [31mSocket Auth: JWT verification failed for socket O1GSh_8K8kUhh5F6AAAY. Error: jwt expired[39m
2026-05-04 17:19:05:195 [31merror[39m: [31mSocket Auth: JWT verification failed for socket P-NxCINB1H8d817hAAAZ. Error: jwt expired[39m
2026-05-04 18:00:02:02 [31merror[39m: [31m[LLM] API Error (400) with model "llama-3.1-8b-instant":[39m
2026-05-04 18:00:02:02 [31merror[39m: [31m[LLM] API Error (400) with model "llama-3.1-8b-instant":[39m
2026-05-04 18:00:03:03 [31merror[39m: [31m[LLM] API Error (400) with model "llama-3.1-8b-instant":[39m
2026-05-04 18:00:03:03 [31merror[39m: [31m[LLM] API Error (400) with model "llama-3.1-8b-instant":[39m
2026-05-04 18:00:04:04 [31merror[39m: [31m[LLM] API Error (400) with model "llama-3.1-8b-instant":[39m
2026-05-04 18:00:04:04 [31merror[39m: [31m[LLM] API Error (400) with model "llama-3.1-8b-instant":[39m
2026-05-04 18:00:04:04 [31merror[39m: [31m[LLM] API Error (400) with model "llama-3.1-8b-instant":[39m
2026-05-04 18:00:04:04 [31merror[39m: [31m[LLM] API Error (400) with model "llama-3.1-8b-instant":[39m
2026-05-04 18:00:05:05 [31merror[39m: [31m[LLM] API Error (400) with model "llama-3.1-8b-instant":[39m
2026-05-04 18:00:05:05 [31merror[39m: [31m[LLM] API Error (400) with model "llama-3.1-8b-instant":[39m
2026-05-04 18:00:05:05 [31merror[39m: [31m[LLM] API Error (400) with model "llama-3.1-8b-instant":[39m
2026-05-04 18:00:05:05 [31merror[39m: [31m[LLM] API Error (400) with model "llama-3.1-8b-instant":[39m
2026-05-04 18:00:06:06 [31merror[39m: [31m[LLM] API Error (400) with model "llama-3.1-8b-instant":[39m
2026-05-04 18:00:07:07 [31merror[39m: [31m[LLM] API Error (400) with model "llama-3.1-8b-instant":[39m
2026-05-04 18:00:07:07 [31merror[39m: [31m[LLM] API Error (400) with model "llama-3.1-8b-instant":[39m
2026-05-04 18:00:08:08 [31merror[39m: [31m[LLM] API Error (400) with model "llama-3.1-8b-instant":[39m
2026-05-04 18:00:08:08 [31merror[39m: [31m[LLM] API Error (400) with model "llama-3.1-8b-instant":[39m
2026-05-04 18:00:09:09 [31merror[39m: [31m[LLM] API Error (400) with model "llama-3.1-8b-instant":[39m
2026-05-04 19:00:01:01 [31merror[39m: [31m[LLM] API Error (400) with model "llama-3.1-8b-instant":[39m
2026-05-04 19:00:02:02 [31merror[39m: [31m[LLM] API Error (400) with model "llama-3.1-8b-instant":[39m
2026-05-04 19:00:04:04 [31merror[39m: [31m[LLM] API Error (400) with model "llama-3.1-8b-instant":[39m
2026-05-04 19:00:04:04 [31merror[39m: [31m[LLM] API Error (400) with model "llama-3.1-8b-instant":[39m
2026-05-04 19:00:05:05 [31merror[39m: [31m[LLM] API Error (400) with model "llama-3.1-8b-instant":[39m
2026-05-04 19:00:05:05 [31merror[39m: [31m[LLM] API Error (400) with model "llama-3.1-8b-instant":[39m
2026-05-04 19:00:06:06 [31merror[39m: [31m[LLM] API Error (400) with model "llama-3.1-8b-instant":[39m
2026-05-04 20:00:03:03 [31merror[39m: [31m[LLM] API Error (400) with model "llama-3.1-8b-instant":[39m
2026-05-04 20:00:04:04 [31merror[39m: [31m[LLM] API Error (400) with model "llama-3.1-8b-instant":[39m
2026-05-04 20:00:04:04 [31merror[39m: [31m[LLM] API Error (400) with model "llama-3.1-8b-instant":[39m
2026-05-04 20:00:05:05 [31merror[39m: [31m[LLM] API Error (400) with model "llama-3.1-8b-instant":[39m
2026-05-04 20:00:05:05 [31merror[39m: [31m[LLM] API Error (400) with model "llama-3.1-8b-instant":[39m
2026-05-04 20:00:06:06 [31merror[39m: [31m[LLM] API Error (400) with model "llama-3.1-8b-instant":[39m
2026-05-04 20:00:06:06 [31merror[39m: [31m[LLM] API Error (400) with model "llama-3.1-8b-instant":[39m
2026-05-04 21:00:01:01 [31merror[39m: [31m[LLM] API Error (400) with model "llama-3.1-8b-instant":[39m
2026-05-04 21:00:02:02 [31merror[39m: [31m[LLM] API Error (400) with model "llama-3.1-8b-instant":[39m
2026-05-04 21:00:02:02 [31merror[39m: [31m[LLM] API Error (400) with model "llama-3.1-8b-instant":[39m
2026-05-04 21:00:03:03 [31merror[39m: [31m[LLM] API Error (400) with model "llama-3.1-8b-instant":[39m
2026-05-04 21:00:03:03 [31merror[39m: [31m[LLM] API Error (400) with model "llama-3.1-8b-instant":[39m
2026-05-04 21:00:04:04 [31merror[39m: [31m[LLM] API Error (400) with model "llama-3.1-8b-instant":[39m
2026-05-04 21:00:04:04 [31merror[39m: [31m[LLM] API Error (400) with model "llama-3.1-8b-instant":[39m
2026-05-05 01:00:04:04 [31merror[39m: [31m[LLM] API Error (400) with model "llama-3.1-8b-instant":[39m
2026-05-05 01:00:05:05 [31merror[39m: [31m[LLM] API Error (400) with model "llama-3.1-8b-instant":[39m
2026-05-05 01:00:05:05 [31merror[39m: [31m[LLM] API Error (400) with model "llama-3.1-8b-instant":[39m
2026-05-05 01:00:05:05 [31merror[39m: [31m[LLM] API Error (400) with model "llama-3.1-8b-instant":[39m
2026-05-05 01:00:06:06 [31merror[39m: [31m[LLM] API Error (400) with model "llama-3.1-8b-instant":[39m
2026-05-05 01:00:06:06 [31merror[39m: [31m[LLM] API Error (400) with model "llama-3.1-8b-instant":[39m
2026-05-05 01:00:07:07 [31merror[39m: [31m[LLM] API Error (400) with model "llama-3.1-8b-instant":[39m
2026-05-05 02:00:02:02 [31merror[39m: [31m[LLM] API Error (400) with model "llama-3.1-8b-instant":[39m
2026-05-05 02:00:02:02 [31merror[39m: [31m[LLM] API Error (400) with model "llama-3.1-8b-instant":[39m
2026-05-05 02:00:03:03 [31merror[39m: [31m[LLM] API Error (400) with model "llama-3.1-8b-instant":[39m
2026-05-05 02:00:03:03 [31merror[39m: [31m[LLM] API Error (400) with model "llama-3.1-8b-instant":[39m
2026-05-05 02:00:04:04 [31merror[39m: [31m[LLM] API Error (400) with model "llama-3.1-8b-instant":[39m
2026-05-05 02:00:04:04 [31merror[39m: [31m[LLM] API Error (400) with model "llama-3.1-8b-instant":[39m
2026-05-05 02:00:05:05 [31merror[39m: [31m[LLM] API Error (400) with model "llama-3.1-8b-instant":[39m
2026-05-05 11:00:03:03 [31merror[39m: [31m[LLM] API Error (400) with model "llama-3.1-8b-instant":[39m
2026-05-05 11:00:04:04 [31merror[39m: [31m[LLM] API Error (400) with model "llama-3.1-8b-instant":[39m
2026-05-05 11:00:04:04 [31merror[39m: [31m[LLM] API Error (400) with model "llama-3.1-8b-instant":[39m
2026-05-05 11:00:05:05 [31merror[39m: [31m[LLM] API Error (400) with model "llama-3.1-8b-instant":[39m
2026-05-05 11:00:06:06 [31merror[39m: [31m[LLM] API Error (400) with model "llama-3.1-8b-instant":[39m
2026-05-05 11:00:06:06 [31merror[39m: [31m[LLM] API Error (400) with model "llama-3.1-8b-instant":[39m
2026-05-05 11:00:07:07 [31merror[39m: [31m[LLM] API Error (400) with model "llama-3.1-8b-instant":[39m
2026-05-05 11:30:00:300 [31merror[39m: [31m[UsageTracker] ElevenLabs poll failed: fetch failed[39m
2026-05-05 11:30:00:300 [31merror[39m: [31m[UsageTracker] Cloudinary poll failed: fetch failed[39m
2026-05-05 11:30:00:300 [31merror[39m: [31m[UsageTracker] Pinecone poll failed: Request failed to reach Pinecone. This can occur for reasons such as network problems that prevent the request from being completed, or a Pinecone API outage. Check your network connection, and visit https://status.pinecone.io/ to see whether any outages are ongoing.[39m
2026-05-05 12:25:30:2530 [31merror[39m: [31m[UsageTracker] Pinecone poll failed: Request failed to reach Pinecone. This can occur for reasons such as network problems that prevent the request from being completed, or a Pinecone API outage. Check your network connection, and visit https://status.pinecone.io/ to see whether any outages are ongoing.[39m
2026-05-05 12:25:30:2530 [31merror[39m: [31m[UsageTracker] Cloudinary poll failed: fetch failed[39m
2026-05-05 12:30:20:3020 [31merror[39m: [31m[UsageTracker] Pinecone poll failed: Request failed to reach Pinecone. This can occur for reasons such as network problems that prevent the request from being completed, or a Pinecone API outage. Check your network connection, and visit https://status.pinecone.io/ to see whether any outages are ongoing.[39m
2026-05-05 12:30:30:3030 [31merror[39m: [31m[UsageTracker] Failed to upsert ELEVENLABS.characters: [39m
[31mInvalid `prisma.serviceUsageLog.findFirst()` invocation in[39m
[31mC:\Users\azizh\Downloads\soullink-frontend-soullink-1.4\soullink-frontend-soullink-1.4\soullink-backend\src\cron\usageTracker.ts:47:55[39m

[31m  44 const percentage = limit > 0 ? (value / limit) * 100 : 0;[39m
[31m  45 [39m
[31m  46 try {[39m
[31m→ 47     const existing = await prisma.serviceUsageLog.findFirst([39m
[31mTimed out fetching a new connection from the connection pool. More info: http://pris.ly/d/connection-pool (Current connection pool timeout: 30, connection limit: 17)[39m
2026-05-05 12:45:11:4511 [31merror[39m: [31m[UsageTracker] Pinecone poll failed: Request failed to reach Pinecone. This can occur for reasons such as network problems that prevent the request from being completed, or a Pinecone API outage. Check your network connection, and visit https://status.pinecone.io/ to see whether any outages are ongoing.[39m
2026-05-05 12:45:11:4511 [31merror[39m: [31m[UsageTracker] Cloudinary poll failed: fetch failed[39m
2026-05-05 13:00:06:06 [31merror[39m: [31m[LLM] API Error (400) with model "llama-3.1-8b-instant":[39m
2026-05-05 13:00:07:07 [31merror[39m: [31m[LLM] API Error (400) with model "llama-3.1-8b-instant":[39m
2026-05-05 13:00:08:08 [31merror[39m: [31m[LLM] API Error (400) with model "llama-3.1-8b-instant":[39m
2026-05-05 13:00:09:09 [31merror[39m: [31m[LLM] API Error (400) with model "llama-3.1-8b-instant":[39m
2026-05-05 13:00:11:011 [31merror[39m: [31m[LLM] API Error (400) with model "llama-3.1-8b-instant":[39m
2026-05-05 13:00:12:012 [31merror[39m: [31m[LLM] API Error (400) with model "llama-3.1-8b-instant":[39m
2026-05-05 13:00:17:017 [31merror[39m: [31m[AI-CRON] Absence check error: [39m
[31mInvalid `prisma.gameResponse.findMany()` invocation in[39m
[31mC:\Users\azizh\Downloads\soullink-frontend-soullink-1.4\soullink-frontend-soullink-1.4\soullink-backend\src\modules\ai-companion\context.service.ts:37:33[39m

[31m  34         currentScene: { include: { choices: true } }[39m
[31m  35     }[39m
[31m  36 }),[39m
[31m→ 37 prisma.gameResponse.findMany([39m
[31mServer has closed the connection.[39m
2026-05-05 14:00:02:02 [31merror[39m: [31m[LLM] API Error (400) with model "llama-3.1-8b-instant":[39m
2026-05-05 14:00:03:03 [31merror[39m: [31m[LLM] API Error (400) with model "llama-3.1-8b-instant":[39m
2026-05-05 14:00:04:04 [31merror[39m: [31m[LLM] API Error (400) with model "llama-3.1-8b-instant":[39m
2026-05-05 14:00:05:05 [31merror[39m: [31m[LLM] API Error (400) with model "llama-3.1-8b-instant":[39m
2026-05-05 14:00:06:06 [31merror[39m: [31m[LLM] API Error (400) with model "llama-3.1-8b-instant":[39m
2026-05-05 14:00:07:07 [31merror[39m: [31m[LLM] API Error (400) with model "llama-3.1-8b-instant":[39m
2026-05-05 14:00:08:08 [31merror[39m: [31m[LLM] API Error (400) with model "llama-3.1-8b-instant":[39m
2026-05-05 15:00:02:02 [31merror[39m: [31m[LLM] API Error (400) with model "llama-3.1-8b-instant":[39m
2026-05-05 15:00:03:03 [31merror[39m: [31m[LLM] API Error (400) with model "llama-3.1-8b-instant":[39m
2026-05-05 15:00:04:04 [31merror[39m: [31m[LLM] API Error (400) with model "llama-3.1-8b-instant":[39m
2026-05-05 15:00:04:04 [31merror[39m: [31m[LLM] API Error (400) with model "llama-3.1-8b-instant":[39m
2026-05-05 15:00:05:05 [31merror[39m: [31m[LLM] API Error (400) with model "llama-3.1-8b-instant":[39m
2026-05-05 15:00:06:06 [31merror[39m: [31m[LLM] API Error (400) with model "llama-3.1-8b-instant":[39m
2026-05-05 15:00:06:06 [31merror[39m: [31m[LLM] API Error (400) with model "llama-3.1-8b-instant":[39m
2026-05-05 17:00:02:02 [31merror[39m: [31m[LLM] API Error (400) with model "llama-3.1-8b-instant":[39m
2026-05-05 17:00:04:04 [31merror[39m: [31m[LLM] API Error (400) with model "llama-3.1-8b-instant":[39m
2026-05-05 17:00:05:05 [31merror[39m: [31m[LLM] API Error (400) with model "llama-3.1-8b-instant":[39m
2026-05-05 17:00:05:05 [31merror[39m: [31m[LLM] API Error (400) with model "llama-3.1-8b-instant":[39m
2026-05-05 17:00:06:06 [31merror[39m: [31m[LLM] API Error (400) with model "llama-3.1-8b-instant":[39m
2026-05-05 17:00:07:07 [31merror[39m: [31m[LLM] API Error (400) with model "llama-3.1-8b-instant":[39m
2026-05-05 17:00:08:08 [31merror[39m: [31m[LLM] API Error (400) with model "llama-3.1-8b-instant":[39m
2026-05-06 01:00:02:02 [31merror[39m: [31m[LLM] API Error (400) with model "llama-3.1-8b-instant":[39m
2026-05-06 01:00:02:02 [31merror[39m: [31m[LLM] API Error (400) with model "llama-3.1-8b-instant":[39m
2026-05-06 01:00:03:03 [31merror[39m: [31m[LLM] API Error (400) with model "llama-3.1-8b-instant":[39m
2026-05-06 01:00:04:04 [31merror[39m: [31m[LLM] API Error (400) with model "llama-3.1-8b-instant":[39m
2026-05-06 01:00:04:04 [31merror[39m: [31m[LLM] API Error (400) with model "llama-3.1-8b-instant":[39m
2026-05-06 01:00:05:05 [31merror[39m: [31m[LLM] API Error (400) with model "llama-3.1-8b-instant":[39m
2026-05-06 01:00:05:05 [31merror[39m: [31m[LLM] API Error (400) with model "llama-3.1-8b-instant":[39m
2026-05-06 01:20:25:2025 [31merror[39m: [31m[Unhandled Error] Status: 500 - Detail: Error: Malformed part header[39m
[31m    at SBMH.ssCb [as _cb] (C:\Users\azizh\Downloads\soullink-frontend-soullink-1.4\soullink-frontend-soullink-1.4\soullink-backend\node_modules\busboy\lib\types\multipart.js:398:32)[39m
[31m    at feed (C:\Users\azizh\Downloads\soullink-frontend-soullink-1.4\soullink-frontend-soullink-1.4\soullink-backend\node_modules\streamsearch\lib\sbmh.js:248:10)[39m
[31m    at SBMH.push (C:\Users\azizh\Downloads\soullink-frontend-soullink-1.4\soullink-frontend-soullink-1.4\soullink-backend\node_modules\streamsearch\lib\sbmh.js:104:16)[39m
[31m    at Multipart._write (C:\Users\azizh\Downloads\soullink-frontend-soullink-1.4\soullink-frontend-soullink-1.4\soullink-backend\node_modules\busboy\lib\types\multipart.js:567:19)[39m
[31m    at writeOrBuffer (node:internal/streams/writable:570:12)[39m
[31m    at _write (node:internal/streams/writable:499:10)[39m
[31m    at Writable.write (node:internal/streams/writable:508:10)[39m
[31m    at IncomingMessage.ondata (node:internal/streams/readable:1008:24)[39m
[31m    at IncomingMessage.emit (node:events:508:28)[39m
[31m    at Readable.read (node:internal/streams/readable:780:10)[39m
2026-05-06 02:00:02:02 [31merror[39m: [31m[LLM] API Error (400) with model "llama-3.1-8b-instant":[39m
2026-05-06 02:00:02:02 [31merror[39m: [31m[LLM] API Error (400) with model "llama-3.1-8b-instant":[39m
2026-05-06 02:00:03:03 [31merror[39m: [31m[LLM] API Error (400) with model "llama-3.1-8b-instant":[39m
2026-05-06 02:00:03:03 [31merror[39m: [31m[LLM] API Error (400) with model "llama-3.1-8b-instant":[39m
2026-05-06 02:00:04:04 [31merror[39m: [31m[LLM] API Error (400) with model "llama-3.1-8b-instant":[39m
2026-05-06 02:00:04:04 [31merror[39m: [31m[LLM] API Error (400) with model "llama-3.1-8b-instant":[39m
2026-05-06 02:00:05:05 [31merror[39m: [31m[LLM] API Error (400) with model "llama-3.1-8b-instant":[39m
2026-05-06 02:41:31:4131 [31merror[39m: [31m[Unhandled Error] Status: 500 - Detail: SyntaxError: Unexpected token 'w', ..."content": wink ya 8a"... is not valid JSON[39m
[31m    at JSON.parse (<anonymous>)[39m
[31m    at parse (C:\Users\azizh\Downloads\soullink-frontend-soullink-1.4\soullink-frontend-soullink-1.4\soullink-backend\node_modules\body-parser\lib\types\json.js:92:19)[39m
[31m    at C:\Users\azizh\Downloads\soullink-frontend-soullink-1.4\soullink-frontend-soullink-1.4\soullink-backend\node_modules\body-parser\lib\read.js:128:18[39m
[31m    at AsyncResource.runInAsyncScope (node:async_hooks:214:14)[39m
[31m    at invokeCallback (C:\Users\azizh\Downloads\soullink-frontend-soullink-1.4\soullink-frontend-soullink-1.4\soullink-backend\node_modules\raw-body\index.js:238:16)[39m
[31m    at done (C:\Users\azizh\Downloads\soullink-frontend-soullink-1.4\soullink-frontend-soullink-1.4\soullink-backend\node_modules\raw-body\index.js:227:7)[39m
[31m    at IncomingMessage.onEnd (C:\Users\azizh\Downloads\soullink-frontend-soullink-1.4\soullink-frontend-soullink-1.4\soullink-backend\node_modules\raw-body\index.js:287:7)[39m
[31m    at IncomingMessage.emit (node:events:508:28)[39m
[31m    at endReadableNT (node:internal/streams/readable:1701:12)[39m
[31m    at process.processTicksAndRejections (node:internal/process/task_queues:89:21)[39m
2026-05-06 03:00:02:02 [31merror[39m: [31m[LLM] API Error (400) with model "llama-3.1-8b-instant":[39m
2026-05-06 03:00:03:03 [31merror[39m: [31m[LLM] API Error (400) with model "llama-3.1-8b-instant":[39m
2026-05-06 03:00:03:03 [31merror[39m: [31m[LLM] API Error (400) with model "llama-3.1-8b-instant":[39m
2026-05-06 03:00:04:04 [31merror[39m: [31m[LLM] API Error (400) with model "llama-3.1-8b-instant":[39m
2026-05-06 03:00:04:04 [31merror[39m: [31m[LLM] API Error (400) with model "llama-3.1-8b-instant":[39m
2026-05-06 03:00:05:05 [31merror[39m: [31m[LLM] API Error (400) with model "llama-3.1-8b-instant":[39m
2026-05-06 03:00:05:05 [31merror[39m: [31m[LLM] API Error (400) with model "llama-3.1-8b-instant":[39m
2026-05-06 10:00:02:02 [31merror[39m: [31m[LLM] API Error (400) with model "llama-3.1-8b-instant":[39m
2026-05-06 10:00:03:03 [31merror[39m: [31m[LLM] API Error (400) with model "llama-3.1-8b-instant":[39m
2026-05-06 10:00:04:04 [31merror[39m: [31m[LLM] API Error (400) with model "llama-3.1-8b-instant":[39m
2026-05-06 10:00:05:05 [31merror[39m: [31m[LLM] API Error (400) with model "llama-3.1-8b-instant":[39m
2026-05-06 10:00:06:06 [31merror[39m: [31m[LLM] API Error (400) with model "llama-3.1-8b-instant":[39m
2026-05-06 10:00:07:07 [31merror[39m: [31m[LLM] API Error (400) with model "llama-3.1-8b-instant":[39m
2026-05-06 10:00:08:08 [31merror[39m: [31m[LLM] API Error (400) with model "llama-3.1-8b-instant":[39m
2026-05-06 11:00:03:03 [31merror[39m: [31m[LLM] API Error (400) with model "llama-3.1-8b-instant":[39m
2026-05-06 11:00:03:03 [31merror[39m: [31m[LLM] API Error (400) with model "llama-3.1-8b-instant":[39m
2026-05-06 11:00:04:04 [31merror[39m: [31m[LLM] API Error (400) with model "llama-3.1-8b-instant":[39m
2026-05-06 11:00:04:04 [31merror[39m: [31m[LLM] API Error (400) with model "llama-3.1-8b-instant":[39m
2026-05-06 11:00:05:05 [31merror[39m: [31m[LLM] API Error (400) with model "llama-3.1-8b-instant":[39m
2026-05-06 11:00:05:05 [31merror[39m: [31m[LLM] API Error (400) with model "llama-3.1-8b-instant":[39m
2026-05-06 11:00:06:06 [31merror[39m: [31m[LLM] API Error (400) with model "llama-3.1-8b-instant":[39m
2026-05-06 14:00:02:02 [31merror[39m: [31m[LLM] API Error (400) with model "llama-3.1-8b-instant":[39m
2026-05-06 14:00:02:02 [31merror[39m: [31m[LLM] API Error (400) with model "llama-3.1-8b-instant":[39m
2026-05-06 14:00:03:03 [31merror[39m: [31m[LLM] API Error (400) with model "llama-3.1-8b-instant":[39m
2026-05-06 14:00:03:03 [31merror[39m: [31m[LLM] API Error (400) with model "llama-3.1-8b-instant":[39m
2026-05-06 14:00:04:04 [31merror[39m: [31m[LLM] API Error (400) with model "llama-3.1-8b-instant":[39m
2026-05-06 14:00:05:05 [31merror[39m: [31m[LLM] API Error (400) with model "llama-3.1-8b-instant":[39m
2026-05-06 14:00:05:05 [31merror[39m: [31m[LLM] API Error (400) with model "llama-3.1-8b-instant":[39m
2026-05-06 15:00:02:02 [31merror[39m: [31m[LLM] API Error (400) with model "llama-3.1-8b-instant":[39m
2026-05-06 15:00:02:02 [31merror[39m: [31m[LLM] API Error (400) with model "llama-3.1-8b-instant":[39m
2026-05-06 15:00:03:03 [31merror[39m: [31m[LLM] API Error (400) with model "llama-3.1-8b-instant":[39m
2026-05-06 15:00:03:03 [31merror[39m: [31m[LLM] API Error (400) with model "llama-3.1-8b-instant":[39m
2026-05-06 15:00:04:04 [31merror[39m: [31m[LLM] API Error (400) with model "llama-3.1-8b-instant":[39m
2026-05-06 15:00:04:04 [31merror[39m: [31m[LLM] API Error (400) with model "llama-3.1-8b-instant":[39m
2026-05-06 15:00:05:05 [31merror[39m: [31m[LLM] API Error (400) with model "llama-3.1-8b-instant":[39m
2026-05-06 16:00:08:08 [31merror[39m: [31m[LLM] API Error (400) with model "llama-3.1-8b-instant":[39m
2026-05-06 16:00:09:09 [31merror[39m: [31m[LLM] API Error (400) with model "llama-3.1-8b-instant":[39m
2026-05-06 16:00:10:010 [31merror[39m: [31m[LLM] API Error (400) with model "llama-3.1-8b-instant":[39m
2026-05-06 16:00:11:011 [31merror[39m: [31m[LLM] API Error (400) with model "llama-3.1-8b-instant":[39m
2026-05-06 16:00:12:012 [31merror[39m: [31m[LLM] API Error (400) with model "llama-3.1-8b-instant":[39m
2026-05-06 16:00:13:013 [31merror[39m: [31m[LLM] API Error (400) with model "llama-3.1-8b-instant":[39m
2026-05-06 16:00:14:014 [31merror[39m: [31m[LLM] API Error (400) with model "llama-3.1-8b-instant":[39m
2026-05-06 17:00:02:02 [31merror[39m: [31m[LLM] API Error (400) with model "llama-3.1-8b-instant":[39m
2026-05-06 17:00:02:02 [31merror[39m: [31m[LLM] API Error (400) with model "llama-3.1-8b-instant":[39m
2026-05-06 17:00:03:03 [31merror[39m: [31m[LLM] API Error (400) with model "llama-3.1-8b-instant":[39m
2026-05-06 17:00:03:03 [31merror[39m: [31m[LLM] API Error (400) with model "llama-3.1-8b-instant":[39m
2026-05-06 17:00:04:04 [31merror[39m: [31m[LLM] API Error (400) with model "llama-3.1-8b-instant":[39m
2026-05-06 17:00:04:04 [31merror[39m: [31m[LLM] API Error (400) with model "llama-3.1-8b-instant":[39m
2026-05-06 17:00:05:05 [31merror[39m: [31m[LLM] API Error (400) with model "llama-3.1-8b-instant":[39m
2026-05-06 18:00:01:01 [31merror[39m: [31m[LLM] API Error (400) with model "llama-3.1-8b-instant":[39m
2026-05-06 18:00:01:01 [31merror[39m: [31m[LLM] API Error (400) with model "llama-3.1-8b-instant":[39m
2026-05-06 18:00:02:02 [31merror[39m: [31m[LLM] API Error (400) with model "llama-3.1-8b-instant":[39m
2026-05-06 18:00:02:02 [31merror[39m: [31m[LLM] API Error (400) with model "llama-3.1-8b-instant":[39m
2026-05-06 18:00:02:02 [31merror[39m: [31m[LLM] API Error (400) with model "llama-3.1-8b-instant":[39m
2026-05-06 18:00:03:03 [31merror[39m: [31m[LLM] API Error (400) with model "llama-3.1-8b-instant":[39m
2026-05-06 18:00:03:03 [31merror[39m: [31m[LLM] API Error (400) with model "llama-3.1-8b-instant":[39m
2026-05-06 18:00:03:03 [31merror[39m: [31m[LLM] API Error (400) with model "llama-3.1-8b-instant":[39m
2026-05-06 18:00:03:03 [31merror[39m: [31m[LLM] API Error (400) with model "llama-3.1-8b-instant":[39m
2026-05-06 18:00:03:03 [31merror[39m: [31m[LLM] API Error (400) with model "llama-3.1-8b-instant":[39m
2026-05-06 18:00:04:04 [31merror[39m: [31m[LLM] API Error (400) with model "llama-3.1-8b-instant":[39m
2026-05-06 18:00:04:04 [31merror[39m: [31m[LLM] API Error (400) with model "llama-3.1-8b-instant":[39m
2026-05-06 18:00:04:04 [31merror[39m: [31m[LLM] API Error (400) with model "llama-3.1-8b-instant":[39m
2026-05-06 18:00:05:05 [31merror[39m: [31m[LLM] API Error (400) with model "llama-3.1-8b-instant":[39m
2026-05-06 18:00:05:05 [31merror[39m: [31m[LLM] API Error (400) with model "llama-3.1-8b-instant":[39m
2026-05-06 18:00:06:06 [31merror[39m: [31m[LLM] API Error (400) with model "llama-3.1-8b-instant":[39m
2026-05-06 18:00:06:06 [31merror[39m: [31m[LLM] API Error (400) with model "llama-3.1-8b-instant":[39m
2026-05-06 18:00:07:07 [31merror[39m: [31m[LLM] API Error (400) with model "llama-3.1-8b-instant":[39m
2026-05-07 00:00:02:02 [31merror[39m: [31m[LLM] API Error (400) with model "llama-3.1-8b-instant":[39m
2026-05-07 00:00:03:03 [31merror[39m: [31m[LLM] API Error (400) with model "llama-3.1-8b-instant":[39m
2026-05-07 00:00:03:03 [31merror[39m: [31m[LLM] API Error (400) with model "llama-3.1-8b-instant":[39m
2026-05-07 00:00:04:04 [31merror[39m: [31m[LLM] API Error (400) with model "llama-3.1-8b-instant":[39m
2026-05-07 00:00:04:04 [31merror[39m: [31m[LLM] API Error (400) with model "llama-3.1-8b-instant":[39m
2026-05-07 00:00:05:05 [31merror[39m: [31m[LLM] API Error (400) with model "llama-3.1-8b-instant":[39m
2026-05-07 00:00:05:05 [31merror[39m: [31m[LLM] API Error (400) with model "llama-3.1-8b-instant":[39m
2026-05-07 00:00:05:05 [31merror[39m: [31m[LLM] API Error (400) with model "llama-3.1-8b-instant":[39m
2026-05-07 00:00:06:06 [31merror[39m: [31m[LLM] API Error (400) with model "llama-3.1-8b-instant":[39m
2026-05-07 00:00:07:07 [31merror[39m: [31m[LLM] API Error (400) with model "llama-3.1-8b-instant":[39m
2026-05-07 00:00:07:07 [31merror[39m: [31m[LLM] API Error (400) with model "llama-3.1-8b-instant":[39m
2026-05-07 00:00:07:07 [31merror[39m: [31m[LLM] API Error (400) with model "llama-3.1-8b-instant":[39m
2026-05-07 00:00:08:08 [31merror[39m: [31m[LLM] API Error (400) with model "llama-3.1-8b-instant":[39m
2026-05-07 00:00:09:09 [31merror[39m: [31m[LLM] API Error (400) with model "llama-3.1-8b-instant":[39m
2026-05-07 00:00:10:010 [31merror[39m: [31m[LLM] API Error (400) with model "llama-3.1-8b-instant":[39m
2026-05-07 00:00:11:011 [31merror[39m: [31m[LLM] API Error (400) with model "llama-3.1-8b-instant":[39m
2026-05-07 00:00:12:012 [31merror[39m: [31m[LLM] API Error (400) with model "llama-3.1-8b-instant":[39m
2026-05-07 00:00:13:013 [31merror[39m: [31m[LLM] API Error (400) with model "llama-3.1-8b-instant":[39m
2026-05-07 00:30:11:3011 [31merror[39m: [31m[UsageTracker] Cloudinary poll failed: fetch failed[39m
2026-05-07 01:00:06:06 [31merror[39m: [31m[LLM] API Error (400) with model "llama-3.1-8b-instant":[39m
2026-05-07 01:00:07:07 [31merror[39m: [31m[LLM] API Error (400) with model "llama-3.1-8b-instant":[39m
2026-05-07 01:00:08:08 [31merror[39m: [31m[LLM] API Error (400) with model "llama-3.1-8b-instant":[39m
2026-05-07 01:00:09:09 [31merror[39m: [31m[LLM] API Error (400) with model "llama-3.1-8b-instant":[39m
2026-05-07 01:00:09:09 [31merror[39m: [31m[LLM] API Error (400) with model "llama-3.1-8b-instant":[39m
2026-05-07 01:00:10:010 [31merror[39m: [31m[LLM] API Error (400) with model "llama-3.1-8b-instant":[39m
2026-05-07 01:00:11:011 [31merror[39m: [31m[LLM] API Error (400) with model "llama-3.1-8b-instant":[39m
2026-05-07 02:00:03:03 [31merror[39m: [31m[LLM] API Error (400) with model "llama-3.1-8b-instant":[39m
2026-05-07 02:00:05:05 [31merror[39m: [31m[LLM] API Error (400) with model "llama-3.1-8b-instant":[39m
2026-05-07 02:00:05:05 [31merror[39m: [31m[LLM] API Error (400) with model "llama-3.1-8b-instant":[39m
2026-05-07 02:00:07:07 [31merror[39m: [31m[LLM] API Error (400) with model "llama-3.1-8b-instant":[39m
2026-05-07 02:00:08:08 [31merror[39m: [31m[LLM] API Error (400) with model "llama-3.1-8b-instant":[39m
2026-05-07 02:00:09:09 [31merror[39m: [31m[LLM] API Error (400) with model "llama-3.1-8b-instant":[39m
2026-05-07 02:00:11:011 [31merror[39m: [31m[LLM] API Error (400) with model "llama-3.1-8b-instant":[39m
2026-05-07 03:00:03:03 [31merror[39m: [31m[LLM] API Error (400) with model "llama-3.1-8b-instant":[39m
2026-05-07 03:00:03:03 [31merror[39m: [31m[LLM] API Error (400) with model "llama-3.1-8b-instant":[39m
2026-05-07 03:00:04:04 [31merror[39m: [31m[LLM] API Error (400) with model "llama-3.1-8b-instant":[39m
2026-05-07 03:00:04:04 [31merror[39m: [31m[LLM] API Error (400) with model "llama-3.1-8b-instant":[39m
2026-05-07 03:00:05:05 [31merror[39m: [31m[LLM] API Error (400) with model "llama-3.1-8b-instant":[39m
2026-05-07 03:00:05:05 [31merror[39m: [31m[LLM] API Error (400) with model "llama-3.1-8b-instant":[39m
2026-05-07 03:00:06:06 [31merror[39m: [31m[LLM] API Error (400) with model "llama-3.1-8b-instant":[39m
2026-05-07 11:00:08:08 [31merror[39m: [31m[LLM] API Error (400) with model "llama-3.1-8b-instant":[39m
2026-05-07 11:00:10:010 [31merror[39m: [31m[LLM] API Error (400) with model "llama-3.1-8b-instant":[39m
2026-05-07 11:00:14:014 [31merror[39m: [31m[LLM] API Error (400) with model "llama-3.1-8b-instant":[39m
2026-05-07 11:00:17:017 [31merror[39m: [31m[LLM] API Error (400) with model "llama-3.1-8b-instant":[39m
2026-05-07 11:00:20:020 [31merror[39m: [31m[LLM] API Error (400) with model "llama-3.1-8b-instant":[39m
2026-05-07 11:00:22:022 [31merror[39m: [31m[LLM] API Error (400) with model "llama-3.1-8b-instant":[39m
2026-05-07 11:00:24:024 [31merror[39m: [31m[LLM] API Error (400) with model "llama-3.1-8b-instant":[39m
2026-05-07 12:00:03:03 [31merror[39m: [31m[LLM] API Error (400) with model "llama-3.1-8b-instant":[39m
2026-05-07 12:00:04:04 [31merror[39m: [31m[LLM] API Error (400) with model "llama-3.1-8b-instant":[39m
2026-05-07 12:00:04:04 [31merror[39m: [31m[LLM] API Error (400) with model "llama-3.1-8b-instant":[39m
2026-05-07 12:00:04:04 [31merror[39m: [31m[LLM] API Error (400) with model "llama-3.1-8b-instant":[39m
2026-05-07 12:00:05:05 [31merror[39m: [31m[LLM] API Error (400) with model "llama-3.1-8b-instant":[39m
2026-05-07 12:00:05:05 [31merror[39m: [31m[LLM] API Error (400) with model "llama-3.1-8b-instant":[39m
2026-05-07 12:00:05:05 [31merror[39m: [31m[LLM] API Error (400) with model "llama-3.1-8b-instant":[39m
2026-05-07 12:00:05:05 [31merror[39m: [31m[LLM] API Error (400) with model "llama-3.1-8b-instant":[39m
2026-05-07 12:00:06:06 [31merror[39m: [31m[LLM] API Error (400) with model "llama-3.1-8b-instant":[39m
2026-05-07 12:00:06:06 [31merror[39m: [31m[LLM] API Error (400) with model "llama-3.1-8b-instant":[39m
2026-05-07 12:00:06:06 [31merror[39m: [31m[LLM] API Error (400) with model "llama-3.1-8b-instant":[39m
2026-05-07 12:00:06:06 [31merror[39m: [31m[LLM] API Error (400) with model "llama-3.1-8b-instant":[39m
2026-05-07 12:00:07:07 [31merror[39m: [31m[LLM] API Error (400) with model "llama-3.1-8b-instant":[39m
2026-05-07 12:00:07:07 [31merror[39m: [31m[LLM] API Error (400) with model "llama-3.1-8b-instant":[39m
2026-05-07 12:00:08:08 [31merror[39m: [31m[LLM] API Error (400) with model "llama-3.1-8b-instant":[39m
2026-05-07 12:00:08:08 [31merror[39m: [31m[LLM] API Error (400) with model "llama-3.1-8b-instant":[39m
2026-05-07 12:00:09:09 [31merror[39m: [31m[LLM] API Error (400) with model "llama-3.1-8b-instant":[39m
2026-05-07 12:00:09:09 [31merror[39m: [31m[LLM] API Error (400) with model "llama-3.1-8b-instant":[39m
2026-05-07 13:00:02:02 [31merror[39m: [31m[LLM] API Error (400) with model "llama-3.1-8b-instant":[39m
2026-05-07 13:00:03:03 [31merror[39m: [31m[LLM] API Error (400) with model "llama-3.1-8b-instant":[39m
2026-05-07 13:00:04:04 [31merror[39m: [31m[LLM] API Error (400) with model "llama-3.1-8b-instant":[39m
2026-05-07 13:00:04:04 [31merror[39m: [31m[LLM] API Error (400) with model "llama-3.1-8b-instant":[39m
2026-05-07 13:00:05:05 [31merror[39m: [31m[LLM] API Error (400) with model "llama-3.1-8b-instant":[39m
2026-05-07 13:00:06:06 [31merror[39m: [31m[LLM] API Error (400) with model "llama-3.1-8b-instant":[39m
2026-05-07 13:00:06:06 [31merror[39m: [31m[LLM] API Error (400) with model "llama-3.1-8b-instant":[39m
2026-05-07 14:00:03:03 [31merror[39m: [31m[LLM] API Error (400) with model "llama-3.1-8b-instant":[39m
2026-05-07 14:00:07:07 [31merror[39m: [31m[LLM] API Error (400) with model "llama-3.1-8b-instant":[39m
2026-05-07 14:00:07:07 [31merror[39m: [31m[LLM] API Error (400) with model "llama-3.1-8b-instant":[39m
2026-05-07 14:00:08:08 [31merror[39m: [31m[LLM] API Error (400) with model "llama-3.1-8b-instant":[39m
2026-05-07 14:00:10:010 [31merror[39m: [31m[LLM] API Error (400) with model "llama-3.1-8b-instant":[39m
2026-05-07 14:00:10:010 [31merror[39m: [31m[LLM] API Error (400) with model "llama-3.1-8b-instant":[39m
2026-05-07 14:00:11:011 [31merror[39m: [31m[LLM] API Error (400) with model "llama-3.1-8b-instant":[39m
2026-05-07 16:00:02:02 [31merror[39m: [31m[LLM] API Error (400) with model "llama-3.1-8b-instant":[39m
2026-05-07 16:00:03:03 [31merror[39m: [31m[LLM] API Error (400) with model "llama-3.1-8b-instant":[39m
2026-05-07 16:00:03:03 [31merror[39m: [31m[LLM] API Error (400) with model "llama-3.1-8b-instant":[39m
2026-05-07 16:00:04:04 [31merror[39m: [31m[LLM] API Error (400) with model "llama-3.1-8b-instant":[39m
2026-05-07 16:00:04:04 [31merror[39m: [31m[LLM] API Error (400) with model "llama-3.1-8b-instant":[39m
2026-05-07 16:00:05:05 [31merror[39m: [31m[LLM] API Error (400) with model "llama-3.1-8b-instant":[39m
2026-05-07 16:00:06:06 [31merror[39m: [31m[LLM] API Error (400) with model "llama-3.1-8b-instant":[39m
2026-05-07 17:00:01:01 [31merror[39m: [31m[LLM] API Error (400) with model "llama-3.1-8b-instant":[39m
2026-05-07 17:00:02:02 [31merror[39m: [31m[LLM] API Error (400) with model "llama-3.1-8b-instant":[39m
2026-05-07 17:00:02:02 [31merror[39m: [31m[LLM] API Error (400) with model "llama-3.1-8b-instant":[39m
2026-05-07 17:00:03:03 [31merror[39m: [31m[LLM] API Error (400) with model "llama-3.1-8b-instant":[39m
2026-05-07 17:00:04:04 [31merror[39m: [31m[LLM] API Error (400) with model "llama-3.1-8b-instant":[39m
2026-05-07 17:00:04:04 [31merror[39m: [31m[LLM] API Error (400) with model "llama-3.1-8b-instant":[39m
2026-05-07 17:00:05:05 [31merror[39m: [31m[LLM] API Error (400) with model "llama-3.1-8b-instant":[39m
2026-05-07 18:00:07:07 [31merror[39m: [31m[LLM] API Error (400) with model "llama-3.1-8b-instant":[39m
2026-05-07 18:00:09:09 [31merror[39m: [31m[LLM] API Error (400) with model "llama-3.1-8b-instant":[39m
2026-05-07 18:00:10:010 [31merror[39m: [31m[LLM] API Error (400) with model "llama-3.1-8b-instant":[39m
2026-05-07 18:00:12:012 [31merror[39m: [31m[LLM] API Error (400) with model "llama-3.1-8b-instant":[39m
2026-05-07 18:00:12:012 [31merror[39m: [31m[LLM] API Error (400) with model "llama-3.1-8b-instant":[39m
2026-05-07 18:00:12:012 [31merror[39m: [31m[LLM] API Error (400) with model "llama-3.1-8b-instant":[39m
2026-05-07 18:00:12:012 [31merror[39m: [31m[LLM] API Error (400) with model "llama-3.1-8b-instant":[39m
2026-05-07 18:00:13:013 [31merror[39m: [31m[LLM] API Error (400) with model "llama-3.1-8b-instant":[39m
2026-05-07 18:00:13:013 [31merror[39m: [31m[LLM] API Error (400) with model "llama-3.1-8b-instant":[39m
2026-05-07 18:00:14:014 [31merror[39m: [31m[LLM] API Error (400) with model "llama-3.1-8b-instant":[39m
2026-05-07 18:00:15:015 [31merror[39m: [31m[LLM] API Error (400) with model "llama-3.1-8b-instant":[39m
2026-05-07 18:00:15:015 [31merror[39m: [31m[LLM] API Error (400) with model "llama-3.1-8b-instant":[39m
2026-05-07 18:00:17:017 [31merror[39m: [31m[LLM] API Error (400) with model "llama-3.1-8b-instant":[39m
2026-05-07 18:00:19:019 [31merror[39m: [31m[LLM] API Error (400) with model "llama-3.1-8b-instant":[39m
2026-05-07 18:00:20:020 [31merror[39m: [31m[LLM] API Error (400) with model "llama-3.1-8b-instant":[39m
2026-05-07 18:00:22:022 [31merror[39m: [31m[LLM] API Error (400) with model "llama-3.1-8b-instant":[39m
2026-05-07 18:00:23:023 [31merror[39m: [31m[LLM] API Error (400) with model "llama-3.1-8b-instant":[39m
2026-05-07 18:00:28:028 [31merror[39m: [31m[LLM] API Error (400) with model "llama-3.1-8b-instant":[39m
2026-05-07 19:00:02:02 [31merror[39m: [31m[LLM] API Error (400) with model "llama-3.1-8b-instant":[39m
2026-05-07 19:00:03:03 [31merror[39m: [31m[LLM] API Error (400) with model "llama-3.1-8b-instant":[39m
2026-05-07 19:00:04:04 [31merror[39m: [31m[LLM] API Error (400) with model "llama-3.1-8b-instant":[39m
2026-05-07 19:00:05:05 [31merror[39m: [31m[LLM] API Error (400) with model "llama-3.1-8b-instant":[39m
2026-05-07 19:00:06:06 [31merror[39m: [31m[LLM] API Error (400) with model "llama-3.1-8b-instant":[39m
2026-05-07 19:00:07:07 [31merror[39m: [31m[LLM] API Error (400) with model "llama-3.1-8b-instant":[39m
2026-05-07 19:00:07:07 [31merror[39m: [31m[LLM] API Error (400) with model "llama-3.1-8b-instant":[39m
2026-05-07 20:00:02:02 [31merror[39m: [31m[LLM] API Error (400) with model "llama-3.1-8b-instant":[39m
2026-05-07 20:00:03:03 [31merror[39m: [31m[LLM] API Error (400) with model "llama-3.1-8b-instant":[39m
2026-05-07 20:00:04:04 [31merror[39m: [31m[LLM] API Error (400) with model "llama-3.1-8b-instant":[39m
2026-05-07 20:00:04:04 [31merror[39m: [31m[LLM] API Error (400) with model "llama-3.1-8b-instant":[39m
2026-05-07 20:00:05:05 [31merror[39m: [31m[LLM] API Error (400) with model "llama-3.1-8b-instant":[39m
2026-05-07 20:00:06:06 [31merror[39m: [31m[LLM] API Error (400) with model "llama-3.1-8b-instant":[39m
2026-05-07 20:00:06:06 [31merror[39m: [31m[LLM] API Error (400) with model "llama-3.1-8b-instant":[39m
2026-05-07 21:00:02:02 [31merror[39m: [31m[LLM] API Error (400) with model "llama-3.1-8b-instant":[39m
2026-05-07 21:00:02:02 [31merror[39m: [31m[LLM] API Error (400) with model "llama-3.1-8b-instant":[39m
2026-05-07 21:00:03:03 [31merror[39m: [31m[LLM] API Error (400) with model "llama-3.1-8b-instant":[39m
2026-05-07 21:00:03:03 [31merror[39m: [31m[LLM] API Error (400) with model "llama-3.1-8b-instant":[39m
2026-05-07 21:00:04:04 [31merror[39m: [31m[LLM] API Error (400) with model "llama-3.1-8b-instant":[39m
2026-05-07 21:00:05:05 [31merror[39m: [31m[LLM] API Error (400) with model "llama-3.1-8b-instant":[39m
2026-05-07 21:00:05:05 [31merror[39m: [31m[LLM] API Error (400) with model "llama-3.1-8b-instant":[39m
2026-05-08 01:00:04:04 [31merror[39m: [31m[LLM] API Error (400) with model "llama-3.1-8b-instant":[39m
2026-05-08 01:00:05:05 [31merror[39m: [31m[LLM] API Error (400) with model "llama-3.1-8b-instant":[39m
2026-05-08 01:00:06:06 [31merror[39m: [31m[LLM] API Error (400) with model "llama-3.1-8b-instant":[39m
2026-05-08 01:00:07:07 [31merror[39m: [31m[LLM] API Error (400) with model "llama-3.1-8b-instant":[39m
2026-05-08 01:00:07:07 [31merror[39m: [31m[LLM] API Error (400) with model "llama-3.1-8b-instant":[39m
2026-05-08 01:00:09:09 [31merror[39m: [31m[LLM] API Error (400) with model "llama-3.1-8b-instant":[39m
2026-05-08 01:00:09:09 [31merror[39m: [31m[LLM] API Error (400) with model "llama-3.1-8b-instant":[39m
2026-05-09 16:00:03:03 [31merror[39m: [31m[LLM] API Error (400) with model "llama-3.1-8b-instant":[39m
2026-05-09 16:00:04:04 [31merror[39m: [31m[LLM] API Error (400) with model "llama-3.1-8b-instant":[39m
2026-05-09 16:00:04:04 [31merror[39m: [31m[LLM] API Error (400) with model "llama-3.1-8b-instant":[39m
2026-05-09 16:00:14:014 [31merror[39m: [31m[LLM] API Error (400) with model "llama-3.1-8b-instant":[39m
2026-05-09 16:00:15:015 [31merror[39m: [31m[LLM] API Error (400) with model "llama-3.1-8b-instant":[39m
2026-05-09 16:00:16:016 [31merror[39m: [31m[LLM] API Error (400) with model "llama-3.1-8b-instant":[39m
2026-05-09 16:00:17:017 [31merror[39m: [31m[LLM] API Error (400) with model "llama-3.1-8b-instant":[39m
2026-05-16 13:29:04:294 [31merror[39m: [31mSocket Auth: JWT verification failed for socket 1aq8xlZVMGCxl3fuAAAB. Error: jwt expired[39m
2026-05-16 14:00:03:03 [31merror[39m: [31m[LLM] API Error (400) with model "llama-3.1-8b-instant":[39m
2026-05-16 14:00:03:03 [31merror[39m: [31m[LLM] API Error (400) with model "llama-3.1-8b-instant":[39m
2026-05-16 14:00:04:04 [31merror[39m: [31m[LLM] API Error (400) with model "llama-3.1-8b-instant":[39m
2026-05-16 14:00:05:05 [31merror[39m: [31m[LLM] API Error (400) with model "llama-3.1-8b-instant":[39m
2026-05-16 14:00:06:06 [31merror[39m: [31m[LLM] API Error (400) with model "llama-3.1-8b-instant":[39m
2026-05-16 14:00:06:06 [31merror[39m: [31m[LLM] API Error (400) with model "llama-3.1-8b-instant":[39m
2026-05-16 14:00:07:07 [31merror[39m: [31m[LLM] API Error (400) with model "llama-3.1-8b-instant":[39m
2026-05-16 14:00:08:08 [31merror[39m: [31m[LLM] API Error (400) with model "llama-3.1-8b-instant":[39m
2026-05-16 15:00:03:03 [31merror[39m: [31m[LLM] API Error (400) with model "llama-3.1-8b-instant":[39m
2026-05-16 15:00:04:04 [31merror[39m: [31m[LLM] API Error (400) with model "llama-3.1-8b-instant":[39m
2026-05-16 15:00:05:05 [31merror[39m: [31m[LLM] API Error (400) with model "llama-3.1-8b-instant":[39m
2026-05-16 15:00:07:07 [31merror[39m: [31m[LLM] API Error (400) with model "llama-3.1-8b-instant":[39m
2026-05-16 15:00:09:09 [31merror[39m: [31m[LLM] API Error (400) with model "llama-3.1-8b-instant":[39m
2026-05-16 15:00:10:010 [31merror[39m: [31m[LLM] API Error (400) with model "llama-3.1-8b-instant":[39m
2026-05-16 15:00:11:011 [31merror[39m: [31m[LLM] API Error (400) with model "llama-3.1-8b-instant":[39m
2026-05-16 15:00:12:012 [31merror[39m: [31m[LLM] API Error (400) with model "llama-3.1-8b-instant":[39m
2026-05-16 16:00:03:03 [31merror[39m: [31m[LLM] API Error (400) with model "llama-3.1-8b-instant":[39m
2026-05-16 16:00:04:04 [31merror[39m: [31m[LLM] API Error (400) with model "llama-3.1-8b-instant":[39m
2026-05-16 16:00:05:05 [31merror[39m: [31m[LLM] API Error (400) with model "llama-3.1-8b-instant":[39m
2026-05-16 16:00:05:05 [31merror[39m: [31m[LLM] API Error (400) with model "llama-3.1-8b-instant":[39m
2026-05-16 16:00:06:06 [31merror[39m: [31m[LLM] API Error (400) with model "llama-3.1-8b-instant":[39m
2026-05-16 16:00:07:07 [31merror[39m: [31m[LLM] API Error (400) with model "llama-3.1-8b-instant":[39m
2026-05-16 16:00:08:08 [31merror[39m: [31m[LLM] API Error (400) with model "llama-3.1-8b-instant":[39m
2026-05-16 16:00:14:014 [31merror[39m: [31m[LLM] API Error (400) with model "llama-3.1-8b-instant":[39m
2026-05-16 17:00:02:02 [31merror[39m: [31m[LLM] API Error (400) with model "llama-3.1-8b-instant":[39m
2026-05-16 17:00:02:02 [31merror[39m: [31m[LLM] API Error (400) with model "llama-3.1-8b-instant":[39m
2026-05-16 17:00:03:03 [31merror[39m: [31m[LLM] API Error (400) with model "llama-3.1-8b-instant":[39m
2026-05-16 17:00:03:03 [31merror[39m: [31m[LLM] API Error (400) with model "llama-3.1-8b-instant":[39m
2026-05-16 17:00:04:04 [31merror[39m: [31m[LLM] API Error (400) with model "llama-3.1-8b-instant":[39m
2026-05-16 17:00:05:05 [31merror[39m: [31m[LLM] API Error (400) with model "llama-3.1-8b-instant":[39m
2026-05-16 17:00:06:06 [31merror[39m: [31m[LLM] API Error (400) with model "llama-3.1-8b-instant":[39m
2026-05-16 17:00:07:07 [31merror[39m: [31m[LLM] API Error (400) with model "llama-3.1-8b-instant":[39m
2026-05-16 19:00:11:011 [31merror[39m: [31m[LLM] API Error (400) with model "llama-3.1-8b-instant":[39m
2026-05-16 19:00:13:013 [31merror[39m: [31m[LLM] API Error (400) with model "llama-3.1-8b-instant":[39m
2026-05-16 19:00:17:017 [31merror[39m: [31m[LLM] API Error (400) with model "llama-3.1-8b-instant":[39m
2026-05-16 19:00:17:017 [31merror[39m: [31m[LLM] API Error (400) with model "llama-3.1-8b-instant":[39m
2026-05-16 19:00:18:018 [31merror[39m: [31m[LLM] API Error (400) with model "llama-3.1-8b-instant":[39m
2026-05-16 19:00:20:020 [31merror[39m: [31m[LLM] API Error (400) with model "llama-3.1-8b-instant":[39m
2026-05-16 19:00:21:021 [31merror[39m: [31m[LLM] API Error (400) with model "llama-3.1-8b-instant":[39m
2026-05-16 19:00:22:022 [31merror[39m: [31m[LLM] API Error (400) with model "llama-3.1-8b-instant":[39m
2026-05-17 00:00:04:04 [31merror[39m: [31m[LLM] API Error (400) with model "llama-3.1-8b-instant":[39m
2026-05-17 00:00:05:05 [31merror[39m: [31m[LLM] API Error (400) with model "llama-3.1-8b-instant":[39m
2026-05-17 00:00:05:05 [31merror[39m: [31m[LLM] API Error (400) with model "llama-3.1-8b-instant":[39m
2026-05-17 00:00:06:06 [31merror[39m: [31m[LLM] API Error (400) with model "llama-3.1-8b-instant":[39m
2026-05-17 00:00:07:07 [31merror[39m: [31m[LLM] API Error (400) with model "llama-3.1-8b-instant":[39m
2026-05-17 00:00:08:08 [31merror[39m: [31m[LLM] API Error (400) with model "llama-3.1-8b-instant":[39m
2026-05-17 00:00:08:08 [31merror[39m: [31m[LLM] API Error (400) with model "llama-3.1-8b-instant":[39m
2026-05-17 00:00:08:08 [31merror[39m: [31m[LLM] API Error (400) with model "llama-3.1-8b-instant":[39m
2026-05-17 00:00:09:09 [31merror[39m: [31m[LLM] API Error (400) with model "llama-3.1-8b-instant":[39m
2026-05-17 00:00:10:010 [31merror[39m: [31m[LLM] API Error (400) with model "llama-3.1-8b-instant":[39m
2026-05-17 00:00:10:010 [31merror[39m: [31m[LLM] API Error (400) with model "llama-3.1-8b-instant":[39m
2026-05-17 00:00:10:010 [31merror[39m: [31m[LLM] API Error (400) with model "llama-3.1-8b-instant":[39m
2026-05-17 00:00:12:012 [31merror[39m: [31m[LLM] API Error (400) with model "llama-3.1-8b-instant":[39m
2026-05-17 00:00:12:012 [31merror[39m: [31m[LLM] API Error (400) with model "llama-3.1-8b-instant":[39m
2026-05-17 00:00:13:013 [31merror[39m: [31m[LLM] API Error (400) with model "llama-3.1-8b-instant":[39m
2026-05-17 00:00:13:013 [31merror[39m: [31m[LLM] API Error (400) with model "llama-3.1-8b-instant":[39m
2026-05-17 00:00:14:014 [31merror[39m: [31m[LLM] API Error (400) with model "llama-3.1-8b-instant":[39m
2026-05-17 00:00:16:016 [31merror[39m: [31m[LLM] API Error (400) with model "llama-3.1-8b-instant":[39m
2026-05-17 00:00:17:017 [31merror[39m: [31m[LLM] API Error (400) with model "llama-3.1-8b-instant":[39m
2026-05-17 00:00:19:019 [31merror[39m: [31m[LLM] API Error (400) with model "llama-3.1-8b-instant":[39m
2026-05-17 01:00:05:05 [31merror[39m: [31m[LLM] API Error (400) with model "llama-3.1-8b-instant":[39m
2026-05-17 01:00:05:05 [31merror[39m: [31m[LLM] API Error (400) with model "llama-3.1-8b-instant":[39m
2026-05-17 01:00:06:06 [31merror[39m: [31m[LLM] API Error (400) with model "llama-3.1-8b-instant":[39m
2026-05-17 01:00:06:06 [31merror[39m: [31m[LLM] API Error (400) with model "llama-3.1-8b-instant":[39m
2026-05-17 01:00:07:07 [31merror[39m: [31m[LLM] API Error (400) with model "llama-3.1-8b-instant":[39m
2026-05-17 01:00:08:08 [31merror[39m: [31m[LLM] API Error (400) with model "llama-3.1-8b-instant":[39m
2026-05-17 01:00:09:09 [31merror[39m: [31m[LLM] API Error (400) with model "llama-3.1-8b-instant":[39m
2026-05-17 01:00:09:09 [31merror[39m: [31m[LLM] API Error (400) with model "llama-3.1-8b-instant":[39m
2026-05-17 02:00:05:05 [31merror[39m: [31m[LLM] API Error (400) with model "llama-3.1-8b-instant":[39m
2026-05-17 02:00:05:05 [31merror[39m: [31m[LLM] API Error (400) with model "llama-3.1-8b-instant":[39m
2026-05-17 02:00:07:07 [31merror[39m: [31m[LLM] API Error (400) with model "llama-3.1-8b-instant":[39m
2026-05-17 02:00:07:07 [31merror[39m: [31m[LLM] API Error (400) with model "llama-3.1-8b-instant":[39m
2026-05-17 02:00:08:08 [31merror[39m: [31m[LLM] API Error (400) with model "llama-3.1-8b-instant":[39m
2026-05-17 02:00:10:010 [31merror[39m: [31m[LLM] API Error (400) with model "llama-3.1-8b-instant":[39m
2026-05-17 02:00:11:011 [31merror[39m: [31m[LLM] API Error (400) with model "llama-3.1-8b-instant":[39m
2026-05-17 02:00:12:012 [31merror[39m: [31m[LLM] API Error (400) with model "llama-3.1-8b-instant":[39m
2026-05-17 03:00:03:03 [31merror[39m: [31m[LLM] API Error (400) with model "llama-3.1-8b-instant":[39m
2026-05-17 03:00:03:03 [31merror[39m: [31m[LLM] API Error (400) with model "llama-3.1-8b-instant":[39m
2026-05-17 03:00:04:04 [31merror[39m: [31m[LLM] API Error (400) with model "llama-3.1-8b-instant":[39m
2026-05-17 03:00:04:04 [31merror[39m: [31m[LLM] API Error (400) with model "llama-3.1-8b-instant":[39m
2026-05-17 03:00:05:05 [31merror[39m: [31m[LLM] API Error (400) with model "llama-3.1-8b-instant":[39m
2026-05-17 03:00:06:06 [31merror[39m: [31m[LLM] API Error (400) with model "llama-3.1-8b-instant":[39m
2026-05-17 03:00:07:07 [31merror[39m: [31m[LLM] API Error (400) with model "llama-3.1-8b-instant":[39m
2026-05-17 03:00:07:07 [31merror[39m: [31m[LLM] API Error (400) with model "llama-3.1-8b-instant":[39m
2026-05-17 04:00:02:02 [31merror[39m: [31m[LLM] API Error (400) with model "llama-3.1-8b-instant":[39m
2026-05-17 04:00:03:03 [31merror[39m: [31m[LLM] API Error (400) with model "llama-3.1-8b-instant":[39m
2026-05-17 04:00:03:03 [31merror[39m: [31m[LLM] API Error (400) with model "llama-3.1-8b-instant":[39m
2026-05-17 04:00:03:03 [31merror[39m: [31m[LLM] API Error (400) with model "llama-3.1-8b-instant":[39m
2026-05-17 04:00:04:04 [31merror[39m: [31m[LLM] API Error (400) with model "llama-3.1-8b-instant":[39m
2026-05-17 04:00:04:04 [31merror[39m: [31m[LLM] API Error (400) with model "llama-3.1-8b-instant":[39m
2026-05-17 04:00:05:05 [31merror[39m: [31m[LLM] API Error (400) with model "llama-3.1-8b-instant":[39m
2026-05-17 04:00:05:05 [31merror[39m: [31m[LLM] API Error (400) with model "llama-3.1-8b-instant":[39m
2026-05-20 03:02:33:233 [31merror[39m: [31mSocket Auth: JWT verification failed for socket S9hNiOap5YMyyFWMAAAB. Error: jwt expired[39m
2026-05-20 04:00:03:03 [31merror[39m: [31m[LLM] API Error (400) with model "llama-3.1-8b-instant":[39m
2026-05-20 04:00:04:04 [31merror[39m: [31m[LLM] API Error (400) with model "llama-3.1-8b-instant":[39m
2026-05-20 04:00:05:05 [31merror[39m: [31m[LLM] API Error (400) with model "llama-3.1-8b-instant":[39m
2026-05-20 04:00:05:05 [31merror[39m: [31m[LLM] API Error (400) with model "llama-3.1-8b-instant":[39m
2026-05-20 04:00:06:06 [31merror[39m: [31m[LLM] API Error (400) with model "llama-3.1-8b-instant":[39m
2026-05-20 04:00:07:07 [31merror[39m: [31m[LLM] API Error (400) with model "llama-3.1-8b-instant":[39m
2026-05-20 04:00:09:09 [31merror[39m: [31m[LLM] API Error (400) with model "llama-3.1-8b-instant":[39m
2026-05-20 04:00:10:010 [31merror[39m: [31m[LLM] API Error (400) with model "llama-3.1-8b-instant":[39m
2026-05-20 10:00:02:02 [31merror[39m: [31m[LLM] API Error (400) with model "llama-3.1-8b-instant":[39m
2026-05-20 10:00:02:02 [31merror[39m: [31m[LLM] API Error (400) with model "llama-3.1-8b-instant":[39m
2026-05-20 10:00:03:03 [31merror[39m: [31m[LLM] API Error (400) with model "llama-3.1-8b-instant":[39m
2026-05-20 10:00:03:03 [31merror[39m: [31m[LLM] API Error (400) with model "llama-3.1-8b-instant":[39m
2026-05-20 10:00:04:04 [31merror[39m: [31m[LLM] API Error (400) with model "llama-3.1-8b-instant":[39m
2026-05-20 10:00:04:04 [31merror[39m: [31m[LLM] API Error (400) with model "llama-3.1-8b-instant":[39m
2026-05-20 10:00:05:05 [31merror[39m: [31m[LLM] API Error (400) with model "llama-3.1-8b-instant":[39m
2026-05-20 10:00:05:05 [31merror[39m: [31m[LLM] API Error (400) with model "llama-3.1-8b-instant":[39m
2026-05-20 11:03:16:316 [31merror[39m: [31mSocket Auth: JWT verification failed for socket iS6WwomrHu54h9f5AAAx. Error: jwt expired[39m
2026-05-20 11:03:16:316 [31merror[39m: [31mSocket Auth: JWT verification failed for socket l0Zk6CRVzUlvWwpyAAAz. Error: jwt expired[39m
2026-05-20 11:39:49:3949 [31merror[39m: [31mSocket Auth: JWT verification failed for socket bMbGwuMjB5H0wq4iAAA9. Error: jwt expired[39m
2026-05-20 12:00:01:01 [31merror[39m: [31m[LLM] API Error (400) with model "llama-3.1-8b-instant":[39m
2026-05-20 12:00:01:01 [31merror[39m: [31m[LLM] API Error (400) with model "llama-3.1-8b-instant":[39m
2026-05-20 12:00:02:02 [31merror[39m: [31m[LLM] API Error (400) with model "llama-3.1-8b-instant":[39m
2026-05-20 12:00:02:02 [31merror[39m: [31m[LLM] API Error (400) with model "llama-3.1-8b-instant":[39m
2026-05-20 12:00:02:02 [31merror[39m: [31m[LLM] API Error (400) with model "llama-3.1-8b-instant":[39m
2026-05-20 12:00:03:03 [31merror[39m: [31m[LLM] API Error (400) with model "llama-3.1-8b-instant":[39m
2026-05-20 12:00:03:03 [31merror[39m: [31m[LLM] API Error (400) with model "llama-3.1-8b-instant":[39m
2026-05-20 12:00:03:03 [31merror[39m: [31m[LLM] API Error (400) with model "llama-3.1-8b-instant":[39m
2026-05-20 12:00:03:03 [31merror[39m: [31m[LLM] API Error (400) with model "llama-3.1-8b-instant":[39m
2026-05-20 12:00:03:03 [31merror[39m: [31m[LLM] API Error (400) with model "llama-3.1-8b-instant":[39m
2026-05-20 12:00:04:04 [31merror[39m: [31m[LLM] API Error (400) with model "llama-3.1-8b-instant":[39m
2026-05-20 12:00:04:04 [31merror[39m: [31m[LLM] API Error (400) with model "llama-3.1-8b-instant":[39m
2026-05-20 12:00:04:04 [31merror[39m: [31m[LLM] API Error (400) with model "llama-3.1-8b-instant":[39m
2026-05-20 12:00:04:04 [31merror[39m: [31m[LLM] API Error (400) with model "llama-3.1-8b-instant":[39m
2026-05-20 12:00:04:04 [31merror[39m: [31m[LLM] API Error (400) with model "llama-3.1-8b-instant":[39m
2026-05-20 12:00:05:05 [31merror[39m: [31m[LLM] API Error (400) with model "llama-3.1-8b-instant":[39m
2026-05-20 12:00:05:05 [31merror[39m: [31m[LLM] API Error (400) with model "llama-3.1-8b-instant":[39m
2026-05-20 12:00:06:06 [31merror[39m: [31m[LLM] API Error (400) with model "llama-3.1-8b-instant":[39m
2026-05-20 12:00:07:07 [31merror[39m: [31m[LLM] API Error (400) with model "llama-3.1-8b-instant":[39m
2026-05-20 12:00:07:07 [31merror[39m: [31m[LLM] API Error (400) with model "llama-3.1-8b-instant":[39m
2026-05-20 13:00:02:02 [31merror[39m: [31m[LLM] API Error (400) with model "llama-3.1-8b-instant":[39m
2026-05-20 13:00:02:02 [31merror[39m: [31m[LLM] API Error (400) with model "llama-3.1-8b-instant":[39m
2026-05-20 13:00:03:03 [31merror[39m: [31m[LLM] API Error (400) with model "llama-3.1-8b-instant":[39m
2026-05-20 13:00:03:03 [31merror[39m: [31m[LLM] API Error (400) with model "llama-3.1-8b-instant":[39m
2026-05-20 13:00:04:04 [31merror[39m: [31m[LLM] API Error (400) with model "llama-3.1-8b-instant":[39m
2026-05-20 13:00:04:04 [31merror[39m: [31m[LLM] API Error (400) with model "llama-3.1-8b-instant":[39m
2026-05-20 13:00:05:05 [31merror[39m: [31m[LLM] API Error (400) with model "llama-3.1-8b-instant":[39m
2026-05-20 13:00:05:05 [31merror[39m: [31m[LLM] API Error (400) with model "llama-3.1-8b-instant":[39m
2026-05-20 14:00:01:01 [31merror[39m: [31m[LLM] API Error (400) with model "llama-3.1-8b-instant":[39m
2026-05-20 14:00:02:02 [31merror[39m: [31m[LLM] API Error (400) with model "llama-3.1-8b-instant":[39m
2026-05-20 14:00:02:02 [31merror[39m: [31m[LLM] API Error (400) with model "llama-3.1-8b-instant":[39m
2026-05-20 14:00:03:03 [31merror[39m: [31m[LLM] API Error (400) with model "llama-3.1-8b-instant":[39m
2026-05-20 14:00:03:03 [31merror[39m: [31m[LLM] API Error (400) with model "llama-3.1-8b-instant":[39m
2026-05-20 14:00:04:04 [31merror[39m: [31m[LLM] API Error (400) with model "llama-3.1-8b-instant":[39m
2026-05-20 14:00:04:04 [31merror[39m: [31m[LLM] API Error (400) with model "llama-3.1-8b-instant":[39m
2026-05-20 14:00:04:04 [31merror[39m: [31m[LLM] API Error (400) with model "llama-3.1-8b-instant":[39m
2026-05-20 14:06:35:635 [31merror[39m: [31mSocket Auth: JWT verification failed for socket H0E8rXshPLjSdk_nAAA_. Error: jwt expired[39m
2026-05-20 15:10:40:1040 [31merror[39m: [31mSocket Auth: JWT verification failed for socket 27QQ8k-_s9stOUckAAAB. Error: jwt expired[39m
2026-05-20 18:00:01:01 [31merror[39m: [31m[LLM] API Error (400) with model "llama-3.1-8b-instant":[39m
2026-05-20 18:00:02:02 [31merror[39m: [31m[LLM] API Error (400) with model "llama-3.1-8b-instant":[39m
2026-05-20 18:00:02:02 [31merror[39m: [31m[LLM] API Error (400) with model "llama-3.1-8b-instant":[39m
2026-05-20 18:00:02:02 [31merror[39m: [31m[LLM] API Error (400) with model "llama-3.1-8b-instant":[39m
2026-05-20 18:00:02:02 [31merror[39m: [31m[LLM] API Error (400) with model "llama-3.1-8b-instant":[39m
2026-05-20 18:00:03:03 [31merror[39m: [31m[LLM] API Error (400) with model "llama-3.1-8b-instant":[39m
2026-05-20 18:00:03:03 [31merror[39m: [31m[LLM] API Error (400) with model "llama-3.1-8b-instant":[39m
2026-05-20 18:00:03:03 [31merror[39m: [31m[LLM] API Error (400) with model "llama-3.1-8b-instant":[39m
2026-05-20 18:00:03:03 [31merror[39m: [31m[LLM] API Error (400) with model "llama-3.1-8b-instant":[39m
2026-05-20 18:00:04:04 [31merror[39m: [31m[LLM] API Error (400) with model "llama-3.1-8b-instant":[39m
2026-05-20 18:00:04:04 [31merror[39m: [31m[LLM] API Error (400) with model "llama-3.1-8b-instant":[39m
2026-05-20 18:00:04:04 [31merror[39m: [31m[LLM] API Error (400) with model "llama-3.1-8b-instant":[39m
2026-05-20 18:00:04:04 [31merror[39m: [31m[LLM] API Error (400) with model "llama-3.1-8b-instant":[39m
2026-05-20 18:00:05:05 [31merror[39m: [31m[LLM] API Error (400) with model "llama-3.1-8b-instant":[39m
2026-05-20 18:00:05:05 [31merror[39m: [31m[LLM] API Error (400) with model "llama-3.1-8b-instant":[39m
2026-05-20 18:00:05:05 [31merror[39m: [31m[LLM] API Error (400) with model "llama-3.1-8b-instant":[39m
2026-05-20 18:00:06:06 [31merror[39m: [31m[LLM] API Error (400) with model "llama-3.1-8b-instant":[39m
2026-05-20 18:00:06:06 [31merror[39m: [31m[LLM] API Error (400) with model "llama-3.1-8b-instant":[39m
2026-05-20 18:00:07:07 [31merror[39m: [31m[LLM] API Error (400) with model "llama-3.1-8b-instant":[39m
2026-05-20 18:00:07:07 [31merror[39m: [31m[LLM] API Error (400) with model "llama-3.1-8b-instant":[39m
2026-05-20 23:00:03:03 [31merror[39m: [31m[LLM] API Error (400) with model "llama-3.1-8b-instant":[39m
2026-05-20 23:00:03:03 [31merror[39m: [31m[LLM] API Error (400) with model "llama-3.1-8b-instant":[39m
2026-05-20 23:00:04:04 [31merror[39m: [31m[LLM] API Error (400) with model "llama-3.1-8b-instant":[39m
2026-05-20 23:00:05:05 [31merror[39m: [31m[LLM] API Error (400) with model "llama-3.1-8b-instant":[39m
2026-05-20 23:00:06:06 [31merror[39m: [31m[LLM] API Error (400) with model "llama-3.1-8b-instant":[39m
2026-05-20 23:00:07:07 [31merror[39m: [31m[LLM] API Error (400) with model "llama-3.1-8b-instant":[39m
2026-05-20 23:00:08:08 [31merror[39m: [31m[LLM] API Error (400) with model "llama-3.1-8b-instant":[39m
2026-05-20 23:00:09:09 [31merror[39m: [31m[LLM] API Error (400) with model "llama-3.1-8b-instant":[39m
2026-05-20 23:04:13:413 [31merror[39m: [31mSocket Auth: JWT verification failed for socket p7E-nvbhnj7frxkhAAA1. Error: jwt expired[39m
2026-05-20 23:04:13:413 [31merror[39m: [31mSocket Auth: JWT verification failed for socket F8NgCnUA_7rOsQTXAAA2. Error: jwt expired[39m
2026-05-20 23:04:13:413 [31merror[39m: [31mSocket Auth: JWT verification failed for socket 91Ai1PhXAF5Be7jvAAA3. Error: jwt expired[39m
2026-05-21 00:00:01:01 [31merror[39m: [31m[LLM] API Error (400) with model "llama-3.1-8b-instant":[39m
2026-05-21 00:00:02:02 [31merror[39m: [31m[LLM] API Error (400) with model "llama-3.1-8b-instant":[39m
2026-05-21 00:00:02:02 [31merror[39m: [31m[LLM] API Error (400) with model "llama-3.1-8b-instant":[39m
2026-05-21 00:00:02:02 [31merror[39m: [31m[LLM] API Error (400) with model "llama-3.1-8b-instant":[39m
2026-05-21 00:00:02:02 [31merror[39m: [31m[LLM] API Error (400) with model "llama-3.1-8b-instant":[39m
2026-05-21 00:00:03:03 [31merror[39m: [31m[LLM] API Error (400) with model "llama-3.1-8b-instant":[39m
2026-05-21 00:00:03:03 [31merror[39m: [31m[LLM] API Error (400) with model "llama-3.1-8b-instant":[39m
2026-05-21 00:00:03:03 [31merror[39m: [31m[LLM] API Error (400) with model "llama-3.1-8b-instant":[39m
2026-05-21 00:00:03:03 [31merror[39m: [31m[LLM] API Error (400) with model "llama-3.1-8b-instant":[39m
2026-05-21 00:00:04:04 [31merror[39m: [31m[LLM] API Error (400) with model "llama-3.1-8b-instant":[39m
2026-05-21 00:00:04:04 [31merror[39m: [31m[LLM] API Error (400) with model "llama-3.1-8b-instant":[39m
2026-05-21 00:00:04:04 [31merror[39m: [31m[LLM] API Error (400) with model "llama-3.1-8b-instant":[39m
2026-05-21 00:00:04:04 [31merror[39m: [31m[LLM] API Error (400) with model "llama-3.1-8b-instant":[39m
2026-05-21 00:00:05:05 [31merror[39m: [31m[LLM] API Error (400) with model "llama-3.1-8b-instant":[39m
2026-05-21 00:00:05:05 [31merror[39m: [31m[LLM] API Error (400) with model "llama-3.1-8b-instant":[39m
2026-05-21 00:00:06:06 [31merror[39m: [31m[LLM] API Error (400) with model "llama-3.1-8b-instant":[39m
2026-05-21 00:00:06:06 [31merror[39m: [31m[LLM] API Error (400) with model "llama-3.1-8b-instant":[39m
2026-05-21 00:00:07:07 [31merror[39m: [31m[LLM] API Error (400) with model "llama-3.1-8b-instant":[39m
2026-05-21 01:00:02:02 [31merror[39m: [31m[LLM] API Error (400) with model "llama-3.1-8b-instant":[39m
2026-05-21 01:00:03:03 [31merror[39m: [31m[LLM] API Error (400) with model "llama-3.1-8b-instant":[39m
2026-05-21 01:00:03:03 [31merror[39m: [31m[LLM] API Error (400) with model "llama-3.1-8b-instant":[39m
2026-05-21 01:00:04:04 [31merror[39m: [31m[LLM] API Error (400) with model "llama-3.1-8b-instant":[39m
2026-05-21 01:00:04:04 [31merror[39m: [31m[LLM] API Error (400) with model "llama-3.1-8b-instant":[39m
2026-05-21 01:00:05:05 [31merror[39m: [31m[LLM] API Error (400) with model "llama-3.1-8b-instant":[39m
2026-05-21 01:00:05:05 [31merror[39m: [31m[LLM] API Error (400) with model "llama-3.1-8b-instant":[39m
2026-05-21 01:00:06:06 [31merror[39m: [31m[LLM] API Error (400) with model "llama-3.1-8b-instant":[39m
2026-05-21 02:00:02:02 [31merror[39m: [31m[LLM] API Error (400) with model "llama-3.1-8b-instant":[39m
2026-05-21 02:00:02:02 [31merror[39m: [31m[LLM] API Error (400) with model "llama-3.1-8b-instant":[39m
2026-05-21 02:00:03:03 [31merror[39m: [31m[LLM] API Error (400) with model "llama-3.1-8b-instant":[39m
2026-05-21 02:00:03:03 [31merror[39m: [31m[LLM] API Error (400) with model "llama-3.1-8b-instant":[39m
2026-05-21 02:00:04:04 [31merror[39m: [31m[LLM] API Error (400) with model "llama-3.1-8b-instant":[39m
2026-05-21 02:00:05:05 [31merror[39m: [31m[LLM] API Error (400) with model "llama-3.1-8b-instant":[39m
2026-05-21 02:00:05:05 [31merror[39m: [31m[LLM] API Error (400) with model "llama-3.1-8b-instant":[39m
2026-05-21 02:00:05:05 [31merror[39m: [31m[LLM] API Error (400) with model "llama-3.1-8b-instant":[39m
2026-05-21 11:00:03:03 [31merror[39m: [31m[LLM] API Error (400) with model "llama-3.1-8b-instant":[39m
2026-05-21 11:00:03:03 [31merror[39m: [31m[LLM] API Error (400) with model "llama-3.1-8b-instant":[39m
2026-05-21 11:00:04:04 [31merror[39m: [31m[LLM] API Error (400) with model "llama-3.1-8b-instant":[39m
2026-05-21 11:00:04:04 [31merror[39m: [31m[LLM] API Error (400) with model "llama-3.1-8b-instant":[39m
2026-05-21 11:00:05:05 [31merror[39m: [31m[LLM] API Error (400) with model "llama-3.1-8b-instant":[39m
2026-05-21 11:00:05:05 [31merror[39m: [31m[LLM] API Error (400) with model "llama-3.1-8b-instant":[39m
2026-05-21 11:00:06:06 [31merror[39m: [31m[LLM] API Error (400) with model "llama-3.1-8b-instant":[39m
2026-05-21 11:00:06:06 [31merror[39m: [31m[LLM] API Error (400) with model "llama-3.1-8b-instant":[39m
2026-05-21 13:00:01:01 [31merror[39m: [31m[LLM] API Error (400) with model "llama-3.1-8b-instant":[39m
2026-05-21 13:00:02:02 [31merror[39m: [31m[LLM] API Error (400) with model "llama-3.1-8b-instant":[39m
2026-05-21 13:00:03:03 [31merror[39m: [31m[LLM] API Error (400) with model "llama-3.1-8b-instant":[39m
2026-05-21 13:00:04:04 [31merror[39m: [31m[LLM] API Error (400) with model "llama-3.1-8b-instant":[39m
2026-05-21 13:00:05:05 [31merror[39m: [31m[LLM] API Error (400) with model "llama-3.1-8b-instant":[39m
2026-05-21 13:00:06:06 [31merror[39m: [31m[LLM] API Error (400) with model "llama-3.1-8b-instant":[39m
2026-05-21 13:00:07:07 [31merror[39m: [31m[LLM] API Error (400) with model "llama-3.1-8b-instant":[39m
2026-05-21 13:00:08:08 [31merror[39m: [31m[LLM] API Error (400) with model "llama-3.1-8b-instant":[39m
2026-05-21 14:00:03:03 [31merror[39m: [31m[LLM] API Error (400) with model "llama-3.1-8b-instant":[39m
2026-05-21 14:00:04:04 [31merror[39m: [31m[LLM] API Error (400) with model "llama-3.1-8b-instant":[39m
2026-05-21 14:00:04:04 [31merror[39m: [31m[LLM] API Error (400) with model "llama-3.1-8b-instant":[39m
2026-05-21 14:00:05:05 [31merror[39m: [31m[LLM] API Error (400) with model "llama-3.1-8b-instant":[39m
2026-05-21 14:00:06:06 [31merror[39m: [31m[LLM] API Error (400) with model "llama-3.1-8b-instant":[39m
2026-05-21 14:00:06:06 [31merror[39m: [31m[LLM] API Error (400) with model "llama-3.1-8b-instant":[39m
2026-05-21 14:00:07:07 [31merror[39m: [31m[LLM] API Error (400) with model "llama-3.1-8b-instant":[39m
2026-05-21 14:00:07:07 [31merror[39m: [31m[LLM] API Error (400) with model "llama-3.1-8b-instant":[39m
2026-05-21 15:00:02:02 [31merror[39m: [31m[LLM] API Error (400) with model "llama-3.1-8b-instant":[39m
2026-05-21 15:00:03:03 [31merror[39m: [31m[LLM] API Error (400) with model "llama-3.1-8b-instant":[39m
2026-05-21 15:00:03:03 [31merror[39m: [31m[LLM] API Error (400) with model "llama-3.1-8b-instant":[39m
2026-05-21 15:00:04:04 [31merror[39m: [31m[LLM] API Error (400) with model "llama-3.1-8b-instant":[39m
2026-05-21 15:00:05:05 [31merror[39m: [31m[LLM] API Error (400) with model "llama-3.1-8b-instant":[39m
2026-05-21 15:00:05:05 [31merror[39m: [31m[LLM] API Error (400) with model "llama-3.1-8b-instant":[39m
2026-05-21 15:00:06:06 [31merror[39m: [31m[LLM] API Error (400) with model "llama-3.1-8b-instant":[39m
2026-05-21 15:00:06:06 [31merror[39m: [31m[LLM] API Error (400) with model "llama-3.1-8b-instant":[39m
2026-05-21 15:32:03:323 [31merror[39m: [31m[Unhandled Error] Status: 500 - Detail: TypeError: Cannot read properties of undefined (reading 'count')[39m
[31m    at FeedbackService.createFeedback (C:\Users\azizh\Downloads\soullink-frontend-soullink-1.4\soullink-frontend-soullink-1.4\soullink-backend\src\modules\feedback\feedback.service.ts:28:51)[39m
[31m    at createFeedback (C:\Users\azizh\Downloads\soullink-frontend-soullink-1.4\soullink-frontend-soullink-1.4\soullink-backend\src\modules\feedback\feedback.controller.ts:21:36)[39m
[31m    at Layer.handle [as handle_request] (C:\Users\azizh\Downloads\soullink-frontend-soullink-1.4\soullink-frontend-soullink-1.4\soullink-backend\node_modules\express\lib\router\layer.js:95:5)[39m
[31m    at next (C:\Users\azizh\Downloads\soullink-frontend-soullink-1.4\soullink-frontend-soullink-1.4\soullink-backend\node_modules\express\lib\router\route.js:149:13)[39m
[31m    at Route.dispatch (C:\Users\azizh\Downloads\soullink-frontend-soullink-1.4\soullink-frontend-soullink-1.4\soullink-backend\node_modules\express\lib\router\route.js:119:3)[39m
[31m    at Layer.handle [as handle_request] (C:\Users\azizh\Downloads\soullink-frontend-soullink-1.4\soullink-frontend-soullink-1.4\soullink-backend\node_modules\express\lib\router\layer.js:95:5)[39m
[31m    at C:\Users\azizh\Downloads\soullink-frontend-soullink-1.4\soullink-frontend-soullink-1.4\soullink-backend\node_modules\express\lib\router\index.js:284:15[39m
[31m    at router.process_params (C:\Users\azizh\Downloads\soullink-frontend-soullink-1.4\soullink-frontend-soullink-1.4\soullink-backend\node_modules\express\lib\router\index.js:346:12)[39m
[31m    at next (C:\Users\azizh\Downloads\soullink-frontend-soullink-1.4\soullink-frontend-soullink-1.4\soullink-backend\node_modules\express\lib\router\index.js:280:10)[39m
[31m    at protect (C:\Users\azizh\Downloads\soullink-frontend-soullink-1.4\soullink-frontend-soullink-1.4\soullink-backend\src\middleware\auth.ts:82:20)[39m
2026-05-21 15:32:05:325 [31merror[39m: [31m[Unhandled Error] Status: 500 - Detail: TypeError: Cannot read properties of undefined (reading 'count')[39m
[31m    at FeedbackService.createFeedback (C:\Users\azizh\Downloads\soullink-frontend-soullink-1.4\soullink-frontend-soullink-1.4\soullink-backend\src\modules\feedback\feedback.service.ts:28:51)[39m
[31m    at createFeedback (C:\Users\azizh\Downloads\soullink-frontend-soullink-1.4\soullink-frontend-soullink-1.4\soullink-backend\src\modules\feedback\feedback.controller.ts:21:36)[39m
[31m    at Layer.handle [as handle_request] (C:\Users\azizh\Downloads\soullink-frontend-soullink-1.4\soullink-frontend-soullink-1.4\soullink-backend\node_modules\express\lib\router\layer.js:95:5)[39m
[31m    at next (C:\Users\azizh\Downloads\soullink-frontend-soullink-1.4\soullink-frontend-soullink-1.4\soullink-backend\node_modules\express\lib\router\route.js:149:13)[39m
[31m    at Route.dispatch (C:\Users\azizh\Downloads\soullink-frontend-soullink-1.4\soullink-frontend-soullink-1.4\soullink-backend\node_modules\express\lib\router\route.js:119:3)[39m
[31m    at Layer.handle [as handle_request] (C:\Users\azizh\Downloads\soullink-frontend-soullink-1.4\soullink-frontend-soullink-1.4\soullink-backend\node_modules\express\lib\router\layer.js:95:5)[39m
[31m    at C:\Users\azizh\Downloads\soullink-frontend-soullink-1.4\soullink-frontend-soullink-1.4\soullink-backend\node_modules\express\lib\router\index.js:284:15[39m
[31m    at router.process_params (C:\Users\azizh\Downloads\soullink-frontend-soullink-1.4\soullink-frontend-soullink-1.4\soullink-backend\node_modules\express\lib\router\index.js:346:12)[39m
[31m    at next (C:\Users\azizh\Downloads\soullink-frontend-soullink-1.4\soullink-frontend-soullink-1.4\soullink-backend\node_modules\express\lib\router\index.js:280:10)[39m
[31m    at protect (C:\Users\azizh\Downloads\soullink-frontend-soullink-1.4\soullink-frontend-soullink-1.4\soullink-backend\src\middleware\auth.ts:82:20)[39m
2026-05-21 15:37:10:3710 [31merror[39m: [31mSocket Auth: JWT verification failed for socket LxGVCAj3D9HzbHPGAAAN. Error: jwt expired[39m
2026-05-21 15:53:21:5321 [31merror[39m: [31m[Unhandled Error] Status: 500 - Detail: TypeError: Cannot read properties of undefined (reading 'count')[39m
[31m    at FeedbackService.createFeedback (C:\Users\azizh\Downloads\soullink-frontend-soullink-1.4\soullink-frontend-soullink-1.4\soullink-backend\src\modules\feedback\feedback.service.ts:28:51)[39m
[31m    at createFeedback (C:\Users\azizh\Downloads\soullink-frontend-soullink-1.4\soullink-frontend-soullink-1.4\soullink-backend\src\modules\feedback\feedback.controller.ts:21:36)[39m
[31m    at Layer.handle [as handle_request] (C:\Users\azizh\Downloads\soullink-frontend-soullink-1.4\soullink-frontend-soullink-1.4\soullink-backend\node_modules\express\lib\router\layer.js:95:5)[39m
[31m    at next (C:\Users\azizh\Downloads\soullink-frontend-soullink-1.4\soullink-frontend-soullink-1.4\soullink-backend\node_modules\express\lib\router\route.js:149:13)[39m
[31m    at Route.dispatch (C:\Users\azizh\Downloads\soullink-frontend-soullink-1.4\soullink-frontend-soullink-1.4\soullink-backend\node_modules\express\lib\router\route.js:119:3)[39m
[31m    at Layer.handle [as handle_request] (C:\Users\azizh\Downloads\soullink-frontend-soullink-1.4\soullink-frontend-soullink-1.4\soullink-backend\node_modules\express\lib\router\layer.js:95:5)[39m
[31m    at C:\Users\azizh\Downloads\soullink-frontend-soullink-1.4\soullink-frontend-soullink-1.4\soullink-backend\node_modules\express\lib\router\index.js:284:15[39m
[31m    at router.process_params (C:\Users\azizh\Downloads\soullink-frontend-soullink-1.4\soullink-frontend-soullink-1.4\soullink-backend\node_modules\express\lib\router\index.js:346:12)[39m
[31m    at next (C:\Users\azizh\Downloads\soullink-frontend-soullink-1.4\soullink-frontend-soullink-1.4\soullink-backend\node_modules\express\lib\router\index.js:280:10)[39m
[31m    at protect (C:\Users\azizh\Downloads\soullink-frontend-soullink-1.4\soullink-frontend-soullink-1.4\soullink-backend\src\middleware\auth.ts:82:20)[39m
2026-05-21 15:55:45:5545 [31merror[39m: [31m[Unhandled Error] Status: 500 - Detail: TypeError: Cannot read properties of undefined (reading 'count')[39m
[31m    at FeedbackService.createFeedback (C:\Users\azizh\Downloads\soullink-frontend-soullink-1.4\soullink-frontend-soullink-1.4\soullink-backend\src\modules\feedback\feedback.service.ts:28:51)[39m
[31m    at createFeedback (C:\Users\azizh\Downloads\soullink-frontend-soullink-1.4\soullink-frontend-soullink-1.4\soullink-backend\src\modules\feedback\feedback.controller.ts:21:36)[39m
[31m    at Layer.handle [as handle_request] (C:\Users\azizh\Downloads\soullink-frontend-soullink-1.4\soullink-frontend-soullink-1.4\soullink-backend\node_modules\express\lib\router\layer.js:95:5)[39m
[31m    at next (C:\Users\azizh\Downloads\soullink-frontend-soullink-1.4\soullink-frontend-soullink-1.4\soullink-backend\node_modules\express\lib\router\route.js:149:13)[39m
[31m    at Route.dispatch (C:\Users\azizh\Downloads\soullink-frontend-soullink-1.4\soullink-frontend-soullink-1.4\soullink-backend\node_modules\express\lib\router\route.js:119:3)[39m
[31m    at Layer.handle [as handle_request] (C:\Users\azizh\Downloads\soullink-frontend-soullink-1.4\soullink-frontend-soullink-1.4\soullink-backend\node_modules\express\lib\router\layer.js:95:5)[39m
[31m    at C:\Users\azizh\Downloads\soullink-frontend-soullink-1.4\soullink-frontend-soullink-1.4\soullink-backend\node_modules\express\lib\router\index.js:284:15[39m
[31m    at router.process_params (C:\Users\azizh\Downloads\soullink-frontend-soullink-1.4\soullink-frontend-soullink-1.4\soullink-backend\node_modules\express\lib\router\index.js:346:12)[39m
[31m    at next (C:\Users\azizh\Downloads\soullink-frontend-soullink-1.4\soullink-frontend-soullink-1.4\soullink-backend\node_modules\express\lib\router\index.js:280:10)[39m
[31m    at protect (C:\Users\azizh\Downloads\soullink-frontend-soullink-1.4\soullink-frontend-soullink-1.4\soullink-backend\src\middleware\auth.ts:82:20)[39m
2026-05-21 15:58:24:5824 [31merror[39m: [31mSocket Auth: JWT verification failed for socket 6Pbgv5j2AcEvXaN8AAAH. Error: jwt expired[39m
2026-05-21 16:00:01:01 [31merror[39m: [31m[LLM] API Error (400) with model "llama-3.1-8b-instant":[39m
2026-05-21 16:00:02:02 [31merror[39m: [31m[LLM] API Error (400) with model "llama-3.1-8b-instant":[39m
2026-05-21 16:00:02:02 [31merror[39m: [31m[LLM] API Error (400) with model "llama-3.1-8b-instant":[39m
2026-05-21 16:00:02:02 [31merror[39m: [31m[LLM] API Error (400) with model "llama-3.1-8b-instant":[39m
2026-05-21 16:00:04:04 [31merror[39m: [31m[LLM] API Error (400) with model "llama-3.1-8b-instant":[39m
2026-05-21 16:00:05:05 [31merror[39m: [31m[LLM] API Error (400) with model "llama-3.1-8b-instant":[39m
2026-05-21 16:00:05:05 [31merror[39m: [31m[LLM] API Error (400) with model "llama-3.1-8b-instant":[39m
2026-05-21 16:00:06:06 [31merror[39m: [31m[LLM] API Error (400) with model "llama-3.1-8b-instant":[39m
